37	0	MoveCommand { Actor = chr_01M38R7216X4HHDN91G4JV2AC2, Intent = MoveIntent { DirXPermille = 447, DirZPermille = -894, Gait = Run, FacingMdeg = 153435, IsMoving = True } }
41	1	MoveCommand { Actor = chr_01M38R7216X4HHDN91G4JV2AC2, Intent = MoveIntent { DirXPermille = 447, DirZPermille = -895, Gait = Run, FacingMdeg = 153447, IsMoving = True } }
43	2	MoveCommand { Actor = chr_01M38R7216X4HHDN91G4JV2AC2, Intent = MoveIntent { DirXPermille = 447, DirZPermille = -894, Gait = Run, FacingMdeg = 153441, IsMoving = True } }
44	3	MoveCommand { Actor = chr_01M38R7216X4HHDN91G4JV2AC2, Intent = MoveIntent { DirXPermille = 447, DirZPermille = -895, Gait = Run, FacingMdeg = 153445, IsMoving = True } }
45	4	MoveCommand { Actor = chr_01M38R7216X4HHDN91G4JV2AC2, Intent = MoveIntent { DirXPermille = 447, DirZPermille = -894, Gait = Run, FacingMdeg = 153442, IsMoving = True } }
46	5	MoveCommand { Actor = chr_01M38R7216X4HHDN91G4JV2AC2, Intent = MoveIntent { DirXPermille = 447, DirZPermille = -895, Gait = Run, FacingMdeg = 153445, IsMoving = True } }
47	6	MoveCommand { Actor = chr_01M38R7216X4HHDN91G4JV2AC2, Intent = MoveIntent { DirXPermille = 447, DirZPermille = -894, Gait = Run, FacingMdeg = 153442, IsMoving = True } }
48	7	MoveCommand { Actor = chr_01M38R7216X4HHDN91G4JV2AC2, Intent = MoveIntent { DirXPermille = 447, DirZPermille = -895, Gait = Run, FacingMdeg = 153446, IsMoving = True } }
49	8	MoveCommand { Actor = chr_01M38R7216X4HHDN91G4JV2AC2, Intent = MoveIntent { DirXPermille = 447, DirZPermille = -894, Gait = Run, FacingMdeg = 153442, IsMoving = True } }
50	9	MoveCommand { Actor = chr_01M38R7216X4HHDN91G4JV2AC2, Intent = MoveIntent { DirXPermille = 447, DirZPermille = -895, Gait = Run, FacingMdeg = 153446, IsMoving = True } }
51	10	MoveCommand { Actor = chr_01M38R7216X4HHDN91G4JV2AC2, Intent = MoveIntent { DirXPermille = 447, DirZPermille = -894, Gait = Run, FacingMdeg = 153443, IsMoving = True } }
52	11	MoveCommand { Actor = chr_01M38R7216X4HHDN91G4JV2AC2, Intent = MoveIntent { DirXPermille = 447, DirZPermille = -895, Gait = Run, FacingMdeg = 153447, IsMoving = True } }
53	12	MoveCommand { Actor = chr_01M38R7216X4HHDN91G4JV2AC2, Intent = MoveIntent { DirXPermille = 447, DirZPermille = -894, Gait = Run, FacingMdeg = 153443, IsMoving = True } }
54	13	MoveCommand { Actor = chr_01M38R7216X4HHDN91G4JV2AC2, Intent = MoveIntent { DirXPermille = 447, DirZPermille = -895, Gait = Run, FacingMdeg = 153447, IsMoving = True } }
55	14	MoveCommand { Actor = chr_01M38R7216X4HHDN91G4JV2AC2, Intent = MoveIntent { DirXPermille = 447, DirZPermille = -894, Gait = Run, FacingMdeg = 153443, IsMoving = True } }
56	15	MoveCommand { Actor = chr_01M38R7216X4HHDN91G4JV2AC2, Intent = MoveIntent { DirXPermille = 447, DirZPermille = -895, Gait = Run, FacingMdeg = 153448, IsMoving = True } }
57	16	MoveCommand { Actor = chr_01M38R7216X4HHDN91G4JV2AC2, Intent = MoveIntent { DirXPermille = 447, DirZPermille = -894, Gait = Run, FacingMdeg = 153444, IsMoving = True } }
58	17	MoveCommand { Actor = chr_01M38R7216X4HHDN91G4JV2AC2, Intent = MoveIntent { DirXPermille = 447, DirZPermille = -895, Gait = Run, FacingMdeg = 153449, IsMoving = True } }
60	18	MoveCommand { Actor = chr_01M38R7216X4HHDN91G4JV2AC2, Intent = MoveIntent { DirXPermille = 447, DirZPermille = -894, Gait = Run, FacingMdeg = 153440, IsMoving = True } }
61	19	MoveCommand { Actor = chr_01M38R7216X4HHDN91G4JV2AC2, Intent = MoveIntent { DirXPermille = 447, DirZPermille = -895, Gait = Run, FacingMdeg = 153445, IsMoving = True } }
62	20	MoveCommand { Actor = chr_01M38R7216X4HHDN91G4JV2AC2, Intent = MoveIntent { DirXPermille = 447, DirZPermille = -894, Gait = Run, FacingMdeg = 153440, IsMoving = True } }
63	21	MoveCommand { Actor = chr_01M38R7216X4HHDN91G4JV2AC2, Intent = MoveIntent { DirXPermille = 447, DirZPermille = -895, Gait = Run, FacingMdeg = 153446, IsMoving = True } }
64	22	MoveCommand { Actor = chr_01M38R7216X4HHDN91G4JV2AC2, Intent = MoveIntent { DirXPermille = 447, DirZPermille = -894, Gait = Run, FacingMdeg = 153440, IsMoving = True } }
65	23	MoveCommand { Actor = chr_01M38R7216X4HHDN91G4JV2AC2, Intent = MoveIntent { DirXPermille = 447, DirZPermille = -895, Gait = Run, FacingMdeg = 153446, IsMoving = True } }
66	24	MoveCommand { Actor = chr_01M38R7216X4HHDN91G4JV2AC2, Intent = MoveIntent { DirXPermille = 447, DirZPermille = -894, Gait = Run, FacingMdeg = 153441, IsMoving = True } }
67	25	MoveCommand { Actor = chr_01M38R7216X4HHDN91G4JV2AC2, Intent = MoveIntent { DirXPermille = 447, DirZPermille = -895, Gait = Run, FacingMdeg = 153447, IsMoving = True } }
68	26	MoveCommand { Actor = chr_01M38R7216X4HHDN91G4JV2AC2, Intent = MoveIntent { DirXPermille = 447, DirZPermille = -894, Gait = Run, FacingMdeg = 153441, IsMoving = True } }
69	27	MoveCommand { Actor = chr_01M38R7216X4HHDN91G4JV2AC2, Intent = MoveIntent { DirXPermille = 447, DirZPermille = -895, Gait = Run, FacingMdeg = 153448, IsMoving = True } }
70	28	MoveCommand { Actor = chr_01M38R7216X4HHDN91G4JV2AC2, Intent = MoveIntent { DirXPermille = 447, DirZPermille = -894, Gait = Run, FacingMdeg = 153442, IsMoving = True } }
71	29	MoveCommand { Actor = chr_01M38R7216X4HHDN91G4JV2AC2, Intent = MoveIntent { DirXPermille = 447, DirZPermille = -895, Gait = Run, FacingMdeg = 153450, IsMoving = True } }
72	30	MoveCommand { Actor = chr_01M38R7216X4HHDN91G4JV2AC2, Intent = MoveIntent { DirXPermille = 447, DirZPermille = -894, Gait = Run, FacingMdeg = 153443, IsMoving = True } }
73	31	MoveCommand { Actor = chr_01M38R7216X4HHDN91G4JV2AC2, Intent = MoveIntent { DirXPermille = 447, DirZPermille = -895, Gait = Run, FacingMdeg = 153451, IsMoving = True } }
74	32	MoveCommand { Actor = chr_01M38R7216X4HHDN91G4JV2AC2, Intent = MoveIntent { DirXPermille = 447, DirZPermille = -894, Gait = Run, FacingMdeg = 153443, IsMoving = True } }
75	33	MoveCommand { Actor = chr_01M38R7216X4HHDN91G4JV2AC2, Intent = MoveIntent { DirXPermille = 447, DirZPermille = -895, Gait = Run, FacingMdeg = 153453, IsMoving = True } }
77	34	MoveCommand { Actor = chr_01M38R7216X4HHDN91G4JV2AC2, Intent = MoveIntent { DirXPermille = 447, DirZPermille = -894, Gait = Run, FacingMdeg = 153435, IsMoving = True } }
78	35	MoveCommand { Actor = chr_01M38R7216X4HHDN91G4JV2AC2, Intent = MoveIntent { DirXPermille = 447, DirZPermille = -895, Gait = Run, FacingMdeg = 153446, IsMoving = True } }
79	36	MoveCommand { Actor = chr_01M38R7216X4HHDN91G4JV2AC2, Intent = MoveIntent { DirXPermille = 447, DirZPermille = -894, Gait = Run, FacingMdeg = 153435, IsMoving = True } }
80	37	MoveCommand { Actor = chr_01M38R7216X4HHDN91G4JV2AC2, Intent = MoveIntent { DirXPermille = 447, DirZPermille = -895, Gait = Run, FacingMdeg = 153447, IsMoving = True } }
81	38	MoveCommand { Actor = chr_01M38R7216X4HHDN91G4JV2AC2, Intent = MoveIntent { DirXPermille = 447, DirZPermille = -894, Gait = Run, FacingMdeg = 153435, IsMoving = True } }
82	39	MoveCommand { Actor = chr_01M38R7216X4HHDN91G4JV2AC2, Intent = MoveIntent { DirXPermille = 447, DirZPermille = -895, Gait = Run, FacingMdeg = 153450, IsMoving = True } }
83	40	MoveCommand { Actor = chr_01M38R7216X4HHDN91G4JV2AC2, Intent = MoveIntent { DirXPermille = 447, DirZPermille = -894, Gait = Run, FacingMdeg = 153435, IsMoving = True } }
84	41	MoveCommand { Actor = chr_01M38R7216X4HHDN91G4JV2AC2, Intent = MoveIntent { DirXPermille = 447, DirZPermille = -895, Gait = Run, FacingMdeg = 153453, IsMoving = True } }
85	42	MoveCommand { Actor = chr_01M38R7216X4HHDN91G4JV2AC2, Intent = MoveIntent { DirXPermille = 447, DirZPermille = -894, Gait = Run, FacingMdeg = 153435, IsMoving = True } }
86	43	MoveCommand { Actor = chr_01M38R7216X4HHDN91G4JV2AC2, Intent = MoveIntent { DirXPermille = 447, DirZPermille = -895, Gait = Run, FacingMdeg = 153458, IsMoving = True } }
87	44	MoveCommand { Actor = chr_01M38R7216X4HHDN91G4JV2AC2, Intent = MoveIntent { DirXPermille = 447, DirZPermille = -894, Gait = Run, FacingMdeg = 153435, IsMoving = True } }
88	45	MoveCommand { Actor = chr_01M38R7216X4HHDN91G4JV2AC2, Intent = MoveIntent { DirXPermille = 447, DirZPermille = -895, Gait = Run, FacingMdeg = 153467, IsMoving = True } }
89	46	MoveCommand { Actor = chr_01M38R7216X4HHDN91G4JV2AC2, Intent = MoveIntent { DirXPermille = 447, DirZPermille = -894, Gait = Run, FacingMdeg = 153435, IsMoving = True } }
90	47	MoveCommand { Actor = chr_01M38R7216X4HHDN91G4JV2AC2, Intent = MoveIntent { DirXPermille = 446, DirZPermille = -895, Gait = Run, FacingMdeg = 153489, IsMoving = True } }
91	48	MoveCommand { Actor = chr_01M38R7216X4HHDN91G4JV2AC2, Intent = MoveIntent { DirXPermille = 447, DirZPermille = -894, Gait = Run, FacingMdeg = 153435, IsMoving = True } }
93	49	MoveCommand { Actor = chr_01M38R7216X4HHDN91G4JV2AC2, Intent = MoveIntent { DirXPermille = 326, DirZPermille = -945, Gait = Run, FacingMdeg = 160984, IsMoving = True } }
151	50	MoveCommand { Actor = chr_01M38R7216X4HHDN91G4JV2AC2, Intent = MoveIntent { DirXPermille = 327, DirZPermille = -945, Gait = Run, FacingMdeg = 160943, IsMoving = True } }
161	51	MoveCommand { Actor = chr_01M38R7216X4HHDN91G4JV2AC2, Intent = MoveIntent { DirXPermille = 328, DirZPermille = -945, Gait = Run, FacingMdeg = 160880, IsMoving = True } }
164	52	MoveCommand { Actor = chr_01M38R7216X4HHDN91G4JV2AC2, Intent = MoveIntent { DirXPermille = 329, DirZPermille = -944, Gait = Run, FacingMdeg = 160818, IsMoving = True } }
165	53	MoveCommand { Actor = chr_01M38R7216X4HHDN91G4JV2AC2, Intent = MoveIntent { DirXPermille = 328, DirZPermille = -945, Gait = Run, FacingMdeg = 160852, IsMoving = True } }
166	54	MoveCommand { Actor = chr_01M38R7216X4HHDN91G4JV2AC2, Intent = MoveIntent { DirXPermille = 329, DirZPermille = -944, Gait = Run, FacingMdeg = 160813, IsMoving = True } }
167	55	MoveCommand { Actor = chr_01M38R7216X4HHDN91G4JV2AC2, Intent = MoveIntent { DirXPermille = 328, DirZPermille = -945, Gait = Run, FacingMdeg = 160869, IsMoving = True } }
168	56	MoveCommand { Actor = chr_01M38R7216X4HHDN91G4JV2AC2, Intent = MoveIntent { DirXPermille = 329, DirZPermille = -944, Gait = Run, FacingMdeg = 160796, IsMoving = True } }
170	57	MoveCommand { Actor = chr_01M38R7216X4HHDN91G4JV2AC2, Intent = MoveIntent { DirXPermille = 0, DirZPermille = 0, Gait = Run, FacingMdeg = 160796, IsMoving = False } }
170	58	MoveItemCommand { Actor = chr_01M38R7216X4HHDN91G4JV2AC2, Item = container.waystation_chest#00, From = container container.waystation_chest, To = inventory, Count = 6 }
170	59	MoveItemCommand { Actor = chr_01M38R7216X4HHDN91G4JV2AC2, Item = container.waystation_chest#01, From = container container.waystation_chest, To = inventory, Count = 1 }	rejected: there is no 'container.waystation_chest#01' in the container container.waystation_chest
170	60	MoveItemCommand { Actor = chr_01M38R7216X4HHDN91G4JV2AC2, Item = container.waystation_chest#02, From = container container.waystation_chest, To = inventory, Count = 2 }	rejected: there is no 'container.waystation_chest#02' in the container container.waystation_chest
171	61	MoveItemCommand { Actor = chr_01M38R7216X4HHDN91G4JV2AC2, Item = itm_01M38R774HPPNSKENXT2K5HV08, From = container container.waystation_chest, To = inventory, Count = 1 }
171	62	MoveItemCommand { Actor = chr_01M38R7216X4HHDN91G4JV2AC2, Item = itm_01M38R774HKK04DXW3RQ3WYX70, From = container container.waystation_chest, To = inventory, Count = 2 }
179	63	MoveCommand { Actor = chr_01M38R7216X4HHDN91G4JV2AC2, Intent = MoveIntent { DirXPermille = 772, DirZPermille = 635, Gait = Run, FacingMdeg = 50551, IsMoving = True } }
187	64	MoveCommand { Actor = chr_01M38R7216X4HHDN91G4JV2AC2, Intent = MoveIntent { DirXPermille = 772, DirZPermille = 636, Gait = Run, FacingMdeg = 50542, IsMoving = True } }
188	65	MoveCommand { Actor = chr_01M38R7216X4HHDN91G4JV2AC2, Intent = MoveIntent { DirXPermille = 772, DirZPermille = 635, Gait = Run, FacingMdeg = 50571, IsMoving = True } }
191	66	MoveCommand { Actor = chr_01M38R7216X4HHDN91G4JV2AC2, Intent = MoveIntent { DirXPermille = 773, DirZPermille = 635, Gait = Run, FacingMdeg = 50580, IsMoving = True } }
193	67	MoveCommand { Actor = chr_01M38R7216X4HHDN91G4JV2AC2, Intent = MoveIntent { DirXPermille = 994, DirZPermille = -109, Gait = Run, FacingMdeg = 96240, IsMoving = True } }
205	68	MoveCommand { Actor = chr_01M38R7216X4HHDN91G4JV2AC2, Intent = MoveIntent { DirXPermille = 994, DirZPermille = -110, Gait = Run, FacingMdeg = 96290, IsMoving = True } }
206	69	MoveCommand { Actor = chr_01M38R7216X4HHDN91G4JV2AC2, Intent = MoveIntent { DirXPermille = 994, DirZPermille = -109, Gait = Run, FacingMdeg = 96284, IsMoving = True } }
207	70	MoveCommand { Actor = chr_01M38R7216X4HHDN91G4JV2AC2, Intent = MoveIntent { DirXPermille = 994, DirZPermille = -110, Gait = Run, FacingMdeg = 96290, IsMoving = True } }
208	71	MoveCommand { Actor = chr_01M38R7216X4HHDN91G4JV2AC2, Intent = MoveIntent { DirXPermille = 994, DirZPermille = -109, Gait = Run, FacingMdeg = 96285, IsMoving = True } }
209	72	MoveCommand { Actor = chr_01M38R7216X4HHDN91G4JV2AC2, Intent = MoveIntent { DirXPermille = 994, DirZPermille = -110, Gait = Run, FacingMdeg = 96291, IsMoving = True } }
210	73	MoveCommand { Actor = chr_01M38R7216X4HHDN91G4JV2AC2, Intent = MoveIntent { DirXPermille = 994, DirZPermille = -109, Gait = Run, FacingMdeg = 96285, IsMoving = True } }
211	74	MoveCommand { Actor = chr_01M38R7216X4HHDN91G4JV2AC2, Intent = MoveIntent { DirXPermille = 994, DirZPermille = -110, Gait = Run, FacingMdeg = 96291, IsMoving = True } }
212	75	MoveCommand { Actor = chr_01M38R7216X4HHDN91G4JV2AC2, Intent = MoveIntent { DirXPermille = 994, DirZPermille = -109, Gait = Run, FacingMdeg = 96285, IsMoving = True } }
213	76	MoveCommand { Actor = chr_01M38R7216X4HHDN91G4JV2AC2, Intent = MoveIntent { DirXPermille = 994, DirZPermille = -110, Gait = Run, FacingMdeg = 96292, IsMoving = True } }
214	77	MoveCommand { Actor = chr_01M38R7216X4HHDN91G4JV2AC2, Intent = MoveIntent { DirXPermille = 994, DirZPermille = -109, Gait = Run, FacingMdeg = 96286, IsMoving = True } }
215	78	MoveCommand { Actor = chr_01M38R7216X4HHDN91G4JV2AC2, Intent = MoveIntent { DirXPermille = 994, DirZPermille = -110, Gait = Run, FacingMdeg = 96293, IsMoving = True } }
216	79	MoveCommand { Actor = chr_01M38R7216X4HHDN91G4JV2AC2, Intent = MoveIntent { DirXPermille = 994, DirZPermille = -109, Gait = Run, FacingMdeg = 96286, IsMoving = True } }
217	80	MoveCommand { Actor = chr_01M38R7216X4HHDN91G4JV2AC2, Intent = MoveIntent { DirXPermille = 994, DirZPermille = -110, Gait = Run, FacingMdeg = 96294, IsMoving = True } }
218	81	MoveCommand { Actor = chr_01M38R7216X4HHDN91G4JV2AC2, Intent = MoveIntent { DirXPermille = 994, DirZPermille = -109, Gait = Run, FacingMdeg = 96286, IsMoving = True } }
219	82	MoveCommand { Actor = chr_01M38R7216X4HHDN91G4JV2AC2, Intent = MoveIntent { DirXPermille = 994, DirZPermille = -110, Gait = Run, FacingMdeg = 96296, IsMoving = True } }
221	83	MoveCommand { Actor = chr_01M38R7216X4HHDN91G4JV2AC2, Intent = MoveIntent { DirXPermille = 994, DirZPermille = -109, Gait = Run, FacingMdeg = 96277, IsMoving = True } }
222	84	MoveCommand { Actor = chr_01M38R7216X4HHDN91G4JV2AC2, Intent = MoveIntent { DirXPermille = 994, DirZPermille = -110, Gait = Run, FacingMdeg = 96288, IsMoving = True } }
223	85	MoveCommand { Actor = chr_01M38R7216X4HHDN91G4JV2AC2, Intent = MoveIntent { DirXPermille = 994, DirZPermille = -109, Gait = Run, FacingMdeg = 96277, IsMoving = True } }
224	86	MoveCommand { Actor = chr_01M38R7216X4HHDN91G4JV2AC2, Intent = MoveIntent { DirXPermille = 994, DirZPermille = -110, Gait = Run, FacingMdeg = 96289, IsMoving = True } }
225	87	MoveCommand { Actor = chr_01M38R7216X4HHDN91G4JV2AC2, Intent = MoveIntent { DirXPermille = 994, DirZPermille = -109, Gait = Run, FacingMdeg = 96276, IsMoving = True } }
226	88	MoveCommand { Actor = chr_01M38R7216X4HHDN91G4JV2AC2, Intent = MoveIntent { DirXPermille = 994, DirZPermille = -110, Gait = Run, FacingMdeg = 96290, IsMoving = True } }
227	89	MoveCommand { Actor = chr_01M38R7216X4HHDN91G4JV2AC2, Intent = MoveIntent { DirXPermille = 994, DirZPermille = -109, Gait = Run, FacingMdeg = 96275, IsMoving = True } }
228	90	MoveCommand { Actor = chr_01M38R7216X4HHDN91G4JV2AC2, Intent = MoveIntent { DirXPermille = 994, DirZPermille = -110, Gait = Run, FacingMdeg = 96292, IsMoving = True } }
229	91	MoveCommand { Actor = chr_01M38R7216X4HHDN91G4JV2AC2, Intent = MoveIntent { DirXPermille = 994, DirZPermille = -109, Gait = Run, FacingMdeg = 96274, IsMoving = True } }
230	92	MoveCommand { Actor = chr_01M38R7216X4HHDN91G4JV2AC2, Intent = MoveIntent { DirXPermille = 994, DirZPermille = -110, Gait = Run, FacingMdeg = 96294, IsMoving = True } }
231	93	MoveCommand { Actor = chr_01M38R7216X4HHDN91G4JV2AC2, Intent = MoveIntent { DirXPermille = 994, DirZPermille = -109, Gait = Run, FacingMdeg = 96273, IsMoving = True } }
232	94	MoveCommand { Actor = chr_01M38R7216X4HHDN91G4JV2AC2, Intent = MoveIntent { DirXPermille = 994, DirZPermille = -110, Gait = Run, FacingMdeg = 96298, IsMoving = True } }
233	95	MoveCommand { Actor = chr_01M38R7216X4HHDN91G4JV2AC2, Intent = MoveIntent { DirXPermille = 994, DirZPermille = -109, Gait = Run, FacingMdeg = 96270, IsMoving = True } }
234	96	MoveCommand { Actor = chr_01M38R7216X4HHDN91G4JV2AC2, Intent = MoveIntent { DirXPermille = 994, DirZPermille = -110, Gait = Run, FacingMdeg = 96306, IsMoving = True } }
235	97	MoveCommand { Actor = chr_01M38R7216X4HHDN91G4JV2AC2, Intent = MoveIntent { DirXPermille = 994, DirZPermille = -109, Gait = Run, FacingMdeg = 96263, IsMoving = True } }
237	98	MoveCommand { Actor = chr_01M38R7216X4HHDN91G4JV2AC2, Intent = MoveIntent { DirXPermille = 1000, DirZPermille = -6, Gait = Run, FacingMdeg = 90329, IsMoving = True } }
247	99	MoveCommand { Actor = chr_01M38R7216X4HHDN91G4JV2AC2, Intent = MoveIntent { DirXPermille = 1000, DirZPermille = -5, Gait = Run, FacingMdeg = 90315, IsMoving = True } }
260	100	MoveCommand { Actor = chr_01M38R7216X4HHDN91G4JV2AC2, Intent = MoveIntent { DirXPermille = 1000, DirZPermille = -4, Gait = Run, FacingMdeg = 90250, IsMoving = True } }
263	101	MoveCommand { Actor = chr_01M38R7216X4HHDN91G4JV2AC2, Intent = MoveIntent { DirXPermille = 1000, DirZPermille = -3, Gait = Run, FacingMdeg = 90192, IsMoving = True } }
264	102	MoveCommand { Actor = chr_01M38R7216X4HHDN91G4JV2AC2, Intent = MoveIntent { DirXPermille = 1000, DirZPermille = -4, Gait = Run, FacingMdeg = 90234, IsMoving = True } }
265	103	MoveCommand { Actor = chr_01M38R7216X4HHDN91G4JV2AC2, Intent = MoveIntent { DirXPermille = 1000, DirZPermille = -3, Gait = Run, FacingMdeg = 90199, IsMoving = True } }
267	104	MoveCommand { Actor = chr_01M38R7216X4HHDN91G4JV2AC2, Intent = MoveIntent { DirXPermille = 85, DirZPermille = 996, Gait = Run, FacingMdeg = 4881, IsMoving = True } }
271	105	MoveCommand { Actor = chr_01M38R7216X4HHDN91G4JV2AC2, Intent = MoveIntent { DirXPermille = 84, DirZPermille = 996, Gait = Run, FacingMdeg = 4840, IsMoving = True } }
272	106	MoveCommand { Actor = chr_01M38R7216X4HHDN91G4JV2AC2, Intent = MoveIntent { DirXPermille = 85, DirZPermille = 996, Gait = Run, FacingMdeg = 4852, IsMoving = True } }
273	107	MoveCommand { Actor = chr_01M38R7216X4HHDN91G4JV2AC2, Intent = MoveIntent { DirXPermille = 84, DirZPermille = 996, Gait = Run, FacingMdeg = 4838, IsMoving = True } }
274	108	MoveCommand { Actor = chr_01M38R7216X4HHDN91G4JV2AC2, Intent = MoveIntent { DirXPermille = 85, DirZPermille = 996, Gait = Run, FacingMdeg = 4852, IsMoving = True } }
275	109	MoveCommand { Actor = chr_01M38R7216X4HHDN91G4JV2AC2, Intent = MoveIntent { DirXPermille = 84, DirZPermille = 996, Gait = Run, FacingMdeg = 4835, IsMoving = True } }
276	110	MoveCommand { Actor = chr_01M38R7216X4HHDN91G4JV2AC2, Intent = MoveIntent { DirXPermille = 85, DirZPermille = 996, Gait = Run, FacingMdeg = 4851, IsMoving = True } }
277	111	MoveCommand { Actor = chr_01M38R7216X4HHDN91G4JV2AC2, Intent = MoveIntent { DirXPermille = 84, DirZPermille = 996, Gait = Run, FacingMdeg = 4831, IsMoving = True } }
278	112	MoveCommand { Actor = chr_01M38R7216X4HHDN91G4JV2AC2, Intent = MoveIntent { DirXPermille = 85, DirZPermille = 996, Gait = Run, FacingMdeg = 4851, IsMoving = True } }
279	113	MoveCommand { Actor = chr_01M38R7216X4HHDN91G4JV2AC2, Intent = MoveIntent { DirXPermille = 84, DirZPermille = 996, Gait = Run, FacingMdeg = 4825, IsMoving = True } }
280	114	MoveCommand { Actor = chr_01M38R7216X4HHDN91G4JV2AC2, Intent = MoveIntent { DirXPermille = 85, DirZPermille = 996, Gait = Run, FacingMdeg = 4850, IsMoving = True } }
281	115	MoveCommand { Actor = chr_01M38R7216X4HHDN91G4JV2AC2, Intent = MoveIntent { DirXPermille = 84, DirZPermille = 996, Gait = Run, FacingMdeg = 4813, IsMoving = True } }
282	116	MoveCommand { Actor = chr_01M38R7216X4HHDN91G4JV2AC2, Intent = MoveIntent { DirXPermille = 85, DirZPermille = 996, Gait = Run, FacingMdeg = 4849, IsMoving = True } }
284	117	MoveCommand { Actor = chr_01M38R7216X4HHDN91G4JV2AC2, Intent = MoveIntent { DirXPermille = 0, DirZPermille = 0, Gait = Run, FacingMdeg = 4849, IsMoving = False } }
284	118	InteractCommand { Actor = chr_01M38R7216X4HHDN91G4JV2AC2, TargetKey = door.forge_shed }
286	119	MoveCommand { Actor = chr_01M38R7216X4HHDN91G4JV2AC2, Intent = MoveIntent { DirXPermille = 978, DirZPermille = -210, Gait = Run, FacingMdeg = 102094, IsMoving = True } }
287	120	MoveCommand { Actor = chr_01M38R7216X4HHDN91G4JV2AC2, Intent = MoveIntent { DirXPermille = 978, DirZPermille = -209, Gait = Run, FacingMdeg = 102091, IsMoving = True } }
288	121	MoveCommand { Actor = chr_01M38R7216X4HHDN91G4JV2AC2, Intent = MoveIntent { DirXPermille = 978, DirZPermille = -210, Gait = Run, FacingMdeg = 102093, IsMoving = True } }
289	122	MoveCommand { Actor = chr_01M38R7216X4HHDN91G4JV2AC2, Intent = MoveIntent { DirXPermille = 978, DirZPermille = -209, Gait = Run, FacingMdeg = 102090, IsMoving = True } }
291	123	MoveCommand { Actor = chr_01M38R7216X4HHDN91G4JV2AC2, Intent = MoveIntent { DirXPermille = 978, DirZPermille = -210, Gait = Run, FacingMdeg = 102095, IsMoving = True } }
292	124	MoveCommand { Actor = chr_01M38R7216X4HHDN91G4JV2AC2, Intent = MoveIntent { DirXPermille = 978, DirZPermille = -209, Gait = Run, FacingMdeg = 102091, IsMoving = True } }
293	125	MoveCommand { Actor = chr_01M38R7216X4HHDN91G4JV2AC2, Intent = MoveIntent { DirXPermille = 977, DirZPermille = -214, Gait = Run, FacingMdeg = 102341, IsMoving = True } }
294	126	MoveCommand { Actor = chr_01M38R7216X4HHDN91G4JV2AC2, Intent = MoveIntent { DirXPermille = 975, DirZPermille = -221, Gait = Run, FacingMdeg = 102780, IsMoving = True } }
295	127	MoveCommand { Actor = chr_01M38R7216X4HHDN91G4JV2AC2, Intent = MoveIntent { DirXPermille = 974, DirZPermille = -225, Gait = Run, FacingMdeg = 103008, IsMoving = True } }
296	128	MoveCommand { Actor = chr_01M38R7216X4HHDN91G4JV2AC2, Intent = MoveIntent { DirXPermille = 973, DirZPermille = -229, Gait = Run, FacingMdeg = 103244, IsMoving = True } }
297	129	MoveCommand { Actor = chr_01M38R7216X4HHDN91G4JV2AC2, Intent = MoveIntent { DirXPermille = 973, DirZPermille = -232, Gait = Run, FacingMdeg = 103439, IsMoving = True } }
300	130	MoveCommand { Actor = chr_01M38R7216X4HHDN91G4JV2AC2, Intent = MoveIntent { DirXPermille = 973, DirZPermille = -233, Gait = Run, FacingMdeg = 103445, IsMoving = True } }
310	131	MoveCommand { Actor = chr_01M38R7216X4HHDN91G4JV2AC2, Intent = MoveIntent { DirXPermille = 972, DirZPermille = -233, Gait = Run, FacingMdeg = 103471, IsMoving = True } }
318	132	MoveCommand { Actor = chr_01M38R7216X4HHDN91G4JV2AC2, Intent = MoveIntent { DirXPermille = 972, DirZPermille = -234, Gait = Run, FacingMdeg = 103504, IsMoving = True } }
327	133	MoveCommand { Actor = chr_01M38R7216X4HHDN91G4JV2AC2, Intent = MoveIntent { DirXPermille = 972, DirZPermille = -235, Gait = Run, FacingMdeg = 103569, IsMoving = True } }
329	134	MoveCommand { Actor = chr_01M38R7216X4HHDN91G4JV2AC2, Intent = MoveIntent { DirXPermille = 972, DirZPermille = -234, Gait = Run, FacingMdeg = 103557, IsMoving = True } }
330	135	MoveCommand { Actor = chr_01M38R7216X4HHDN91G4JV2AC2, Intent = MoveIntent { DirXPermille = 972, DirZPermille = -235, Gait = Run, FacingMdeg = 103569, IsMoving = True } }
331	136	MoveCommand { Actor = chr_01M38R7216X4HHDN91G4JV2AC2, Intent = MoveIntent { DirXPermille = 972, DirZPermille = -234, Gait = Run, FacingMdeg = 103562, IsMoving = True } }
332	137	MoveCommand { Actor = chr_01M38R7216X4HHDN91G4JV2AC2, Intent = MoveIntent { DirXPermille = 972, DirZPermille = -235, Gait = Run, FacingMdeg = 103575, IsMoving = True } }
334	138	MoveCommand { Actor = chr_01M38R7216X4HHDN91G4JV2AC2, Intent = MoveIntent { DirXPermille = 972, DirZPermille = -234, Gait = Run, FacingMdeg = 103559, IsMoving = True } }
335	139	MoveCommand { Actor = chr_01M38R7216X4HHDN91G4JV2AC2, Intent = MoveIntent { DirXPermille = 972, DirZPermille = -235, Gait = Run, FacingMdeg = 103575, IsMoving = True } }
337	140	MoveCommand { Actor = chr_01M38R7216X4HHDN91G4JV2AC2, Intent = MoveIntent { DirXPermille = 972, DirZPermille = -234, Gait = Run, FacingMdeg = 103556, IsMoving = True } }
338	141	MoveCommand { Actor = chr_01M38R7216X4HHDN91G4JV2AC2, Intent = MoveIntent { DirXPermille = 972, DirZPermille = -235, Gait = Run, FacingMdeg = 103575, IsMoving = True } }
341	142	MoveCommand { Actor = chr_01M38R7216X4HHDN91G4JV2AC2, Intent = MoveIntent { DirXPermille = 0, DirZPermille = 0, Gait = Run, FacingMdeg = 103575, IsMoving = False } }
341	143	TalkCommand { Actor = chr_01M38R7216X4HHDN91G4JV2AC2, NpcId = npc.ashen_hollow.kera_voss }
342	144	ChooseCommand { Actor = chr_01M38R7216X4HHDN91G4JV2AC2, ReplyId = teach }
350	145	ChooseCommand { Actor = chr_01M38R7216X4HHDN91G4JV2AC2, ReplyId = thanks }
358	146	LeaveCommand { Actor = chr_01M38R7216X4HHDN91G4JV2AC2 }
366	147	MoveCommand { Actor = chr_01M38R7216X4HHDN91G4JV2AC2, Intent = MoveIntent { DirXPermille = -971, DirZPermille = 238, Gait = Run, FacingMdeg = 283794, IsMoving = True } }
375	148	MoveCommand { Actor = chr_01M38R7216X4HHDN91G4JV2AC2, Intent = MoveIntent { DirXPermille = -971, DirZPermille = 239, Gait = Run, FacingMdeg = 283798, IsMoving = True } }
409	149	MoveCommand { Actor = chr_01M38R7216X4HHDN91G4JV2AC2, Intent = MoveIntent { DirXPermille = -971, DirZPermille = 240, Gait = Run, FacingMdeg = 283864, IsMoving = True } }
414	150	MoveCommand { Actor = chr_01M38R7216X4HHDN91G4JV2AC2, Intent = MoveIntent { DirXPermille = -971, DirZPermille = 241, Gait = Run, FacingMdeg = 283926, IsMoving = True } }
415	151	MoveCommand { Actor = chr_01M38R7216X4HHDN91G4JV2AC2, Intent = MoveIntent { DirXPermille = -971, DirZPermille = 240, Gait = Run, FacingMdeg = 283894, IsMoving = True } }
416	152	MoveCommand { Actor = chr_01M38R7216X4HHDN91G4JV2AC2, Intent = MoveIntent { DirXPermille = -971, DirZPermille = 241, Gait = Run, FacingMdeg = 283917, IsMoving = True } }
417	153	MoveCommand { Actor = chr_01M38R7216X4HHDN91G4JV2AC2, Intent = MoveIntent { DirXPermille = -971, DirZPermille = 240, Gait = Run, FacingMdeg = 283867, IsMoving = True } }
419	154	MoveCommand { Actor = chr_01M38R7216X4HHDN91G4JV2AC2, Intent = MoveIntent { DirXPermille = -55, DirZPermille = -998, Gait = Run, FacingMdeg = 183152, IsMoving = True } }
426	155	MoveCommand { Actor = chr_01M38R7216X4HHDN91G4JV2AC2, Intent = MoveIntent { DirXPermille = -55, DirZPermille = -999, Gait = Run, FacingMdeg = 183137, IsMoving = True } }
430	156	MoveCommand { Actor = chr_01M38R7216X4HHDN91G4JV2AC2, Intent = MoveIntent { DirXPermille = -54, DirZPermille = -999, Gait = Run, FacingMdeg = 183124, IsMoving = True } }
440	157	MoveCommand { Actor = chr_01M38R7216X4HHDN91G4JV2AC2, Intent = MoveIntent { DirXPermille = -53, DirZPermille = -999, Gait = Run, FacingMdeg = 183064, IsMoving = True } }
441	158	MoveCommand { Actor = chr_01M38R7216X4HHDN91G4JV2AC2, Intent = MoveIntent { DirXPermille = -54, DirZPermille = -999, Gait = Run, FacingMdeg = 183078, IsMoving = True } }
443	159	MoveCommand { Actor = chr_01M38R7216X4HHDN91G4JV2AC2, Intent = MoveIntent { DirXPermille = -53, DirZPermille = -999, Gait = Run, FacingMdeg = 183056, IsMoving = True } }
444	160	MoveCommand { Actor = chr_01M38R7216X4HHDN91G4JV2AC2, Intent = MoveIntent { DirXPermille = -54, DirZPermille = -999, Gait = Run, FacingMdeg = 183072, IsMoving = True } }
445	161	MoveCommand { Actor = chr_01M38R7216X4HHDN91G4JV2AC2, Intent = MoveIntent { DirXPermille = -53, DirZPermille = -999, Gait = Run, FacingMdeg = 183059, IsMoving = True } }
446	162	MoveCommand { Actor = chr_01M38R7216X4HHDN91G4JV2AC2, Intent = MoveIntent { DirXPermille = -54, DirZPermille = -999, Gait = Run, FacingMdeg = 183079, IsMoving = True } }
447	163	MoveCommand { Actor = chr_01M38R7216X4HHDN91G4JV2AC2, Intent = MoveIntent { DirXPermille = -53, DirZPermille = -999, Gait = Run, FacingMdeg = 183063, IsMoving = True } }
448	164	MoveCommand { Actor = chr_01M38R7216X4HHDN91G4JV2AC2, Intent = MoveIntent { DirXPermille = -54, DirZPermille = -999, Gait = Run, FacingMdeg = 183088, IsMoving = True } }
450	165	MoveCommand { Actor = chr_01M38R7216X4HHDN91G4JV2AC2, Intent = MoveIntent { DirXPermille = -53, DirZPermille = -999, Gait = Run, FacingMdeg = 183044, IsMoving = True } }
451	166	MoveCommand { Actor = chr_01M38R7216X4HHDN91G4JV2AC2, Intent = MoveIntent { DirXPermille = -54, DirZPermille = -999, Gait = Run, FacingMdeg = 183081, IsMoving = True } }
452	167	MoveCommand { Actor = chr_01M38R7216X4HHDN91G4JV2AC2, Intent = MoveIntent { DirXPermille = -53, DirZPermille = -999, Gait = Run, FacingMdeg = 183046, IsMoving = True } }
454	168	MoveCommand { Actor = chr_01M38R7216X4HHDN91G4JV2AC2, Intent = MoveIntent { DirXPermille = 1000, DirZPermille = -24, Gait = Run, FacingMdeg = 91386, IsMoving = True } }
493	169	MoveCommand { Actor = chr_01M38R7216X4HHDN91G4JV2AC2, Intent = MoveIntent { DirXPermille = 1000, DirZPermille = -23, Gait = Run, FacingMdeg = 91345, IsMoving = True } }
510	170	MoveCommand { Actor = chr_01M38R7216X4HHDN91G4JV2AC2, Intent = MoveIntent { DirXPermille = 1000, DirZPermille = -22, Gait = Run, FacingMdeg = 91289, IsMoving = True } }
518	171	MoveCommand { Actor = chr_01M38R7216X4HHDN91G4JV2AC2, Intent = MoveIntent { DirXPermille = 1000, DirZPermille = -21, Gait = Run, FacingMdeg = 91227, IsMoving = True } }
519	172	MoveCommand { Actor = chr_01M38R7216X4HHDN91G4JV2AC2, Intent = MoveIntent { DirXPermille = 1000, DirZPermille = -22, Gait = Run, FacingMdeg = 91236, IsMoving = True } }
520	173	MoveCommand { Actor = chr_01M38R7216X4HHDN91G4JV2AC2, Intent = MoveIntent { DirXPermille = 1000, DirZPermille = -21, Gait = Run, FacingMdeg = 91224, IsMoving = True } }
521	174	MoveCommand { Actor = chr_01M38R7216X4HHDN91G4JV2AC2, Intent = MoveIntent { DirXPermille = 1000, DirZPermille = -22, Gait = Run, FacingMdeg = 91233, IsMoving = True } }
522	175	MoveCommand { Actor = chr_01M38R7216X4HHDN91G4JV2AC2, Intent = MoveIntent { DirXPermille = 1000, DirZPermille = -21, Gait = Run, FacingMdeg = 91219, IsMoving = True } }
524	176	MoveCommand { Actor = chr_01M38R7216X4HHDN91G4JV2AC2, Intent = MoveIntent { DirXPermille = 1000, DirZPermille = -22, Gait = Run, FacingMdeg = 91243, IsMoving = True } }
525	177	MoveCommand { Actor = chr_01M38R7216X4HHDN91G4JV2AC2, Intent = MoveIntent { DirXPermille = 1000, DirZPermille = -21, Gait = Run, FacingMdeg = 91226, IsMoving = True } }
526	178	MoveCommand { Actor = chr_01M38R7216X4HHDN91G4JV2AC2, Intent = MoveIntent { DirXPermille = 1000, DirZPermille = -22, Gait = Run, FacingMdeg = 91241, IsMoving = True } }
527	179	MoveCommand { Actor = chr_01M38R7216X4HHDN91G4JV2AC2, Intent = MoveIntent { DirXPermille = 1000, DirZPermille = -21, Gait = Run, FacingMdeg = 91220, IsMoving = True } }
528	180	MoveCommand { Actor = chr_01M38R7216X4HHDN91G4JV2AC2, Intent = MoveIntent { DirXPermille = 1000, DirZPermille = -22, Gait = Run, FacingMdeg = 91238, IsMoving = True } }
529	181	MoveCommand { Actor = chr_01M38R7216X4HHDN91G4JV2AC2, Intent = MoveIntent { DirXPermille = 1000, DirZPermille = -21, Gait = Run, FacingMdeg = 91212, IsMoving = True } }
530	182	MoveCommand { Actor = chr_01M38R7216X4HHDN91G4JV2AC2, Intent = MoveIntent { DirXPermille = 1000, DirZPermille = -22, Gait = Run, FacingMdeg = 91233, IsMoving = True } }
531	183	MoveCommand { Actor = chr_01M38R7216X4HHDN91G4JV2AC2, Intent = MoveIntent { DirXPermille = 1000, DirZPermille = -21, Gait = Run, FacingMdeg = 91196, IsMoving = True } }
533	184	MoveCommand { Actor = chr_01M38R7216X4HHDN91G4JV2AC2, Intent = MoveIntent { DirXPermille = 1000, DirZPermille = -22, Gait = Run, FacingMdeg = 91268, IsMoving = True } }
535	185	MoveCommand { Actor = chr_01M38R7216X4HHDN91G4JV2AC2, Intent = MoveIntent { DirXPermille = 932, DirZPermille = 361, Gait = Run, FacingMdeg = 68824, IsMoving = True } }
542	186	MoveCommand { Actor = chr_01M38R7216X4HHDN91G4JV2AC2, Intent = MoveIntent { DirXPermille = 933, DirZPermille = 361, Gait = Run, FacingMdeg = 68828, IsMoving = True } }
586	187	MoveCommand { Actor = chr_01M38R7216X4HHDN91G4JV2AC2, Intent = MoveIntent { DirXPermille = 933, DirZPermille = 360, Gait = Run, FacingMdeg = 68869, IsMoving = True } }
619	188	MoveCommand { Actor = chr_01M38R7216X4HHDN91G4JV2AC2, Intent = MoveIntent { DirXPermille = 933, DirZPermille = 359, Gait = Run, FacingMdeg = 68933, IsMoving = True } }
621	189	MoveCommand { Actor = chr_01M38R7216X4HHDN91G4JV2AC2, Intent = MoveIntent { DirXPermille = 933, DirZPermille = 360, Gait = Run, FacingMdeg = 68929, IsMoving = True } }
622	190	MoveCommand { Actor = chr_01M38R7216X4HHDN91G4JV2AC2, Intent = MoveIntent { DirXPermille = 933, DirZPermille = 359, Gait = Run, FacingMdeg = 68932, IsMoving = True } }
623	191	MoveCommand { Actor = chr_01M38R7216X4HHDN91G4JV2AC2, Intent = MoveIntent { DirXPermille = 933, DirZPermille = 360, Gait = Run, FacingMdeg = 68930, IsMoving = True } }
624	192	MoveCommand { Actor = chr_01M38R7216X4HHDN91G4JV2AC2, Intent = MoveIntent { DirXPermille = 933, DirZPermille = 359, Gait = Run, FacingMdeg = 68933, IsMoving = True } }
626	193	MoveCommand { Actor = chr_01M38R7216X4HHDN91G4JV2AC2, Intent = MoveIntent { DirXPermille = 933, DirZPermille = 360, Gait = Run, FacingMdeg = 68929, IsMoving = True } }
627	194	MoveCommand { Actor = chr_01M38R7216X4HHDN91G4JV2AC2, Intent = MoveIntent { DirXPermille = 933, DirZPermille = 359, Gait = Run, FacingMdeg = 68932, IsMoving = True } }
628	195	MoveCommand { Actor = chr_01M38R7216X4HHDN91G4JV2AC2, Intent = MoveIntent { DirXPermille = 933, DirZPermille = 360, Gait = Run, FacingMdeg = 68930, IsMoving = True } }
629	196	MoveCommand { Actor = chr_01M38R7216X4HHDN91G4JV2AC2, Intent = MoveIntent { DirXPermille = 933, DirZPermille = 359, Gait = Run, FacingMdeg = 68933, IsMoving = True } }
631	197	MoveCommand { Actor = chr_01M38R7216X4HHDN91G4JV2AC2, Intent = MoveIntent { DirXPermille = 933, DirZPermille = 360, Gait = Run, FacingMdeg = 68929, IsMoving = True } }
632	198	MoveCommand { Actor = chr_01M38R7216X4HHDN91G4JV2AC2, Intent = MoveIntent { DirXPermille = 933, DirZPermille = 359, Gait = Run, FacingMdeg = 68932, IsMoving = True } }
633	199	MoveCommand { Actor = chr_01M38R7216X4HHDN91G4JV2AC2, Intent = MoveIntent { DirXPermille = 933, DirZPermille = 360, Gait = Run, FacingMdeg = 68930, IsMoving = True } }
634	200	MoveCommand { Actor = chr_01M38R7216X4HHDN91G4JV2AC2, Intent = MoveIntent { DirXPermille = 933, DirZPermille = 359, Gait = Run, FacingMdeg = 68933, IsMoving = True } }
636	201	MoveCommand { Actor = chr_01M38R7216X4HHDN91G4JV2AC2, Intent = MoveIntent { DirXPermille = 933, DirZPermille = 360, Gait = Run, FacingMdeg = 68929, IsMoving = True } }
637	202	MoveCommand { Actor = chr_01M38R7216X4HHDN91G4JV2AC2, Intent = MoveIntent { DirXPermille = 933, DirZPermille = 359, Gait = Run, FacingMdeg = 68932, IsMoving = True } }
638	203	MoveCommand { Actor = chr_01M38R7216X4HHDN91G4JV2AC2, Intent = MoveIntent { DirXPermille = 933, DirZPermille = 360, Gait = Run, FacingMdeg = 68930, IsMoving = True } }
639	204	MoveCommand { Actor = chr_01M38R7216X4HHDN91G4JV2AC2, Intent = MoveIntent { DirXPermille = 933, DirZPermille = 359, Gait = Run, FacingMdeg = 68934, IsMoving = True } }
641	205	MoveCommand { Actor = chr_01M38R7216X4HHDN91G4JV2AC2, Intent = MoveIntent { DirXPermille = 933, DirZPermille = 360, Gait = Run, FacingMdeg = 68928, IsMoving = True } }
642	206	MoveCommand { Actor = chr_01M38R7216X4HHDN91G4JV2AC2, Intent = MoveIntent { DirXPermille = 933, DirZPermille = 359, Gait = Run, FacingMdeg = 68932, IsMoving = True } }
643	207	MoveCommand { Actor = chr_01M38R7216X4HHDN91G4JV2AC2, Intent = MoveIntent { DirXPermille = 933, DirZPermille = 360, Gait = Run, FacingMdeg = 68930, IsMoving = True } }
644	208	MoveCommand { Actor = chr_01M38R7216X4HHDN91G4JV2AC2, Intent = MoveIntent { DirXPermille = 933, DirZPermille = 359, Gait = Run, FacingMdeg = 68934, IsMoving = True } }
646	209	MoveCommand { Actor = chr_01M38R7216X4HHDN91G4JV2AC2, Intent = MoveIntent { DirXPermille = 933, DirZPermille = 360, Gait = Run, FacingMdeg = 68928, IsMoving = True } }
647	210	MoveCommand { Actor = chr_01M38R7216X4HHDN91G4JV2AC2, Intent = MoveIntent { DirXPermille = 933, DirZPermille = 359, Gait = Run, FacingMdeg = 68933, IsMoving = True } }
648	211	MoveCommand { Actor = chr_01M38R7216X4HHDN91G4JV2AC2, Intent = MoveIntent { DirXPermille = 933, DirZPermille = 360, Gait = Run, FacingMdeg = 68929, IsMoving = True } }
649	212	MoveCommand { Actor = chr_01M38R7216X4HHDN91G4JV2AC2, Intent = MoveIntent { DirXPermille = 933, DirZPermille = 359, Gait = Run, FacingMdeg = 68934, IsMoving = True } }
651	213	MoveCommand { Actor = chr_01M38R7216X4HHDN91G4JV2AC2, Intent = MoveIntent { DirXPermille = 933, DirZPermille = 360, Gait = Run, FacingMdeg = 68928, IsMoving = True } }
652	214	MoveCommand { Actor = chr_01M38R7216X4HHDN91G4JV2AC2, Intent = MoveIntent { DirXPermille = 933, DirZPermille = 359, Gait = Run, FacingMdeg = 68933, IsMoving = True } }
653	215	MoveCommand { Actor = chr_01M38R7216X4HHDN91G4JV2AC2, Intent = MoveIntent { DirXPermille = 933, DirZPermille = 360, Gait = Run, FacingMdeg = 68929, IsMoving = True } }
654	216	MoveCommand { Actor = chr_01M38R7216X4HHDN91G4JV2AC2, Intent = MoveIntent { DirXPermille = 933, DirZPermille = 359, Gait = Run, FacingMdeg = 68935, IsMoving = True } }
656	217	MoveCommand { Actor = chr_01M38R7216X4HHDN91G4JV2AC2, Intent = MoveIntent { DirXPermille = 933, DirZPermille = 360, Gait = Run, FacingMdeg = 68927, IsMoving = True } }
657	218	MoveCommand { Actor = chr_01M38R7216X4HHDN91G4JV2AC2, Intent = MoveIntent { DirXPermille = 933, DirZPermille = 359, Gait = Run, FacingMdeg = 68933, IsMoving = True } }
658	219	MoveCommand { Actor = chr_01M38R7216X4HHDN91G4JV2AC2, Intent = MoveIntent { DirXPermille = 933, DirZPermille = 360, Gait = Run, FacingMdeg = 68929, IsMoving = True } }
659	220	MoveCommand { Actor = chr_01M38R7216X4HHDN91G4JV2AC2, Intent = MoveIntent { DirXPermille = 933, DirZPermille = 359, Gait = Run, FacingMdeg = 68935, IsMoving = True } }
661	221	MoveCommand { Actor = chr_01M38R7216X4HHDN91G4JV2AC2, Intent = MoveIntent { DirXPermille = 933, DirZPermille = 360, Gait = Run, FacingMdeg = 68926, IsMoving = True } }
662	222	MoveCommand { Actor = chr_01M38R7216X4HHDN91G4JV2AC2, Intent = MoveIntent { DirXPermille = 933, DirZPermille = 359, Gait = Run, FacingMdeg = 68933, IsMoving = True } }
663	223	MoveCommand { Actor = chr_01M38R7216X4HHDN91G4JV2AC2, Intent = MoveIntent { DirXPermille = 933, DirZPermille = 360, Gait = Run, FacingMdeg = 68928, IsMoving = True } }
664	224	MoveCommand { Actor = chr_01M38R7216X4HHDN91G4JV2AC2, Intent = MoveIntent { DirXPermille = 933, DirZPermille = 359, Gait = Run, FacingMdeg = 68936, IsMoving = True } }
666	225	MoveCommand { Actor = chr_01M38R7216X4HHDN91G4JV2AC2, Intent = MoveIntent { DirXPermille = 933, DirZPermille = 360, Gait = Run, FacingMdeg = 68925, IsMoving = True } }
667	226	MoveCommand { Actor = chr_01M38R7216X4HHDN91G4JV2AC2, Intent = MoveIntent { DirXPermille = 933, DirZPermille = 359, Gait = Run, FacingMdeg = 68933, IsMoving = True } }
668	227	MoveCommand { Actor = chr_01M38R7216X4HHDN91G4JV2AC2, Intent = MoveIntent { DirXPermille = 933, DirZPermille = 360, Gait = Run, FacingMdeg = 68928, IsMoving = True } }
669	228	MoveCommand { Actor = chr_01M38R7216X4HHDN91G4JV2AC2, Intent = MoveIntent { DirXPermille = 933, DirZPermille = 359, Gait = Run, FacingMdeg = 68937, IsMoving = True } }
670	229	MoveCommand { Actor = chr_01M38R7216X4HHDN91G4JV2AC2, Intent = MoveIntent { DirXPermille = 933, DirZPermille = 360, Gait = Run, FacingMdeg = 68930, IsMoving = True } }
671	230	MoveCommand { Actor = chr_01M38R7216X4HHDN91G4JV2AC2, Intent = MoveIntent { DirXPermille = 933, DirZPermille = 359, Gait = Run, FacingMdeg = 68940, IsMoving = True } }
673	231	MoveCommand { Actor = chr_01M38R7216X4HHDN91G4JV2AC2, Intent = MoveIntent { DirXPermille = 933, DirZPermille = 360, Gait = Run, FacingMdeg = 68926, IsMoving = True } }
674	232	MoveCommand { Actor = chr_01M38R7216X4HHDN91G4JV2AC2, Intent = MoveIntent { DirXPermille = 933, DirZPermille = 359, Gait = Run, FacingMdeg = 68938, IsMoving = True } }
675	233	MoveCommand { Actor = chr_01M38R7216X4HHDN91G4JV2AC2, Intent = MoveIntent { DirXPermille = 933, DirZPermille = 360, Gait = Run, FacingMdeg = 68930, IsMoving = True } }
676	234	MoveCommand { Actor = chr_01M38R7216X4HHDN91G4JV2AC2, Intent = MoveIntent { DirXPermille = 933, DirZPermille = 359, Gait = Run, FacingMdeg = 68943, IsMoving = True } }
678	235	MoveCommand { Actor = chr_01M38R7216X4HHDN91G4JV2AC2, Intent = MoveIntent { DirXPermille = 933, DirZPermille = 360, Gait = Run, FacingMdeg = 68924, IsMoving = True } }
679	236	MoveCommand { Actor = chr_01M38R7216X4HHDN91G4JV2AC2, Intent = MoveIntent { DirXPermille = 933, DirZPermille = 359, Gait = Run, FacingMdeg = 68941, IsMoving = True } }
680	237	MoveCommand { Actor = chr_01M38R7216X4HHDN91G4JV2AC2, Intent = MoveIntent { DirXPermille = 933, DirZPermille = 360, Gait = Run, FacingMdeg = 68929, IsMoving = True } }
681	238	MoveCommand { Actor = chr_01M38R7216X4HHDN91G4JV2AC2, Intent = MoveIntent { DirXPermille = 933, DirZPermille = 359, Gait = Run, FacingMdeg = 68949, IsMoving = True } }
683	239	MoveCommand { Actor = chr_01M38R7216X4HHDN91G4JV2AC2, Intent = MoveIntent { DirXPermille = 933, DirZPermille = 360, Gait = Run, FacingMdeg = 68920, IsMoving = True } }
684	240	MoveCommand { Actor = chr_01M38R7216X4HHDN91G4JV2AC2, Intent = MoveIntent { DirXPermille = 933, DirZPermille = 359, Gait = Run, FacingMdeg = 68947, IsMoving = True } }
685	241	MoveCommand { Actor = chr_01M38R7216X4HHDN91G4JV2AC2, Intent = MoveIntent { DirXPermille = 933, DirZPermille = 360, Gait = Run, FacingMdeg = 68927, IsMoving = True } }
686	242	MoveCommand { Actor = chr_01M38R7216X4HHDN91G4JV2AC2, Intent = MoveIntent { DirXPermille = 933, DirZPermille = 359, Gait = Run, FacingMdeg = 68968, IsMoving = True } }
689	243	MoveCommand { Actor = chr_01M38R7216X4HHDN91G4JV2AC2, Intent = MoveIntent { DirXPermille = 0, DirZPermille = 0, Gait = Run, FacingMdeg = 68968, IsMoving = False } }
690	244	MoveCommand { Actor = chr_01M38R7216X4HHDN91G4JV2AC2, Intent = MoveIntent { DirXPermille = 988, DirZPermille = 151, Gait = Run, FacingMdeg = 81288, IsMoving = True } }
694	245	MoveCommand { Actor = chr_01M38R7216X4HHDN91G4JV2AC2, Intent = MoveIntent { DirXPermille = 988, DirZPermille = 152, Gait = Run, FacingMdeg = 81286, IsMoving = True } }
748	246	MoveCommand { Actor = chr_01M38R7216X4HHDN91G4JV2AC2, Intent = MoveIntent { DirXPermille = 988, DirZPermille = 153, Gait = Run, FacingMdeg = 81226, IsMoving = True } }
769	247	MoveCommand { Actor = chr_01M38R7216X4HHDN91G4JV2AC2, Intent = MoveIntent { DirXPermille = 988, DirZPermille = 154, Gait = Run, FacingMdeg = 81168, IsMoving = True } }
770	248	MoveCommand { Actor = chr_01M38R7216X4HHDN91G4JV2AC2, Intent = MoveIntent { DirXPermille = 988, DirZPermille = 153, Gait = Run, FacingMdeg = 81172, IsMoving = True } }
771	249	MoveCommand { Actor = chr_01M38R7216X4HHDN91G4JV2AC2, Intent = MoveIntent { DirXPermille = 988, DirZPermille = 154, Gait = Run, FacingMdeg = 81167, IsMoving = True } }
772	250	MoveCommand { Actor = chr_01M38R7216X4HHDN91G4JV2AC2, Intent = MoveIntent { DirXPermille = 988, DirZPermille = 153, Gait = Run, FacingMdeg = 81171, IsMoving = True } }
773	251	MoveCommand { Actor = chr_01M38R7216X4HHDN91G4JV2AC2, Intent = MoveIntent { DirXPermille = 988, DirZPermille = 154, Gait = Run, FacingMdeg = 81167, IsMoving = True } }
774	252	MoveCommand { Actor = chr_01M38R7216X4HHDN91G4JV2AC2, Intent = MoveIntent { DirXPermille = 988, DirZPermille = 153, Gait = Run, FacingMdeg = 81170, IsMoving = True } }
775	253	MoveCommand { Actor = chr_01M38R7216X4HHDN91G4JV2AC2, Intent = MoveIntent { DirXPermille = 988, DirZPermille = 154, Gait = Run, FacingMdeg = 81166, IsMoving = True } }
777	254	MoveCommand { Actor = chr_01M38R7216X4HHDN91G4JV2AC2, Intent = MoveIntent { DirXPermille = 988, DirZPermille = 153, Gait = Run, FacingMdeg = 81173, IsMoving = True } }
778	255	MoveCommand { Actor = chr_01M38R7216X4HHDN91G4JV2AC2, Intent = MoveIntent { DirXPermille = 988, DirZPermille = 154, Gait = Run, FacingMdeg = 81169, IsMoving = True } }
779	256	MoveCommand { Actor = chr_01M38R7216X4HHDN91G4JV2AC2, Intent = MoveIntent { DirXPermille = 988, DirZPermille = 153, Gait = Run, FacingMdeg = 81173, IsMoving = True } }
780	257	MoveCommand { Actor = chr_01M38R7216X4HHDN91G4JV2AC2, Intent = MoveIntent { DirXPermille = 988, DirZPermille = 154, Gait = Run, FacingMdeg = 81168, IsMoving = True } }
781	258	MoveCommand { Actor = chr_01M38R7216X4HHDN91G4JV2AC2, Intent = MoveIntent { DirXPermille = 988, DirZPermille = 153, Gait = Run, FacingMdeg = 81172, IsMoving = True } }
782	259	MoveCommand { Actor = chr_01M38R7216X4HHDN91G4JV2AC2, Intent = MoveIntent { DirXPermille = 988, DirZPermille = 154, Gait = Run, FacingMdeg = 81167, IsMoving = True } }
783	260	MoveCommand { Actor = chr_01M38R7216X4HHDN91G4JV2AC2, Intent = MoveIntent { DirXPermille = 988, DirZPermille = 153, Gait = Run, FacingMdeg = 81171, IsMoving = True } }
784	261	MoveCommand { Actor = chr_01M38R7216X4HHDN91G4JV2AC2, Intent = MoveIntent { DirXPermille = 988, DirZPermille = 154, Gait = Run, FacingMdeg = 81166, IsMoving = True } }
785	262	MoveCommand { Actor = chr_01M38R7216X4HHDN91G4JV2AC2, Intent = MoveIntent { DirXPermille = 988, DirZPermille = 153, Gait = Run, FacingMdeg = 81170, IsMoving = True } }
786	263	MoveCommand { Actor = chr_01M38R7216X4HHDN91G4JV2AC2, Intent = MoveIntent { DirXPermille = 988, DirZPermille = 154, Gait = Run, FacingMdeg = 81165, IsMoving = True } }
788	264	MoveCommand { Actor = chr_01M38R7216X4HHDN91G4JV2AC2, Intent = MoveIntent { DirXPermille = 988, DirZPermille = 153, Gait = Run, FacingMdeg = 81175, IsMoving = True } }
789	265	MoveCommand { Actor = chr_01M38R7216X4HHDN91G4JV2AC2, Intent = MoveIntent { DirXPermille = 988, DirZPermille = 154, Gait = Run, FacingMdeg = 81168, IsMoving = True } }
790	266	MoveCommand { Actor = chr_01M38R7216X4HHDN91G4JV2AC2, Intent = MoveIntent { DirXPermille = 988, DirZPermille = 153, Gait = Run, FacingMdeg = 81174, IsMoving = True } }
791	267	MoveCommand { Actor = chr_01M38R7216X4HHDN91G4JV2AC2, Intent = MoveIntent { DirXPermille = 988, DirZPermille = 154, Gait = Run, FacingMdeg = 81167, IsMoving = True } }
792	268	MoveCommand { Actor = chr_01M38R7216X4HHDN91G4JV2AC2, Intent = MoveIntent { DirXPermille = 988, DirZPermille = 153, Gait = Run, FacingMdeg = 81173, IsMoving = True } }
793	269	MoveCommand { Actor = chr_01M38R7216X4HHDN91G4JV2AC2, Intent = MoveIntent { DirXPermille = 988, DirZPermille = 154, Gait = Run, FacingMdeg = 81166, IsMoving = True } }
794	270	MoveCommand { Actor = chr_01M38R7216X4HHDN91G4JV2AC2, Intent = MoveIntent { DirXPermille = 988, DirZPermille = 153, Gait = Run, FacingMdeg = 81172, IsMoving = True } }
795	271	MoveCommand { Actor = chr_01M38R7216X4HHDN91G4JV2AC2, Intent = MoveIntent { DirXPermille = 988, DirZPermille = 154, Gait = Run, FacingMdeg = 81164, IsMoving = True } }
796	272	MoveCommand { Actor = chr_01M38R7216X4HHDN91G4JV2AC2, Intent = MoveIntent { DirXPermille = 988, DirZPermille = 153, Gait = Run, FacingMdeg = 81171, IsMoving = True } }
797	273	MoveCommand { Actor = chr_01M38R7216X4HHDN91G4JV2AC2, Intent = MoveIntent { DirXPermille = 988, DirZPermille = 154, Gait = Run, FacingMdeg = 81162, IsMoving = True } }
799	274	MoveCommand { Actor = chr_01M38R7216X4HHDN91G4JV2AC2, Intent = MoveIntent { DirXPermille = 988, DirZPermille = 153, Gait = Run, FacingMdeg = 81178, IsMoving = True } }
800	275	MoveCommand { Actor = chr_01M38R7216X4HHDN91G4JV2AC2, Intent = MoveIntent { DirXPermille = 988, DirZPermille = 154, Gait = Run, FacingMdeg = 81168, IsMoving = True } }
801	276	MoveCommand { Actor = chr_01M38R7216X4HHDN91G4JV2AC2, Intent = MoveIntent { DirXPermille = 988, DirZPermille = 153, Gait = Run, FacingMdeg = 81177, IsMoving = True } }
802	277	MoveCommand { Actor = chr_01M38R7216X4HHDN91G4JV2AC2, Intent = MoveIntent { DirXPermille = 988, DirZPermille = 154, Gait = Run, FacingMdeg = 81165, IsMoving = True } }
803	278	MoveCommand { Actor = chr_01M38R7216X4HHDN91G4JV2AC2, Intent = MoveIntent { DirXPermille = 988, DirZPermille = 153, Gait = Run, FacingMdeg = 81176, IsMoving = True } }
804	279	MoveCommand { Actor = chr_01M38R7216X4HHDN91G4JV2AC2, Intent = MoveIntent { DirXPermille = 988, DirZPermille = 154, Gait = Run, FacingMdeg = 81163, IsMoving = True } }
805	280	MoveCommand { Actor = chr_01M38R7216X4HHDN91G4JV2AC2, Intent = MoveIntent { DirXPermille = 988, DirZPermille = 153, Gait = Run, FacingMdeg = 81174, IsMoving = True } }
806	281	MoveCommand { Actor = chr_01M38R7216X4HHDN91G4JV2AC2, Intent = MoveIntent { DirXPermille = 988, DirZPermille = 154, Gait = Run, FacingMdeg = 81159, IsMoving = True } }
807	282	MoveCommand { Actor = chr_01M38R7216X4HHDN91G4JV2AC2, Intent = MoveIntent { DirXPermille = 988, DirZPermille = 153, Gait = Run, FacingMdeg = 81172, IsMoving = True } }
808	283	MoveCommand { Actor = chr_01M38R7216X4HHDN91G4JV2AC2, Intent = MoveIntent { DirXPermille = 988, DirZPermille = 154, Gait = Run, FacingMdeg = 81154, IsMoving = True } }
810	284	MoveCommand { Actor = chr_01M38R7216X4HHDN91G4JV2AC2, Intent = MoveIntent { DirXPermille = 988, DirZPermille = 153, Gait = Run, FacingMdeg = 81188, IsMoving = True } }
811	285	MoveCommand { Actor = chr_01M38R7216X4HHDN91G4JV2AC2, Intent = MoveIntent { DirXPermille = 988, DirZPermille = 154, Gait = Run, FacingMdeg = 81165, IsMoving = True } }
812	286	MoveCommand { Actor = chr_01M38R7216X4HHDN91G4JV2AC2, Intent = MoveIntent { DirXPermille = 988, DirZPermille = 153, Gait = Run, FacingMdeg = 81189, IsMoving = True } }
813	287	MoveCommand { Actor = chr_01M38R7216X4HHDN91G4JV2AC2, Intent = MoveIntent { DirXPermille = 988, DirZPermille = 154, Gait = Run, FacingMdeg = 81157, IsMoving = True } }
814	288	MoveCommand { Actor = chr_01M38R7216X4HHDN91G4JV2AC2, Intent = MoveIntent { DirXPermille = 988, DirZPermille = 153, Gait = Run, FacingMdeg = 81191, IsMoving = True } }
815	289	MoveCommand { Actor = chr_01M38R7216X4HHDN91G4JV2AC2, Intent = MoveIntent { DirXPermille = 988, DirZPermille = 154, Gait = Run, FacingMdeg = 81139, IsMoving = True } }
817	290	MoveCommand { Actor = chr_01M38R7216X4HHDN91G4JV2AC2, Intent = MoveIntent { DirXPermille = 995, DirZPermille = 100, Gait = Run, FacingMdeg = 84259, IsMoving = True } }
825	291	MoveCommand { Actor = chr_01M38R7216X4HHDN91G4JV2AC2, Intent = MoveIntent { DirXPermille = 989, DirZPermille = 148, Gait = Run, FacingMdeg = 81466, IsMoving = True } }
832	292	MoveCommand { Actor = chr_01M38R7216X4HHDN91G4JV2AC2, Intent = MoveIntent { DirXPermille = 989, DirZPermille = 149, Gait = Run, FacingMdeg = 81460, IsMoving = True } }
834	293	MoveCommand { Actor = chr_01M38R7216X4HHDN91G4JV2AC2, Intent = MoveIntent { DirXPermille = 989, DirZPermille = 148, Gait = Run, FacingMdeg = 81461, IsMoving = True } }
835	294	MoveCommand { Actor = chr_01M38R7216X4HHDN91G4JV2AC2, Intent = MoveIntent { DirXPermille = 989, DirZPermille = 149, Gait = Run, FacingMdeg = 81460, IsMoving = True } }
837	295	MoveCommand { Actor = chr_01M38R7216X4HHDN91G4JV2AC2, Intent = MoveIntent { DirXPermille = 989, DirZPermille = 148, Gait = Run, FacingMdeg = 81461, IsMoving = True } }
839	296	MoveCommand { Actor = chr_01M38R7216X4HHDN91G4JV2AC2, Intent = MoveIntent { DirXPermille = 989, DirZPermille = 149, Gait = Run, FacingMdeg = 81459, IsMoving = True } }
840	297	MoveCommand { Actor = chr_01M38R7216X4HHDN91G4JV2AC2, Intent = MoveIntent { DirXPermille = 989, DirZPermille = 148, Gait = Run, FacingMdeg = 81461, IsMoving = True } }
842	298	MoveCommand { Actor = chr_01M38R7216X4HHDN91G4JV2AC2, Intent = MoveIntent { DirXPermille = 989, DirZPermille = 149, Gait = Run, FacingMdeg = 81459, IsMoving = True } }
843	299	MoveCommand { Actor = chr_01M38R7216X4HHDN91G4JV2AC2, Intent = MoveIntent { DirXPermille = 989, DirZPermille = 148, Gait = Run, FacingMdeg = 81462, IsMoving = True } }
845	300	MoveCommand { Actor = chr_01M38R7216X4HHDN91G4JV2AC2, Intent = MoveIntent { DirXPermille = 989, DirZPermille = 149, Gait = Run, FacingMdeg = 81459, IsMoving = True } }
847	301	MoveCommand { Actor = chr_01M38R7216X4HHDN91G4JV2AC2, Intent = MoveIntent { DirXPermille = 989, DirZPermille = 148, Gait = Run, FacingMdeg = 81460, IsMoving = True } }
848	302	MoveCommand { Actor = chr_01M38R7216X4HHDN91G4JV2AC2, Intent = MoveIntent { DirXPermille = 989, DirZPermille = 149, Gait = Run, FacingMdeg = 81459, IsMoving = True } }
850	303	MoveCommand { Actor = chr_01M38R7216X4HHDN91G4JV2AC2, Intent = MoveIntent { DirXPermille = 989, DirZPermille = 148, Gait = Run, FacingMdeg = 81461, IsMoving = True } }
851	304	MoveCommand { Actor = chr_01M38R7216X4HHDN91G4JV2AC2, Intent = MoveIntent { DirXPermille = 989, DirZPermille = 149, Gait = Run, FacingMdeg = 81459, IsMoving = True } }
853	305	MoveCommand { Actor = chr_01M38R7216X4HHDN91G4JV2AC2, Intent = MoveIntent { DirXPermille = 989, DirZPermille = 148, Gait = Run, FacingMdeg = 81461, IsMoving = True } }
854	306	MoveCommand { Actor = chr_01M38R7216X4HHDN91G4JV2AC2, Intent = MoveIntent { DirXPermille = 989, DirZPermille = 149, Gait = Run, FacingMdeg = 81459, IsMoving = True } }
856	307	MoveCommand { Actor = chr_01M38R7216X4HHDN91G4JV2AC2, Intent = MoveIntent { DirXPermille = 989, DirZPermille = 148, Gait = Run, FacingMdeg = 81461, IsMoving = True } }
857	308	MoveCommand { Actor = chr_01M38R7216X4HHDN91G4JV2AC2, Intent = MoveIntent { DirXPermille = 989, DirZPermille = 149, Gait = Run, FacingMdeg = 81459, IsMoving = True } }
859	309	MoveCommand { Actor = chr_01M38R7216X4HHDN91G4JV2AC2, Intent = MoveIntent { DirXPermille = 989, DirZPermille = 148, Gait = Run, FacingMdeg = 81462, IsMoving = True } }
860	310	MoveCommand { Actor = chr_01M38R7216X4HHDN91G4JV2AC2, Intent = MoveIntent { DirXPermille = 989, DirZPermille = 149, Gait = Run, FacingMdeg = 81458, IsMoving = True } }
862	311	MoveCommand { Actor = chr_01M38R7216X4HHDN91G4JV2AC2, Intent = MoveIntent { DirXPermille = 989, DirZPermille = 148, Gait = Run, FacingMdeg = 81463, IsMoving = True } }
863	312	MoveCommand { Actor = chr_01M38R7216X4HHDN91G4JV2AC2, Intent = MoveIntent { DirXPermille = 989, DirZPermille = 149, Gait = Run, FacingMdeg = 81458, IsMoving = True } }
865	313	MoveCommand { Actor = chr_01M38R7216X4HHDN91G4JV2AC2, Intent = MoveIntent { DirXPermille = 989, DirZPermille = 148, Gait = Run, FacingMdeg = 81464, IsMoving = True } }
866	314	MoveCommand { Actor = chr_01M38R7216X4HHDN91G4JV2AC2, Intent = MoveIntent { DirXPermille = 989, DirZPermille = 149, Gait = Run, FacingMdeg = 81458, IsMoving = True } }
867	315	MoveCommand { Actor = chr_01M38R7216X4HHDN91G4JV2AC2, Intent = MoveIntent { DirXPermille = 989, DirZPermille = 148, Gait = Run, FacingMdeg = 81464, IsMoving = True } }
868	316	MoveCommand { Actor = chr_01M38R7216X4HHDN91G4JV2AC2, Intent = MoveIntent { DirXPermille = 0, DirZPermille = 0, Gait = Run, FacingMdeg = 81456, IsMoving = False } }
868	317	AttackCommand { Actor = chr_01M38R7216X4HHDN91G4JV2AC2 }
883	318	AttackCommand { Actor = chr_01M38R7216X4HHDN91G4JV2AC2 }
898	319	AttackCommand { Actor = chr_01M38R7216X4HHDN91G4JV2AC2 }
913	320	AttackCommand { Actor = chr_01M38R7216X4HHDN91G4JV2AC2 }
928	321	AttackCommand { Actor = chr_01M38R7216X4HHDN91G4JV2AC2 }
943	322	AttackCommand { Actor = chr_01M38R7216X4HHDN91G4JV2AC2 }
950	323	MoveCommand { Actor = chr_01M38R7216X4HHDN91G4JV2AC2, Intent = MoveIntent { DirXPermille = 997, DirZPermille = 72, Gait = Run, FacingMdeg = 85893, IsMoving = True } }
956	324	MoveCommand { Actor = chr_01M38R7216X4HHDN91G4JV2AC2, Intent = MoveIntent { DirXPermille = 997, DirZPermille = 71, Gait = Run, FacingMdeg = 85900, IsMoving = True } }
958	325	MoveCommand { Actor = chr_01M38R7216X4HHDN91G4JV2AC2, Intent = MoveIntent { DirXPermille = 997, DirZPermille = 72, Gait = Run, FacingMdeg = 85899, IsMoving = True } }
959	326	MoveCommand { Actor = chr_01M38R7216X4HHDN91G4JV2AC2, Intent = MoveIntent { DirXPermille = 997, DirZPermille = 71, Gait = Run, FacingMdeg = 85902, IsMoving = True } }
960	327	MoveCommand { Actor = chr_01M38R7216X4HHDN91G4JV2AC2, Intent = MoveIntent { DirXPermille = 997, DirZPermille = 72, Gait = Run, FacingMdeg = 85900, IsMoving = True } }
961	328	MoveCommand { Actor = chr_01M38R7216X4HHDN91G4JV2AC2, Intent = MoveIntent { DirXPermille = 997, DirZPermille = 71, Gait = Run, FacingMdeg = 85902, IsMoving = True } }
963	329	MoveCommand { Actor = chr_01M38R7216X4HHDN91G4JV2AC2, Intent = MoveIntent { DirXPermille = 997, DirZPermille = 72, Gait = Run, FacingMdeg = 85898, IsMoving = True } }
964	330	MoveCommand { Actor = chr_01M38R7216X4HHDN91G4JV2AC2, Intent = MoveIntent { DirXPermille = 997, DirZPermille = 71, Gait = Run, FacingMdeg = 85900, IsMoving = True } }
965	331	MoveCommand { Actor = chr_01M38R7216X4HHDN91G4JV2AC2, Intent = MoveIntent { DirXPermille = 997, DirZPermille = 72, Gait = Run, FacingMdeg = 85898, IsMoving = True } }
966	332	MoveCommand { Actor = chr_01M38R7216X4HHDN91G4JV2AC2, Intent = MoveIntent { DirXPermille = 997, DirZPermille = 71, Gait = Run, FacingMdeg = 85901, IsMoving = True } }
967	333	MoveCommand { Actor = chr_01M38R7216X4HHDN91G4JV2AC2, Intent = MoveIntent { DirXPermille = 997, DirZPermille = 72, Gait = Run, FacingMdeg = 85898, IsMoving = True } }
968	334	MoveCommand { Actor = chr_01M38R7216X4HHDN91G4JV2AC2, Intent = MoveIntent { DirXPermille = 997, DirZPermille = 71, Gait = Run, FacingMdeg = 85901, IsMoving = True } }
969	335	MoveCommand { Actor = chr_01M38R7216X4HHDN91G4JV2AC2, Intent = MoveIntent { DirXPermille = 997, DirZPermille = 72, Gait = Run, FacingMdeg = 85898, IsMoving = True } }
970	336	MoveCommand { Actor = chr_01M38R7216X4HHDN91G4JV2AC2, Intent = MoveIntent { DirXPermille = 997, DirZPermille = 71, Gait = Run, FacingMdeg = 85902, IsMoving = True } }
971	337	MoveCommand { Actor = chr_01M38R7216X4HHDN91G4JV2AC2, Intent = MoveIntent { DirXPermille = 997, DirZPermille = 72, Gait = Run, FacingMdeg = 85899, IsMoving = True } }
972	338	MoveCommand { Actor = chr_01M38R7216X4HHDN91G4JV2AC2, Intent = MoveIntent { DirXPermille = 997, DirZPermille = 71, Gait = Run, FacingMdeg = 85902, IsMoving = True } }
973	339	MoveCommand { Actor = chr_01M38R7216X4HHDN91G4JV2AC2, Intent = MoveIntent { DirXPermille = 997, DirZPermille = 72, Gait = Run, FacingMdeg = 85899, IsMoving = True } }
974	340	MoveCommand { Actor = chr_01M38R7216X4HHDN91G4JV2AC2, Intent = MoveIntent { DirXPermille = 997, DirZPermille = 71, Gait = Run, FacingMdeg = 85902, IsMoving = True } }
975	341	MoveCommand { Actor = chr_01M38R7216X4HHDN91G4JV2AC2, Intent = MoveIntent { DirXPermille = 997, DirZPermille = 72, Gait = Run, FacingMdeg = 85899, IsMoving = True } }
976	342	MoveCommand { Actor = chr_01M38R7216X4HHDN91G4JV2AC2, Intent = MoveIntent { DirXPermille = 997, DirZPermille = 71, Gait = Run, FacingMdeg = 85903, IsMoving = True } }
977	343	MoveCommand { Actor = chr_01M38R7216X4HHDN91G4JV2AC2, Intent = MoveIntent { DirXPermille = 997, DirZPermille = 72, Gait = Run, FacingMdeg = 85900, IsMoving = True } }
978	344	MoveCommand { Actor = chr_01M38R7216X4HHDN91G4JV2AC2, Intent = MoveIntent { DirXPermille = 997, DirZPermille = 71, Gait = Run, FacingMdeg = 85903, IsMoving = True } }
980	345	MoveCommand { Actor = chr_01M38R7216X4HHDN91G4JV2AC2, Intent = MoveIntent { DirXPermille = 997, DirZPermille = 72, Gait = Run, FacingMdeg = 85897, IsMoving = True } }
981	346	MoveCommand { Actor = chr_01M38R7216X4HHDN91G4JV2AC2, Intent = MoveIntent { DirXPermille = 997, DirZPermille = 71, Gait = Run, FacingMdeg = 85901, IsMoving = True } }
982	347	MoveCommand { Actor = chr_01M38R7216X4HHDN91G4JV2AC2, Intent = MoveIntent { DirXPermille = 997, DirZPermille = 72, Gait = Run, FacingMdeg = 85897, IsMoving = True } }
983	348	MoveCommand { Actor = chr_01M38R7216X4HHDN91G4JV2AC2, Intent = MoveIntent { DirXPermille = 997, DirZPermille = 71, Gait = Run, FacingMdeg = 85901, IsMoving = True } }
984	349	MoveCommand { Actor = chr_01M38R7216X4HHDN91G4JV2AC2, Intent = MoveIntent { DirXPermille = 997, DirZPermille = 72, Gait = Run, FacingMdeg = 85898, IsMoving = True } }
985	350	MoveCommand { Actor = chr_01M38R7216X4HHDN91G4JV2AC2, Intent = MoveIntent { DirXPermille = 997, DirZPermille = 71, Gait = Run, FacingMdeg = 85902, IsMoving = True } }
986	351	MoveCommand { Actor = chr_01M38R7216X4HHDN91G4JV2AC2, Intent = MoveIntent { DirXPermille = 997, DirZPermille = 72, Gait = Run, FacingMdeg = 85898, IsMoving = True } }
987	352	MoveCommand { Actor = chr_01M38R7216X4HHDN91G4JV2AC2, Intent = MoveIntent { DirXPermille = 997, DirZPermille = 71, Gait = Run, FacingMdeg = 85902, IsMoving = True } }
988	353	MoveCommand { Actor = chr_01M38R7216X4HHDN91G4JV2AC2, Intent = MoveIntent { DirXPermille = 997, DirZPermille = 72, Gait = Run, FacingMdeg = 85898, IsMoving = True } }
989	354	MoveCommand { Actor = chr_01M38R7216X4HHDN91G4JV2AC2, Intent = MoveIntent { DirXPermille = 997, DirZPermille = 71, Gait = Run, FacingMdeg = 85903, IsMoving = True } }
990	355	MoveCommand { Actor = chr_01M38R7216X4HHDN91G4JV2AC2, Intent = MoveIntent { DirXPermille = 997, DirZPermille = 72, Gait = Run, FacingMdeg = 85899, IsMoving = True } }
991	356	MoveCommand { Actor = chr_01M38R7216X4HHDN91G4JV2AC2, Intent = MoveIntent { DirXPermille = 997, DirZPermille = 71, Gait = Run, FacingMdeg = 85904, IsMoving = True } }
992	357	MoveCommand { Actor = chr_01M38R7216X4HHDN91G4JV2AC2, Intent = MoveIntent { DirXPermille = 997, DirZPermille = 72, Gait = Run, FacingMdeg = 85899, IsMoving = True } }
993	358	MoveCommand { Actor = chr_01M38R7216X4HHDN91G4JV2AC2, Intent = MoveIntent { DirXPermille = 997, DirZPermille = 71, Gait = Run, FacingMdeg = 85905, IsMoving = True } }
995	359	MoveCommand { Actor = chr_01M38R7216X4HHDN91G4JV2AC2, Intent = MoveIntent { DirXPermille = 997, DirZPermille = 72, Gait = Run, FacingMdeg = 85895, IsMoving = True } }
996	360	MoveCommand { Actor = chr_01M38R7216X4HHDN91G4JV2AC2, Intent = MoveIntent { DirXPermille = 997, DirZPermille = 71, Gait = Run, FacingMdeg = 85901, IsMoving = True } }
997	361	MoveCommand { Actor = chr_01M38R7216X4HHDN91G4JV2AC2, Intent = MoveIntent { DirXPermille = 997, DirZPermille = 72, Gait = Run, FacingMdeg = 85896, IsMoving = True } }
998	362	MoveCommand { Actor = chr_01M38R7216X4HHDN91G4JV2AC2, Intent = MoveIntent { DirXPermille = 997, DirZPermille = 71, Gait = Run, FacingMdeg = 85901, IsMoving = True } }
999	363	MoveCommand { Actor = chr_01M38R7216X4HHDN91G4JV2AC2, Intent = MoveIntent { DirXPermille = 997, DirZPermille = 72, Gait = Run, FacingMdeg = 85896, IsMoving = True } }
1000	364	MoveCommand { Actor = chr_01M38R7216X4HHDN91G4JV2AC2, Intent = MoveIntent { DirXPermille = 997, DirZPermille = 71, Gait = Run, FacingMdeg = 85902, IsMoving = True } }
1001	365	MoveCommand { Actor = chr_01M38R7216X4HHDN91G4JV2AC2, Intent = MoveIntent { DirXPermille = 997, DirZPermille = 72, Gait = Run, FacingMdeg = 85896, IsMoving = True } }
1002	366	MoveCommand { Actor = chr_01M38R7216X4HHDN91G4JV2AC2, Intent = MoveIntent { DirXPermille = 997, DirZPermille = 71, Gait = Run, FacingMdeg = 85903, IsMoving = True } }
1003	367	MoveCommand { Actor = chr_01M38R7216X4HHDN91G4JV2AC2, Intent = MoveIntent { DirXPermille = 997, DirZPermille = 72, Gait = Run, FacingMdeg = 85897, IsMoving = True } }
1004	368	MoveCommand { Actor = chr_01M38R7216X4HHDN91G4JV2AC2, Intent = MoveIntent { DirXPermille = 997, DirZPermille = 71, Gait = Run, FacingMdeg = 85904, IsMoving = True } }
1005	369	MoveCommand { Actor = chr_01M38R7216X4HHDN91G4JV2AC2, Intent = MoveIntent { DirXPermille = 997, DirZPermille = 72, Gait = Run, FacingMdeg = 85898, IsMoving = True } }
1006	370	MoveCommand { Actor = chr_01M38R7216X4HHDN91G4JV2AC2, Intent = MoveIntent { DirXPermille = 997, DirZPermille = 71, Gait = Run, FacingMdeg = 85906, IsMoving = True } }
1007	371	MoveCommand { Actor = chr_01M38R7216X4HHDN91G4JV2AC2, Intent = MoveIntent { DirXPermille = 997, DirZPermille = 72, Gait = Run, FacingMdeg = 85898, IsMoving = True } }
1008	372	MoveCommand { Actor = chr_01M38R7216X4HHDN91G4JV2AC2, Intent = MoveIntent { DirXPermille = 997, DirZPermille = 71, Gait = Run, FacingMdeg = 85907, IsMoving = True } }
1009	373	MoveCommand { Actor = chr_01M38R7216X4HHDN91G4JV2AC2, Intent = MoveIntent { DirXPermille = 997, DirZPermille = 72, Gait = Run, FacingMdeg = 85899, IsMoving = True } }
1010	374	MoveCommand { Actor = chr_01M38R7216X4HHDN91G4JV2AC2, Intent = MoveIntent { DirXPermille = 997, DirZPermille = 71, Gait = Run, FacingMdeg = 85909, IsMoving = True } }
1012	375	MoveCommand { Actor = chr_01M38R7216X4HHDN91G4JV2AC2, Intent = MoveIntent { DirXPermille = 997, DirZPermille = 72, Gait = Run, FacingMdeg = 85891, IsMoving = True } }
1013	376	MoveCommand { Actor = chr_01M38R7216X4HHDN91G4JV2AC2, Intent = MoveIntent { DirXPermille = 997, DirZPermille = 71, Gait = Run, FacingMdeg = 85902, IsMoving = True } }
1014	377	MoveCommand { Actor = chr_01M38R7216X4HHDN91G4JV2AC2, Intent = MoveIntent { DirXPermille = 997, DirZPermille = 72, Gait = Run, FacingMdeg = 85891, IsMoving = True } }
1015	378	MoveCommand { Actor = chr_01M38R7216X4HHDN91G4JV2AC2, Intent = MoveIntent { DirXPermille = 997, DirZPermille = 71, Gait = Run, FacingMdeg = 85904, IsMoving = True } }
1016	379	MoveCommand { Actor = chr_01M38R7216X4HHDN91G4JV2AC2, Intent = MoveIntent { DirXPermille = 997, DirZPermille = 72, Gait = Run, FacingMdeg = 85892, IsMoving = True } }
1017	380	MoveCommand { Actor = chr_01M38R7216X4HHDN91G4JV2AC2, Intent = MoveIntent { DirXPermille = 997, DirZPermille = 71, Gait = Run, FacingMdeg = 85906, IsMoving = True } }
1018	381	MoveCommand { Actor = chr_01M38R7216X4HHDN91G4JV2AC2, Intent = MoveIntent { DirXPermille = 997, DirZPermille = 72, Gait = Run, FacingMdeg = 85892, IsMoving = True } }
1019	382	MoveCommand { Actor = chr_01M38R7216X4HHDN91G4JV2AC2, Intent = MoveIntent { DirXPermille = 997, DirZPermille = 71, Gait = Run, FacingMdeg = 85909, IsMoving = True } }
1020	383	MoveCommand { Actor = chr_01M38R7216X4HHDN91G4JV2AC2, Intent = MoveIntent { DirXPermille = 997, DirZPermille = 72, Gait = Run, FacingMdeg = 85893, IsMoving = True } }
1021	384	MoveCommand { Actor = chr_01M38R7216X4HHDN91G4JV2AC2, Intent = MoveIntent { DirXPermille = 997, DirZPermille = 71, Gait = Run, FacingMdeg = 85914, IsMoving = True } }
1022	385	MoveCommand { Actor = chr_01M38R7216X4HHDN91G4JV2AC2, Intent = MoveIntent { DirXPermille = 997, DirZPermille = 72, Gait = Run, FacingMdeg = 85894, IsMoving = True } }
1023	386	MoveCommand { Actor = chr_01M38R7216X4HHDN91G4JV2AC2, Intent = MoveIntent { DirXPermille = 997, DirZPermille = 71, Gait = Run, FacingMdeg = 85922, IsMoving = True } }
1024	387	MoveCommand { Actor = chr_01M38R7216X4HHDN91G4JV2AC2, Intent = MoveIntent { DirXPermille = 997, DirZPermille = 72, Gait = Run, FacingMdeg = 85896, IsMoving = True } }
1025	388	MoveCommand { Actor = chr_01M38R7216X4HHDN91G4JV2AC2, Intent = MoveIntent { DirXPermille = 997, DirZPermille = 71, Gait = Run, FacingMdeg = 85938, IsMoving = True } }
1026	389	MoveCommand { Actor = chr_01M38R7216X4HHDN91G4JV2AC2, Intent = MoveIntent { DirXPermille = 997, DirZPermille = 72, Gait = Run, FacingMdeg = 85899, IsMoving = True } }
1028	390	MoveCommand { Actor = chr_01M38R7216X4HHDN91G4JV2AC2, Intent = MoveIntent { DirXPermille = 0, DirZPermille = 0, Gait = Run, FacingMdeg = 85899, IsMoving = False } }
1035	391	MoveCommand { Actor = chr_01M38R7216X4HHDN91G4JV2AC2, Intent = MoveIntent { DirXPermille = 944, DirZPermille = 330, Gait = Run, FacingMdeg = 70750, IsMoving = True } }
1049	392	MoveCommand { Actor = chr_01M38R7216X4HHDN91G4JV2AC2, Intent = MoveIntent { DirXPermille = 944, DirZPermille = 329, Gait = Run, FacingMdeg = 70762, IsMoving = True } }
1086	393	MoveCommand { Actor = chr_01M38R7216X4HHDN91G4JV2AC2, Intent = MoveIntent { DirXPermille = 945, DirZPermille = 328, Gait = Run, FacingMdeg = 70823, IsMoving = True } }
1087	394	MoveCommand { Actor = chr_01M38R7216X4HHDN91G4JV2AC2, Intent = MoveIntent { DirXPermille = 944, DirZPermille = 329, Gait = Run, FacingMdeg = 70820, IsMoving = True } }
1088	395	MoveCommand { Actor = chr_01M38R7216X4HHDN91G4JV2AC2, Intent = MoveIntent { DirXPermille = 945, DirZPermille = 328, Gait = Run, FacingMdeg = 70823, IsMoving = True } }
1089	396	MoveCommand { Actor = chr_01M38R7216X4HHDN91G4JV2AC2, Intent = MoveIntent { DirXPermille = 944, DirZPermille = 329, Gait = Run, FacingMdeg = 70820, IsMoving = True } }
1090	397	MoveCommand { Actor = chr_01M38R7216X4HHDN91G4JV2AC2, Intent = MoveIntent { DirXPermille = 945, DirZPermille = 328, Gait = Run, FacingMdeg = 70822, IsMoving = True } }
1091	398	MoveCommand { Actor = chr_01M38R7216X4HHDN91G4JV2AC2, Intent = MoveIntent { DirXPermille = 944, DirZPermille = 329, Gait = Run, FacingMdeg = 70819, IsMoving = True } }
1092	399	MoveCommand { Actor = chr_01M38R7216X4HHDN91G4JV2AC2, Intent = MoveIntent { DirXPermille = 945, DirZPermille = 328, Gait = Run, FacingMdeg = 70822, IsMoving = True } }
1093	400	MoveCommand { Actor = chr_01M38R7216X4HHDN91G4JV2AC2, Intent = MoveIntent { DirXPermille = 944, DirZPermille = 329, Gait = Run, FacingMdeg = 70819, IsMoving = True } }
1094	401	MoveCommand { Actor = chr_01M38R7216X4HHDN91G4JV2AC2, Intent = MoveIntent { DirXPermille = 945, DirZPermille = 329, Gait = Run, FacingMdeg = 70822, IsMoving = True } }
1095	402	MoveCommand { Actor = chr_01M38R7216X4HHDN91G4JV2AC2, Intent = MoveIntent { DirXPermille = 945, DirZPermille = 328, Gait = Run, FacingMdeg = 70825, IsMoving = True } }
1096	403	MoveCommand { Actor = chr_01M38R7216X4HHDN91G4JV2AC2, Intent = MoveIntent { DirXPermille = 945, DirZPermille = 329, Gait = Run, FacingMdeg = 70822, IsMoving = True } }
1097	404	MoveCommand { Actor = chr_01M38R7216X4HHDN91G4JV2AC2, Intent = MoveIntent { DirXPermille = 945, DirZPermille = 328, Gait = Run, FacingMdeg = 70825, IsMoving = True } }
1098	405	MoveCommand { Actor = chr_01M38R7216X4HHDN91G4JV2AC2, Intent = MoveIntent { DirXPermille = 945, DirZPermille = 329, Gait = Run, FacingMdeg = 70822, IsMoving = True } }
1099	406	MoveCommand { Actor = chr_01M38R7216X4HHDN91G4JV2AC2, Intent = MoveIntent { DirXPermille = 945, DirZPermille = 328, Gait = Run, FacingMdeg = 70825, IsMoving = True } }
1100	407	MoveCommand { Actor = chr_01M38R7216X4HHDN91G4JV2AC2, Intent = MoveIntent { DirXPermille = 944, DirZPermille = 329, Gait = Run, FacingMdeg = 70821, IsMoving = True } }
1101	408	MoveCommand { Actor = chr_01M38R7216X4HHDN91G4JV2AC2, Intent = MoveIntent { DirXPermille = 945, DirZPermille = 328, Gait = Run, FacingMdeg = 70825, IsMoving = True } }
1102	409	MoveCommand { Actor = chr_01M38R7216X4HHDN91G4JV2AC2, Intent = MoveIntent { DirXPermille = 944, DirZPermille = 329, Gait = Run, FacingMdeg = 70821, IsMoving = True } }
1103	410	MoveCommand { Actor = chr_01M38R7216X4HHDN91G4JV2AC2, Intent = MoveIntent { DirXPermille = 945, DirZPermille = 328, Gait = Run, FacingMdeg = 70825, IsMoving = True } }
1104	411	MoveCommand { Actor = chr_01M38R7216X4HHDN91G4JV2AC2, Intent = MoveIntent { DirXPermille = 944, DirZPermille = 329, Gait = Run, FacingMdeg = 70821, IsMoving = True } }
1105	412	MoveCommand { Actor = chr_01M38R7216X4HHDN91G4JV2AC2, Intent = MoveIntent { DirXPermille = 945, DirZPermille = 328, Gait = Run, FacingMdeg = 70824, IsMoving = True } }
1106	413	MoveCommand { Actor = chr_01M38R7216X4HHDN91G4JV2AC2, Intent = MoveIntent { DirXPermille = 944, DirZPermille = 329, Gait = Run, FacingMdeg = 70820, IsMoving = True } }
1107	414	MoveCommand { Actor = chr_01M38R7216X4HHDN91G4JV2AC2, Intent = MoveIntent { DirXPermille = 945, DirZPermille = 328, Gait = Run, FacingMdeg = 70824, IsMoving = True } }
1108	415	MoveCommand { Actor = chr_01M38R7216X4HHDN91G4JV2AC2, Intent = MoveIntent { DirXPermille = 944, DirZPermille = 329, Gait = Run, FacingMdeg = 70820, IsMoving = True } }
1109	416	MoveCommand { Actor = chr_01M38R7216X4HHDN91G4JV2AC2, Intent = MoveIntent { DirXPermille = 945, DirZPermille = 328, Gait = Run, FacingMdeg = 70824, IsMoving = True } }
1110	417	MoveCommand { Actor = chr_01M38R7216X4HHDN91G4JV2AC2, Intent = MoveIntent { DirXPermille = 944, DirZPermille = 329, Gait = Run, FacingMdeg = 70819, IsMoving = True } }
1111	418	MoveCommand { Actor = chr_01M38R7216X4HHDN91G4JV2AC2, Intent = MoveIntent { DirXPermille = 945, DirZPermille = 328, Gait = Run, FacingMdeg = 70824, IsMoving = True } }
1112	419	MoveCommand { Actor = chr_01M38R7216X4HHDN91G4JV2AC2, Intent = MoveIntent { DirXPermille = 944, DirZPermille = 329, Gait = Run, FacingMdeg = 70819, IsMoving = True } }
1113	420	MoveCommand { Actor = chr_01M38R7216X4HHDN91G4JV2AC2, Intent = MoveIntent { DirXPermille = 945, DirZPermille = 328, Gait = Run, FacingMdeg = 70823, IsMoving = True } }
1114	421	MoveCommand { Actor = chr_01M38R7216X4HHDN91G4JV2AC2, Intent = MoveIntent { DirXPermille = 944, DirZPermille = 329, Gait = Run, FacingMdeg = 70818, IsMoving = True } }
1115	422	MoveCommand { Actor = chr_01M38R7216X4HHDN91G4JV2AC2, Intent = MoveIntent { DirXPermille = 945, DirZPermille = 328, Gait = Run, FacingMdeg = 70823, IsMoving = True } }
1116	423	MoveCommand { Actor = chr_01M38R7216X4HHDN91G4JV2AC2, Intent = MoveIntent { DirXPermille = 944, DirZPermille = 329, Gait = Run, FacingMdeg = 70818, IsMoving = True } }
1117	424	MoveCommand { Actor = chr_01M38R7216X4HHDN91G4JV2AC2, Intent = MoveIntent { DirXPermille = 945, DirZPermille = 328, Gait = Run, FacingMdeg = 70823, IsMoving = True } }
1118	425	MoveCommand { Actor = chr_01M38R7216X4HHDN91G4JV2AC2, Intent = MoveIntent { DirXPermille = 944, DirZPermille = 329, Gait = Run, FacingMdeg = 70817, IsMoving = True } }
1119	426	MoveCommand { Actor = chr_01M38R7216X4HHDN91G4JV2AC2, Intent = MoveIntent { DirXPermille = 945, DirZPermille = 328, Gait = Run, FacingMdeg = 70822, IsMoving = True } }
1120	427	MoveCommand { Actor = chr_01M38R7216X4HHDN91G4JV2AC2, Intent = MoveIntent { DirXPermille = 944, DirZPermille = 329, Gait = Run, FacingMdeg = 70816, IsMoving = True } }
1121	428	MoveCommand { Actor = chr_01M38R7216X4HHDN91G4JV2AC2, Intent = MoveIntent { DirXPermille = 945, DirZPermille = 329, Gait = Run, FacingMdeg = 70822, IsMoving = True } }
1122	429	MoveCommand { Actor = chr_01M38R7216X4HHDN91G4JV2AC2, Intent = MoveIntent { DirXPermille = 945, DirZPermille = 328, Gait = Run, FacingMdeg = 70828, IsMoving = True } }
1123	430	MoveCommand { Actor = chr_01M38R7216X4HHDN91G4JV2AC2, Intent = MoveIntent { DirXPermille = 944, DirZPermille = 329, Gait = Run, FacingMdeg = 70822, IsMoving = True } }
1124	431	MoveCommand { Actor = chr_01M38R7216X4HHDN91G4JV2AC2, Intent = MoveIntent { DirXPermille = 945, DirZPermille = 328, Gait = Run, FacingMdeg = 70828, IsMoving = True } }
1125	432	MoveCommand { Actor = chr_01M38R7216X4HHDN91G4JV2AC2, Intent = MoveIntent { DirXPermille = 944, DirZPermille = 329, Gait = Run, FacingMdeg = 70821, IsMoving = True } }
1126	433	MoveCommand { Actor = chr_01M38R7216X4HHDN91G4JV2AC2, Intent = MoveIntent { DirXPermille = 945, DirZPermille = 328, Gait = Run, FacingMdeg = 70828, IsMoving = True } }
1127	434	MoveCommand { Actor = chr_01M38R7216X4HHDN91G4JV2AC2, Intent = MoveIntent { DirXPermille = 944, DirZPermille = 329, Gait = Run, FacingMdeg = 70820, IsMoving = True } }
1128	435	MoveCommand { Actor = chr_01M38R7216X4HHDN91G4JV2AC2, Intent = MoveIntent { DirXPermille = 945, DirZPermille = 328, Gait = Run, FacingMdeg = 70828, IsMoving = True } }
1129	436	MoveCommand { Actor = chr_01M38R7216X4HHDN91G4JV2AC2, Intent = MoveIntent { DirXPermille = 944, DirZPermille = 329, Gait = Run, FacingMdeg = 70820, IsMoving = True } }
1130	437	MoveCommand { Actor = chr_01M38R7216X4HHDN91G4JV2AC2, Intent = MoveIntent { DirXPermille = 945, DirZPermille = 328, Gait = Run, FacingMdeg = 70828, IsMoving = True } }
1131	438	MoveCommand { Actor = chr_01M38R7216X4HHDN91G4JV2AC2, Intent = MoveIntent { DirXPermille = 944, DirZPermille = 329, Gait = Run, FacingMdeg = 70819, IsMoving = True } }
1132	439	MoveCommand { Actor = chr_01M38R7216X4HHDN91G4JV2AC2, Intent = MoveIntent { DirXPermille = 945, DirZPermille = 328, Gait = Run, FacingMdeg = 70828, IsMoving = True } }
1133	440	MoveCommand { Actor = chr_01M38R7216X4HHDN91G4JV2AC2, Intent = MoveIntent { DirXPermille = 944, DirZPermille = 329, Gait = Run, FacingMdeg = 70817, IsMoving = True } }
1134	441	MoveCommand { Actor = chr_01M38R7216X4HHDN91G4JV2AC2, Intent = MoveIntent { DirXPermille = 945, DirZPermille = 328, Gait = Run, FacingMdeg = 70828, IsMoving = True } }
1135	442	MoveCommand { Actor = chr_01M38R7216X4HHDN91G4JV2AC2, Intent = MoveIntent { DirXPermille = 944, DirZPermille = 329, Gait = Run, FacingMdeg = 70816, IsMoving = True } }
1136	443	MoveCommand { Actor = chr_01M38R7216X4HHDN91G4JV2AC2, Intent = MoveIntent { DirXPermille = 945, DirZPermille = 328, Gait = Run, FacingMdeg = 70828, IsMoving = True } }
1137	444	MoveCommand { Actor = chr_01M38R7216X4HHDN91G4JV2AC2, Intent = MoveIntent { DirXPermille = 944, DirZPermille = 329, Gait = Run, FacingMdeg = 70814, IsMoving = True } }
1138	445	MoveCommand { Actor = chr_01M38R7216X4HHDN91G4JV2AC2, Intent = MoveIntent { DirXPermille = 945, DirZPermille = 328, Gait = Run, FacingMdeg = 70828, IsMoving = True } }
1139	446	MoveCommand { Actor = chr_01M38R7216X4HHDN91G4JV2AC2, Intent = MoveIntent { DirXPermille = 944, DirZPermille = 329, Gait = Run, FacingMdeg = 70811, IsMoving = True } }
1140	447	MoveCommand { Actor = chr_01M38R7216X4HHDN91G4JV2AC2, Intent = MoveIntent { DirXPermille = 945, DirZPermille = 328, Gait = Run, FacingMdeg = 70827, IsMoving = True } }
1141	448	MoveCommand { Actor = chr_01M38R7216X4HHDN91G4JV2AC2, Intent = MoveIntent { DirXPermille = 944, DirZPermille = 329, Gait = Run, FacingMdeg = 70806, IsMoving = True } }
1142	449	MoveCommand { Actor = chr_01M38R7216X4HHDN91G4JV2AC2, Intent = MoveIntent { DirXPermille = 945, DirZPermille = 328, Gait = Run, FacingMdeg = 70827, IsMoving = True } }
1143	450	MoveCommand { Actor = chr_01M38R7216X4HHDN91G4JV2AC2, Intent = MoveIntent { DirXPermille = 944, DirZPermille = 329, Gait = Run, FacingMdeg = 70799, IsMoving = True } }
1144	451	MoveCommand { Actor = chr_01M38R7216X4HHDN91G4JV2AC2, Intent = MoveIntent { DirXPermille = 945, DirZPermille = 328, Gait = Run, FacingMdeg = 70827, IsMoving = True } }
1145	452	MoveCommand { Actor = chr_01M38R7216X4HHDN91G4JV2AC2, Intent = MoveIntent { DirXPermille = 944, DirZPermille = 329, Gait = Run, FacingMdeg = 70785, IsMoving = True } }
1146	453	MoveCommand { Actor = chr_01M38R7216X4HHDN91G4JV2AC2, Intent = MoveIntent { DirXPermille = 945, DirZPermille = 328, Gait = Run, FacingMdeg = 70826, IsMoving = True } }
1147	454	MoveCommand { Actor = chr_01M38R7216X4HHDN91G4JV2AC2, Intent = MoveIntent { DirXPermille = 944, DirZPermille = 330, Gait = Run, FacingMdeg = 70743, IsMoving = True } }
1149	455	MoveCommand { Actor = chr_01M38R7216X4HHDN91G4JV2AC2, Intent = MoveIntent { DirXPermille = 974, DirZPermille = 227, Gait = Run, FacingMdeg = 76863, IsMoving = True } }
1156	456	MoveCommand { Actor = chr_01M38R7216X4HHDN91G4JV2AC2, Intent = MoveIntent { DirXPermille = 974, DirZPermille = 228, Gait = Run, FacingMdeg = 76849, IsMoving = True } }
1175	457	MoveCommand { Actor = chr_01M38R7216X4HHDN91G4JV2AC2, Intent = MoveIntent { DirXPermille = 974, DirZPermille = 229, Gait = Run, FacingMdeg = 76790, IsMoving = True } }
1176	458	MoveCommand { Actor = chr_01M38R7216X4HHDN91G4JV2AC2, Intent = MoveIntent { DirXPermille = 974, DirZPermille = 228, Gait = Run, FacingMdeg = 76793, IsMoving = True } }
1177	459	MoveCommand { Actor = chr_01M38R7216X4HHDN91G4JV2AC2, Intent = MoveIntent { DirXPermille = 974, DirZPermille = 229, Gait = Run, FacingMdeg = 76789, IsMoving = True } }
1178	460	MoveCommand { Actor = chr_01M38R7216X4HHDN91G4JV2AC2, Intent = MoveIntent { DirXPermille = 974, DirZPermille = 228, Gait = Run, FacingMdeg = 76791, IsMoving = True } }
1179	461	MoveCommand { Actor = chr_01M38R7216X4HHDN91G4JV2AC2, Intent = MoveIntent { DirXPermille = 974, DirZPermille = 229, Gait = Run, FacingMdeg = 76787, IsMoving = True } }
1181	462	MoveCommand { Actor = chr_01M38R7216X4HHDN91G4JV2AC2, Intent = MoveIntent { DirXPermille = 974, DirZPermille = 228, Gait = Run, FacingMdeg = 76793, IsMoving = True } }
1182	463	MoveCommand { Actor = chr_01M38R7216X4HHDN91G4JV2AC2, Intent = MoveIntent { DirXPermille = 974, DirZPermille = 229, Gait = Run, FacingMdeg = 76788, IsMoving = True } }
1184	464	MoveCommand { Actor = chr_01M38R7216X4HHDN91G4JV2AC2, Intent = MoveIntent { DirXPermille = 974, DirZPermille = 228, Gait = Run, FacingMdeg = 76794, IsMoving = True } }
1185	465	MoveCommand { Actor = chr_01M38R7216X4HHDN91G4JV2AC2, Intent = MoveIntent { DirXPermille = 974, DirZPermille = 229, Gait = Run, FacingMdeg = 76789, IsMoving = True } }
1186	466	MoveCommand { Actor = chr_01M38R7216X4HHDN91G4JV2AC2, Intent = MoveIntent { DirXPermille = 974, DirZPermille = 228, Gait = Run, FacingMdeg = 76792, IsMoving = True } }
1187	467	MoveCommand { Actor = chr_01M38R7216X4HHDN91G4JV2AC2, Intent = MoveIntent { DirXPermille = 974, DirZPermille = 229, Gait = Run, FacingMdeg = 76787, IsMoving = True } }
1189	468	MoveCommand { Actor = chr_01M38R7216X4HHDN91G4JV2AC2, Intent = MoveIntent { DirXPermille = 974, DirZPermille = 228, Gait = Run, FacingMdeg = 76794, IsMoving = True } }
1190	469	MoveCommand { Actor = chr_01M38R7216X4HHDN91G4JV2AC2, Intent = MoveIntent { DirXPermille = 974, DirZPermille = 229, Gait = Run, FacingMdeg = 76788, IsMoving = True } }
1191	470	MoveCommand { Actor = chr_01M38R7216X4HHDN91G4JV2AC2, Intent = MoveIntent { DirXPermille = 974, DirZPermille = 228, Gait = Run, FacingMdeg = 76792, IsMoving = True } }
1192	471	MoveCommand { Actor = chr_01M38R7216X4HHDN91G4JV2AC2, Intent = MoveIntent { DirXPermille = 974, DirZPermille = 229, Gait = Run, FacingMdeg = 76785, IsMoving = True } }
1194	472	MoveCommand { Actor = chr_01M38R7216X4HHDN91G4JV2AC2, Intent = MoveIntent { DirXPermille = 974, DirZPermille = 228, Gait = Run, FacingMdeg = 76793, IsMoving = True } }
1195	473	MoveCommand { Actor = chr_01M38R7216X4HHDN91G4JV2AC2, Intent = MoveIntent { DirXPermille = 974, DirZPermille = 229, Gait = Run, FacingMdeg = 76787, IsMoving = True } }
1197	474	MoveCommand { Actor = chr_01M38R7216X4HHDN91G4JV2AC2, Intent = MoveIntent { DirXPermille = 974, DirZPermille = 228, Gait = Run, FacingMdeg = 76796, IsMoving = True } }
1198	475	MoveCommand { Actor = chr_01M38R7216X4HHDN91G4JV2AC2, Intent = MoveIntent { DirXPermille = 974, DirZPermille = 229, Gait = Run, FacingMdeg = 76788, IsMoving = True } }
1199	476	MoveCommand { Actor = chr_01M38R7216X4HHDN91G4JV2AC2, Intent = MoveIntent { DirXPermille = 974, DirZPermille = 228, Gait = Run, FacingMdeg = 76793, IsMoving = True } }
1200	477	MoveCommand { Actor = chr_01M38R7216X4HHDN91G4JV2AC2, Intent = MoveIntent { DirXPermille = 974, DirZPermille = 229, Gait = Run, FacingMdeg = 76785, IsMoving = True } }
1202	478	MoveCommand { Actor = chr_01M38R7216X4HHDN91G4JV2AC2, Intent = MoveIntent { DirXPermille = 974, DirZPermille = 228, Gait = Run, FacingMdeg = 76795, IsMoving = True } }
1203	479	MoveCommand { Actor = chr_01M38R7216X4HHDN91G4JV2AC2, Intent = MoveIntent { DirXPermille = 974, DirZPermille = 229, Gait = Run, FacingMdeg = 76786, IsMoving = True } }
1204	480	MoveCommand { Actor = chr_01M38R7216X4HHDN91G4JV2AC2, Intent = MoveIntent { DirXPermille = 974, DirZPermille = 228, Gait = Run, FacingMdeg = 76792, IsMoving = True } }
1205	481	MoveCommand { Actor = chr_01M38R7216X4HHDN91G4JV2AC2, Intent = MoveIntent { DirXPermille = 974, DirZPermille = 229, Gait = Run, FacingMdeg = 76782, IsMoving = True } }
1207	482	MoveCommand { Actor = chr_01M38R7216X4HHDN91G4JV2AC2, Intent = MoveIntent { DirXPermille = 974, DirZPermille = 228, Gait = Run, FacingMdeg = 76795, IsMoving = True } }
1208	483	MoveCommand { Actor = chr_01M38R7216X4HHDN91G4JV2AC2, Intent = MoveIntent { DirXPermille = 974, DirZPermille = 229, Gait = Run, FacingMdeg = 76783, IsMoving = True } }
1210	484	MoveCommand { Actor = chr_01M38R7216X4HHDN91G4JV2AC2, Intent = MoveIntent { DirXPermille = 974, DirZPermille = 228, Gait = Run, FacingMdeg = 76799, IsMoving = True } }
1211	485	MoveCommand { Actor = chr_01M38R7216X4HHDN91G4JV2AC2, Intent = MoveIntent { DirXPermille = 974, DirZPermille = 229, Gait = Run, FacingMdeg = 76785, IsMoving = True } }
1212	486	MoveCommand { Actor = chr_01M38R7216X4HHDN91G4JV2AC2, Intent = MoveIntent { DirXPermille = 974, DirZPermille = 228, Gait = Run, FacingMdeg = 76795, IsMoving = True } }
1213	487	MoveCommand { Actor = chr_01M38R7216X4HHDN91G4JV2AC2, Intent = MoveIntent { DirXPermille = 973, DirZPermille = 229, Gait = Run, FacingMdeg = 76778, IsMoving = True } }
1214	488	MoveCommand { Actor = chr_01M38R7216X4HHDN91G4JV2AC2, Intent = MoveIntent { DirXPermille = 974, DirZPermille = 229, Gait = Run, FacingMdeg = 76789, IsMoving = True } }
1215	489	MoveCommand { Actor = chr_01M38R7216X4HHDN91G4JV2AC2, Intent = MoveIntent { DirXPermille = 974, DirZPermille = 228, Gait = Run, FacingMdeg = 76800, IsMoving = True } }
1216	490	MoveCommand { Actor = chr_01M38R7216X4HHDN91G4JV2AC2, Intent = MoveIntent { DirXPermille = 973, DirZPermille = 229, Gait = Run, FacingMdeg = 76780, IsMoving = True } }
1217	491	MoveCommand { Actor = chr_01M38R7216X4HHDN91G4JV2AC2, Intent = MoveIntent { DirXPermille = 974, DirZPermille = 228, Gait = Run, FacingMdeg = 76794, IsMoving = True } }
1218	492	MoveCommand { Actor = chr_01M38R7216X4HHDN91G4JV2AC2, Intent = MoveIntent { DirXPermille = 973, DirZPermille = 229, Gait = Run, FacingMdeg = 76767, IsMoving = True } }
1219	493	MoveCommand { Actor = chr_01M38R7216X4HHDN91G4JV2AC2, Intent = MoveIntent { DirXPermille = 974, DirZPermille = 229, Gait = Run, FacingMdeg = 76783, IsMoving = True } }
1220	494	MoveCommand { Actor = chr_01M38R7216X4HHDN91G4JV2AC2, Intent = MoveIntent { DirXPermille = 974, DirZPermille = 228, Gait = Run, FacingMdeg = 76804, IsMoving = True } }
1221	495	MoveCommand { Actor = chr_01M38R7216X4HHDN91G4JV2AC2, Intent = MoveIntent { DirXPermille = 973, DirZPermille = 229, Gait = Run, FacingMdeg = 76764, IsMoving = True } }
1222	496	MoveCommand { Actor = chr_01M38R7216X4HHDN91G4JV2AC2, Intent = MoveIntent { DirXPermille = 974, DirZPermille = 229, Gait = Run, FacingMdeg = 76790, IsMoving = True } }
1223	497	MoveCommand { Actor = chr_01M38R7216X4HHDN91G4JV2AC2, Intent = MoveIntent { DirXPermille = 974, DirZPermille = 228, Gait = Run, FacingMdeg = 76835, IsMoving = True } }
1224	498	MoveCommand { Actor = chr_01M38R7216X4HHDN91G4JV2AC2, Intent = MoveIntent { DirXPermille = 973, DirZPermille = 229, Gait = Run, FacingMdeg = 76749, IsMoving = True } }
1226	499	MoveCommand { Actor = chr_01M38R7216X4HHDN91G4JV2AC2, Intent = MoveIntent { DirXPermille = 0, DirZPermille = 0, Gait = Run, FacingMdeg = 76749, IsMoving = False } }
1226	500	MoveItemCommand { Actor = chr_01M38R7216X4HHDN91G4JV2AC2, Item = container.merchant_cart#00, From = container container.merchant_cart, To = inventory, Count = 12 }
1226	501	MoveItemCommand { Actor = chr_01M38R7216X4HHDN91G4JV2AC2, Item = container.merchant_cart#01, From = container container.merchant_cart, To = inventory, Count = 1 }	rejected: there is no 'container.merchant_cart#01' in the container container.merchant_cart
1227	502	MoveItemCommand { Actor = chr_01M38R7216X4HHDN91G4JV2AC2, Item = itm_01M38R85Q6PN2V491WXXMWANCK, From = container container.merchant_cart, To = inventory, Count = 1 }
1235	503	MoveCommand { Actor = chr_01M38R7216X4HHDN91G4JV2AC2, Intent = MoveIntent { DirXPermille = 673, DirZPermille = -740, Gait = Run, FacingMdeg = 137737, IsMoving = True } }
1237	504	MoveCommand { Actor = chr_01M38R7216X4HHDN91G4JV2AC2, Intent = MoveIntent { DirXPermille = 672, DirZPermille = -740, Gait = Run, FacingMdeg = 137742, IsMoving = True } }
1247	505	MoveCommand { Actor = chr_01M38R7216X4HHDN91G4JV2AC2, Intent = MoveIntent { DirXPermille = 672, DirZPermille = -741, Gait = Run, FacingMdeg = 137776, IsMoving = True } }
1248	506	MoveCommand { Actor = chr_01M38R7216X4HHDN91G4JV2AC2, Intent = MoveIntent { DirXPermille = 672, DirZPermille = -740, Gait = Run, FacingMdeg = 137771, IsMoving = True } }
1249	507	MoveCommand { Actor = chr_01M38R7216X4HHDN91G4JV2AC2, Intent = MoveIntent { DirXPermille = 672, DirZPermille = -741, Gait = Run, FacingMdeg = 137775, IsMoving = True } }
1250	508	MoveCommand { Actor = chr_01M38R7216X4HHDN91G4JV2AC2, Intent = MoveIntent { DirXPermille = 672, DirZPermille = -740, Gait = Run, FacingMdeg = 137771, IsMoving = True } }
1251	509	MoveCommand { Actor = chr_01M38R7216X4HHDN91G4JV2AC2, Intent = MoveIntent { DirXPermille = 672, DirZPermille = -741, Gait = Run, FacingMdeg = 137775, IsMoving = True } }
1252	510	MoveCommand { Actor = chr_01M38R7216X4HHDN91G4JV2AC2, Intent = MoveIntent { DirXPermille = 672, DirZPermille = -740, Gait = Run, FacingMdeg = 137770, IsMoving = True } }
1253	511	MoveCommand { Actor = chr_01M38R7216X4HHDN91G4JV2AC2, Intent = MoveIntent { DirXPermille = 672, DirZPermille = -741, Gait = Run, FacingMdeg = 137775, IsMoving = True } }
1254	512	MoveCommand { Actor = chr_01M38R7216X4HHDN91G4JV2AC2, Intent = MoveIntent { DirXPermille = 672, DirZPermille = -740, Gait = Run, FacingMdeg = 137770, IsMoving = True } }
1255	513	MoveCommand { Actor = chr_01M38R7216X4HHDN91G4JV2AC2, Intent = MoveIntent { DirXPermille = 672, DirZPermille = -741, Gait = Run, FacingMdeg = 137774, IsMoving = True } }
1256	514	MoveCommand { Actor = chr_01M38R7216X4HHDN91G4JV2AC2, Intent = MoveIntent { DirXPermille = 672, DirZPermille = -740, Gait = Run, FacingMdeg = 137769, IsMoving = True } }
1258	515	MoveCommand { Actor = chr_01M38R7216X4HHDN91G4JV2AC2, Intent = MoveIntent { DirXPermille = 672, DirZPermille = -741, Gait = Run, FacingMdeg = 137778, IsMoving = True } }
1259	516	MoveCommand { Actor = chr_01M38R7216X4HHDN91G4JV2AC2, Intent = MoveIntent { DirXPermille = 672, DirZPermille = -740, Gait = Run, FacingMdeg = 137773, IsMoving = True } }
1260	517	MoveCommand { Actor = chr_01M38R7216X4HHDN91G4JV2AC2, Intent = MoveIntent { DirXPermille = 672, DirZPermille = -741, Gait = Run, FacingMdeg = 137778, IsMoving = True } }
1261	518	MoveCommand { Actor = chr_01M38R7216X4HHDN91G4JV2AC2, Intent = MoveIntent { DirXPermille = 672, DirZPermille = -740, Gait = Run, FacingMdeg = 137773, IsMoving = True } }
1262	519	MoveCommand { Actor = chr_01M38R7216X4HHDN91G4JV2AC2, Intent = MoveIntent { DirXPermille = 672, DirZPermille = -741, Gait = Run, FacingMdeg = 137778, IsMoving = True } }
1263	520	MoveCommand { Actor = chr_01M38R7216X4HHDN91G4JV2AC2, Intent = MoveIntent { DirXPermille = 672, DirZPermille = -740, Gait = Run, FacingMdeg = 137772, IsMoving = True } }
1264	521	MoveCommand { Actor = chr_01M38R7216X4HHDN91G4JV2AC2, Intent = MoveIntent { DirXPermille = 672, DirZPermille = -741, Gait = Run, FacingMdeg = 137777, IsMoving = True } }
1265	522	MoveCommand { Actor = chr_01M38R7216X4HHDN91G4JV2AC2, Intent = MoveIntent { DirXPermille = 672, DirZPermille = -740, Gait = Run, FacingMdeg = 137771, IsMoving = True } }
1266	523	MoveCommand { Actor = chr_01M38R7216X4HHDN91G4JV2AC2, Intent = MoveIntent { DirXPermille = 672, DirZPermille = -741, Gait = Run, FacingMdeg = 137777, IsMoving = True } }
1267	524	MoveCommand { Actor = chr_01M38R7216X4HHDN91G4JV2AC2, Intent = MoveIntent { DirXPermille = 672, DirZPermille = -740, Gait = Run, FacingMdeg = 137771, IsMoving = True } }
1268	525	MoveCommand { Actor = chr_01M38R7216X4HHDN91G4JV2AC2, Intent = MoveIntent { DirXPermille = 672, DirZPermille = -741, Gait = Run, FacingMdeg = 137776, IsMoving = True } }
1269	526	MoveCommand { Actor = chr_01M38R7216X4HHDN91G4JV2AC2, Intent = MoveIntent { DirXPermille = 672, DirZPermille = -740, Gait = Run, FacingMdeg = 137770, IsMoving = True } }
1270	527	MoveCommand { Actor = chr_01M38R7216X4HHDN91G4JV2AC2, Intent = MoveIntent { DirXPermille = 672, DirZPermille = -741, Gait = Run, FacingMdeg = 137776, IsMoving = True } }
1271	528	MoveCommand { Actor = chr_01M38R7216X4HHDN91G4JV2AC2, Intent = MoveIntent { DirXPermille = 672, DirZPermille = -740, Gait = Run, FacingMdeg = 137769, IsMoving = True } }
1272	529	MoveCommand { Actor = chr_01M38R7216X4HHDN91G4JV2AC2, Intent = MoveIntent { DirXPermille = 672, DirZPermille = -741, Gait = Run, FacingMdeg = 137775, IsMoving = True } }
1273	530	MoveCommand { Actor = chr_01M38R7216X4HHDN91G4JV2AC2, Intent = MoveIntent { DirXPermille = 672, DirZPermille = -740, Gait = Run, FacingMdeg = 137768, IsMoving = True } }
1274	531	MoveCommand { Actor = chr_01M38R7216X4HHDN91G4JV2AC2, Intent = MoveIntent { DirXPermille = 672, DirZPermille = -741, Gait = Run, FacingMdeg = 137775, IsMoving = True } }
1275	532	MoveCommand { Actor = chr_01M38R7216X4HHDN91G4JV2AC2, Intent = MoveIntent { DirXPermille = 672, DirZPermille = -740, Gait = Run, FacingMdeg = 137767, IsMoving = True } }
1277	533	MoveCommand { Actor = chr_01M38R7216X4HHDN91G4JV2AC2, Intent = MoveIntent { DirXPermille = 672, DirZPermille = -741, Gait = Run, FacingMdeg = 137781, IsMoving = True } }
1278	534	MoveCommand { Actor = chr_01M38R7216X4HHDN91G4JV2AC2, Intent = MoveIntent { DirXPermille = 672, DirZPermille = -740, Gait = Run, FacingMdeg = 137773, IsMoving = True } }
1279	535	MoveCommand { Actor = chr_01M38R7216X4HHDN91G4JV2AC2, Intent = MoveIntent { DirXPermille = 672, DirZPermille = -741, Gait = Run, FacingMdeg = 137781, IsMoving = True } }
1280	536	MoveCommand { Actor = chr_01M38R7216X4HHDN91G4JV2AC2, Intent = MoveIntent { DirXPermille = 672, DirZPermille = -740, Gait = Run, FacingMdeg = 137772, IsMoving = True } }
1281	537	MoveCommand { Actor = chr_01M38R7216X4HHDN91G4JV2AC2, Intent = MoveIntent { DirXPermille = 672, DirZPermille = -741, Gait = Run, FacingMdeg = 137781, IsMoving = True } }
1282	538	MoveCommand { Actor = chr_01M38R7216X4HHDN91G4JV2AC2, Intent = MoveIntent { DirXPermille = 672, DirZPermille = -740, Gait = Run, FacingMdeg = 137771, IsMoving = True } }
1283	539	MoveCommand { Actor = chr_01M38R7216X4HHDN91G4JV2AC2, Intent = MoveIntent { DirXPermille = 672, DirZPermille = -741, Gait = Run, FacingMdeg = 137780, IsMoving = True } }
1284	540	MoveCommand { Actor = chr_01M38R7216X4HHDN91G4JV2AC2, Intent = MoveIntent { DirXPermille = 672, DirZPermille = -740, Gait = Run, FacingMdeg = 137770, IsMoving = True } }
1285	541	MoveCommand { Actor = chr_01M38R7216X4HHDN91G4JV2AC2, Intent = MoveIntent { DirXPermille = 672, DirZPermille = -741, Gait = Run, FacingMdeg = 137780, IsMoving = True } }
1286	542	MoveCommand { Actor = chr_01M38R7216X4HHDN91G4JV2AC2, Intent = MoveIntent { DirXPermille = 672, DirZPermille = -740, Gait = Run, FacingMdeg = 137769, IsMoving = True } }
1287	543	MoveCommand { Actor = chr_01M38R7216X4HHDN91G4JV2AC2, Intent = MoveIntent { DirXPermille = 672, DirZPermille = -741, Gait = Run, FacingMdeg = 137779, IsMoving = True } }
1288	544	MoveCommand { Actor = chr_01M38R7216X4HHDN91G4JV2AC2, Intent = MoveIntent { DirXPermille = 672, DirZPermille = -740, Gait = Run, FacingMdeg = 137767, IsMoving = True } }
1289	545	MoveCommand { Actor = chr_01M38R7216X4HHDN91G4JV2AC2, Intent = MoveIntent { DirXPermille = 672, DirZPermille = -741, Gait = Run, FacingMdeg = 137778, IsMoving = True } }
1290	546	MoveCommand { Actor = chr_01M38R7216X4HHDN91G4JV2AC2, Intent = MoveIntent { DirXPermille = 672, DirZPermille = -740, Gait = Run, FacingMdeg = 137765, IsMoving = True } }
1291	547	MoveCommand { Actor = chr_01M38R7216X4HHDN91G4JV2AC2, Intent = MoveIntent { DirXPermille = 672, DirZPermille = -741, Gait = Run, FacingMdeg = 137778, IsMoving = True } }
1292	548	MoveCommand { Actor = chr_01M38R7216X4HHDN91G4JV2AC2, Intent = MoveIntent { DirXPermille = 672, DirZPermille = -740, Gait = Run, FacingMdeg = 137762, IsMoving = True } }
1293	549	MoveCommand { Actor = chr_01M38R7216X4HHDN91G4JV2AC2, Intent = MoveIntent { DirXPermille = 672, DirZPermille = -741, Gait = Run, FacingMdeg = 137776, IsMoving = True } }
1294	550	MoveCommand { Actor = chr_01M38R7216X4HHDN91G4JV2AC2, Intent = MoveIntent { DirXPermille = 672, DirZPermille = -740, Gait = Run, FacingMdeg = 137759, IsMoving = True } }
1295	551	MoveCommand { Actor = chr_01M38R7216X4HHDN91G4JV2AC2, Intent = MoveIntent { DirXPermille = 672, DirZPermille = -741, Gait = Run, FacingMdeg = 137775, IsMoving = True } }
1296	552	MoveCommand { Actor = chr_01M38R7216X4HHDN91G4JV2AC2, Intent = MoveIntent { DirXPermille = 672, DirZPermille = -740, Gait = Run, FacingMdeg = 137755, IsMoving = True } }
1298	553	MoveCommand { Actor = chr_01M38R7216X4HHDN91G4JV2AC2, Intent = MoveIntent { DirXPermille = 672, DirZPermille = -741, Gait = Run, FacingMdeg = 137794, IsMoving = True } }
1299	554	MoveCommand { Actor = chr_01M38R7216X4HHDN91G4JV2AC2, Intent = MoveIntent { DirXPermille = 672, DirZPermille = -740, Gait = Run, FacingMdeg = 137771, IsMoving = True } }
1300	555	MoveCommand { Actor = chr_01M38R7216X4HHDN91G4JV2AC2, Intent = MoveIntent { DirXPermille = 672, DirZPermille = -741, Gait = Run, FacingMdeg = 137796, IsMoving = True } }
1301	556	MoveCommand { Actor = chr_01M38R7216X4HHDN91G4JV2AC2, Intent = MoveIntent { DirXPermille = 672, DirZPermille = -740, Gait = Run, FacingMdeg = 137767, IsMoving = True } }
1302	557	MoveCommand { Actor = chr_01M38R7216X4HHDN91G4JV2AC2, Intent = MoveIntent { DirXPermille = 672, DirZPermille = -741, Gait = Run, FacingMdeg = 137799, IsMoving = True } }
1303	558	MoveCommand { Actor = chr_01M38R7216X4HHDN91G4JV2AC2, Intent = MoveIntent { DirXPermille = 672, DirZPermille = -740, Gait = Run, FacingMdeg = 137761, IsMoving = True } }
1304	559	MoveCommand { Actor = chr_01M38R7216X4HHDN91G4JV2AC2, Intent = MoveIntent { DirXPermille = 672, DirZPermille = -741, Gait = Run, FacingMdeg = 137803, IsMoving = True } }
1305	560	MoveCommand { Actor = chr_01M38R7216X4HHDN91G4JV2AC2, Intent = MoveIntent { DirXPermille = 672, DirZPermille = -740, Gait = Run, FacingMdeg = 137749, IsMoving = True } }
1306	561	MoveCommand { Actor = chr_01M38R7216X4HHDN91G4JV2AC2, Intent = MoveIntent { DirXPermille = 672, DirZPermille = -741, Gait = Run, FacingMdeg = 137813, IsMoving = True } }
1307	562	MoveCommand { Actor = chr_01M38R7216X4HHDN91G4JV2AC2, Intent = MoveIntent { DirXPermille = 673, DirZPermille = -740, Gait = Run, FacingMdeg = 137716, IsMoving = True } }
1308	563	MoveCommand { Actor = chr_01M38R7216X4HHDN91G4JV2AC2, Intent = MoveIntent { DirXPermille = 671, DirZPermille = -741, Gait = Run, FacingMdeg = 137853, IsMoving = True } }
1310	564	MoveCommand { Actor = chr_01M38R7216X4HHDN91G4JV2AC2, Intent = MoveIntent { DirXPermille = 782, DirZPermille = -624, Gait = Run, FacingMdeg = 128578, IsMoving = True } }
1316	565	MoveCommand { Actor = chr_01M38R7216X4HHDN91G4JV2AC2, Intent = MoveIntent { DirXPermille = 782, DirZPermille = -623, Gait = Run, FacingMdeg = 128571, IsMoving = True } }
1328	566	MoveCommand { Actor = chr_01M38R7216X4HHDN91G4JV2AC2, Intent = MoveIntent { DirXPermille = 781, DirZPermille = -625, Gait = Run, FacingMdeg = 128691, IsMoving = True } }
1329	567	MoveCommand { Actor = chr_01M38R7216X4HHDN91G4JV2AC2, Intent = MoveIntent { DirXPermille = 775, DirZPermille = -631, Gait = Run, FacingMdeg = 129150, IsMoving = True } }
1330	568	MoveCommand { Actor = chr_01M38R7216X4HHDN91G4JV2AC2, Intent = MoveIntent { DirXPermille = 770, DirZPermille = -638, Gait = Run, FacingMdeg = 129615, IsMoving = True } }
1331	569	MoveCommand { Actor = chr_01M38R7216X4HHDN91G4JV2AC2, Intent = MoveIntent { DirXPermille = 765, DirZPermille = -644, Gait = Run, FacingMdeg = 130086, IsMoving = True } }
1332	570	MoveCommand { Actor = chr_01M38R7216X4HHDN91G4JV2AC2, Intent = MoveIntent { DirXPermille = 760, DirZPermille = -650, Gait = Run, FacingMdeg = 130562, IsMoving = True } }
1333	571	MoveCommand { Actor = chr_01M38R7216X4HHDN91G4JV2AC2, Intent = MoveIntent { DirXPermille = 754, DirZPermille = -657, Gait = Run, FacingMdeg = 131047, IsMoving = True } }
1334	572	MoveCommand { Actor = chr_01M38R7216X4HHDN91G4JV2AC2, Intent = MoveIntent { DirXPermille = 749, DirZPermille = -663, Gait = Run, FacingMdeg = 131538, IsMoving = True } }
1335	573	MoveCommand { Actor = chr_01M38R7216X4HHDN91G4JV2AC2, Intent = MoveIntent { DirXPermille = 743, DirZPermille = -670, Gait = Run, FacingMdeg = 132035, IsMoving = True } }
1336	574	MoveCommand { Actor = chr_01M38R7216X4HHDN91G4JV2AC2, Intent = MoveIntent { DirXPermille = 737, DirZPermille = -676, Gait = Run, FacingMdeg = 132536, IsMoving = True } }
1337	575	MoveCommand { Actor = chr_01M38R7216X4HHDN91G4JV2AC2, Intent = MoveIntent { DirXPermille = 731, DirZPermille = -683, Gait = Run, FacingMdeg = 133044, IsMoving = True } }
1338	576	MoveCommand { Actor = chr_01M38R7216X4HHDN91G4JV2AC2, Intent = MoveIntent { DirXPermille = 725, DirZPermille = -689, Gait = Run, FacingMdeg = 133556, IsMoving = True } }
1339	577	MoveCommand { Actor = chr_01M38R7216X4HHDN91G4JV2AC2, Intent = MoveIntent { DirXPermille = 718, DirZPermille = -696, Gait = Run, FacingMdeg = 134074, IsMoving = True } }
1340	578	MoveCommand { Actor = chr_01M38R7216X4HHDN91G4JV2AC2, Intent = MoveIntent { DirXPermille = 712, DirZPermille = -702, Gait = Run, FacingMdeg = 134598, IsMoving = True } }
1341	579	MoveCommand { Actor = chr_01M38R7216X4HHDN91G4JV2AC2, Intent = MoveIntent { DirXPermille = 706, DirZPermille = -709, Gait = Run, FacingMdeg = 135126, IsMoving = True } }
1342	580	MoveCommand { Actor = chr_01M38R7216X4HHDN91G4JV2AC2, Intent = MoveIntent { DirXPermille = 699, DirZPermille = -715, Gait = Run, FacingMdeg = 135660, IsMoving = True } }
1343	581	MoveCommand { Actor = chr_01M38R7216X4HHDN91G4JV2AC2, Intent = MoveIntent { DirXPermille = 692, DirZPermille = -722, Gait = Run, FacingMdeg = 136198, IsMoving = True } }
1344	582	MoveCommand { Actor = chr_01M38R7216X4HHDN91G4JV2AC2, Intent = MoveIntent { DirXPermille = 685, DirZPermille = -728, Gait = Run, FacingMdeg = 136742, IsMoving = True } }
1345	583	MoveCommand { Actor = chr_01M38R7216X4HHDN91G4JV2AC2, Intent = MoveIntent { DirXPermille = 678, DirZPermille = -735, Gait = Run, FacingMdeg = 137290, IsMoving = True } }
1346	584	MoveCommand { Actor = chr_01M38R7216X4HHDN91G4JV2AC2, Intent = MoveIntent { DirXPermille = 671, DirZPermille = -741, Gait = Run, FacingMdeg = 137838, IsMoving = True } }
1347	585	MoveCommand { Actor = chr_01M38R7216X4HHDN91G4JV2AC2, Intent = MoveIntent { DirXPermille = 664, DirZPermille = -748, Gait = Run, FacingMdeg = 138391, IsMoving = True } }
1348	586	MoveCommand { Actor = chr_01M38R7216X4HHDN91G4JV2AC2, Intent = MoveIntent { DirXPermille = 657, DirZPermille = -754, Gait = Run, FacingMdeg = 138948, IsMoving = True } }
1349	587	MoveCommand { Actor = chr_01M38R7216X4HHDN91G4JV2AC2, Intent = MoveIntent { DirXPermille = 649, DirZPermille = -761, Gait = Run, FacingMdeg = 139509, IsMoving = True } }
1350	588	MoveCommand { Actor = chr_01M38R7216X4HHDN91G4JV2AC2, Intent = MoveIntent { DirXPermille = 642, DirZPermille = -767, Gait = Run, FacingMdeg = 140074, IsMoving = True } }
1351	589	MoveCommand { Actor = chr_01M38R7216X4HHDN91G4JV2AC2, Intent = MoveIntent { DirXPermille = 634, DirZPermille = -773, Gait = Run, FacingMdeg = 140643, IsMoving = True } }
1352	590	MoveCommand { Actor = chr_01M38R7216X4HHDN91G4JV2AC2, Intent = MoveIntent { DirXPermille = 626, DirZPermille = -779, Gait = Run, FacingMdeg = 141210, IsMoving = True } }
1353	591	MoveCommand { Actor = chr_01M38R7216X4HHDN91G4JV2AC2, Intent = MoveIntent { DirXPermille = 619, DirZPermille = -786, Gait = Run, FacingMdeg = 141780, IsMoving = True } }
1354	592	MoveCommand { Actor = chr_01M38R7216X4HHDN91G4JV2AC2, Intent = MoveIntent { DirXPermille = 611, DirZPermille = -792, Gait = Run, FacingMdeg = 142354, IsMoving = True } }
1355	593	MoveCommand { Actor = chr_01M38R7216X4HHDN91G4JV2AC2, Intent = MoveIntent { DirXPermille = 603, DirZPermille = -798, Gait = Run, FacingMdeg = 142931, IsMoving = True } }
1356	594	MoveCommand { Actor = chr_01M38R7216X4HHDN91G4JV2AC2, Intent = MoveIntent { DirXPermille = 595, DirZPermille = -804, Gait = Run, FacingMdeg = 143505, IsMoving = True } }
1357	595	MoveCommand { Actor = chr_01M38R7216X4HHDN91G4JV2AC2, Intent = MoveIntent { DirXPermille = 587, DirZPermille = -810, Gait = Run, FacingMdeg = 144081, IsMoving = True } }
1358	596	MoveCommand { Actor = chr_01M38R7216X4HHDN91G4JV2AC2, Intent = MoveIntent { DirXPermille = 578, DirZPermille = -816, Gait = Run, FacingMdeg = 144659, IsMoving = True } }
1359	597	MoveCommand { Actor = chr_01M38R7216X4HHDN91G4JV2AC2, Intent = MoveIntent { DirXPermille = 570, DirZPermille = -821, Gait = Run, FacingMdeg = 145234, IsMoving = True } }
1360	598	MoveCommand { Actor = chr_01M38R7216X4HHDN91G4JV2AC2, Intent = MoveIntent { DirXPermille = 562, DirZPermille = -827, Gait = Run, FacingMdeg = 145810, IsMoving = True } }
1361	599	MoveCommand { Actor = chr_01M38R7216X4HHDN91G4JV2AC2, Intent = MoveIntent { DirXPermille = 554, DirZPermille = -833, Gait = Run, FacingMdeg = 146387, IsMoving = True } }
1362	600	MoveCommand { Actor = chr_01M38R7216X4HHDN91G4JV2AC2, Intent = MoveIntent { DirXPermille = 545, DirZPermille = -838, Gait = Run, FacingMdeg = 146966, IsMoving = True } }
1363	601	MoveCommand { Actor = chr_01M38R7216X4HHDN91G4JV2AC2, Intent = MoveIntent { DirXPermille = 534, DirZPermille = -845, Gait = Run, FacingMdeg = 147723, IsMoving = True } }
1364	602	MoveCommand { Actor = chr_01M38R7216X4HHDN91G4JV2AC2, Intent = MoveIntent { DirXPermille = 527, DirZPermille = -850, Gait = Run, FacingMdeg = 148215, IsMoving = True } }
1381	603	MoveCommand { Actor = chr_01M38R7216X4HHDN91G4JV2AC2, Intent = MoveIntent { DirXPermille = 528, DirZPermille = -850, Gait = Run, FacingMdeg = 148163, IsMoving = True } }
1383	604	MoveCommand { Actor = chr_01M38R7216X4HHDN91G4JV2AC2, Intent = MoveIntent { DirXPermille = 528, DirZPermille = -849, Gait = Run, FacingMdeg = 148152, IsMoving = True } }
1391	605	MoveCommand { Actor = chr_01M38R7216X4HHDN91G4JV2AC2, Intent = MoveIntent { DirXPermille = 529, DirZPermille = -849, Gait = Run, FacingMdeg = 148084, IsMoving = True } }
1393	606	MoveCommand { Actor = chr_01M38R7216X4HHDN91G4JV2AC2, Intent = MoveIntent { DirXPermille = 528, DirZPermille = -849, Gait = Run, FacingMdeg = 148096, IsMoving = True } }
1394	607	MoveCommand { Actor = chr_01M38R7216X4HHDN91G4JV2AC2, Intent = MoveIntent { DirXPermille = 529, DirZPermille = -849, Gait = Run, FacingMdeg = 148082, IsMoving = True } }
1396	608	MoveCommand { Actor = chr_01M38R7216X4HHDN91G4JV2AC2, Intent = MoveIntent { DirXPermille = 528, DirZPermille = -849, Gait = Run, FacingMdeg = 148096, IsMoving = True } }
1397	609	MoveCommand { Actor = chr_01M38R7216X4HHDN91G4JV2AC2, Intent = MoveIntent { DirXPermille = 529, DirZPermille = -849, Gait = Run, FacingMdeg = 148078, IsMoving = True } }
1399	610	MoveCommand { Actor = chr_01M38R7216X4HHDN91G4JV2AC2, Intent = MoveIntent { DirXPermille = 528, DirZPermille = -849, Gait = Run, FacingMdeg = 148096, IsMoving = True } }
1400	611	MoveCommand { Actor = chr_01M38R7216X4HHDN91G4JV2AC2, Intent = MoveIntent { DirXPermille = 529, DirZPermille = -849, Gait = Run, FacingMdeg = 148072, IsMoving = True } }
1402	612	MoveCommand { Actor = chr_01M38R7216X4HHDN91G4JV2AC2, Intent = MoveIntent { DirXPermille = 528, DirZPermille = -849, Gait = Run, FacingMdeg = 148096, IsMoving = True } }
1403	613	MoveCommand { Actor = chr_01M38R7216X4HHDN91G4JV2AC2, Intent = MoveIntent { DirXPermille = 529, DirZPermille = -849, Gait = Run, FacingMdeg = 148059, IsMoving = True } }
1405	614	MoveCommand { Actor = chr_01M38R7216X4HHDN91G4JV2AC2, Intent = MoveIntent { DirXPermille = 528, DirZPermille = -849, Gait = Run, FacingMdeg = 148097, IsMoving = True } }
1406	615	MoveCommand { Actor = chr_01M38R7216X4HHDN91G4JV2AC2, Intent = MoveIntent { DirXPermille = 530, DirZPermille = -848, Gait = Run, FacingMdeg = 148011, IsMoving = True } }
1409	616	MoveCommand { Actor = chr_01M38R7216X4HHDN91G4JV2AC2, Intent = MoveIntent { DirXPermille = 738, DirZPermille = -675, Gait = Run, FacingMdeg = 132468, IsMoving = True } }
1440	617	MoveCommand { Actor = chr_01M38R7216X4HHDN91G4JV2AC2, Intent = MoveIntent { DirXPermille = 737, DirZPermille = -675, Gait = Run, FacingMdeg = 132483, IsMoving = True } }
1441	618	MoveCommand { Actor = chr_01M38R7216X4HHDN91G4JV2AC2, Intent = MoveIntent { DirXPermille = 737, DirZPermille = -676, Gait = Run, FacingMdeg = 132495, IsMoving = True } }
1443	619	MoveCommand { Actor = chr_01M38R7216X4HHDN91G4JV2AC2, Intent = MoveIntent { DirXPermille = 0, DirZPermille = 0, Gait = Run, FacingMdeg = 132495, IsMoving = False } }
1443	620	GatherCommand { Actor = chr_01M38R7216X4HHDN91G4JV2AC2, NodeKey = node.r_0_0:c_01_01.ash_stand.00 }
1451	621	MoveCommand { Actor = chr_01M38R7216X4HHDN91G4JV2AC2, Intent = MoveIntent { DirXPermille = -409, DirZPermille = -913, Gait = Run, FacingMdeg = 204139, IsMoving = True } }
1459	622	MoveCommand { Actor = chr_01M38R7216X4HHDN91G4JV2AC2, Intent = MoveIntent { DirXPermille = -409, DirZPermille = -912, Gait = Run, FacingMdeg = 204148, IsMoving = True } }
1479	623	MoveCommand { Actor = chr_01M38R7216X4HHDN91G4JV2AC2, Intent = MoveIntent { DirXPermille = -410, DirZPermille = -912, Gait = Run, FacingMdeg = 204174, IsMoving = True } }
1480	624	MoveCommand { Actor = chr_01M38R7216X4HHDN91G4JV2AC2, Intent = MoveIntent { DirXPermille = -409, DirZPermille = -912, Gait = Run, FacingMdeg = 204173, IsMoving = True } }
1481	625	MoveCommand { Actor = chr_01M38R7216X4HHDN91G4JV2AC2, Intent = MoveIntent { DirXPermille = -410, DirZPermille = -912, Gait = Run, FacingMdeg = 204175, IsMoving = True } }
1482	626	MoveCommand { Actor = chr_01M38R7216X4HHDN91G4JV2AC2, Intent = MoveIntent { DirXPermille = -409, DirZPermille = -912, Gait = Run, FacingMdeg = 204173, IsMoving = True } }
1483	627	MoveCommand { Actor = chr_01M38R7216X4HHDN91G4JV2AC2, Intent = MoveIntent { DirXPermille = -410, DirZPermille = -912, Gait = Run, FacingMdeg = 204175, IsMoving = True } }
1485	628	MoveCommand { Actor = chr_01M38R7216X4HHDN91G4JV2AC2, Intent = MoveIntent { DirXPermille = -409, DirZPermille = -912, Gait = Run, FacingMdeg = 204172, IsMoving = True } }
1486	629	MoveCommand { Actor = chr_01M38R7216X4HHDN91G4JV2AC2, Intent = MoveIntent { DirXPermille = -410, DirZPermille = -912, Gait = Run, FacingMdeg = 204174, IsMoving = True } }
1487	630	MoveCommand { Actor = chr_01M38R7216X4HHDN91G4JV2AC2, Intent = MoveIntent { DirXPermille = -409, DirZPermille = -912, Gait = Run, FacingMdeg = 204172, IsMoving = True } }
1488	631	MoveCommand { Actor = chr_01M38R7216X4HHDN91G4JV2AC2, Intent = MoveIntent { DirXPermille = -410, DirZPermille = -912, Gait = Run, FacingMdeg = 204174, IsMoving = True } }
1489	632	MoveCommand { Actor = chr_01M38R7216X4HHDN91G4JV2AC2, Intent = MoveIntent { DirXPermille = -409, DirZPermille = -912, Gait = Run, FacingMdeg = 204172, IsMoving = True } }
1490	633	MoveCommand { Actor = chr_01M38R7216X4HHDN91G4JV2AC2, Intent = MoveIntent { DirXPermille = -410, DirZPermille = -912, Gait = Run, FacingMdeg = 204174, IsMoving = True } }
1491	634	MoveCommand { Actor = chr_01M38R7216X4HHDN91G4JV2AC2, Intent = MoveIntent { DirXPermille = -409, DirZPermille = -912, Gait = Run, FacingMdeg = 204173, IsMoving = True } }
1492	635	MoveCommand { Actor = chr_01M38R7216X4HHDN91G4JV2AC2, Intent = MoveIntent { DirXPermille = -410, DirZPermille = -912, Gait = Run, FacingMdeg = 204174, IsMoving = True } }
1493	636	MoveCommand { Actor = chr_01M38R7216X4HHDN91G4JV2AC2, Intent = MoveIntent { DirXPermille = -409, DirZPermille = -912, Gait = Run, FacingMdeg = 204173, IsMoving = True } }
1494	637	MoveCommand { Actor = chr_01M38R7216X4HHDN91G4JV2AC2, Intent = MoveIntent { DirXPermille = -410, DirZPermille = -912, Gait = Run, FacingMdeg = 204175, IsMoving = True } }
1495	638	MoveCommand { Actor = chr_01M38R7216X4HHDN91G4JV2AC2, Intent = MoveIntent { DirXPermille = -409, DirZPermille = -912, Gait = Run, FacingMdeg = 204173, IsMoving = True } }
1496	639	MoveCommand { Actor = chr_01M38R7216X4HHDN91G4JV2AC2, Intent = MoveIntent { DirXPermille = -410, DirZPermille = -912, Gait = Run, FacingMdeg = 204175, IsMoving = True } }
1497	640	MoveCommand { Actor = chr_01M38R7216X4HHDN91G4JV2AC2, Intent = MoveIntent { DirXPermille = -409, DirZPermille = -912, Gait = Run, FacingMdeg = 204173, IsMoving = True } }
1498	641	MoveCommand { Actor = chr_01M38R7216X4HHDN91G4JV2AC2, Intent = MoveIntent { DirXPermille = -410, DirZPermille = -912, Gait = Run, FacingMdeg = 204175, IsMoving = True } }
1500	642	MoveCommand { Actor = chr_01M38R7216X4HHDN91G4JV2AC2, Intent = MoveIntent { DirXPermille = -409, DirZPermille = -912, Gait = Run, FacingMdeg = 204172, IsMoving = True } }
1501	643	MoveCommand { Actor = chr_01M38R7216X4HHDN91G4JV2AC2, Intent = MoveIntent { DirXPermille = -410, DirZPermille = -912, Gait = Run, FacingMdeg = 204174, IsMoving = True } }
1502	644	MoveCommand { Actor = chr_01M38R7216X4HHDN91G4JV2AC2, Intent = MoveIntent { DirXPermille = -409, DirZPermille = -912, Gait = Run, FacingMdeg = 204172, IsMoving = True } }
1503	645	MoveCommand { Actor = chr_01M38R7216X4HHDN91G4JV2AC2, Intent = MoveIntent { DirXPermille = -410, DirZPermille = -912, Gait = Run, FacingMdeg = 204174, IsMoving = True } }
1504	646	MoveCommand { Actor = chr_01M38R7216X4HHDN91G4JV2AC2, Intent = MoveIntent { DirXPermille = -409, DirZPermille = -912, Gait = Run, FacingMdeg = 204172, IsMoving = True } }
1505	647	MoveCommand { Actor = chr_01M38R7216X4HHDN91G4JV2AC2, Intent = MoveIntent { DirXPermille = -410, DirZPermille = -912, Gait = Run, FacingMdeg = 204174, IsMoving = True } }
1506	648	MoveCommand { Actor = chr_01M38R7216X4HHDN91G4JV2AC2, Intent = MoveIntent { DirXPermille = -409, DirZPermille = -912, Gait = Run, FacingMdeg = 204172, IsMoving = True } }
1507	649	MoveCommand { Actor = chr_01M38R7216X4HHDN91G4JV2AC2, Intent = MoveIntent { DirXPermille = -410, DirZPermille = -912, Gait = Run, FacingMdeg = 204175, IsMoving = True } }
1508	650	MoveCommand { Actor = chr_01M38R7216X4HHDN91G4JV2AC2, Intent = MoveIntent { DirXPermille = -409, DirZPermille = -912, Gait = Run, FacingMdeg = 204173, IsMoving = True } }
1509	651	MoveCommand { Actor = chr_01M38R7216X4HHDN91G4JV2AC2, Intent = MoveIntent { DirXPermille = -410, DirZPermille = -912, Gait = Run, FacingMdeg = 204175, IsMoving = True } }
1510	652	MoveCommand { Actor = chr_01M38R7216X4HHDN91G4JV2AC2, Intent = MoveIntent { DirXPermille = -409, DirZPermille = -912, Gait = Run, FacingMdeg = 204173, IsMoving = True } }
1511	653	MoveCommand { Actor = chr_01M38R7216X4HHDN91G4JV2AC2, Intent = MoveIntent { DirXPermille = -410, DirZPermille = -912, Gait = Run, FacingMdeg = 204175, IsMoving = True } }
1512	654	MoveCommand { Actor = chr_01M38R7216X4HHDN91G4JV2AC2, Intent = MoveIntent { DirXPermille = -409, DirZPermille = -912, Gait = Run, FacingMdeg = 204173, IsMoving = True } }
1513	655	MoveCommand { Actor = chr_01M38R7216X4HHDN91G4JV2AC2, Intent = MoveIntent { DirXPermille = -410, DirZPermille = -912, Gait = Run, FacingMdeg = 204176, IsMoving = True } }
1515	656	MoveCommand { Actor = chr_01M38R7216X4HHDN91G4JV2AC2, Intent = MoveIntent { DirXPermille = -409, DirZPermille = -912, Gait = Run, FacingMdeg = 204172, IsMoving = True } }
1516	657	MoveCommand { Actor = chr_01M38R7216X4HHDN91G4JV2AC2, Intent = MoveIntent { DirXPermille = -410, DirZPermille = -912, Gait = Run, FacingMdeg = 204174, IsMoving = True } }
1517	658	MoveCommand { Actor = chr_01M38R7216X4HHDN91G4JV2AC2, Intent = MoveIntent { DirXPermille = -409, DirZPermille = -912, Gait = Run, FacingMdeg = 204172, IsMoving = True } }
1518	659	MoveCommand { Actor = chr_01M38R7216X4HHDN91G4JV2AC2, Intent = MoveIntent { DirXPermille = -410, DirZPermille = -912, Gait = Run, FacingMdeg = 204174, IsMoving = True } }
1519	660	MoveCommand { Actor = chr_01M38R7216X4HHDN91G4JV2AC2, Intent = MoveIntent { DirXPermille = -409, DirZPermille = -912, Gait = Run, FacingMdeg = 204172, IsMoving = True } }
1520	661	MoveCommand { Actor = chr_01M38R7216X4HHDN91G4JV2AC2, Intent = MoveIntent { DirXPermille = -410, DirZPermille = -912, Gait = Run, FacingMdeg = 204174, IsMoving = True } }
1521	662	MoveCommand { Actor = chr_01M38R7216X4HHDN91G4JV2AC2, Intent = MoveIntent { DirXPermille = -409, DirZPermille = -912, Gait = Run, FacingMdeg = 204172, IsMoving = True } }
1522	663	MoveCommand { Actor = chr_01M38R7216X4HHDN91G4JV2AC2, Intent = MoveIntent { DirXPermille = -410, DirZPermille = -912, Gait = Run, FacingMdeg = 204175, IsMoving = True } }
1523	664	MoveCommand { Actor = chr_01M38R7216X4HHDN91G4JV2AC2, Intent = MoveIntent { DirXPermille = -409, DirZPermille = -912, Gait = Run, FacingMdeg = 204173, IsMoving = True } }
1524	665	MoveCommand { Actor = chr_01M38R7216X4HHDN91G4JV2AC2, Intent = MoveIntent { DirXPermille = -410, DirZPermille = -912, Gait = Run, FacingMdeg = 204175, IsMoving = True } }
1525	666	MoveCommand { Actor = chr_01M38R7216X4HHDN91G4JV2AC2, Intent = MoveIntent { DirXPermille = -409, DirZPermille = -912, Gait = Run, FacingMdeg = 204173, IsMoving = True } }
1526	667	MoveCommand { Actor = chr_01M38R7216X4HHDN91G4JV2AC2, Intent = MoveIntent { DirXPermille = -410, DirZPermille = -912, Gait = Run, FacingMdeg = 204176, IsMoving = True } }
1527	668	MoveCommand { Actor = chr_01M38R7216X4HHDN91G4JV2AC2, Intent = MoveIntent { DirXPermille = -409, DirZPermille = -912, Gait = Run, FacingMdeg = 204173, IsMoving = True } }
1528	669	MoveCommand { Actor = chr_01M38R7216X4HHDN91G4JV2AC2, Intent = MoveIntent { DirXPermille = -410, DirZPermille = -912, Gait = Run, FacingMdeg = 204176, IsMoving = True } }
1530	670	MoveCommand { Actor = chr_01M38R7216X4HHDN91G4JV2AC2, Intent = MoveIntent { DirXPermille = -409, DirZPermille = -912, Gait = Run, FacingMdeg = 204171, IsMoving = True } }
1531	671	MoveCommand { Actor = chr_01M38R7216X4HHDN91G4JV2AC2, Intent = MoveIntent { DirXPermille = -410, DirZPermille = -912, Gait = Run, FacingMdeg = 204174, IsMoving = True } }
1532	672	MoveCommand { Actor = chr_01M38R7216X4HHDN91G4JV2AC2, Intent = MoveIntent { DirXPermille = -409, DirZPermille = -912, Gait = Run, FacingMdeg = 204171, IsMoving = True } }
1533	673	MoveCommand { Actor = chr_01M38R7216X4HHDN91G4JV2AC2, Intent = MoveIntent { DirXPermille = -410, DirZPermille = -912, Gait = Run, FacingMdeg = 204174, IsMoving = True } }
1534	674	MoveCommand { Actor = chr_01M38R7216X4HHDN91G4JV2AC2, Intent = MoveIntent { DirXPermille = -409, DirZPermille = -912, Gait = Run, FacingMdeg = 204172, IsMoving = True } }
1535	675	MoveCommand { Actor = chr_01M38R7216X4HHDN91G4JV2AC2, Intent = MoveIntent { DirXPermille = -410, DirZPermille = -912, Gait = Run, FacingMdeg = 204175, IsMoving = True } }
1536	676	MoveCommand { Actor = chr_01M38R7216X4HHDN91G4JV2AC2, Intent = MoveIntent { DirXPermille = -409, DirZPermille = -912, Gait = Run, FacingMdeg = 204172, IsMoving = True } }
1537	677	MoveCommand { Actor = chr_01M38R7216X4HHDN91G4JV2AC2, Intent = MoveIntent { DirXPermille = -410, DirZPermille = -912, Gait = Run, FacingMdeg = 204175, IsMoving = True } }
1538	678	MoveCommand { Actor = chr_01M38R7216X4HHDN91G4JV2AC2, Intent = MoveIntent { DirXPermille = -409, DirZPermille = -912, Gait = Run, FacingMdeg = 204172, IsMoving = True } }
1539	679	MoveCommand { Actor = chr_01M38R7216X4HHDN91G4JV2AC2, Intent = MoveIntent { DirXPermille = -410, DirZPermille = -912, Gait = Run, FacingMdeg = 204176, IsMoving = True } }
1540	680	MoveCommand { Actor = chr_01M38R7216X4HHDN91G4JV2AC2, Intent = MoveIntent { DirXPermille = -409, DirZPermille = -912, Gait = Run, FacingMdeg = 204173, IsMoving = True } }
1541	681	MoveCommand { Actor = chr_01M38R7216X4HHDN91G4JV2AC2, Intent = MoveIntent { DirXPermille = -410, DirZPermille = -912, Gait = Run, FacingMdeg = 204176, IsMoving = True } }
1542	682	MoveCommand { Actor = chr_01M38R7216X4HHDN91G4JV2AC2, Intent = MoveIntent { DirXPermille = -409, DirZPermille = -912, Gait = Run, FacingMdeg = 204173, IsMoving = True } }
1543	683	MoveCommand { Actor = chr_01M38R7216X4HHDN91G4JV2AC2, Intent = MoveIntent { DirXPermille = -410, DirZPermille = -912, Gait = Run, FacingMdeg = 204177, IsMoving = True } }
1545	684	MoveCommand { Actor = chr_01M38R7216X4HHDN91G4JV2AC2, Intent = MoveIntent { DirXPermille = -409, DirZPermille = -912, Gait = Run, FacingMdeg = 204170, IsMoving = True } }
1546	685	MoveCommand { Actor = chr_01M38R7216X4HHDN91G4JV2AC2, Intent = MoveIntent { DirXPermille = -410, DirZPermille = -912, Gait = Run, FacingMdeg = 204174, IsMoving = True } }
1547	686	MoveCommand { Actor = chr_01M38R7216X4HHDN91G4JV2AC2, Intent = MoveIntent { DirXPermille = -409, DirZPermille = -912, Gait = Run, FacingMdeg = 204171, IsMoving = True } }
1548	687	MoveCommand { Actor = chr_01M38R7216X4HHDN91G4JV2AC2, Intent = MoveIntent { DirXPermille = -410, DirZPermille = -912, Gait = Run, FacingMdeg = 204175, IsMoving = True } }
1549	688	MoveCommand { Actor = chr_01M38R7216X4HHDN91G4JV2AC2, Intent = MoveIntent { DirXPermille = -409, DirZPermille = -912, Gait = Run, FacingMdeg = 204171, IsMoving = True } }
1550	689	MoveCommand { Actor = chr_01M38R7216X4HHDN91G4JV2AC2, Intent = MoveIntent { DirXPermille = -410, DirZPermille = -912, Gait = Run, FacingMdeg = 204175, IsMoving = True } }
1551	690	MoveCommand { Actor = chr_01M38R7216X4HHDN91G4JV2AC2, Intent = MoveIntent { DirXPermille = -409, DirZPermille = -912, Gait = Run, FacingMdeg = 204172, IsMoving = True } }
1552	691	MoveCommand { Actor = chr_01M38R7216X4HHDN91G4JV2AC2, Intent = MoveIntent { DirXPermille = -410, DirZPermille = -912, Gait = Run, FacingMdeg = 204176, IsMoving = True } }
1553	692	MoveCommand { Actor = chr_01M38R7216X4HHDN91G4JV2AC2, Intent = MoveIntent { DirXPermille = -409, DirZPermille = -912, Gait = Run, FacingMdeg = 204172, IsMoving = True } }
1554	693	MoveCommand { Actor = chr_01M38R7216X4HHDN91G4JV2AC2, Intent = MoveIntent { DirXPermille = -410, DirZPermille = -912, Gait = Run, FacingMdeg = 204177, IsMoving = True } }
1555	694	MoveCommand { Actor = chr_01M38R7216X4HHDN91G4JV2AC2, Intent = MoveIntent { DirXPermille = -409, DirZPermille = -912, Gait = Run, FacingMdeg = 204173, IsMoving = True } }
1556	695	MoveCommand { Actor = chr_01M38R7216X4HHDN91G4JV2AC2, Intent = MoveIntent { DirXPermille = -410, DirZPermille = -912, Gait = Run, FacingMdeg = 204178, IsMoving = True } }
1557	696	MoveCommand { Actor = chr_01M38R7216X4HHDN91G4JV2AC2, Intent = MoveIntent { DirXPermille = -409, DirZPermille = -912, Gait = Run, FacingMdeg = 204173, IsMoving = True } }
1558	697	MoveCommand { Actor = chr_01M38R7216X4HHDN91G4JV2AC2, Intent = MoveIntent { DirXPermille = -410, DirZPermille = -912, Gait = Run, FacingMdeg = 204179, IsMoving = True } }
1560	698	MoveCommand { Actor = chr_01M38R7216X4HHDN91G4JV2AC2, Intent = MoveIntent { DirXPermille = -409, DirZPermille = -912, Gait = Run, FacingMdeg = 204169, IsMoving = True } }
1561	699	MoveCommand { Actor = chr_01M38R7216X4HHDN91G4JV2AC2, Intent = MoveIntent { DirXPermille = -410, DirZPermille = -912, Gait = Run, FacingMdeg = 204175, IsMoving = True } }
1562	700	MoveCommand { Actor = chr_01M38R7216X4HHDN91G4JV2AC2, Intent = MoveIntent { DirXPermille = -409, DirZPermille = -912, Gait = Run, FacingMdeg = 204169, IsMoving = True } }
1563	701	MoveCommand { Actor = chr_01M38R7216X4HHDN91G4JV2AC2, Intent = MoveIntent { DirXPermille = -410, DirZPermille = -912, Gait = Run, FacingMdeg = 204176, IsMoving = True } }
1564	702	MoveCommand { Actor = chr_01M38R7216X4HHDN91G4JV2AC2, Intent = MoveIntent { DirXPermille = -409, DirZPermille = -912, Gait = Run, FacingMdeg = 204170, IsMoving = True } }
1565	703	MoveCommand { Actor = chr_01M38R7216X4HHDN91G4JV2AC2, Intent = MoveIntent { DirXPermille = -410, DirZPermille = -912, Gait = Run, FacingMdeg = 204177, IsMoving = True } }
1566	704	MoveCommand { Actor = chr_01M38R7216X4HHDN91G4JV2AC2, Intent = MoveIntent { DirXPermille = -409, DirZPermille = -912, Gait = Run, FacingMdeg = 204170, IsMoving = True } }
1567	705	MoveCommand { Actor = chr_01M38R7216X4HHDN91G4JV2AC2, Intent = MoveIntent { DirXPermille = -410, DirZPermille = -912, Gait = Run, FacingMdeg = 204178, IsMoving = True } }
1568	706	MoveCommand { Actor = chr_01M38R7216X4HHDN91G4JV2AC2, Intent = MoveIntent { DirXPermille = -409, DirZPermille = -912, Gait = Run, FacingMdeg = 204171, IsMoving = True } }
1569	707	MoveCommand { Actor = chr_01M38R7216X4HHDN91G4JV2AC2, Intent = MoveIntent { DirXPermille = -410, DirZPermille = -912, Gait = Run, FacingMdeg = 204179, IsMoving = True } }
1570	708	MoveCommand { Actor = chr_01M38R7216X4HHDN91G4JV2AC2, Intent = MoveIntent { DirXPermille = -409, DirZPermille = -912, Gait = Run, FacingMdeg = 204172, IsMoving = True } }
1571	709	MoveCommand { Actor = chr_01M38R7216X4HHDN91G4JV2AC2, Intent = MoveIntent { DirXPermille = -410, DirZPermille = -912, Gait = Run, FacingMdeg = 204181, IsMoving = True } }
1572	710	MoveCommand { Actor = chr_01M38R7216X4HHDN91G4JV2AC2, Intent = MoveIntent { DirXPermille = -409, DirZPermille = -912, Gait = Run, FacingMdeg = 204173, IsMoving = True } }
1573	711	MoveCommand { Actor = chr_01M38R7216X4HHDN91G4JV2AC2, Intent = MoveIntent { DirXPermille = -410, DirZPermille = -912, Gait = Run, FacingMdeg = 204184, IsMoving = True } }
1575	712	MoveCommand { Actor = chr_01M38R7216X4HHDN91G4JV2AC2, Intent = MoveIntent { DirXPermille = -409, DirZPermille = -912, Gait = Run, FacingMdeg = 204164, IsMoving = True } }
1576	713	MoveCommand { Actor = chr_01M38R7216X4HHDN91G4JV2AC2, Intent = MoveIntent { DirXPermille = -410, DirZPermille = -912, Gait = Run, FacingMdeg = 204176, IsMoving = True } }
1577	714	MoveCommand { Actor = chr_01M38R7216X4HHDN91G4JV2AC2, Intent = MoveIntent { DirXPermille = -409, DirZPermille = -912, Gait = Run, FacingMdeg = 204164, IsMoving = True } }
1578	715	MoveCommand { Actor = chr_01M38R7216X4HHDN91G4JV2AC2, Intent = MoveIntent { DirXPermille = -410, DirZPermille = -912, Gait = Run, FacingMdeg = 204179, IsMoving = True } }
1579	716	MoveCommand { Actor = chr_01M38R7216X4HHDN91G4JV2AC2, Intent = MoveIntent { DirXPermille = -409, DirZPermille = -912, Gait = Run, FacingMdeg = 204165, IsMoving = True } }
1580	717	MoveCommand { Actor = chr_01M38R7216X4HHDN91G4JV2AC2, Intent = MoveIntent { DirXPermille = -410, DirZPermille = -912, Gait = Run, FacingMdeg = 204182, IsMoving = True } }
1581	718	MoveCommand { Actor = chr_01M38R7216X4HHDN91G4JV2AC2, Intent = MoveIntent { DirXPermille = -409, DirZPermille = -912, Gait = Run, FacingMdeg = 204165, IsMoving = True } }
1582	719	MoveCommand { Actor = chr_01M38R7216X4HHDN91G4JV2AC2, Intent = MoveIntent { DirXPermille = -410, DirZPermille = -912, Gait = Run, FacingMdeg = 204187, IsMoving = True } }
1583	720	MoveCommand { Actor = chr_01M38R7216X4HHDN91G4JV2AC2, Intent = MoveIntent { DirXPermille = -409, DirZPermille = -912, Gait = Run, FacingMdeg = 204166, IsMoving = True } }
1584	721	MoveCommand { Actor = chr_01M38R7216X4HHDN91G4JV2AC2, Intent = MoveIntent { DirXPermille = -410, DirZPermille = -912, Gait = Run, FacingMdeg = 204196, IsMoving = True } }
1585	722	MoveCommand { Actor = chr_01M38R7216X4HHDN91G4JV2AC2, Intent = MoveIntent { DirXPermille = -409, DirZPermille = -912, Gait = Run, FacingMdeg = 204168, IsMoving = True } }
1586	723	MoveCommand { Actor = chr_01M38R7216X4HHDN91G4JV2AC2, Intent = MoveIntent { DirXPermille = -410, DirZPermille = -912, Gait = Run, FacingMdeg = 204214, IsMoving = True } }
1588	724	MoveCommand { Actor = chr_01M38R7216X4HHDN91G4JV2AC2, Intent = MoveIntent { DirXPermille = -854, DirZPermille = -520, Gait = Run, FacingMdeg = 238677, IsMoving = True } }
1629	725	MoveCommand { Actor = chr_01M38R7216X4HHDN91G4JV2AC2, Intent = MoveIntent { DirXPermille = -854, DirZPermille = -521, Gait = Run, FacingMdeg = 238633, IsMoving = True } }
1650	726	MoveCommand { Actor = chr_01M38R7216X4HHDN91G4JV2AC2, Intent = MoveIntent { DirXPermille = -853, DirZPermille = -521, Gait = Run, FacingMdeg = 238594, IsMoving = True } }
1712	727	MoveCommand { Actor = chr_01M38R7216X4HHDN91G4JV2AC2, Intent = MoveIntent { DirXPermille = -853, DirZPermille = -522, Gait = Run, FacingMdeg = 238567, IsMoving = True } }
1713	728	MoveCommand { Actor = chr_01M38R7216X4HHDN91G4JV2AC2, Intent = MoveIntent { DirXPermille = -853, DirZPermille = -521, Gait = Run, FacingMdeg = 238579, IsMoving = True } }
1721	729	MoveCommand { Actor = chr_01M38R7216X4HHDN91G4JV2AC2, Intent = MoveIntent { DirXPermille = -853, DirZPermille = -522, Gait = Run, FacingMdeg = 238565, IsMoving = True } }
1722	730	MoveCommand { Actor = chr_01M38R7216X4HHDN91G4JV2AC2, Intent = MoveIntent { DirXPermille = -853, DirZPermille = -521, Gait = Run, FacingMdeg = 238584, IsMoving = True } }
1729	731	MoveCommand { Actor = chr_01M38R7216X4HHDN91G4JV2AC2, Intent = MoveIntent { DirXPermille = -853, DirZPermille = -522, Gait = Run, FacingMdeg = 238562, IsMoving = True } }
1730	732	MoveCommand { Actor = chr_01M38R7216X4HHDN91G4JV2AC2, Intent = MoveIntent { DirXPermille = -854, DirZPermille = -521, Gait = Run, FacingMdeg = 238612, IsMoving = True } }
1731	733	MoveCommand { Actor = chr_01M38R7216X4HHDN91G4JV2AC2, Intent = MoveIntent { DirXPermille = -853, DirZPermille = -521, Gait = Run, FacingMdeg = 238570, IsMoving = True } }
1732	734	MoveCommand { Actor = chr_01M38R7216X4HHDN91G4JV2AC2, Intent = MoveIntent { DirXPermille = -853, DirZPermille = -522, Gait = Run, FacingMdeg = 238560, IsMoving = True } }
1734	735	MoveCommand { Actor = chr_01M38R7216X4HHDN91G4JV2AC2, Intent = MoveIntent { DirXPermille = -987, DirZPermille = -161, Gait = Run, FacingMdeg = 260727, IsMoving = True } }
1788	736	MoveCommand { Actor = chr_01M38R7216X4HHDN91G4JV2AC2, Intent = MoveIntent { DirXPermille = -987, DirZPermille = -160, Gait = Run, FacingMdeg = 260764, IsMoving = True } }
1825	737	MoveCommand { Actor = chr_01M38R7216X4HHDN91G4JV2AC2, Intent = MoveIntent { DirXPermille = -987, DirZPermille = -159, Gait = Run, FacingMdeg = 260823, IsMoving = True } }
1826	738	MoveCommand { Actor = chr_01M38R7216X4HHDN91G4JV2AC2, Intent = MoveIntent { DirXPermille = -987, DirZPermille = -160, Gait = Run, FacingMdeg = 260821, IsMoving = True } }
1827	739	MoveCommand { Actor = chr_01M38R7216X4HHDN91G4JV2AC2, Intent = MoveIntent { DirXPermille = -987, DirZPermille = -159, Gait = Run, FacingMdeg = 260823, IsMoving = True } }
1828	740	MoveCommand { Actor = chr_01M38R7216X4HHDN91G4JV2AC2, Intent = MoveIntent { DirXPermille = -987, DirZPermille = -160, Gait = Run, FacingMdeg = 260820, IsMoving = True } }
1829	741	MoveCommand { Actor = chr_01M38R7216X4HHDN91G4JV2AC2, Intent = MoveIntent { DirXPermille = -987, DirZPermille = -159, Gait = Run, FacingMdeg = 260823, IsMoving = True } }
1830	742	MoveCommand { Actor = chr_01M38R7216X4HHDN91G4JV2AC2, Intent = MoveIntent { DirXPermille = -987, DirZPermille = -160, Gait = Run, FacingMdeg = 260820, IsMoving = True } }
1831	743	MoveCommand { Actor = chr_01M38R7216X4HHDN91G4JV2AC2, Intent = MoveIntent { DirXPermille = -987, DirZPermille = -159, Gait = Run, FacingMdeg = 260822, IsMoving = True } }
1832	744	MoveCommand { Actor = chr_01M38R7216X4HHDN91G4JV2AC2, Intent = MoveIntent { DirXPermille = -987, DirZPermille = -160, Gait = Run, FacingMdeg = 260819, IsMoving = True } }
1833	745	MoveCommand { Actor = chr_01M38R7216X4HHDN91G4JV2AC2, Intent = MoveIntent { DirXPermille = -987, DirZPermille = -159, Gait = Run, FacingMdeg = 260822, IsMoving = True } }
1834	746	MoveCommand { Actor = chr_01M38R7216X4HHDN91G4JV2AC2, Intent = MoveIntent { DirXPermille = -987, DirZPermille = -160, Gait = Run, FacingMdeg = 260819, IsMoving = True } }
1836	747	MoveCommand { Actor = chr_01M38R7216X4HHDN91G4JV2AC2, Intent = MoveIntent { DirXPermille = -987, DirZPermille = -159, Gait = Run, FacingMdeg = 260825, IsMoving = True } }
1837	748	MoveCommand { Actor = chr_01M38R7216X4HHDN91G4JV2AC2, Intent = MoveIntent { DirXPermille = -987, DirZPermille = -160, Gait = Run, FacingMdeg = 260821, IsMoving = True } }
1838	749	MoveCommand { Actor = chr_01M38R7216X4HHDN91G4JV2AC2, Intent = MoveIntent { DirXPermille = -987, DirZPermille = -159, Gait = Run, FacingMdeg = 260824, IsMoving = True } }
1839	750	MoveCommand { Actor = chr_01M38R7216X4HHDN91G4JV2AC2, Intent = MoveIntent { DirXPermille = -987, DirZPermille = -160, Gait = Run, FacingMdeg = 260821, IsMoving = True } }
1840	751	MoveCommand { Actor = chr_01M38R7216X4HHDN91G4JV2AC2, Intent = MoveIntent { DirXPermille = -987, DirZPermille = -159, Gait = Run, FacingMdeg = 260824, IsMoving = True } }
1841	752	MoveCommand { Actor = chr_01M38R7216X4HHDN91G4JV2AC2, Intent = MoveIntent { DirXPermille = -987, DirZPermille = -160, Gait = Run, FacingMdeg = 260821, IsMoving = True } }
1842	753	MoveCommand { Actor = chr_01M38R7216X4HHDN91G4JV2AC2, Intent = MoveIntent { DirXPermille = -987, DirZPermille = -159, Gait = Run, FacingMdeg = 260824, IsMoving = True } }
1843	754	MoveCommand { Actor = chr_01M38R7216X4HHDN91G4JV2AC2, Intent = MoveIntent { DirXPermille = -987, DirZPermille = -160, Gait = Run, FacingMdeg = 260820, IsMoving = True } }
1844	755	MoveCommand { Actor = chr_01M38R7216X4HHDN91G4JV2AC2, Intent = MoveIntent { DirXPermille = -987, DirZPermille = -159, Gait = Run, FacingMdeg = 260824, IsMoving = True } }
1845	756	MoveCommand { Actor = chr_01M38R7216X4HHDN91G4JV2AC2, Intent = MoveIntent { DirXPermille = -987, DirZPermille = -160, Gait = Run, FacingMdeg = 260820, IsMoving = True } }
1846	757	MoveCommand { Actor = chr_01M38R7216X4HHDN91G4JV2AC2, Intent = MoveIntent { DirXPermille = -987, DirZPermille = -159, Gait = Run, FacingMdeg = 260823, IsMoving = True } }
1847	758	MoveCommand { Actor = chr_01M38R7216X4HHDN91G4JV2AC2, Intent = MoveIntent { DirXPermille = -987, DirZPermille = -160, Gait = Run, FacingMdeg = 260819, IsMoving = True } }
1848	759	MoveCommand { Actor = chr_01M38R7216X4HHDN91G4JV2AC2, Intent = MoveIntent { DirXPermille = -987, DirZPermille = -159, Gait = Run, FacingMdeg = 260823, IsMoving = True } }
1849	760	MoveCommand { Actor = chr_01M38R7216X4HHDN91G4JV2AC2, Intent = MoveIntent { DirXPermille = -987, DirZPermille = -160, Gait = Run, FacingMdeg = 260819, IsMoving = True } }
1850	761	MoveCommand { Actor = chr_01M38R7216X4HHDN91G4JV2AC2, Intent = MoveIntent { DirXPermille = -987, DirZPermille = -159, Gait = Run, FacingMdeg = 260822, IsMoving = True } }
1851	762	MoveCommand { Actor = chr_01M38R7216X4HHDN91G4JV2AC2, Intent = MoveIntent { DirXPermille = -987, DirZPermille = -160, Gait = Run, FacingMdeg = 260818, IsMoving = True } }
1853	763	MoveCommand { Actor = chr_01M38R7216X4HHDN91G4JV2AC2, Intent = MoveIntent { DirXPermille = -987, DirZPermille = -159, Gait = Run, FacingMdeg = 260826, IsMoving = True } }
1854	764	MoveCommand { Actor = chr_01M38R7216X4HHDN91G4JV2AC2, Intent = MoveIntent { DirXPermille = -987, DirZPermille = -160, Gait = Run, FacingMdeg = 260821, IsMoving = True } }
1855	765	MoveCommand { Actor = chr_01M38R7216X4HHDN91G4JV2AC2, Intent = MoveIntent { DirXPermille = -987, DirZPermille = -159, Gait = Run, FacingMdeg = 260826, IsMoving = True } }
1856	766	MoveCommand { Actor = chr_01M38R7216X4HHDN91G4JV2AC2, Intent = MoveIntent { DirXPermille = -987, DirZPermille = -160, Gait = Run, FacingMdeg = 260821, IsMoving = True } }
1857	767	MoveCommand { Actor = chr_01M38R7216X4HHDN91G4JV2AC2, Intent = MoveIntent { DirXPermille = -987, DirZPermille = -159, Gait = Run, FacingMdeg = 260825, IsMoving = True } }
1858	768	MoveCommand { Actor = chr_01M38R7216X4HHDN91G4JV2AC2, Intent = MoveIntent { DirXPermille = -987, DirZPermille = -160, Gait = Run, FacingMdeg = 260820, IsMoving = True } }
1859	769	MoveCommand { Actor = chr_01M38R7216X4HHDN91G4JV2AC2, Intent = MoveIntent { DirXPermille = -987, DirZPermille = -159, Gait = Run, FacingMdeg = 260825, IsMoving = True } }
1860	770	MoveCommand { Actor = chr_01M38R7216X4HHDN91G4JV2AC2, Intent = MoveIntent { DirXPermille = -987, DirZPermille = -160, Gait = Run, FacingMdeg = 260820, IsMoving = True } }
1861	771	MoveCommand { Actor = chr_01M38R7216X4HHDN91G4JV2AC2, Intent = MoveIntent { DirXPermille = -987, DirZPermille = -159, Gait = Run, FacingMdeg = 260825, IsMoving = True } }
1862	772	MoveCommand { Actor = chr_01M38R7216X4HHDN91G4JV2AC2, Intent = MoveIntent { DirXPermille = -987, DirZPermille = -160, Gait = Run, FacingMdeg = 260819, IsMoving = True } }
1863	773	MoveCommand { Actor = chr_01M38R7216X4HHDN91G4JV2AC2, Intent = MoveIntent { DirXPermille = -987, DirZPermille = -159, Gait = Run, FacingMdeg = 260824, IsMoving = True } }
1864	774	MoveCommand { Actor = chr_01M38R7216X4HHDN91G4JV2AC2, Intent = MoveIntent { DirXPermille = -987, DirZPermille = -160, Gait = Run, FacingMdeg = 260818, IsMoving = True } }
1865	775	MoveCommand { Actor = chr_01M38R7216X4HHDN91G4JV2AC2, Intent = MoveIntent { DirXPermille = -987, DirZPermille = -159, Gait = Run, FacingMdeg = 260824, IsMoving = True } }
1866	776	MoveCommand { Actor = chr_01M38R7216X4HHDN91G4JV2AC2, Intent = MoveIntent { DirXPermille = -987, DirZPermille = -160, Gait = Run, FacingMdeg = 260817, IsMoving = True } }
1867	777	MoveCommand { Actor = chr_01M38R7216X4HHDN91G4JV2AC2, Intent = MoveIntent { DirXPermille = -987, DirZPermille = -159, Gait = Run, FacingMdeg = 260823, IsMoving = True } }
1868	778	MoveCommand { Actor = chr_01M38R7216X4HHDN91G4JV2AC2, Intent = MoveIntent { DirXPermille = -987, DirZPermille = -160, Gait = Run, FacingMdeg = 260816, IsMoving = True } }
1869	779	MoveCommand { Actor = chr_01M38R7216X4HHDN91G4JV2AC2, Intent = MoveIntent { DirXPermille = -987, DirZPermille = -159, Gait = Run, FacingMdeg = 260822, IsMoving = True } }
1870	780	MoveCommand { Actor = chr_01M38R7216X4HHDN91G4JV2AC2, Intent = MoveIntent { DirXPermille = -987, DirZPermille = -160, Gait = Run, FacingMdeg = 260814, IsMoving = True } }
1872	781	MoveCommand { Actor = chr_01M38R7216X4HHDN91G4JV2AC2, Intent = MoveIntent { DirXPermille = -987, DirZPermille = -159, Gait = Run, FacingMdeg = 260829, IsMoving = True } }
1873	782	MoveCommand { Actor = chr_01M38R7216X4HHDN91G4JV2AC2, Intent = MoveIntent { DirXPermille = -987, DirZPermille = -160, Gait = Run, FacingMdeg = 260820, IsMoving = True } }
1874	783	MoveCommand { Actor = chr_01M38R7216X4HHDN91G4JV2AC2, Intent = MoveIntent { DirXPermille = -987, DirZPermille = -159, Gait = Run, FacingMdeg = 260829, IsMoving = True } }
1875	784	MoveCommand { Actor = chr_01M38R7216X4HHDN91G4JV2AC2, Intent = MoveIntent { DirXPermille = -987, DirZPermille = -160, Gait = Run, FacingMdeg = 260819, IsMoving = True } }
1876	785	MoveCommand { Actor = chr_01M38R7216X4HHDN91G4JV2AC2, Intent = MoveIntent { DirXPermille = -987, DirZPermille = -159, Gait = Run, FacingMdeg = 260828, IsMoving = True } }
1877	786	MoveCommand { Actor = chr_01M38R7216X4HHDN91G4JV2AC2, Intent = MoveIntent { DirXPermille = -987, DirZPermille = -160, Gait = Run, FacingMdeg = 260818, IsMoving = True } }
1878	787	MoveCommand { Actor = chr_01M38R7216X4HHDN91G4JV2AC2, Intent = MoveIntent { DirXPermille = -987, DirZPermille = -159, Gait = Run, FacingMdeg = 260828, IsMoving = True } }
1879	788	MoveCommand { Actor = chr_01M38R7216X4HHDN91G4JV2AC2, Intent = MoveIntent { DirXPermille = -987, DirZPermille = -160, Gait = Run, FacingMdeg = 260816, IsMoving = True } }
1880	789	MoveCommand { Actor = chr_01M38R7216X4HHDN91G4JV2AC2, Intent = MoveIntent { DirXPermille = -987, DirZPermille = -159, Gait = Run, FacingMdeg = 260827, IsMoving = True } }
1881	790	MoveCommand { Actor = chr_01M38R7216X4HHDN91G4JV2AC2, Intent = MoveIntent { DirXPermille = -987, DirZPermille = -160, Gait = Run, FacingMdeg = 260813, IsMoving = True } }
1882	791	MoveCommand { Actor = chr_01M38R7216X4HHDN91G4JV2AC2, Intent = MoveIntent { DirXPermille = -987, DirZPermille = -159, Gait = Run, FacingMdeg = 260827, IsMoving = True } }
1883	792	MoveCommand { Actor = chr_01M38R7216X4HHDN91G4JV2AC2, Intent = MoveIntent { DirXPermille = -987, DirZPermille = -160, Gait = Run, FacingMdeg = 260809, IsMoving = True } }
1884	793	MoveCommand { Actor = chr_01M38R7216X4HHDN91G4JV2AC2, Intent = MoveIntent { DirXPermille = -987, DirZPermille = -159, Gait = Run, FacingMdeg = 260826, IsMoving = True } }
1885	794	MoveCommand { Actor = chr_01M38R7216X4HHDN91G4JV2AC2, Intent = MoveIntent { DirXPermille = -987, DirZPermille = -160, Gait = Run, FacingMdeg = 260804, IsMoving = True } }
1886	795	MoveCommand { Actor = chr_01M38R7216X4HHDN91G4JV2AC2, Intent = MoveIntent { DirXPermille = -987, DirZPermille = -159, Gait = Run, FacingMdeg = 260824, IsMoving = True } }
1887	796	MoveCommand { Actor = chr_01M38R7216X4HHDN91G4JV2AC2, Intent = MoveIntent { DirXPermille = -987, DirZPermille = -160, Gait = Run, FacingMdeg = 260795, IsMoving = True } }
1889	797	MoveCommand { Actor = chr_01M38R7216X4HHDN91G4JV2AC2, Intent = MoveIntent { DirXPermille = -987, DirZPermille = -159, Gait = Run, FacingMdeg = 260858, IsMoving = True } }
1890	798	MoveCommand { Actor = chr_01M38R7216X4HHDN91G4JV2AC2, Intent = MoveIntent { DirXPermille = -987, DirZPermille = -160, Gait = Run, FacingMdeg = 260814, IsMoving = True } }
1892	799	MoveCommand { Actor = chr_01M38R7216X4HHDN91G4JV2AC2, Intent = MoveIntent { DirXPermille = -954, DirZPermille = 301, Gait = Run, FacingMdeg = 287526, IsMoving = True } }
1913	800	MoveCommand { Actor = chr_01M38R7216X4HHDN91G4JV2AC2, Intent = MoveIntent { DirXPermille = -953, DirZPermille = 301, Gait = Run, FacingMdeg = 287542, IsMoving = True } }
1953	801	MoveCommand { Actor = chr_01M38R7216X4HHDN91G4JV2AC2, Intent = MoveIntent { DirXPermille = -953, DirZPermille = 302, Gait = Run, FacingMdeg = 287548, IsMoving = True } }
2030	802	MoveCommand { Actor = chr_01M38R7216X4HHDN91G4JV2AC2, Intent = MoveIntent { DirXPermille = -953, DirZPermille = 303, Gait = Run, FacingMdeg = 287609, IsMoving = True } }
2042	803	MoveCommand { Actor = chr_01M38R7216X4HHDN91G4JV2AC2, Intent = MoveIntent { DirXPermille = -953, DirZPermille = 304, Gait = Run, FacingMdeg = 287673, IsMoving = True } }
2043	804	MoveCommand { Actor = chr_01M38R7216X4HHDN91G4JV2AC2, Intent = MoveIntent { DirXPermille = -953, DirZPermille = 303, Gait = Run, FacingMdeg = 287660, IsMoving = True } }
2044	805	MoveCommand { Actor = chr_01M38R7216X4HHDN91G4JV2AC2, Intent = MoveIntent { DirXPermille = -953, DirZPermille = 304, Gait = Run, FacingMdeg = 287669, IsMoving = True } }
2045	806	MoveCommand { Actor = chr_01M38R7216X4HHDN91G4JV2AC2, Intent = MoveIntent { DirXPermille = -953, DirZPermille = 303, Gait = Run, FacingMdeg = 287654, IsMoving = True } }
2047	807	MoveCommand { Actor = chr_01M38R7216X4HHDN91G4JV2AC2, Intent = MoveIntent { DirXPermille = -953, DirZPermille = 304, Gait = Run, FacingMdeg = 287678, IsMoving = True } }
2048	808	MoveCommand { Actor = chr_01M38R7216X4HHDN91G4JV2AC2, Intent = MoveIntent { DirXPermille = -953, DirZPermille = 303, Gait = Run, FacingMdeg = 287658, IsMoving = True } }
2049	809	MoveCommand { Actor = chr_01M38R7216X4HHDN91G4JV2AC2, Intent = MoveIntent { DirXPermille = -953, DirZPermille = 304, Gait = Run, FacingMdeg = 287673, IsMoving = True } }
2050	810	MoveCommand { Actor = chr_01M38R7216X4HHDN91G4JV2AC2, Intent = MoveIntent { DirXPermille = -953, DirZPermille = 303, Gait = Run, FacingMdeg = 287648, IsMoving = True } }
2052	811	MoveCommand { Actor = chr_01M38R7216X4HHDN91G4JV2AC2, Intent = MoveIntent { DirXPermille = -953, DirZPermille = 304, Gait = Run, FacingMdeg = 287690, IsMoving = True } }
2053	812	MoveCommand { Actor = chr_01M38R7216X4HHDN91G4JV2AC2, Intent = MoveIntent { DirXPermille = -953, DirZPermille = 303, Gait = Run, FacingMdeg = 287653, IsMoving = True } }
2054	813	MoveCommand { Actor = chr_01M38R7216X4HHDN91G4JV2AC2, Intent = MoveIntent { DirXPermille = -953, DirZPermille = 304, Gait = Run, FacingMdeg = 287687, IsMoving = True } }
2056	814	MoveCommand { Actor = chr_01M38R7216X4HHDN91G4JV2AC2, Intent = MoveIntent { DirXPermille = -982, DirZPermille = -190, Gait = Run, FacingMdeg = 259073, IsMoving = True } }
2099	815	MoveCommand { Actor = chr_01M38R7216X4HHDN91G4JV2AC2, Intent = MoveIntent { DirXPermille = -982, DirZPermille = -191, Gait = Run, FacingMdeg = 259018, IsMoving = True } }
2100	816	MoveCommand { Actor = chr_01M38R7216X4HHDN91G4JV2AC2, Intent = MoveIntent { DirXPermille = -982, DirZPermille = -190, Gait = Run, FacingMdeg = 259020, IsMoving = True } }
2102	817	MoveCommand { Actor = chr_01M38R7216X4HHDN91G4JV2AC2, Intent = MoveIntent { DirXPermille = -982, DirZPermille = -191, Gait = Run, FacingMdeg = 259016, IsMoving = True } }
2103	818	MoveCommand { Actor = chr_01M38R7216X4HHDN91G4JV2AC2, Intent = MoveIntent { DirXPermille = -982, DirZPermille = -190, Gait = Run, FacingMdeg = 259019, IsMoving = True } }
2104	819	MoveCommand { Actor = chr_01M38R7216X4HHDN91G4JV2AC2, Intent = MoveIntent { DirXPermille = -982, DirZPermille = -191, Gait = Run, FacingMdeg = 259017, IsMoving = True } }
2105	820	MoveCommand { Actor = chr_01M38R7216X4HHDN91G4JV2AC2, Intent = MoveIntent { DirXPermille = -982, DirZPermille = -190, Gait = Run, FacingMdeg = 259019, IsMoving = True } }
2106	821	MoveCommand { Actor = chr_01M38R7216X4HHDN91G4JV2AC2, Intent = MoveIntent { DirXPermille = -982, DirZPermille = -191, Gait = Run, FacingMdeg = 259017, IsMoving = True } }
2107	822	MoveCommand { Actor = chr_01M38R7216X4HHDN91G4JV2AC2, Intent = MoveIntent { DirXPermille = -982, DirZPermille = -190, Gait = Run, FacingMdeg = 259019, IsMoving = True } }
2108	823	MoveCommand { Actor = chr_01M38R7216X4HHDN91G4JV2AC2, Intent = MoveIntent { DirXPermille = -982, DirZPermille = -191, Gait = Run, FacingMdeg = 259017, IsMoving = True } }
2109	824	MoveCommand { Actor = chr_01M38R7216X4HHDN91G4JV2AC2, Intent = MoveIntent { DirXPermille = -982, DirZPermille = -190, Gait = Run, FacingMdeg = 259020, IsMoving = True } }
2110	825	MoveCommand { Actor = chr_01M38R7216X4HHDN91G4JV2AC2, Intent = MoveIntent { DirXPermille = -982, DirZPermille = -191, Gait = Run, FacingMdeg = 259017, IsMoving = True } }
2111	826	MoveCommand { Actor = chr_01M38R7216X4HHDN91G4JV2AC2, Intent = MoveIntent { DirXPermille = -982, DirZPermille = -190, Gait = Run, FacingMdeg = 259020, IsMoving = True } }
2112	827	MoveCommand { Actor = chr_01M38R7216X4HHDN91G4JV2AC2, Intent = MoveIntent { DirXPermille = -982, DirZPermille = -191, Gait = Run, FacingMdeg = 259018, IsMoving = True } }
2113	828	MoveCommand { Actor = chr_01M38R7216X4HHDN91G4JV2AC2, Intent = MoveIntent { DirXPermille = -982, DirZPermille = -190, Gait = Run, FacingMdeg = 259020, IsMoving = True } }
2114	829	MoveCommand { Actor = chr_01M38R7216X4HHDN91G4JV2AC2, Intent = MoveIntent { DirXPermille = -982, DirZPermille = -191, Gait = Run, FacingMdeg = 259018, IsMoving = True } }
2115	830	MoveCommand { Actor = chr_01M38R7216X4HHDN91G4JV2AC2, Intent = MoveIntent { DirXPermille = -982, DirZPermille = -190, Gait = Run, FacingMdeg = 259021, IsMoving = True } }
2117	831	MoveCommand { Actor = chr_01M38R7216X4HHDN91G4JV2AC2, Intent = MoveIntent { DirXPermille = -982, DirZPermille = -191, Gait = Run, FacingMdeg = 259016, IsMoving = True } }
2118	832	MoveCommand { Actor = chr_01M38R7216X4HHDN91G4JV2AC2, Intent = MoveIntent { DirXPermille = -982, DirZPermille = -190, Gait = Run, FacingMdeg = 259019, IsMoving = True } }
2119	833	MoveCommand { Actor = chr_01M38R7216X4HHDN91G4JV2AC2, Intent = MoveIntent { DirXPermille = -982, DirZPermille = -191, Gait = Run, FacingMdeg = 259016, IsMoving = True } }
2120	834	MoveCommand { Actor = chr_01M38R7216X4HHDN91G4JV2AC2, Intent = MoveIntent { DirXPermille = -982, DirZPermille = -190, Gait = Run, FacingMdeg = 259019, IsMoving = True } }
2121	835	MoveCommand { Actor = chr_01M38R7216X4HHDN91G4JV2AC2, Intent = MoveIntent { DirXPermille = -982, DirZPermille = -191, Gait = Run, FacingMdeg = 259017, IsMoving = True } }
2122	836	MoveCommand { Actor = chr_01M38R7216X4HHDN91G4JV2AC2, Intent = MoveIntent { DirXPermille = -982, DirZPermille = -190, Gait = Run, FacingMdeg = 259020, IsMoving = True } }
2123	837	MoveCommand { Actor = chr_01M38R7216X4HHDN91G4JV2AC2, Intent = MoveIntent { DirXPermille = -982, DirZPermille = -191, Gait = Run, FacingMdeg = 259017, IsMoving = True } }
2124	838	MoveCommand { Actor = chr_01M38R7216X4HHDN91G4JV2AC2, Intent = MoveIntent { DirXPermille = -982, DirZPermille = -190, Gait = Run, FacingMdeg = 259020, IsMoving = True } }
2125	839	MoveCommand { Actor = chr_01M38R7216X4HHDN91G4JV2AC2, Intent = MoveIntent { DirXPermille = -982, DirZPermille = -191, Gait = Run, FacingMdeg = 259017, IsMoving = True } }
2126	840	MoveCommand { Actor = chr_01M38R7216X4HHDN91G4JV2AC2, Intent = MoveIntent { DirXPermille = -982, DirZPermille = -190, Gait = Run, FacingMdeg = 259020, IsMoving = True } }
2127	841	MoveCommand { Actor = chr_01M38R7216X4HHDN91G4JV2AC2, Intent = MoveIntent { DirXPermille = -982, DirZPermille = -191, Gait = Run, FacingMdeg = 259018, IsMoving = True } }
2128	842	MoveCommand { Actor = chr_01M38R7216X4HHDN91G4JV2AC2, Intent = MoveIntent { DirXPermille = -982, DirZPermille = -190, Gait = Run, FacingMdeg = 259021, IsMoving = True } }
2130	843	MoveCommand { Actor = chr_01M38R7216X4HHDN91G4JV2AC2, Intent = MoveIntent { DirXPermille = -982, DirZPermille = -191, Gait = Run, FacingMdeg = 259015, IsMoving = True } }
2131	844	MoveCommand { Actor = chr_01M38R7216X4HHDN91G4JV2AC2, Intent = MoveIntent { DirXPermille = -982, DirZPermille = -190, Gait = Run, FacingMdeg = 259018, IsMoving = True } }
2132	845	MoveCommand { Actor = chr_01M38R7216X4HHDN91G4JV2AC2, Intent = MoveIntent { DirXPermille = -982, DirZPermille = -191, Gait = Run, FacingMdeg = 259015, IsMoving = True } }
2133	846	MoveCommand { Actor = chr_01M38R7216X4HHDN91G4JV2AC2, Intent = MoveIntent { DirXPermille = -982, DirZPermille = -190, Gait = Run, FacingMdeg = 259019, IsMoving = True } }
2134	847	MoveCommand { Actor = chr_01M38R7216X4HHDN91G4JV2AC2, Intent = MoveIntent { DirXPermille = -982, DirZPermille = -191, Gait = Run, FacingMdeg = 259016, IsMoving = True } }
2135	848	MoveCommand { Actor = chr_01M38R7216X4HHDN91G4JV2AC2, Intent = MoveIntent { DirXPermille = -982, DirZPermille = -190, Gait = Run, FacingMdeg = 259019, IsMoving = True } }
2136	849	MoveCommand { Actor = chr_01M38R7216X4HHDN91G4JV2AC2, Intent = MoveIntent { DirXPermille = -982, DirZPermille = -191, Gait = Run, FacingMdeg = 259016, IsMoving = True } }
2137	850	MoveCommand { Actor = chr_01M38R7216X4HHDN91G4JV2AC2, Intent = MoveIntent { DirXPermille = -982, DirZPermille = -190, Gait = Run, FacingMdeg = 259020, IsMoving = True } }
2138	851	MoveCommand { Actor = chr_01M38R7216X4HHDN91G4JV2AC2, Intent = MoveIntent { DirXPermille = -982, DirZPermille = -191, Gait = Run, FacingMdeg = 259017, IsMoving = True } }
2139	852	MoveCommand { Actor = chr_01M38R7216X4HHDN91G4JV2AC2, Intent = MoveIntent { DirXPermille = -982, DirZPermille = -190, Gait = Run, FacingMdeg = 259021, IsMoving = True } }
2140	853	MoveCommand { Actor = chr_01M38R7216X4HHDN91G4JV2AC2, Intent = MoveIntent { DirXPermille = -982, DirZPermille = -191, Gait = Run, FacingMdeg = 259017, IsMoving = True } }
2141	854	MoveCommand { Actor = chr_01M38R7216X4HHDN91G4JV2AC2, Intent = MoveIntent { DirXPermille = -982, DirZPermille = -190, Gait = Run, FacingMdeg = 259021, IsMoving = True } }
2142	855	MoveCommand { Actor = chr_01M38R7216X4HHDN91G4JV2AC2, Intent = MoveIntent { DirXPermille = -982, DirZPermille = -191, Gait = Run, FacingMdeg = 259018, IsMoving = True } }
2143	856	MoveCommand { Actor = chr_01M38R7216X4HHDN91G4JV2AC2, Intent = MoveIntent { DirXPermille = -982, DirZPermille = -190, Gait = Run, FacingMdeg = 259022, IsMoving = True } }
2145	857	MoveCommand { Actor = chr_01M38R7216X4HHDN91G4JV2AC2, Intent = MoveIntent { DirXPermille = -982, DirZPermille = -191, Gait = Run, FacingMdeg = 259014, IsMoving = True } }
2146	858	MoveCommand { Actor = chr_01M38R7216X4HHDN91G4JV2AC2, Intent = MoveIntent { DirXPermille = -982, DirZPermille = -190, Gait = Run, FacingMdeg = 259019, IsMoving = True } }
2147	859	MoveCommand { Actor = chr_01M38R7216X4HHDN91G4JV2AC2, Intent = MoveIntent { DirXPermille = -982, DirZPermille = -191, Gait = Run, FacingMdeg = 259014, IsMoving = True } }
2148	860	MoveCommand { Actor = chr_01M38R7216X4HHDN91G4JV2AC2, Intent = MoveIntent { DirXPermille = -982, DirZPermille = -190, Gait = Run, FacingMdeg = 259019, IsMoving = True } }
2149	861	MoveCommand { Actor = chr_01M38R7216X4HHDN91G4JV2AC2, Intent = MoveIntent { DirXPermille = -982, DirZPermille = -191, Gait = Run, FacingMdeg = 259015, IsMoving = True } }
2150	862	MoveCommand { Actor = chr_01M38R7216X4HHDN91G4JV2AC2, Intent = MoveIntent { DirXPermille = -982, DirZPermille = -190, Gait = Run, FacingMdeg = 259020, IsMoving = True } }
2151	863	MoveCommand { Actor = chr_01M38R7216X4HHDN91G4JV2AC2, Intent = MoveIntent { DirXPermille = -982, DirZPermille = -191, Gait = Run, FacingMdeg = 259015, IsMoving = True } }
2152	864	MoveCommand { Actor = chr_01M38R7216X4HHDN91G4JV2AC2, Intent = MoveIntent { DirXPermille = -982, DirZPermille = -190, Gait = Run, FacingMdeg = 259021, IsMoving = True } }
2153	865	MoveCommand { Actor = chr_01M38R7216X4HHDN91G4JV2AC2, Intent = MoveIntent { DirXPermille = -982, DirZPermille = -191, Gait = Run, FacingMdeg = 259016, IsMoving = True } }
2154	866	MoveCommand { Actor = chr_01M38R7216X4HHDN91G4JV2AC2, Intent = MoveIntent { DirXPermille = -982, DirZPermille = -190, Gait = Run, FacingMdeg = 259022, IsMoving = True } }
2155	867	MoveCommand { Actor = chr_01M38R7216X4HHDN91G4JV2AC2, Intent = MoveIntent { DirXPermille = -982, DirZPermille = -191, Gait = Run, FacingMdeg = 259017, IsMoving = True } }
2156	868	MoveCommand { Actor = chr_01M38R7216X4HHDN91G4JV2AC2, Intent = MoveIntent { DirXPermille = -982, DirZPermille = -190, Gait = Run, FacingMdeg = 259023, IsMoving = True } }
2157	869	MoveCommand { Actor = chr_01M38R7216X4HHDN91G4JV2AC2, Intent = MoveIntent { DirXPermille = -982, DirZPermille = -191, Gait = Run, FacingMdeg = 259017, IsMoving = True } }
2158	870	MoveCommand { Actor = chr_01M38R7216X4HHDN91G4JV2AC2, Intent = MoveIntent { DirXPermille = -982, DirZPermille = -190, Gait = Run, FacingMdeg = 259024, IsMoving = True } }
2160	871	MoveCommand { Actor = chr_01M38R7216X4HHDN91G4JV2AC2, Intent = MoveIntent { DirXPermille = -982, DirZPermille = -191, Gait = Run, FacingMdeg = 259012, IsMoving = True } }
2161	872	MoveCommand { Actor = chr_01M38R7216X4HHDN91G4JV2AC2, Intent = MoveIntent { DirXPermille = -982, DirZPermille = -190, Gait = Run, FacingMdeg = 259019, IsMoving = True } }
2162	873	MoveCommand { Actor = chr_01M38R7216X4HHDN91G4JV2AC2, Intent = MoveIntent { DirXPermille = -982, DirZPermille = -191, Gait = Run, FacingMdeg = 259012, IsMoving = True } }
2163	874	MoveCommand { Actor = chr_01M38R7216X4HHDN91G4JV2AC2, Intent = MoveIntent { DirXPermille = -982, DirZPermille = -190, Gait = Run, FacingMdeg = 259020, IsMoving = True } }
2164	875	MoveCommand { Actor = chr_01M38R7216X4HHDN91G4JV2AC2, Intent = MoveIntent { DirXPermille = -982, DirZPermille = -191, Gait = Run, FacingMdeg = 259013, IsMoving = True } }
2165	876	MoveCommand { Actor = chr_01M38R7216X4HHDN91G4JV2AC2, Intent = MoveIntent { DirXPermille = -982, DirZPermille = -190, Gait = Run, FacingMdeg = 259022, IsMoving = True } }
2166	877	MoveCommand { Actor = chr_01M38R7216X4HHDN91G4JV2AC2, Intent = MoveIntent { DirXPermille = -982, DirZPermille = -191, Gait = Run, FacingMdeg = 259013, IsMoving = True } }
2167	878	MoveCommand { Actor = chr_01M38R7216X4HHDN91G4JV2AC2, Intent = MoveIntent { DirXPermille = -982, DirZPermille = -190, Gait = Run, FacingMdeg = 259023, IsMoving = True } }
2168	879	MoveCommand { Actor = chr_01M38R7216X4HHDN91G4JV2AC2, Intent = MoveIntent { DirXPermille = -982, DirZPermille = -191, Gait = Run, FacingMdeg = 259014, IsMoving = True } }
2169	880	MoveCommand { Actor = chr_01M38R7216X4HHDN91G4JV2AC2, Intent = MoveIntent { DirXPermille = -982, DirZPermille = -190, Gait = Run, FacingMdeg = 259026, IsMoving = True } }
2170	881	MoveCommand { Actor = chr_01M38R7216X4HHDN91G4JV2AC2, Intent = MoveIntent { DirXPermille = -982, DirZPermille = -191, Gait = Run, FacingMdeg = 259015, IsMoving = True } }
2171	882	MoveCommand { Actor = chr_01M38R7216X4HHDN91G4JV2AC2, Intent = MoveIntent { DirXPermille = -982, DirZPermille = -190, Gait = Run, FacingMdeg = 259028, IsMoving = True } }
2172	883	MoveCommand { Actor = chr_01M38R7216X4HHDN91G4JV2AC2, Intent = MoveIntent { DirXPermille = -982, DirZPermille = -191, Gait = Run, FacingMdeg = 259017, IsMoving = True } }
2173	884	MoveCommand { Actor = chr_01M38R7216X4HHDN91G4JV2AC2, Intent = MoveIntent { DirXPermille = -982, DirZPermille = -190, Gait = Run, FacingMdeg = 259032, IsMoving = True } }
2175	885	MoveCommand { Actor = chr_01M38R7216X4HHDN91G4JV2AC2, Intent = MoveIntent { DirXPermille = -982, DirZPermille = -191, Gait = Run, FacingMdeg = 259002, IsMoving = True } }
2176	886	MoveCommand { Actor = chr_01M38R7216X4HHDN91G4JV2AC2, Intent = MoveIntent { DirXPermille = -982, DirZPermille = -190, Gait = Run, FacingMdeg = 259021, IsMoving = True } }
2177	887	MoveCommand { Actor = chr_01M38R7216X4HHDN91G4JV2AC2, Intent = MoveIntent { DirXPermille = -982, DirZPermille = -191, Gait = Run, FacingMdeg = 259001, IsMoving = True } }
2178	888	MoveCommand { Actor = chr_01M38R7216X4HHDN91G4JV2AC2, Intent = MoveIntent { DirXPermille = -982, DirZPermille = -190, Gait = Run, FacingMdeg = 259025, IsMoving = True } }
2179	889	MoveCommand { Actor = chr_01M38R7216X4HHDN91G4JV2AC2, Intent = MoveIntent { DirXPermille = -982, DirZPermille = -191, Gait = Run, FacingMdeg = 259000, IsMoving = True } }
2180	890	MoveCommand { Actor = chr_01M38R7216X4HHDN91G4JV2AC2, Intent = MoveIntent { DirXPermille = -982, DirZPermille = -190, Gait = Run, FacingMdeg = 259033, IsMoving = True } }
2181	891	MoveCommand { Actor = chr_01M38R7216X4HHDN91G4JV2AC2, Intent = MoveIntent { DirXPermille = -982, DirZPermille = -191, Gait = Run, FacingMdeg = 258996, IsMoving = True } }
2182	892	MoveCommand { Actor = chr_01M38R7216X4HHDN91G4JV2AC2, Intent = MoveIntent { DirXPermille = -982, DirZPermille = -190, Gait = Run, FacingMdeg = 259050, IsMoving = True } }
2184	893	MoveCommand { Actor = chr_01M38R7216X4HHDN91G4JV2AC2, Intent = MoveIntent { DirXPermille = -906, DirZPermille = -424, Gait = Run, FacingMdeg = 244931, IsMoving = True } }
2207	894	MoveCommand { Actor = chr_01M38R7216X4HHDN91G4JV2AC2, Intent = MoveIntent { DirXPermille = -906, DirZPermille = -423, Gait = Run, FacingMdeg = 244944, IsMoving = True } }
2253	895	MoveCommand { Actor = chr_01M38R7216X4HHDN91G4JV2AC2, Intent = MoveIntent { DirXPermille = -906, DirZPermille = -422, Gait = Run, FacingMdeg = 245009, IsMoving = True } }
2259	896	MoveCommand { Actor = chr_01M38R7216X4HHDN91G4JV2AC2, Intent = MoveIntent { DirXPermille = -907, DirZPermille = -422, Gait = Run, FacingMdeg = 245027, IsMoving = True } }
2260	897	MoveCommand { Actor = chr_01M38R7216X4HHDN91G4JV2AC2, Intent = MoveIntent { DirXPermille = -906, DirZPermille = -422, Gait = Run, FacingMdeg = 245023, IsMoving = True } }
2261	898	MoveCommand { Actor = chr_01M38R7216X4HHDN91G4JV2AC2, Intent = MoveIntent { DirXPermille = -907, DirZPermille = -422, Gait = Run, FacingMdeg = 245027, IsMoving = True } }
2262	899	MoveCommand { Actor = chr_01M38R7216X4HHDN91G4JV2AC2, Intent = MoveIntent { DirXPermille = -906, DirZPermille = -422, Gait = Run, FacingMdeg = 245023, IsMoving = True } }
2263	900	MoveCommand { Actor = chr_01M38R7216X4HHDN91G4JV2AC2, Intent = MoveIntent { DirXPermille = -907, DirZPermille = -422, Gait = Run, FacingMdeg = 245026, IsMoving = True } }
2264	901	MoveCommand { Actor = chr_01M38R7216X4HHDN91G4JV2AC2, Intent = MoveIntent { DirXPermille = -906, DirZPermille = -422, Gait = Run, FacingMdeg = 245022, IsMoving = True } }
2266	902	MoveCommand { Actor = chr_01M38R7216X4HHDN91G4JV2AC2, Intent = MoveIntent { DirXPermille = -907, DirZPermille = -422, Gait = Run, FacingMdeg = 245030, IsMoving = True } }
2267	903	MoveCommand { Actor = chr_01M38R7216X4HHDN91G4JV2AC2, Intent = MoveIntent { DirXPermille = -906, DirZPermille = -422, Gait = Run, FacingMdeg = 245025, IsMoving = True } }
2268	904	MoveCommand { Actor = chr_01M38R7216X4HHDN91G4JV2AC2, Intent = MoveIntent { DirXPermille = -907, DirZPermille = -422, Gait = Run, FacingMdeg = 245030, IsMoving = True } }
2269	905	MoveCommand { Actor = chr_01M38R7216X4HHDN91G4JV2AC2, Intent = MoveIntent { DirXPermille = -906, DirZPermille = -422, Gait = Run, FacingMdeg = 245024, IsMoving = True } }
2270	906	MoveCommand { Actor = chr_01M38R7216X4HHDN91G4JV2AC2, Intent = MoveIntent { DirXPermille = -907, DirZPermille = -422, Gait = Run, FacingMdeg = 245029, IsMoving = True } }
2271	907	MoveCommand { Actor = chr_01M38R7216X4HHDN91G4JV2AC2, Intent = MoveIntent { DirXPermille = -906, DirZPermille = -422, Gait = Run, FacingMdeg = 245024, IsMoving = True } }
2272	908	MoveCommand { Actor = chr_01M38R7216X4HHDN91G4JV2AC2, Intent = MoveIntent { DirXPermille = -907, DirZPermille = -422, Gait = Run, FacingMdeg = 245029, IsMoving = True } }
2273	909	MoveCommand { Actor = chr_01M38R7216X4HHDN91G4JV2AC2, Intent = MoveIntent { DirXPermille = -906, DirZPermille = -422, Gait = Run, FacingMdeg = 245023, IsMoving = True } }
2274	910	MoveCommand { Actor = chr_01M38R7216X4HHDN91G4JV2AC2, Intent = MoveIntent { DirXPermille = -907, DirZPermille = -422, Gait = Run, FacingMdeg = 245028, IsMoving = True } }
2275	911	MoveCommand { Actor = chr_01M38R7216X4HHDN91G4JV2AC2, Intent = MoveIntent { DirXPermille = -906, DirZPermille = -422, Gait = Run, FacingMdeg = 245022, IsMoving = True } }
2276	912	MoveCommand { Actor = chr_01M38R7216X4HHDN91G4JV2AC2, Intent = MoveIntent { DirXPermille = -907, DirZPermille = -422, Gait = Run, FacingMdeg = 245027, IsMoving = True } }
2277	913	MoveCommand { Actor = chr_01M38R7216X4HHDN91G4JV2AC2, Intent = MoveIntent { DirXPermille = -906, DirZPermille = -422, Gait = Run, FacingMdeg = 245020, IsMoving = True } }
2278	914	MoveCommand { Actor = chr_01M38R7216X4HHDN91G4JV2AC2, Intent = MoveIntent { DirXPermille = -907, DirZPermille = -422, Gait = Run, FacingMdeg = 245026, IsMoving = True } }
2279	915	MoveCommand { Actor = chr_01M38R7216X4HHDN91G4JV2AC2, Intent = MoveIntent { DirXPermille = -906, DirZPermille = -422, Gait = Run, FacingMdeg = 245019, IsMoving = True } }
2281	916	MoveCommand { Actor = chr_01M38R7216X4HHDN91G4JV2AC2, Intent = MoveIntent { DirXPermille = -907, DirZPermille = -422, Gait = Run, FacingMdeg = 245033, IsMoving = True } }
2282	917	MoveCommand { Actor = chr_01M38R7216X4HHDN91G4JV2AC2, Intent = MoveIntent { DirXPermille = -906, DirZPermille = -422, Gait = Run, FacingMdeg = 245024, IsMoving = True } }
2283	918	MoveCommand { Actor = chr_01M38R7216X4HHDN91G4JV2AC2, Intent = MoveIntent { DirXPermille = -907, DirZPermille = -422, Gait = Run, FacingMdeg = 245032, IsMoving = True } }
2284	919	MoveCommand { Actor = chr_01M38R7216X4HHDN91G4JV2AC2, Intent = MoveIntent { DirXPermille = -906, DirZPermille = -422, Gait = Run, FacingMdeg = 245023, IsMoving = True } }
2285	920	MoveCommand { Actor = chr_01M38R7216X4HHDN91G4JV2AC2, Intent = MoveIntent { DirXPermille = -907, DirZPermille = -422, Gait = Run, FacingMdeg = 245031, IsMoving = True } }
2286	921	MoveCommand { Actor = chr_01M38R7216X4HHDN91G4JV2AC2, Intent = MoveIntent { DirXPermille = -906, DirZPermille = -422, Gait = Run, FacingMdeg = 245021, IsMoving = True } }
2287	922	MoveCommand { Actor = chr_01M38R7216X4HHDN91G4JV2AC2, Intent = MoveIntent { DirXPermille = -907, DirZPermille = -422, Gait = Run, FacingMdeg = 245031, IsMoving = True } }
2288	923	MoveCommand { Actor = chr_01M38R7216X4HHDN91G4JV2AC2, Intent = MoveIntent { DirXPermille = -906, DirZPermille = -422, Gait = Run, FacingMdeg = 245019, IsMoving = True } }
2289	924	MoveCommand { Actor = chr_01M38R7216X4HHDN91G4JV2AC2, Intent = MoveIntent { DirXPermille = -907, DirZPermille = -422, Gait = Run, FacingMdeg = 245030, IsMoving = True } }
2290	925	MoveCommand { Actor = chr_01M38R7216X4HHDN91G4JV2AC2, Intent = MoveIntent { DirXPermille = -906, DirZPermille = -422, Gait = Run, FacingMdeg = 245016, IsMoving = True } }
2291	926	MoveCommand { Actor = chr_01M38R7216X4HHDN91G4JV2AC2, Intent = MoveIntent { DirXPermille = -907, DirZPermille = -422, Gait = Run, FacingMdeg = 245028, IsMoving = True } }
2292	927	MoveCommand { Actor = chr_01M38R7216X4HHDN91G4JV2AC2, Intent = MoveIntent { DirXPermille = -906, DirZPermille = -422, Gait = Run, FacingMdeg = 245012, IsMoving = True } }
2293	928	MoveCommand { Actor = chr_01M38R7216X4HHDN91G4JV2AC2, Intent = MoveIntent { DirXPermille = -907, DirZPermille = -422, Gait = Run, FacingMdeg = 245027, IsMoving = True } }
2294	929	MoveCommand { Actor = chr_01M38R7216X4HHDN91G4JV2AC2, Intent = MoveIntent { DirXPermille = -906, DirZPermille = -423, Gait = Run, FacingMdeg = 245006, IsMoving = True } }
2295	930	MoveCommand { Actor = chr_01M38R7216X4HHDN91G4JV2AC2, Intent = MoveIntent { DirXPermille = -906, DirZPermille = -422, Gait = Run, FacingMdeg = 245024, IsMoving = True } }
2296	931	MoveCommand { Actor = chr_01M38R7216X4HHDN91G4JV2AC2, Intent = MoveIntent { DirXPermille = -907, DirZPermille = -422, Gait = Run, FacingMdeg = 245047, IsMoving = True } }
2297	932	MoveCommand { Actor = chr_01M38R7216X4HHDN91G4JV2AC2, Intent = MoveIntent { DirXPermille = -906, DirZPermille = -422, Gait = Run, FacingMdeg = 245019, IsMoving = True } }
2298	933	MoveCommand { Actor = chr_01M38R7216X4HHDN91G4JV2AC2, Intent = MoveIntent { DirXPermille = -907, DirZPermille = -422, Gait = Run, FacingMdeg = 245051, IsMoving = True } }
2299	934	MoveCommand { Actor = chr_01M38R7216X4HHDN91G4JV2AC2, Intent = MoveIntent { DirXPermille = -906, DirZPermille = -422, Gait = Run, FacingMdeg = 245008, IsMoving = True } }
2301	935	MoveCommand { Actor = chr_01M38R7216X4HHDN91G4JV2AC2, Intent = MoveIntent { DirXPermille = 0, DirZPermille = 0, Gait = Run, FacingMdeg = 245008, IsMoving = False } }
2308	936	MoveCommand { Actor = chr_01M38R7216X4HHDN91G4JV2AC2, Intent = MoveIntent { DirXPermille = -369, DirZPermille = -930, Gait = Run, FacingMdeg = 201635, IsMoving = True } }
2319	937	MoveCommand { Actor = chr_01M38R7216X4HHDN91G4JV2AC2, Intent = MoveIntent { DirXPermille = -369, DirZPermille = -929, Gait = Run, FacingMdeg = 201644, IsMoving = True } }
2341	938	MoveCommand { Actor = chr_01M38R7216X4HHDN91G4JV2AC2, Intent = MoveIntent { DirXPermille = -370, DirZPermille = -929, Gait = Run, FacingMdeg = 201686, IsMoving = True } }
2350	939	MoveCommand { Actor = chr_01M38R7216X4HHDN91G4JV2AC2, Intent = MoveIntent { DirXPermille = -371, DirZPermille = -929, Gait = Run, FacingMdeg = 201748, IsMoving = True } }
2354	940	MoveCommand { Actor = chr_01M38R7216X4HHDN91G4JV2AC2, Intent = MoveIntent { DirXPermille = -372, DirZPermille = -928, Gait = Run, FacingMdeg = 201817, IsMoving = True } }
2355	941	MoveCommand { Actor = chr_01M38R7216X4HHDN91G4JV2AC2, Intent = MoveIntent { DirXPermille = -371, DirZPermille = -929, Gait = Run, FacingMdeg = 201783, IsMoving = True } }
2356	942	MoveCommand { Actor = chr_01M38R7216X4HHDN91G4JV2AC2, Intent = MoveIntent { DirXPermille = -372, DirZPermille = -928, Gait = Run, FacingMdeg = 201812, IsMoving = True } }
2357	943	MoveCommand { Actor = chr_01M38R7216X4HHDN91G4JV2AC2, Intent = MoveIntent { DirXPermille = -371, DirZPermille = -929, Gait = Run, FacingMdeg = 201764, IsMoving = True } }
2358	944	MoveCommand { Actor = chr_01M38R7216X4HHDN91G4JV2AC2, Intent = MoveIntent { DirXPermille = -371, DirZPermille = -928, Gait = Run, FacingMdeg = 201801, IsMoving = True } }
2359	945	MoveCommand { Actor = chr_01M38R7216X4HHDN91G4JV2AC2, Intent = MoveIntent { DirXPermille = -372, DirZPermille = -928, Gait = Run, FacingMdeg = 201821, IsMoving = True } }
2360	946	MoveCommand { Actor = chr_01M38R7216X4HHDN91G4JV2AC2, Intent = MoveIntent { DirXPermille = -370, DirZPermille = -929, Gait = Run, FacingMdeg = 201718, IsMoving = True } }
2361	947	MoveCommand { Actor = chr_01M38R7216X4HHDN91G4JV2AC2, Intent = MoveIntent { DirXPermille = -371, DirZPermille = -928, Gait = Run, FacingMdeg = 201801, IsMoving = True } }
2363	948	MoveCommand { Actor = chr_01M38R7216X4HHDN91G4JV2AC2, Intent = MoveIntent { DirXPermille = -351, DirZPermille = -936, Gait = Run, FacingMdeg = 200550, IsMoving = True } }
2392	949	MoveCommand { Actor = chr_01M38R7216X4HHDN91G4JV2AC2, Intent = MoveIntent { DirXPermille = -352, DirZPermille = -936, Gait = Run, FacingMdeg = 200579, IsMoving = True } }
2420	950	MoveCommand { Actor = chr_01M38R7216X4HHDN91G4JV2AC2, Intent = MoveIntent { DirXPermille = -353, DirZPermille = -936, Gait = Run, FacingMdeg = 200640, IsMoving = True } }
2432	951	MoveCommand { Actor = chr_01M38R7216X4HHDN91G4JV2AC2, Intent = MoveIntent { DirXPermille = -353, DirZPermille = -935, Gait = Run, FacingMdeg = 200695, IsMoving = True } }
2434	952	MoveCommand { Actor = chr_01M38R7216X4HHDN91G4JV2AC2, Intent = MoveIntent { DirXPermille = -354, DirZPermille = -935, Gait = Run, FacingMdeg = 200708, IsMoving = True } }
2436	953	MoveCommand { Actor = chr_01M38R7216X4HHDN91G4JV2AC2, Intent = MoveIntent { DirXPermille = -353, DirZPermille = -935, Gait = Run, FacingMdeg = 200702, IsMoving = True } }
2437	954	MoveCommand { Actor = chr_01M38R7216X4HHDN91G4JV2AC2, Intent = MoveIntent { DirXPermille = -354, DirZPermille = -935, Gait = Run, FacingMdeg = 200709, IsMoving = True } }
2440	955	MoveCommand { Actor = chr_01M38R7216X4HHDN91G4JV2AC2, Intent = MoveIntent { DirXPermille = -353, DirZPermille = -935, Gait = Run, FacingMdeg = 200699, IsMoving = True } }
2441	956	MoveCommand { Actor = chr_01M38R7216X4HHDN91G4JV2AC2, Intent = MoveIntent { DirXPermille = -354, DirZPermille = -935, Gait = Run, FacingMdeg = 200707, IsMoving = True } }
2443	957	MoveCommand { Actor = chr_01M38R7216X4HHDN91G4JV2AC2, Intent = MoveIntent { DirXPermille = -353, DirZPermille = -935, Gait = Run, FacingMdeg = 200699, IsMoving = True } }
2444	958	MoveCommand { Actor = chr_01M38R7216X4HHDN91G4JV2AC2, Intent = MoveIntent { DirXPermille = -354, DirZPermille = -935, Gait = Run, FacingMdeg = 200708, IsMoving = True } }
2446	959	MoveCommand { Actor = chr_01M38R7216X4HHDN91G4JV2AC2, Intent = MoveIntent { DirXPermille = -353, DirZPermille = -935, Gait = Run, FacingMdeg = 200699, IsMoving = True } }
2447	960	MoveCommand { Actor = chr_01M38R7216X4HHDN91G4JV2AC2, Intent = MoveIntent { DirXPermille = -354, DirZPermille = -935, Gait = Run, FacingMdeg = 200710, IsMoving = True } }
2449	961	MoveCommand { Actor = chr_01M38R7216X4HHDN91G4JV2AC2, Intent = MoveIntent { DirXPermille = -353, DirZPermille = -935, Gait = Run, FacingMdeg = 200700, IsMoving = True } }
2450	962	MoveCommand { Actor = chr_01M38R7216X4HHDN91G4JV2AC2, Intent = MoveIntent { DirXPermille = -354, DirZPermille = -935, Gait = Run, FacingMdeg = 200712, IsMoving = True } }
2452	963	MoveCommand { Actor = chr_01M38R7216X4HHDN91G4JV2AC2, Intent = MoveIntent { DirXPermille = -353, DirZPermille = -935, Gait = Run, FacingMdeg = 200701, IsMoving = True } }
2453	964	MoveCommand { Actor = chr_01M38R7216X4HHDN91G4JV2AC2, Intent = MoveIntent { DirXPermille = -354, DirZPermille = -935, Gait = Run, FacingMdeg = 200715, IsMoving = True } }
2456	965	MoveCommand { Actor = chr_01M38R7216X4HHDN91G4JV2AC2, Intent = MoveIntent { DirXPermille = -353, DirZPermille = -935, Gait = Run, FacingMdeg = 200694, IsMoving = True } }
2457	966	MoveCommand { Actor = chr_01M38R7216X4HHDN91G4JV2AC2, Intent = MoveIntent { DirXPermille = -354, DirZPermille = -935, Gait = Run, FacingMdeg = 200712, IsMoving = True } }
2459	967	MoveCommand { Actor = chr_01M38R7216X4HHDN91G4JV2AC2, Intent = MoveIntent { DirXPermille = -353, DirZPermille = -935, Gait = Run, FacingMdeg = 200693, IsMoving = True } }
2460	968	MoveCommand { Actor = chr_01M38R7216X4HHDN91G4JV2AC2, Intent = MoveIntent { DirXPermille = -354, DirZPermille = -935, Gait = Run, FacingMdeg = 200718, IsMoving = True } }
2462	969	MoveCommand { Actor = chr_01M38R7216X4HHDN91G4JV2AC2, Intent = MoveIntent { DirXPermille = -353, DirZPermille = -935, Gait = Run, FacingMdeg = 200692, IsMoving = True } }
2463	970	MoveCommand { Actor = chr_01M38R7216X4HHDN91G4JV2AC2, Intent = MoveIntent { DirXPermille = -354, DirZPermille = -935, Gait = Run, FacingMdeg = 200729, IsMoving = True } }
2465	971	MoveCommand { Actor = chr_01M38R7216X4HHDN91G4JV2AC2, Intent = MoveIntent { DirXPermille = -353, DirZPermille = -936, Gait = Run, FacingMdeg = 200690, IsMoving = True } }
2466	972	MoveCommand { Actor = chr_01M38R7216X4HHDN91G4JV2AC2, Intent = MoveIntent { DirXPermille = -354, DirZPermille = -935, Gait = Run, FacingMdeg = 200761, IsMoving = True } }
2469	973	MoveCommand { Actor = chr_01M38R7216X4HHDN91G4JV2AC2, Intent = MoveIntent { DirXPermille = -447, DirZPermille = -894, Gait = Run, FacingMdeg = 206559, IsMoving = True } }
2471	974	MoveCommand { Actor = chr_01M38R7216X4HHDN91G4JV2AC2, Intent = MoveIntent { DirXPermille = -447, DirZPermille = -895, Gait = Run, FacingMdeg = 206555, IsMoving = True } }
2472	975	MoveCommand { Actor = chr_01M38R7216X4HHDN91G4JV2AC2, Intent = MoveIntent { DirXPermille = -447, DirZPermille = -894, Gait = Run, FacingMdeg = 206557, IsMoving = True } }
2473	976	MoveCommand { Actor = chr_01M38R7216X4HHDN91G4JV2AC2, Intent = MoveIntent { DirXPermille = -447, DirZPermille = -895, Gait = Run, FacingMdeg = 206555, IsMoving = True } }
2474	977	MoveCommand { Actor = chr_01M38R7216X4HHDN91G4JV2AC2, Intent = MoveIntent { DirXPermille = -447, DirZPermille = -894, Gait = Run, FacingMdeg = 206557, IsMoving = True } }
2475	978	MoveCommand { Actor = chr_01M38R7216X4HHDN91G4JV2AC2, Intent = MoveIntent { DirXPermille = -447, DirZPermille = -895, Gait = Run, FacingMdeg = 206555, IsMoving = True } }
2476	979	MoveCommand { Actor = chr_01M38R7216X4HHDN91G4JV2AC2, Intent = MoveIntent { DirXPermille = -447, DirZPermille = -894, Gait = Run, FacingMdeg = 206557, IsMoving = True } }
2477	980	MoveCommand { Actor = chr_01M38R7216X4HHDN91G4JV2AC2, Intent = MoveIntent { DirXPermille = -447, DirZPermille = -895, Gait = Run, FacingMdeg = 206554, IsMoving = True } }
2478	981	MoveCommand { Actor = chr_01M38R7216X4HHDN91G4JV2AC2, Intent = MoveIntent { DirXPermille = -447, DirZPermille = -894, Gait = Run, FacingMdeg = 206556, IsMoving = True } }
2479	982	MoveCommand { Actor = chr_01M38R7216X4HHDN91G4JV2AC2, Intent = MoveIntent { DirXPermille = -447, DirZPermille = -895, Gait = Run, FacingMdeg = 206554, IsMoving = True } }
2480	983	MoveCommand { Actor = chr_01M38R7216X4HHDN91G4JV2AC2, Intent = MoveIntent { DirXPermille = -447, DirZPermille = -894, Gait = Run, FacingMdeg = 206556, IsMoving = True } }
2481	984	MoveCommand { Actor = chr_01M38R7216X4HHDN91G4JV2AC2, Intent = MoveIntent { DirXPermille = -447, DirZPermille = -895, Gait = Run, FacingMdeg = 206554, IsMoving = True } }
2482	985	MoveCommand { Actor = chr_01M38R7216X4HHDN91G4JV2AC2, Intent = MoveIntent { DirXPermille = -447, DirZPermille = -894, Gait = Run, FacingMdeg = 206556, IsMoving = True } }
2483	986	MoveCommand { Actor = chr_01M38R7216X4HHDN91G4JV2AC2, Intent = MoveIntent { DirXPermille = -447, DirZPermille = -895, Gait = Run, FacingMdeg = 206554, IsMoving = True } }
2484	987	MoveCommand { Actor = chr_01M38R7216X4HHDN91G4JV2AC2, Intent = MoveIntent { DirXPermille = -447, DirZPermille = -894, Gait = Run, FacingMdeg = 206556, IsMoving = True } }
2485	988	MoveCommand { Actor = chr_01M38R7216X4HHDN91G4JV2AC2, Intent = MoveIntent { DirXPermille = -447, DirZPermille = -895, Gait = Run, FacingMdeg = 206553, IsMoving = True } }
2487	989	MoveCommand { Actor = chr_01M38R7216X4HHDN91G4JV2AC2, Intent = MoveIntent { DirXPermille = -447, DirZPermille = -894, Gait = Run, FacingMdeg = 206558, IsMoving = True } }
2488	990	MoveCommand { Actor = chr_01M38R7216X4HHDN91G4JV2AC2, Intent = MoveIntent { DirXPermille = -447, DirZPermille = -895, Gait = Run, FacingMdeg = 206555, IsMoving = True } }
2489	991	MoveCommand { Actor = chr_01M38R7216X4HHDN91G4JV2AC2, Intent = MoveIntent { DirXPermille = -447, DirZPermille = -894, Gait = Run, FacingMdeg = 206558, IsMoving = True } }
2490	992	MoveCommand { Actor = chr_01M38R7216X4HHDN91G4JV2AC2, Intent = MoveIntent { DirXPermille = -447, DirZPermille = -895, Gait = Run, FacingMdeg = 206555, IsMoving = True } }
2491	993	MoveCommand { Actor = chr_01M38R7216X4HHDN91G4JV2AC2, Intent = MoveIntent { DirXPermille = -447, DirZPermille = -894, Gait = Run, FacingMdeg = 206557, IsMoving = True } }
2492	994	MoveCommand { Actor = chr_01M38R7216X4HHDN91G4JV2AC2, Intent = MoveIntent { DirXPermille = -447, DirZPermille = -895, Gait = Run, FacingMdeg = 206555, IsMoving = True } }
2493	995	MoveCommand { Actor = chr_01M38R7216X4HHDN91G4JV2AC2, Intent = MoveIntent { DirXPermille = -447, DirZPermille = -894, Gait = Run, FacingMdeg = 206557, IsMoving = True } }
2494	996	MoveCommand { Actor = chr_01M38R7216X4HHDN91G4JV2AC2, Intent = MoveIntent { DirXPermille = -447, DirZPermille = -895, Gait = Run, FacingMdeg = 206554, IsMoving = True } }
2495	997	MoveCommand { Actor = chr_01M38R7216X4HHDN91G4JV2AC2, Intent = MoveIntent { DirXPermille = -447, DirZPermille = -894, Gait = Run, FacingMdeg = 206557, IsMoving = True } }
2496	998	MoveCommand { Actor = chr_01M38R7216X4HHDN91G4JV2AC2, Intent = MoveIntent { DirXPermille = -447, DirZPermille = -895, Gait = Run, FacingMdeg = 206554, IsMoving = True } }
2497	999	MoveCommand { Actor = chr_01M38R7216X4HHDN91G4JV2AC2, Intent = MoveIntent { DirXPermille = -447, DirZPermille = -894, Gait = Run, FacingMdeg = 206556, IsMoving = True } }
2498	1000	MoveCommand { Actor = chr_01M38R7216X4HHDN91G4JV2AC2, Intent = MoveIntent { DirXPermille = -447, DirZPermille = -895, Gait = Run, FacingMdeg = 206553, IsMoving = True } }
2499	1001	MoveCommand { Actor = chr_01M38R7216X4HHDN91G4JV2AC2, Intent = MoveIntent { DirXPermille = -447, DirZPermille = -894, Gait = Run, FacingMdeg = 206556, IsMoving = True } }
2500	1002	MoveCommand { Actor = chr_01M38R7216X4HHDN91G4JV2AC2, Intent = MoveIntent { DirXPermille = -447, DirZPermille = -895, Gait = Run, FacingMdeg = 206553, IsMoving = True } }
2501	1003	MoveCommand { Actor = chr_01M38R7216X4HHDN91G4JV2AC2, Intent = MoveIntent { DirXPermille = -447, DirZPermille = -894, Gait = Run, FacingMdeg = 206556, IsMoving = True } }
2502	1004	MoveCommand { Actor = chr_01M38R7216X4HHDN91G4JV2AC2, Intent = MoveIntent { DirXPermille = -447, DirZPermille = -895, Gait = Run, FacingMdeg = 206552, IsMoving = True } }
2504	1005	MoveCommand { Actor = chr_01M38R7216X4HHDN91G4JV2AC2, Intent = MoveIntent { DirXPermille = -447, DirZPermille = -894, Gait = Run, FacingMdeg = 206558, IsMoving = True } }
2505	1006	MoveCommand { Actor = chr_01M38R7216X4HHDN91G4JV2AC2, Intent = MoveIntent { DirXPermille = -447, DirZPermille = -895, Gait = Run, FacingMdeg = 206555, IsMoving = True } }
2506	1007	MoveCommand { Actor = chr_01M38R7216X4HHDN91G4JV2AC2, Intent = MoveIntent { DirXPermille = -447, DirZPermille = -894, Gait = Run, FacingMdeg = 206558, IsMoving = True } }
2507	1008	MoveCommand { Actor = chr_01M38R7216X4HHDN91G4JV2AC2, Intent = MoveIntent { DirXPermille = -447, DirZPermille = -895, Gait = Run, FacingMdeg = 206555, IsMoving = True } }
2508	1009	MoveCommand { Actor = chr_01M38R7216X4HHDN91G4JV2AC2, Intent = MoveIntent { DirXPermille = -447, DirZPermille = -894, Gait = Run, FacingMdeg = 206558, IsMoving = True } }
2509	1010	MoveCommand { Actor = chr_01M38R7216X4HHDN91G4JV2AC2, Intent = MoveIntent { DirXPermille = -447, DirZPermille = -895, Gait = Run, FacingMdeg = 206554, IsMoving = True } }
2510	1011	MoveCommand { Actor = chr_01M38R7216X4HHDN91G4JV2AC2, Intent = MoveIntent { DirXPermille = -447, DirZPermille = -894, Gait = Run, FacingMdeg = 206558, IsMoving = True } }
2511	1012	MoveCommand { Actor = chr_01M38R7216X4HHDN91G4JV2AC2, Intent = MoveIntent { DirXPermille = -447, DirZPermille = -895, Gait = Run, FacingMdeg = 206554, IsMoving = True } }
2512	1013	MoveCommand { Actor = chr_01M38R7216X4HHDN91G4JV2AC2, Intent = MoveIntent { DirXPermille = -447, DirZPermille = -894, Gait = Run, FacingMdeg = 206557, IsMoving = True } }
2513	1014	MoveCommand { Actor = chr_01M38R7216X4HHDN91G4JV2AC2, Intent = MoveIntent { DirXPermille = -447, DirZPermille = -895, Gait = Run, FacingMdeg = 206553, IsMoving = True } }
2514	1015	MoveCommand { Actor = chr_01M38R7216X4HHDN91G4JV2AC2, Intent = MoveIntent { DirXPermille = -447, DirZPermille = -894, Gait = Run, FacingMdeg = 206557, IsMoving = True } }
2515	1016	MoveCommand { Actor = chr_01M38R7216X4HHDN91G4JV2AC2, Intent = MoveIntent { DirXPermille = -447, DirZPermille = -895, Gait = Run, FacingMdeg = 206552, IsMoving = True } }
2516	1017	MoveCommand { Actor = chr_01M38R7216X4HHDN91G4JV2AC2, Intent = MoveIntent { DirXPermille = -447, DirZPermille = -894, Gait = Run, FacingMdeg = 206556, IsMoving = True } }
2517	1018	MoveCommand { Actor = chr_01M38R7216X4HHDN91G4JV2AC2, Intent = MoveIntent { DirXPermille = -447, DirZPermille = -895, Gait = Run, FacingMdeg = 206552, IsMoving = True } }
2518	1019	MoveCommand { Actor = chr_01M38R7216X4HHDN91G4JV2AC2, Intent = MoveIntent { DirXPermille = -447, DirZPermille = -894, Gait = Run, FacingMdeg = 206556, IsMoving = True } }
2519	1020	MoveCommand { Actor = chr_01M38R7216X4HHDN91G4JV2AC2, Intent = MoveIntent { DirXPermille = -447, DirZPermille = -895, Gait = Run, FacingMdeg = 206551, IsMoving = True } }
2521	1021	MoveCommand { Actor = chr_01M38R7216X4HHDN91G4JV2AC2, Intent = MoveIntent { DirXPermille = -447, DirZPermille = -894, Gait = Run, FacingMdeg = 206560, IsMoving = True } }
2522	1022	MoveCommand { Actor = chr_01M38R7216X4HHDN91G4JV2AC2, Intent = MoveIntent { DirXPermille = -447, DirZPermille = -895, Gait = Run, FacingMdeg = 206555, IsMoving = True } }
2523	1023	MoveCommand { Actor = chr_01M38R7216X4HHDN91G4JV2AC2, Intent = MoveIntent { DirXPermille = -447, DirZPermille = -894, Gait = Run, FacingMdeg = 206560, IsMoving = True } }
2524	1024	MoveCommand { Actor = chr_01M38R7216X4HHDN91G4JV2AC2, Intent = MoveIntent { DirXPermille = -447, DirZPermille = -895, Gait = Run, FacingMdeg = 206554, IsMoving = True } }
2525	1025	MoveCommand { Actor = chr_01M38R7216X4HHDN91G4JV2AC2, Intent = MoveIntent { DirXPermille = -447, DirZPermille = -894, Gait = Run, FacingMdeg = 206559, IsMoving = True } }
2526	1026	MoveCommand { Actor = chr_01M38R7216X4HHDN91G4JV2AC2, Intent = MoveIntent { DirXPermille = -447, DirZPermille = -895, Gait = Run, FacingMdeg = 206553, IsMoving = True } }
2527	1027	MoveCommand { Actor = chr_01M38R7216X4HHDN91G4JV2AC2, Intent = MoveIntent { DirXPermille = -447, DirZPermille = -894, Gait = Run, FacingMdeg = 206559, IsMoving = True } }
2528	1028	MoveCommand { Actor = chr_01M38R7216X4HHDN91G4JV2AC2, Intent = MoveIntent { DirXPermille = -447, DirZPermille = -895, Gait = Run, FacingMdeg = 206552, IsMoving = True } }
2529	1029	MoveCommand { Actor = chr_01M38R7216X4HHDN91G4JV2AC2, Intent = MoveIntent { DirXPermille = -447, DirZPermille = -894, Gait = Run, FacingMdeg = 206558, IsMoving = True } }
2530	1030	MoveCommand { Actor = chr_01M38R7216X4HHDN91G4JV2AC2, Intent = MoveIntent { DirXPermille = -447, DirZPermille = -895, Gait = Run, FacingMdeg = 206551, IsMoving = True } }
2531	1031	MoveCommand { Actor = chr_01M38R7216X4HHDN91G4JV2AC2, Intent = MoveIntent { DirXPermille = -447, DirZPermille = -894, Gait = Run, FacingMdeg = 206558, IsMoving = True } }
2532	1032	MoveCommand { Actor = chr_01M38R7216X4HHDN91G4JV2AC2, Intent = MoveIntent { DirXPermille = -447, DirZPermille = -895, Gait = Run, FacingMdeg = 206550, IsMoving = True } }
2533	1033	MoveCommand { Actor = chr_01M38R7216X4HHDN91G4JV2AC2, Intent = MoveIntent { DirXPermille = -447, DirZPermille = -894, Gait = Run, FacingMdeg = 206557, IsMoving = True } }
2534	1034	MoveCommand { Actor = chr_01M38R7216X4HHDN91G4JV2AC2, Intent = MoveIntent { DirXPermille = -447, DirZPermille = -895, Gait = Run, FacingMdeg = 206548, IsMoving = True } }
2535	1035	MoveCommand { Actor = chr_01M38R7216X4HHDN91G4JV2AC2, Intent = MoveIntent { DirXPermille = -447, DirZPermille = -894, Gait = Run, FacingMdeg = 206556, IsMoving = True } }
2536	1036	MoveCommand { Actor = chr_01M38R7216X4HHDN91G4JV2AC2, Intent = MoveIntent { DirXPermille = -447, DirZPermille = -895, Gait = Run, FacingMdeg = 206546, IsMoving = True } }
2538	1037	MoveCommand { Actor = chr_01M38R7216X4HHDN91G4JV2AC2, Intent = MoveIntent { DirXPermille = -447, DirZPermille = -894, Gait = Run, FacingMdeg = 206565, IsMoving = True } }
2539	1038	MoveCommand { Actor = chr_01M38R7216X4HHDN91G4JV2AC2, Intent = MoveIntent { DirXPermille = -447, DirZPermille = -895, Gait = Run, FacingMdeg = 206554, IsMoving = True } }
2540	1039	MoveCommand { Actor = chr_01M38R7216X4HHDN91G4JV2AC2, Intent = MoveIntent { DirXPermille = -447, DirZPermille = -894, Gait = Run, FacingMdeg = 206565, IsMoving = True } }
2541	1040	MoveCommand { Actor = chr_01M38R7216X4HHDN91G4JV2AC2, Intent = MoveIntent { DirXPermille = -447, DirZPermille = -895, Gait = Run, FacingMdeg = 206552, IsMoving = True } }
2542	1041	MoveCommand { Actor = chr_01M38R7216X4HHDN91G4JV2AC2, Intent = MoveIntent { DirXPermille = -447, DirZPermille = -894, Gait = Run, FacingMdeg = 206565, IsMoving = True } }
2543	1042	MoveCommand { Actor = chr_01M38R7216X4HHDN91G4JV2AC2, Intent = MoveIntent { DirXPermille = -447, DirZPermille = -895, Gait = Run, FacingMdeg = 206549, IsMoving = True } }
2544	1043	MoveCommand { Actor = chr_01M38R7216X4HHDN91G4JV2AC2, Intent = MoveIntent { DirXPermille = -447, DirZPermille = -894, Gait = Run, FacingMdeg = 206565, IsMoving = True } }
2545	1044	MoveCommand { Actor = chr_01M38R7216X4HHDN91G4JV2AC2, Intent = MoveIntent { DirXPermille = -447, DirZPermille = -895, Gait = Run, FacingMdeg = 206545, IsMoving = True } }
2546	1045	MoveCommand { Actor = chr_01M38R7216X4HHDN91G4JV2AC2, Intent = MoveIntent { DirXPermille = -447, DirZPermille = -894, Gait = Run, FacingMdeg = 206565, IsMoving = True } }
2547	1046	MoveCommand { Actor = chr_01M38R7216X4HHDN91G4JV2AC2, Intent = MoveIntent { DirXPermille = -447, DirZPermille = -895, Gait = Run, FacingMdeg = 206538, IsMoving = True } }
2548	1047	MoveCommand { Actor = chr_01M38R7216X4HHDN91G4JV2AC2, Intent = MoveIntent { DirXPermille = -447, DirZPermille = -894, Gait = Run, FacingMdeg = 206565, IsMoving = True } }
2549	1048	MoveCommand { Actor = chr_01M38R7216X4HHDN91G4JV2AC2, Intent = MoveIntent { DirXPermille = -447, DirZPermille = -895, Gait = Run, FacingMdeg = 206525, IsMoving = True } }
2550	1049	MoveCommand { Actor = chr_01M38R7216X4HHDN91G4JV2AC2, Intent = MoveIntent { DirXPermille = -447, DirZPermille = -894, Gait = Run, FacingMdeg = 206565, IsMoving = True } }
2551	1050	MoveCommand { Actor = chr_01M38R7216X4HHDN91G4JV2AC2, Intent = MoveIntent { DirXPermille = -446, DirZPermille = -895, Gait = Run, FacingMdeg = 206484, IsMoving = True } }
2553	1051	MoveCommand { Actor = chr_01M38R7216X4HHDN91G4JV2AC2, Intent = MoveIntent { DirXPermille = -707, DirZPermille = -707, Gait = Run, FacingMdeg = 225007, IsMoving = True } }
2608	1052	MoveCommand { Actor = chr_01M38R7216X4HHDN91G4JV2AC2, Intent = MoveIntent { DirXPermille = -708, DirZPermille = -707, Gait = Run, FacingMdeg = 225032, IsMoving = True } }
2614	1053	MoveCommand { Actor = chr_01M38R7216X4HHDN91G4JV2AC2, Intent = MoveIntent { DirXPermille = -708, DirZPermille = -706, Gait = Run, FacingMdeg = 225052, IsMoving = True } }
2620	1054	MoveCommand { Actor = chr_01M38R7216X4HHDN91G4JV2AC2, Intent = MoveIntent { DirXPermille = -709, DirZPermille = -705, Gait = Run, FacingMdeg = 225134, IsMoving = True } }
2622	1055	MoveCommand { Actor = chr_01M38R7216X4HHDN91G4JV2AC2, Intent = MoveIntent { DirXPermille = -711, DirZPermille = -704, Gait = Run, FacingMdeg = 225285, IsMoving = True } }
2624	1056	MoveCommand { Actor = chr_01M38R7216X4HHDN91G4JV2AC2, Intent = MoveIntent { DirXPermille = -707, DirZPermille = -707, Gait = Run, FacingMdeg = 225000, IsMoving = True } }
2677	1057	MoveCommand { Actor = chr_01M38R7216X4HHDN91G4JV2AC2, Intent = MoveIntent { DirXPermille = -873, DirZPermille = -487, Gait = Run, FacingMdeg = 240845, IsMoving = True } }
2697	1058	MoveCommand { Actor = chr_01M38R7216X4HHDN91G4JV2AC2, Intent = MoveIntent { DirXPermille = -873, DirZPermille = -488, Gait = Run, FacingMdeg = 240823, IsMoving = True } }
2711	1059	MoveCommand { Actor = chr_01M38R7216X4HHDN91G4JV2AC2, Intent = MoveIntent { DirXPermille = -882, DirZPermille = -472, Gait = Run, FacingMdeg = 241848, IsMoving = True } }
2712	1060	MoveCommand { Actor = chr_01M38R7216X4HHDN91G4JV2AC2, Intent = MoveIntent { DirXPermille = -894, DirZPermille = -447, Gait = Run, FacingMdeg = 243423, IsMoving = True } }
2713	1061	MoveCommand { Actor = chr_01M38R7216X4HHDN91G4JV2AC2, Intent = MoveIntent { DirXPermille = -905, DirZPermille = -425, Gait = Run, FacingMdeg = 244864, IsMoving = True } }
2714	1062	MoveCommand { Actor = chr_01M38R7216X4HHDN91G4JV2AC2, Intent = MoveIntent { DirXPermille = -914, DirZPermille = -405, Gait = Run, FacingMdeg = 246117, IsMoving = True } }
2715	1063	MoveCommand { Actor = chr_01M38R7216X4HHDN91G4JV2AC2, Intent = MoveIntent { DirXPermille = -921, DirZPermille = -389, Gait = Run, FacingMdeg = 247114, IsMoving = True } }
2716	1064	MoveCommand { Actor = chr_01M38R7216X4HHDN91G4JV2AC2, Intent = MoveIntent { DirXPermille = -925, DirZPermille = -379, Gait = Run, FacingMdeg = 247706, IsMoving = True } }
2717	1065	MoveCommand { Actor = chr_01M38R7216X4HHDN91G4JV2AC2, Intent = MoveIntent { DirXPermille = -926, DirZPermille = -378, Gait = Run, FacingMdeg = 247769, IsMoving = True } }
2718	1066	MoveCommand { Actor = chr_01M38R7216X4HHDN91G4JV2AC2, Intent = MoveIntent { DirXPermille = -926, DirZPermille = -379, Gait = Run, FacingMdeg = 247749, IsMoving = True } }
2719	1067	MoveCommand { Actor = chr_01M38R7216X4HHDN91G4JV2AC2, Intent = MoveIntent { DirXPermille = -926, DirZPermille = -378, Gait = Run, FacingMdeg = 247770, IsMoving = True } }
2720	1068	MoveCommand { Actor = chr_01M38R7216X4HHDN91G4JV2AC2, Intent = MoveIntent { DirXPermille = -925, DirZPermille = -379, Gait = Run, FacingMdeg = 247743, IsMoving = True } }
2721	1069	MoveCommand { Actor = chr_01M38R7216X4HHDN91G4JV2AC2, Intent = MoveIntent { DirXPermille = -926, DirZPermille = -378, Gait = Run, FacingMdeg = 247772, IsMoving = True } }
2722	1070	MoveCommand { Actor = chr_01M38R7216X4HHDN91G4JV2AC2, Intent = MoveIntent { DirXPermille = -925, DirZPermille = -379, Gait = Run, FacingMdeg = 247732, IsMoving = True } }
2723	1071	MoveCommand { Actor = chr_01M38R7216X4HHDN91G4JV2AC2, Intent = MoveIntent { DirXPermille = -926, DirZPermille = -378, Gait = Run, FacingMdeg = 247776, IsMoving = True } }
2724	1072	MoveCommand { Actor = chr_01M38R7216X4HHDN91G4JV2AC2, Intent = MoveIntent { DirXPermille = -925, DirZPermille = -379, Gait = Run, FacingMdeg = 247698, IsMoving = True } }
2726	1073	MoveCommand { Actor = chr_01M38R7216X4HHDN91G4JV2AC2, Intent = MoveIntent { DirXPermille = 0, DirZPermille = 0, Gait = Run, FacingMdeg = 247698, IsMoving = False } }
2726	1074	GatherCommand { Actor = chr_01M38R7216X4HHDN91G4JV2AC2, NodeKey = node.r_0_0:c_00_00.iron_seam.00 }
2734	1075	MoveCommand { Actor = chr_01M38R7216X4HHDN91G4JV2AC2, Intent = MoveIntent { DirXPermille = 873, DirZPermille = 488, Gait = Run, FacingMdeg = 60800, IsMoving = True } }
2740	1076	MoveCommand { Actor = chr_01M38R7216X4HHDN91G4JV2AC2, Intent = MoveIntent { DirXPermille = 872, DirZPermille = 490, Gait = Run, FacingMdeg = 60665, IsMoving = True } }
2741	1077	MoveCommand { Actor = chr_01M38R7216X4HHDN91G4JV2AC2, Intent = MoveIntent { DirXPermille = 867, DirZPermille = 498, Gait = Run, FacingMdeg = 60127, IsMoving = True } }
2742	1078	MoveCommand { Actor = chr_01M38R7216X4HHDN91G4JV2AC2, Intent = MoveIntent { DirXPermille = 863, DirZPermille = 505, Gait = Run, FacingMdeg = 59667, IsMoving = True } }
2743	1079	MoveCommand { Actor = chr_01M38R7216X4HHDN91G4JV2AC2, Intent = MoveIntent { DirXPermille = 860, DirZPermille = 510, Gait = Run, FacingMdeg = 59309, IsMoving = True } }
2744	1080	MoveCommand { Actor = chr_01M38R7216X4HHDN91G4JV2AC2, Intent = MoveIntent { DirXPermille = 858, DirZPermille = 514, Gait = Run, FacingMdeg = 59074, IsMoving = True } }
2745	1081	MoveCommand { Actor = chr_01M38R7216X4HHDN91G4JV2AC2, Intent = MoveIntent { DirXPermille = 857, DirZPermille = 515, Gait = Run, FacingMdeg = 58977, IsMoving = True } }
2748	1082	MoveCommand { Actor = chr_01M38R7216X4HHDN91G4JV2AC2, Intent = MoveIntent { DirXPermille = 857, DirZPermille = 516, Gait = Run, FacingMdeg = 58966, IsMoving = True } }
2749	1083	MoveCommand { Actor = chr_01M38R7216X4HHDN91G4JV2AC2, Intent = MoveIntent { DirXPermille = 857, DirZPermille = 515, Gait = Run, FacingMdeg = 58971, IsMoving = True } }
2750	1084	MoveCommand { Actor = chr_01M38R7216X4HHDN91G4JV2AC2, Intent = MoveIntent { DirXPermille = 857, DirZPermille = 516, Gait = Run, FacingMdeg = 58968, IsMoving = True } }
2751	1085	MoveCommand { Actor = chr_01M38R7216X4HHDN91G4JV2AC2, Intent = MoveIntent { DirXPermille = 857, DirZPermille = 515, Gait = Run, FacingMdeg = 58973, IsMoving = True } }
2752	1086	MoveCommand { Actor = chr_01M38R7216X4HHDN91G4JV2AC2, Intent = MoveIntent { DirXPermille = 857, DirZPermille = 516, Gait = Run, FacingMdeg = 58969, IsMoving = True } }
2753	1087	MoveCommand { Actor = chr_01M38R7216X4HHDN91G4JV2AC2, Intent = MoveIntent { DirXPermille = 857, DirZPermille = 515, Gait = Run, FacingMdeg = 58975, IsMoving = True } }
2755	1088	MoveCommand { Actor = chr_01M38R7216X4HHDN91G4JV2AC2, Intent = MoveIntent { DirXPermille = 857, DirZPermille = 516, Gait = Run, FacingMdeg = 58966, IsMoving = True } }
2756	1089	MoveCommand { Actor = chr_01M38R7216X4HHDN91G4JV2AC2, Intent = MoveIntent { DirXPermille = 857, DirZPermille = 515, Gait = Run, FacingMdeg = 58973, IsMoving = True } }
2757	1090	MoveCommand { Actor = chr_01M38R7216X4HHDN91G4JV2AC2, Intent = MoveIntent { DirXPermille = 857, DirZPermille = 516, Gait = Run, FacingMdeg = 58968, IsMoving = True } }
2758	1091	MoveCommand { Actor = chr_01M38R7216X4HHDN91G4JV2AC2, Intent = MoveIntent { DirXPermille = 857, DirZPermille = 515, Gait = Run, FacingMdeg = 58975, IsMoving = True } }
2760	1092	MoveCommand { Actor = chr_01M38R7216X4HHDN91G4JV2AC2, Intent = MoveIntent { DirXPermille = 857, DirZPermille = 516, Gait = Run, FacingMdeg = 58964, IsMoving = True } }
2761	1093	MoveCommand { Actor = chr_01M38R7216X4HHDN91G4JV2AC2, Intent = MoveIntent { DirXPermille = 857, DirZPermille = 515, Gait = Run, FacingMdeg = 58972, IsMoving = True } }
2762	1094	MoveCommand { Actor = chr_01M38R7216X4HHDN91G4JV2AC2, Intent = MoveIntent { DirXPermille = 857, DirZPermille = 516, Gait = Run, FacingMdeg = 58966, IsMoving = True } }
2763	1095	MoveCommand { Actor = chr_01M38R7216X4HHDN91G4JV2AC2, Intent = MoveIntent { DirXPermille = 857, DirZPermille = 515, Gait = Run, FacingMdeg = 58975, IsMoving = True } }
2764	1096	MoveCommand { Actor = chr_01M38R7216X4HHDN91G4JV2AC2, Intent = MoveIntent { DirXPermille = 857, DirZPermille = 516, Gait = Run, FacingMdeg = 58969, IsMoving = True } }
2765	1097	MoveCommand { Actor = chr_01M38R7216X4HHDN91G4JV2AC2, Intent = MoveIntent { DirXPermille = 857, DirZPermille = 515, Gait = Run, FacingMdeg = 58979, IsMoving = True } }
2767	1098	MoveCommand { Actor = chr_01M38R7216X4HHDN91G4JV2AC2, Intent = MoveIntent { DirXPermille = 857, DirZPermille = 516, Gait = Run, FacingMdeg = 58964, IsMoving = True } }
2768	1099	MoveCommand { Actor = chr_01M38R7216X4HHDN91G4JV2AC2, Intent = MoveIntent { DirXPermille = 857, DirZPermille = 515, Gait = Run, FacingMdeg = 58975, IsMoving = True } }
2769	1100	MoveCommand { Actor = chr_01M38R7216X4HHDN91G4JV2AC2, Intent = MoveIntent { DirXPermille = 857, DirZPermille = 516, Gait = Run, FacingMdeg = 58967, IsMoving = True } }
2770	1101	MoveCommand { Actor = chr_01M38R7216X4HHDN91G4JV2AC2, Intent = MoveIntent { DirXPermille = 857, DirZPermille = 515, Gait = Run, FacingMdeg = 58980, IsMoving = True } }
2772	1102	MoveCommand { Actor = chr_01M38R7216X4HHDN91G4JV2AC2, Intent = MoveIntent { DirXPermille = 857, DirZPermille = 516, Gait = Run, FacingMdeg = 58959, IsMoving = True } }
2773	1103	MoveCommand { Actor = chr_01M38R7216X4HHDN91G4JV2AC2, Intent = MoveIntent { DirXPermille = 857, DirZPermille = 515, Gait = Run, FacingMdeg = 58975, IsMoving = True } }
2774	1104	MoveCommand { Actor = chr_01M38R7216X4HHDN91G4JV2AC2, Intent = MoveIntent { DirXPermille = 857, DirZPermille = 516, Gait = Run, FacingMdeg = 58962, IsMoving = True } }
2775	1105	MoveCommand { Actor = chr_01M38R7216X4HHDN91G4JV2AC2, Intent = MoveIntent { DirXPermille = 857, DirZPermille = 515, Gait = Run, FacingMdeg = 58983, IsMoving = True } }
2776	1106	MoveCommand { Actor = chr_01M38R7216X4HHDN91G4JV2AC2, Intent = MoveIntent { DirXPermille = 857, DirZPermille = 516, Gait = Run, FacingMdeg = 58967, IsMoving = True } }
2777	1107	MoveCommand { Actor = chr_01M38R7216X4HHDN91G4JV2AC2, Intent = MoveIntent { DirXPermille = 857, DirZPermille = 515, Gait = Run, FacingMdeg = 58996, IsMoving = True } }
2779	1108	MoveCommand { Actor = chr_01M38R7216X4HHDN91G4JV2AC2, Intent = MoveIntent { DirXPermille = 857, DirZPermille = 516, Gait = Run, FacingMdeg = 58947, IsMoving = True } }
2781	1109	MoveCommand { Actor = chr_01M38R7216X4HHDN91G4JV2AC2, Intent = MoveIntent { DirXPermille = 714, DirZPermille = 700, Gait = Run, FacingMdeg = 45533, IsMoving = True } }
2821	1110	MoveCommand { Actor = chr_01M38R7216X4HHDN91G4JV2AC2, Intent = MoveIntent { DirXPermille = 715, DirZPermille = 700, Gait = Run, FacingMdeg = 45603, IsMoving = True } }
2823	1111	MoveCommand { Actor = chr_01M38R7216X4HHDN91G4JV2AC2, Intent = MoveIntent { DirXPermille = 715, DirZPermille = 699, Gait = Run, FacingMdeg = 45617, IsMoving = True } }
2828	1112	MoveCommand { Actor = chr_01M38R7216X4HHDN91G4JV2AC2, Intent = MoveIntent { DirXPermille = 716, DirZPermille = 699, Gait = Run, FacingMdeg = 45685, IsMoving = True } }
2829	1113	MoveCommand { Actor = chr_01M38R7216X4HHDN91G4JV2AC2, Intent = MoveIntent { DirXPermille = 716, DirZPermille = 698, Gait = Run, FacingMdeg = 45710, IsMoving = True } }
2831	1114	MoveCommand { Actor = chr_01M38R7216X4HHDN91G4JV2AC2, Intent = MoveIntent { DirXPermille = 716, DirZPermille = 699, Gait = Run, FacingMdeg = 45691, IsMoving = True } }
2832	1115	MoveCommand { Actor = chr_01M38R7216X4HHDN91G4JV2AC2, Intent = MoveIntent { DirXPermille = 716, DirZPermille = 698, Gait = Run, FacingMdeg = 45736, IsMoving = True } }
2834	1116	MoveCommand { Actor = chr_01M38R7216X4HHDN91G4JV2AC2, Intent = MoveIntent { DirXPermille = 707, DirZPermille = 707, Gait = Run, FacingMdeg = 45021, IsMoving = True } }
2860	1117	MoveCommand { Actor = chr_01M38R7216X4HHDN91G4JV2AC2, Intent = MoveIntent { DirXPermille = 708, DirZPermille = 707, Gait = Run, FacingMdeg = 45032, IsMoving = True } }
2876	1118	MoveCommand { Actor = chr_01M38R7216X4HHDN91G4JV2AC2, Intent = MoveIntent { DirXPermille = 708, DirZPermille = 706, Gait = Run, FacingMdeg = 45049, IsMoving = True } }
2894	1119	MoveCommand { Actor = chr_01M38R7216X4HHDN91G4JV2AC2, Intent = MoveIntent { DirXPermille = 709, DirZPermille = 706, Gait = Run, FacingMdeg = 45118, IsMoving = True } }
2896	1120	MoveCommand { Actor = chr_01M38R7216X4HHDN91G4JV2AC2, Intent = MoveIntent { DirXPermille = 709, DirZPermille = 705, Gait = Run, FacingMdeg = 45139, IsMoving = True } }
2900	1121	MoveCommand { Actor = chr_01M38R7216X4HHDN91G4JV2AC2, Intent = MoveIntent { DirXPermille = 710, DirZPermille = 704, Gait = Run, FacingMdeg = 45220, IsMoving = True } }
2902	1122	MoveCommand { Actor = chr_01M38R7216X4HHDN91G4JV2AC2, Intent = MoveIntent { DirXPermille = 710, DirZPermille = 705, Gait = Run, FacingMdeg = 45206, IsMoving = True } }
2905	1123	MoveCommand { Actor = chr_01M38R7216X4HHDN91G4JV2AC2, Intent = MoveIntent { DirXPermille = 454, DirZPermille = 891, Gait = Run, FacingMdeg = 26969, IsMoving = True } }
2906	1124	MoveCommand { Actor = chr_01M38R7216X4HHDN91G4JV2AC2, Intent = MoveIntent { DirXPermille = 453, DirZPermille = 891, Gait = Run, FacingMdeg = 26968, IsMoving = True } }
2907	1125	MoveCommand { Actor = chr_01M38R7216X4HHDN91G4JV2AC2, Intent = MoveIntent { DirXPermille = 454, DirZPermille = 891, Gait = Run, FacingMdeg = 26971, IsMoving = True } }
2910	1126	MoveCommand { Actor = chr_01M38R7216X4HHDN91G4JV2AC2, Intent = MoveIntent { DirXPermille = 453, DirZPermille = 891, Gait = Run, FacingMdeg = 26968, IsMoving = True } }
2911	1127	MoveCommand { Actor = chr_01M38R7216X4HHDN91G4JV2AC2, Intent = MoveIntent { DirXPermille = 454, DirZPermille = 891, Gait = Run, FacingMdeg = 26971, IsMoving = True } }
2914	1128	MoveCommand { Actor = chr_01M38R7216X4HHDN91G4JV2AC2, Intent = MoveIntent { DirXPermille = 453, DirZPermille = 891, Gait = Run, FacingMdeg = 26968, IsMoving = True } }
2915	1129	MoveCommand { Actor = chr_01M38R7216X4HHDN91G4JV2AC2, Intent = MoveIntent { DirXPermille = 454, DirZPermille = 891, Gait = Run, FacingMdeg = 26972, IsMoving = True } }
2919	1130	MoveCommand { Actor = chr_01M38R7216X4HHDN91G4JV2AC2, Intent = MoveIntent { DirXPermille = 453, DirZPermille = 891, Gait = Run, FacingMdeg = 26968, IsMoving = True } }
2920	1131	MoveCommand { Actor = chr_01M38R7216X4HHDN91G4JV2AC2, Intent = MoveIntent { DirXPermille = 454, DirZPermille = 891, Gait = Run, FacingMdeg = 26971, IsMoving = True } }
2923	1132	MoveCommand { Actor = chr_01M38R7216X4HHDN91G4JV2AC2, Intent = MoveIntent { DirXPermille = 453, DirZPermille = 891, Gait = Run, FacingMdeg = 26968, IsMoving = True } }
2924	1133	MoveCommand { Actor = chr_01M38R7216X4HHDN91G4JV2AC2, Intent = MoveIntent { DirXPermille = 454, DirZPermille = 891, Gait = Run, FacingMdeg = 26971, IsMoving = True } }
2927	1134	MoveCommand { Actor = chr_01M38R7216X4HHDN91G4JV2AC2, Intent = MoveIntent { DirXPermille = 453, DirZPermille = 891, Gait = Run, FacingMdeg = 26968, IsMoving = True } }
2928	1135	MoveCommand { Actor = chr_01M38R7216X4HHDN91G4JV2AC2, Intent = MoveIntent { DirXPermille = 454, DirZPermille = 891, Gait = Run, FacingMdeg = 26972, IsMoving = True } }
2931	1136	MoveCommand { Actor = chr_01M38R7216X4HHDN91G4JV2AC2, Intent = MoveIntent { DirXPermille = 453, DirZPermille = 891, Gait = Run, FacingMdeg = 26968, IsMoving = True } }
2932	1137	MoveCommand { Actor = chr_01M38R7216X4HHDN91G4JV2AC2, Intent = MoveIntent { DirXPermille = 454, DirZPermille = 891, Gait = Run, FacingMdeg = 26972, IsMoving = True } }
2936	1138	MoveCommand { Actor = chr_01M38R7216X4HHDN91G4JV2AC2, Intent = MoveIntent { DirXPermille = 453, DirZPermille = 891, Gait = Run, FacingMdeg = 26967, IsMoving = True } }
2937	1139	MoveCommand { Actor = chr_01M38R7216X4HHDN91G4JV2AC2, Intent = MoveIntent { DirXPermille = 454, DirZPermille = 891, Gait = Run, FacingMdeg = 26972, IsMoving = True } }
2940	1140	MoveCommand { Actor = chr_01M38R7216X4HHDN91G4JV2AC2, Intent = MoveIntent { DirXPermille = 453, DirZPermille = 891, Gait = Run, FacingMdeg = 26967, IsMoving = True } }
2941	1141	MoveCommand { Actor = chr_01M38R7216X4HHDN91G4JV2AC2, Intent = MoveIntent { DirXPermille = 454, DirZPermille = 891, Gait = Run, FacingMdeg = 26972, IsMoving = True } }
2944	1142	MoveCommand { Actor = chr_01M38R7216X4HHDN91G4JV2AC2, Intent = MoveIntent { DirXPermille = 453, DirZPermille = 891, Gait = Run, FacingMdeg = 26968, IsMoving = True } }
2945	1143	MoveCommand { Actor = chr_01M38R7216X4HHDN91G4JV2AC2, Intent = MoveIntent { DirXPermille = 454, DirZPermille = 891, Gait = Run, FacingMdeg = 26973, IsMoving = True } }
2948	1144	MoveCommand { Actor = chr_01M38R7216X4HHDN91G4JV2AC2, Intent = MoveIntent { DirXPermille = 453, DirZPermille = 891, Gait = Run, FacingMdeg = 26968, IsMoving = True } }
2949	1145	MoveCommand { Actor = chr_01M38R7216X4HHDN91G4JV2AC2, Intent = MoveIntent { DirXPermille = 454, DirZPermille = 891, Gait = Run, FacingMdeg = 26974, IsMoving = True } }
2952	1146	MoveCommand { Actor = chr_01M38R7216X4HHDN91G4JV2AC2, Intent = MoveIntent { DirXPermille = 453, DirZPermille = 891, Gait = Run, FacingMdeg = 26968, IsMoving = True } }
2953	1147	MoveCommand { Actor = chr_01M38R7216X4HHDN91G4JV2AC2, Intent = MoveIntent { DirXPermille = 454, DirZPermille = 891, Gait = Run, FacingMdeg = 26975, IsMoving = True } }
2957	1148	MoveCommand { Actor = chr_01M38R7216X4HHDN91G4JV2AC2, Intent = MoveIntent { DirXPermille = 453, DirZPermille = 891, Gait = Run, FacingMdeg = 26967, IsMoving = True } }
2958	1149	MoveCommand { Actor = chr_01M38R7216X4HHDN91G4JV2AC2, Intent = MoveIntent { DirXPermille = 454, DirZPermille = 891, Gait = Run, FacingMdeg = 26974, IsMoving = True } }
2961	1150	MoveCommand { Actor = chr_01M38R7216X4HHDN91G4JV2AC2, Intent = MoveIntent { DirXPermille = 453, DirZPermille = 891, Gait = Run, FacingMdeg = 26967, IsMoving = True } }
2962	1151	MoveCommand { Actor = chr_01M38R7216X4HHDN91G4JV2AC2, Intent = MoveIntent { DirXPermille = 454, DirZPermille = 891, Gait = Run, FacingMdeg = 26975, IsMoving = True } }
2965	1152	MoveCommand { Actor = chr_01M38R7216X4HHDN91G4JV2AC2, Intent = MoveIntent { DirXPermille = 453, DirZPermille = 891, Gait = Run, FacingMdeg = 26967, IsMoving = True } }
2966	1153	MoveCommand { Actor = chr_01M38R7216X4HHDN91G4JV2AC2, Intent = MoveIntent { DirXPermille = 454, DirZPermille = 891, Gait = Run, FacingMdeg = 26977, IsMoving = True } }
2969	1154	MoveCommand { Actor = chr_01M38R7216X4HHDN91G4JV2AC2, Intent = MoveIntent { DirXPermille = 453, DirZPermille = 891, Gait = Run, FacingMdeg = 26968, IsMoving = True } }
2970	1155	MoveCommand { Actor = chr_01M38R7216X4HHDN91G4JV2AC2, Intent = MoveIntent { DirXPermille = 454, DirZPermille = 891, Gait = Run, FacingMdeg = 26980, IsMoving = True } }
2974	1156	MoveCommand { Actor = chr_01M38R7216X4HHDN91G4JV2AC2, Intent = MoveIntent { DirXPermille = 453, DirZPermille = 891, Gait = Run, FacingMdeg = 26964, IsMoving = True } }
2975	1157	MoveCommand { Actor = chr_01M38R7216X4HHDN91G4JV2AC2, Intent = MoveIntent { DirXPermille = 454, DirZPermille = 891, Gait = Run, FacingMdeg = 26979, IsMoving = True } }
2978	1158	MoveCommand { Actor = chr_01M38R7216X4HHDN91G4JV2AC2, Intent = MoveIntent { DirXPermille = 453, DirZPermille = 891, Gait = Run, FacingMdeg = 26964, IsMoving = True } }
2979	1159	MoveCommand { Actor = chr_01M38R7216X4HHDN91G4JV2AC2, Intent = MoveIntent { DirXPermille = 454, DirZPermille = 891, Gait = Run, FacingMdeg = 26985, IsMoving = True } }
2982	1160	MoveCommand { Actor = chr_01M38R7216X4HHDN91G4JV2AC2, Intent = MoveIntent { DirXPermille = 453, DirZPermille = 891, Gait = Run, FacingMdeg = 26964, IsMoving = True } }
2983	1161	MoveCommand { Actor = chr_01M38R7216X4HHDN91G4JV2AC2, Intent = MoveIntent { DirXPermille = 454, DirZPermille = 891, Gait = Run, FacingMdeg = 26996, IsMoving = True } }
2986	1162	MoveCommand { Actor = chr_01M38R7216X4HHDN91G4JV2AC2, Intent = MoveIntent { DirXPermille = 453, DirZPermille = 891, Gait = Run, FacingMdeg = 26963, IsMoving = True } }
2987	1163	MoveCommand { Actor = chr_01M38R7216X4HHDN91G4JV2AC2, Intent = MoveIntent { DirXPermille = 454, DirZPermille = 891, Gait = Run, FacingMdeg = 27033, IsMoving = True } }
2989	1164	MoveCommand { Actor = chr_01M38R7216X4HHDN91G4JV2AC2, Intent = MoveIntent { DirXPermille = 353, DirZPermille = 936, Gait = Run, FacingMdeg = 20640, IsMoving = True } }
3014	1165	MoveCommand { Actor = chr_01M38R7216X4HHDN91G4JV2AC2, Intent = MoveIntent { DirXPermille = 353, DirZPermille = 935, Gait = Run, FacingMdeg = 20691, IsMoving = True } }
3018	1166	MoveCommand { Actor = chr_01M38R7216X4HHDN91G4JV2AC2, Intent = MoveIntent { DirXPermille = 354, DirZPermille = 935, Gait = Run, FacingMdeg = 20702, IsMoving = True } }
3019	1167	MoveCommand { Actor = chr_01M38R7216X4HHDN91G4JV2AC2, Intent = MoveIntent { DirXPermille = 353, DirZPermille = 935, Gait = Run, FacingMdeg = 20701, IsMoving = True } }
3020	1168	MoveCommand { Actor = chr_01M38R7216X4HHDN91G4JV2AC2, Intent = MoveIntent { DirXPermille = 354, DirZPermille = 935, Gait = Run, FacingMdeg = 20704, IsMoving = True } }
3022	1169	MoveCommand { Actor = chr_01M38R7216X4HHDN91G4JV2AC2, Intent = MoveIntent { DirXPermille = 353, DirZPermille = 935, Gait = Run, FacingMdeg = 20701, IsMoving = True } }
3023	1170	MoveCommand { Actor = chr_01M38R7216X4HHDN91G4JV2AC2, Intent = MoveIntent { DirXPermille = 354, DirZPermille = 935, Gait = Run, FacingMdeg = 20704, IsMoving = True } }
3025	1171	MoveCommand { Actor = chr_01M38R7216X4HHDN91G4JV2AC2, Intent = MoveIntent { DirXPermille = 353, DirZPermille = 935, Gait = Run, FacingMdeg = 20701, IsMoving = True } }
3026	1172	MoveCommand { Actor = chr_01M38R7216X4HHDN91G4JV2AC2, Intent = MoveIntent { DirXPermille = 354, DirZPermille = 935, Gait = Run, FacingMdeg = 20704, IsMoving = True } }
3028	1173	MoveCommand { Actor = chr_01M38R7216X4HHDN91G4JV2AC2, Intent = MoveIntent { DirXPermille = 353, DirZPermille = 935, Gait = Run, FacingMdeg = 20701, IsMoving = True } }
3029	1174	MoveCommand { Actor = chr_01M38R7216X4HHDN91G4JV2AC2, Intent = MoveIntent { DirXPermille = 354, DirZPermille = 935, Gait = Run, FacingMdeg = 20705, IsMoving = True } }
3032	1175	MoveCommand { Actor = chr_01M38R7216X4HHDN91G4JV2AC2, Intent = MoveIntent { DirXPermille = 353, DirZPermille = 935, Gait = Run, FacingMdeg = 20700, IsMoving = True } }
3033	1176	MoveCommand { Actor = chr_01M38R7216X4HHDN91G4JV2AC2, Intent = MoveIntent { DirXPermille = 354, DirZPermille = 935, Gait = Run, FacingMdeg = 20704, IsMoving = True } }
3035	1177	MoveCommand { Actor = chr_01M38R7216X4HHDN91G4JV2AC2, Intent = MoveIntent { DirXPermille = 353, DirZPermille = 935, Gait = Run, FacingMdeg = 20700, IsMoving = True } }
3036	1178	MoveCommand { Actor = chr_01M38R7216X4HHDN91G4JV2AC2, Intent = MoveIntent { DirXPermille = 354, DirZPermille = 935, Gait = Run, FacingMdeg = 20704, IsMoving = True } }
3038	1179	MoveCommand { Actor = chr_01M38R7216X4HHDN91G4JV2AC2, Intent = MoveIntent { DirXPermille = 353, DirZPermille = 935, Gait = Run, FacingMdeg = 20701, IsMoving = True } }
3039	1180	MoveCommand { Actor = chr_01M38R7216X4HHDN91G4JV2AC2, Intent = MoveIntent { DirXPermille = 354, DirZPermille = 935, Gait = Run, FacingMdeg = 20705, IsMoving = True } }
3041	1181	MoveCommand { Actor = chr_01M38R7216X4HHDN91G4JV2AC2, Intent = MoveIntent { DirXPermille = 353, DirZPermille = 935, Gait = Run, FacingMdeg = 20701, IsMoving = True } }
3042	1182	MoveCommand { Actor = chr_01M38R7216X4HHDN91G4JV2AC2, Intent = MoveIntent { DirXPermille = 354, DirZPermille = 935, Gait = Run, FacingMdeg = 20705, IsMoving = True } }
3044	1183	MoveCommand { Actor = chr_01M38R7216X4HHDN91G4JV2AC2, Intent = MoveIntent { DirXPermille = 353, DirZPermille = 935, Gait = Run, FacingMdeg = 20701, IsMoving = True } }
3045	1184	MoveCommand { Actor = chr_01M38R7216X4HHDN91G4JV2AC2, Intent = MoveIntent { DirXPermille = 354, DirZPermille = 935, Gait = Run, FacingMdeg = 20706, IsMoving = True } }
3048	1185	MoveCommand { Actor = chr_01M38R7216X4HHDN91G4JV2AC2, Intent = MoveIntent { DirXPermille = 353, DirZPermille = 935, Gait = Run, FacingMdeg = 20699, IsMoving = True } }
3049	1186	MoveCommand { Actor = chr_01M38R7216X4HHDN91G4JV2AC2, Intent = MoveIntent { DirXPermille = 354, DirZPermille = 935, Gait = Run, FacingMdeg = 20704, IsMoving = True } }
3051	1187	MoveCommand { Actor = chr_01M38R7216X4HHDN91G4JV2AC2, Intent = MoveIntent { DirXPermille = 353, DirZPermille = 935, Gait = Run, FacingMdeg = 20700, IsMoving = True } }
3052	1188	MoveCommand { Actor = chr_01M38R7216X4HHDN91G4JV2AC2, Intent = MoveIntent { DirXPermille = 354, DirZPermille = 935, Gait = Run, FacingMdeg = 20705, IsMoving = True } }
3054	1189	MoveCommand { Actor = chr_01M38R7216X4HHDN91G4JV2AC2, Intent = MoveIntent { DirXPermille = 353, DirZPermille = 935, Gait = Run, FacingMdeg = 20700, IsMoving = True } }
3055	1190	MoveCommand { Actor = chr_01M38R7216X4HHDN91G4JV2AC2, Intent = MoveIntent { DirXPermille = 354, DirZPermille = 935, Gait = Run, FacingMdeg = 20705, IsMoving = True } }
3057	1191	MoveCommand { Actor = chr_01M38R7216X4HHDN91G4JV2AC2, Intent = MoveIntent { DirXPermille = 353, DirZPermille = 935, Gait = Run, FacingMdeg = 20700, IsMoving = True } }
3058	1192	MoveCommand { Actor = chr_01M38R7216X4HHDN91G4JV2AC2, Intent = MoveIntent { DirXPermille = 354, DirZPermille = 935, Gait = Run, FacingMdeg = 20706, IsMoving = True } }
3060	1193	MoveCommand { Actor = chr_01M38R7216X4HHDN91G4JV2AC2, Intent = MoveIntent { DirXPermille = 353, DirZPermille = 935, Gait = Run, FacingMdeg = 20701, IsMoving = True } }
3061	1194	MoveCommand { Actor = chr_01M38R7216X4HHDN91G4JV2AC2, Intent = MoveIntent { DirXPermille = 354, DirZPermille = 935, Gait = Run, FacingMdeg = 20707, IsMoving = True } }
3063	1195	MoveCommand { Actor = chr_01M38R7216X4HHDN91G4JV2AC2, Intent = MoveIntent { DirXPermille = 353, DirZPermille = 935, Gait = Run, FacingMdeg = 20701, IsMoving = True } }
3064	1196	MoveCommand { Actor = chr_01M38R7216X4HHDN91G4JV2AC2, Intent = MoveIntent { DirXPermille = 354, DirZPermille = 935, Gait = Run, FacingMdeg = 20708, IsMoving = True } }
3067	1197	MoveCommand { Actor = chr_01M38R7216X4HHDN91G4JV2AC2, Intent = MoveIntent { DirXPermille = 353, DirZPermille = 935, Gait = Run, FacingMdeg = 20698, IsMoving = True } }
3068	1198	MoveCommand { Actor = chr_01M38R7216X4HHDN91G4JV2AC2, Intent = MoveIntent { DirXPermille = 354, DirZPermille = 935, Gait = Run, FacingMdeg = 20706, IsMoving = True } }
3070	1199	MoveCommand { Actor = chr_01M38R7216X4HHDN91G4JV2AC2, Intent = MoveIntent { DirXPermille = 353, DirZPermille = 935, Gait = Run, FacingMdeg = 20698, IsMoving = True } }
3071	1200	MoveCommand { Actor = chr_01M38R7216X4HHDN91G4JV2AC2, Intent = MoveIntent { DirXPermille = 354, DirZPermille = 935, Gait = Run, FacingMdeg = 20707, IsMoving = True } }
3073	1201	MoveCommand { Actor = chr_01M38R7216X4HHDN91G4JV2AC2, Intent = MoveIntent { DirXPermille = 353, DirZPermille = 935, Gait = Run, FacingMdeg = 20699, IsMoving = True } }
3074	1202	MoveCommand { Actor = chr_01M38R7216X4HHDN91G4JV2AC2, Intent = MoveIntent { DirXPermille = 354, DirZPermille = 935, Gait = Run, FacingMdeg = 20709, IsMoving = True } }
3076	1203	MoveCommand { Actor = chr_01M38R7216X4HHDN91G4JV2AC2, Intent = MoveIntent { DirXPermille = 353, DirZPermille = 935, Gait = Run, FacingMdeg = 20699, IsMoving = True } }
3077	1204	MoveCommand { Actor = chr_01M38R7216X4HHDN91G4JV2AC2, Intent = MoveIntent { DirXPermille = 354, DirZPermille = 935, Gait = Run, FacingMdeg = 20711, IsMoving = True } }
3079	1205	MoveCommand { Actor = chr_01M38R7216X4HHDN91G4JV2AC2, Intent = MoveIntent { DirXPermille = 353, DirZPermille = 935, Gait = Run, FacingMdeg = 20700, IsMoving = True } }
3080	1206	MoveCommand { Actor = chr_01M38R7216X4HHDN91G4JV2AC2, Intent = MoveIntent { DirXPermille = 354, DirZPermille = 935, Gait = Run, FacingMdeg = 20713, IsMoving = True } }
3082	1207	MoveCommand { Actor = chr_01M38R7216X4HHDN91G4JV2AC2, Intent = MoveIntent { DirXPermille = 353, DirZPermille = 935, Gait = Run, FacingMdeg = 20701, IsMoving = True } }
3083	1208	MoveCommand { Actor = chr_01M38R7216X4HHDN91G4JV2AC2, Intent = MoveIntent { DirXPermille = 354, DirZPermille = 935, Gait = Run, FacingMdeg = 20717, IsMoving = True } }
3086	1209	MoveCommand { Actor = chr_01M38R7216X4HHDN91G4JV2AC2, Intent = MoveIntent { DirXPermille = 353, DirZPermille = 935, Gait = Run, FacingMdeg = 20693, IsMoving = True } }
3087	1210	MoveCommand { Actor = chr_01M38R7216X4HHDN91G4JV2AC2, Intent = MoveIntent { DirXPermille = 354, DirZPermille = 935, Gait = Run, FacingMdeg = 20715, IsMoving = True } }
3089	1211	MoveCommand { Actor = chr_01M38R7216X4HHDN91G4JV2AC2, Intent = MoveIntent { DirXPermille = 353, DirZPermille = 935, Gait = Run, FacingMdeg = 20692, IsMoving = True } }
3090	1212	MoveCommand { Actor = chr_01M38R7216X4HHDN91G4JV2AC2, Intent = MoveIntent { DirXPermille = 354, DirZPermille = 935, Gait = Run, FacingMdeg = 20723, IsMoving = True } }
3092	1213	MoveCommand { Actor = chr_01M38R7216X4HHDN91G4JV2AC2, Intent = MoveIntent { DirXPermille = 353, DirZPermille = 936, Gait = Run, FacingMdeg = 20690, IsMoving = True } }
3093	1214	MoveCommand { Actor = chr_01M38R7216X4HHDN91G4JV2AC2, Intent = MoveIntent { DirXPermille = 354, DirZPermille = 935, Gait = Run, FacingMdeg = 20744, IsMoving = True } }
3095	1215	MoveCommand { Actor = chr_01M38R7216X4HHDN91G4JV2AC2, Intent = MoveIntent { DirXPermille = 351, DirZPermille = 936, Gait = Run, FacingMdeg = 20561, IsMoving = True } }
3105	1216	MoveCommand { Actor = chr_01M38R7216X4HHDN91G4JV2AC2, Intent = MoveIntent { DirXPermille = 352, DirZPermille = 936, Gait = Run, FacingMdeg = 20580, IsMoving = True } }
3122	1217	MoveCommand { Actor = chr_01M38R7216X4HHDN91G4JV2AC2, Intent = MoveIntent { DirXPermille = 353, DirZPermille = 936, Gait = Run, FacingMdeg = 20645, IsMoving = True } }
3129	1218	MoveCommand { Actor = chr_01M38R7216X4HHDN91G4JV2AC2, Intent = MoveIntent { DirXPermille = 353, DirZPermille = 935, Gait = Run, FacingMdeg = 20701, IsMoving = True } }
3130	1219	MoveCommand { Actor = chr_01M38R7216X4HHDN91G4JV2AC2, Intent = MoveIntent { DirXPermille = 354, DirZPermille = 935, Gait = Run, FacingMdeg = 20712, IsMoving = True } }
3133	1220	MoveCommand { Actor = chr_01M38R7216X4HHDN91G4JV2AC2, Intent = MoveIntent { DirXPermille = 353, DirZPermille = 935, Gait = Run, FacingMdeg = 20696, IsMoving = True } }
3134	1221	MoveCommand { Actor = chr_01M38R7216X4HHDN91G4JV2AC2, Intent = MoveIntent { DirXPermille = 354, DirZPermille = 935, Gait = Run, FacingMdeg = 20710, IsMoving = True } }
3136	1222	MoveCommand { Actor = chr_01M38R7216X4HHDN91G4JV2AC2, Intent = MoveIntent { DirXPermille = 353, DirZPermille = 935, Gait = Run, FacingMdeg = 20696, IsMoving = True } }
3137	1223	MoveCommand { Actor = chr_01M38R7216X4HHDN91G4JV2AC2, Intent = MoveIntent { DirXPermille = 354, DirZPermille = 935, Gait = Run, FacingMdeg = 20713, IsMoving = True } }
3139	1224	MoveCommand { Actor = chr_01M38R7216X4HHDN91G4JV2AC2, Intent = MoveIntent { DirXPermille = 353, DirZPermille = 935, Gait = Run, FacingMdeg = 20696, IsMoving = True } }
3140	1225	MoveCommand { Actor = chr_01M38R7216X4HHDN91G4JV2AC2, Intent = MoveIntent { DirXPermille = 354, DirZPermille = 935, Gait = Run, FacingMdeg = 20718, IsMoving = True } }
3142	1226	MoveCommand { Actor = chr_01M38R7216X4HHDN91G4JV2AC2, Intent = MoveIntent { DirXPermille = 353, DirZPermille = 935, Gait = Run, FacingMdeg = 20696, IsMoving = True } }
3143	1227	MoveCommand { Actor = chr_01M38R7216X4HHDN91G4JV2AC2, Intent = MoveIntent { DirXPermille = 354, DirZPermille = 935, Gait = Run, FacingMdeg = 20727, IsMoving = True } }
3145	1228	MoveCommand { Actor = chr_01M38R7216X4HHDN91G4JV2AC2, Intent = MoveIntent { DirXPermille = 353, DirZPermille = 935, Gait = Run, FacingMdeg = 20697, IsMoving = True } }
3146	1229	MoveCommand { Actor = chr_01M38R7216X4HHDN91G4JV2AC2, Intent = MoveIntent { DirXPermille = 354, DirZPermille = 935, Gait = Run, FacingMdeg = 20748, IsMoving = True } }
3149	1230	MoveCommand { Actor = chr_01M38R7216X4HHDN91G4JV2AC2, Intent = MoveIntent { DirXPermille = 76, DirZPermille = 997, Gait = Run, FacingMdeg = 4333, IsMoving = True } }
3199	1231	MoveCommand { Actor = chr_01M38R7216X4HHDN91G4JV2AC2, Intent = MoveIntent { DirXPermille = 77, DirZPermille = 997, Gait = Run, FacingMdeg = 4389, IsMoving = True } }
3213	1232	MoveCommand { Actor = chr_01M38R7216X4HHDN91G4JV2AC2, Intent = MoveIntent { DirXPermille = 78, DirZPermille = 997, Gait = Run, FacingMdeg = 4445, IsMoving = True } }
3220	1233	MoveCommand { Actor = chr_01M38R7216X4HHDN91G4JV2AC2, Intent = MoveIntent { DirXPermille = 79, DirZPermille = 997, Gait = Run, FacingMdeg = 4507, IsMoving = True } }
3221	1234	MoveCommand { Actor = chr_01M38R7216X4HHDN91G4JV2AC2, Intent = MoveIntent { DirXPermille = 78, DirZPermille = 997, Gait = Run, FacingMdeg = 4498, IsMoving = True } }
3222	1235	MoveCommand { Actor = chr_01M38R7216X4HHDN91G4JV2AC2, Intent = MoveIntent { DirXPermille = 79, DirZPermille = 997, Gait = Run, FacingMdeg = 4512, IsMoving = True } }
3224	1236	MoveCommand { Actor = chr_01M38R7216X4HHDN91G4JV2AC2, Intent = MoveIntent { DirXPermille = 78, DirZPermille = 997, Gait = Run, FacingMdeg = 4492, IsMoving = True } }
3225	1237	MoveCommand { Actor = chr_01M38R7216X4HHDN91G4JV2AC2, Intent = MoveIntent { DirXPermille = 79, DirZPermille = 997, Gait = Run, FacingMdeg = 4508, IsMoving = True } }
3226	1238	MoveCommand { Actor = chr_01M38R7216X4HHDN91G4JV2AC2, Intent = MoveIntent { DirXPermille = 78, DirZPermille = 997, Gait = Run, FacingMdeg = 4496, IsMoving = True } }
3227	1239	MoveCommand { Actor = chr_01M38R7216X4HHDN91G4JV2AC2, Intent = MoveIntent { DirXPermille = 79, DirZPermille = 997, Gait = Run, FacingMdeg = 4516, IsMoving = True } }
3229	1240	MoveCommand { Actor = chr_01M38R7216X4HHDN91G4JV2AC2, Intent = MoveIntent { DirXPermille = 78, DirZPermille = 997, Gait = Run, FacingMdeg = 4486, IsMoving = True } }
3230	1241	MoveCommand { Actor = chr_01M38R7216X4HHDN91G4JV2AC2, Intent = MoveIntent { DirXPermille = 79, DirZPermille = 997, Gait = Run, FacingMdeg = 4512, IsMoving = True } }
3231	1242	MoveCommand { Actor = chr_01M38R7216X4HHDN91G4JV2AC2, Intent = MoveIntent { DirXPermille = 78, DirZPermille = 997, Gait = Run, FacingMdeg = 4492, IsMoving = True } }
3232	1243	MoveCommand { Actor = chr_01M38R7216X4HHDN91G4JV2AC2, Intent = MoveIntent { DirXPermille = 79, DirZPermille = 997, Gait = Run, FacingMdeg = 4527, IsMoving = True } }
3233	1244	MoveCommand { Actor = chr_01M38R7216X4HHDN91G4JV2AC2, Intent = MoveIntent { DirXPermille = 78, DirZPermille = 997, Gait = Run, FacingMdeg = 4502, IsMoving = True } }
3234	1245	MoveCommand { Actor = chr_01M38R7216X4HHDN91G4JV2AC2, Intent = MoveIntent { DirXPermille = 79, DirZPermille = 997, Gait = Run, FacingMdeg = 4559, IsMoving = True } }
3236	1246	MoveCommand { Actor = chr_01M38R7216X4HHDN91G4JV2AC2, Intent = MoveIntent { DirXPermille = -259, DirZPermille = 966, Gait = Run, FacingMdeg = 344982, IsMoving = True } }
3251	1247	MoveCommand { Actor = chr_01M38R7216X4HHDN91G4JV2AC2, Intent = MoveIntent { DirXPermille = -260, DirZPermille = 966, Gait = Run, FacingMdeg = 344958, IsMoving = True } }
3253	1248	MoveCommand { Actor = chr_01M38R7216X4HHDN91G4JV2AC2, Intent = MoveIntent { DirXPermille = -259, DirZPermille = 966, Gait = Run, FacingMdeg = 344960, IsMoving = True } }
3254	1249	MoveCommand { Actor = chr_01M38R7216X4HHDN91G4JV2AC2, Intent = MoveIntent { DirXPermille = -260, DirZPermille = 966, Gait = Run, FacingMdeg = 344959, IsMoving = True } }
3256	1250	MoveCommand { Actor = chr_01M38R7216X4HHDN91G4JV2AC2, Intent = MoveIntent { DirXPermille = -259, DirZPermille = 966, Gait = Run, FacingMdeg = 344960, IsMoving = True } }
3257	1251	MoveCommand { Actor = chr_01M38R7216X4HHDN91G4JV2AC2, Intent = MoveIntent { DirXPermille = -260, DirZPermille = 966, Gait = Run, FacingMdeg = 344959, IsMoving = True } }
3258	1252	MoveCommand { Actor = chr_01M38R7216X4HHDN91G4JV2AC2, Intent = MoveIntent { DirXPermille = -259, DirZPermille = 966, Gait = Run, FacingMdeg = 344960, IsMoving = True } }
3259	1253	MoveCommand { Actor = chr_01M38R7216X4HHDN91G4JV2AC2, Intent = MoveIntent { DirXPermille = -260, DirZPermille = 966, Gait = Run, FacingMdeg = 344958, IsMoving = True } }
3261	1254	MoveCommand { Actor = chr_01M38R7216X4HHDN91G4JV2AC2, Intent = MoveIntent { DirXPermille = -259, DirZPermille = 966, Gait = Run, FacingMdeg = 344960, IsMoving = True } }
3262	1255	MoveCommand { Actor = chr_01M38R7216X4HHDN91G4JV2AC2, Intent = MoveIntent { DirXPermille = -260, DirZPermille = 966, Gait = Run, FacingMdeg = 344958, IsMoving = True } }
3264	1256	MoveCommand { Actor = chr_01M38R7216X4HHDN91G4JV2AC2, Intent = MoveIntent { DirXPermille = -259, DirZPermille = 966, Gait = Run, FacingMdeg = 344960, IsMoving = True } }
3265	1257	MoveCommand { Actor = chr_01M38R7216X4HHDN91G4JV2AC2, Intent = MoveIntent { DirXPermille = -260, DirZPermille = 966, Gait = Run, FacingMdeg = 344958, IsMoving = True } }
3267	1258	MoveCommand { Actor = chr_01M38R7216X4HHDN91G4JV2AC2, Intent = MoveIntent { DirXPermille = -259, DirZPermille = 966, Gait = Run, FacingMdeg = 344960, IsMoving = True } }
3268	1259	MoveCommand { Actor = chr_01M38R7216X4HHDN91G4JV2AC2, Intent = MoveIntent { DirXPermille = -260, DirZPermille = 966, Gait = Run, FacingMdeg = 344958, IsMoving = True } }
3270	1260	MoveCommand { Actor = chr_01M38R7216X4HHDN91G4JV2AC2, Intent = MoveIntent { DirXPermille = -259, DirZPermille = 966, Gait = Run, FacingMdeg = 344960, IsMoving = True } }
3271	1261	MoveCommand { Actor = chr_01M38R7216X4HHDN91G4JV2AC2, Intent = MoveIntent { DirXPermille = -260, DirZPermille = 966, Gait = Run, FacingMdeg = 344958, IsMoving = True } }
3273	1262	MoveCommand { Actor = chr_01M38R7216X4HHDN91G4JV2AC2, Intent = MoveIntent { DirXPermille = -259, DirZPermille = 966, Gait = Run, FacingMdeg = 344960, IsMoving = True } }
3274	1263	MoveCommand { Actor = chr_01M38R7216X4HHDN91G4JV2AC2, Intent = MoveIntent { DirXPermille = -260, DirZPermille = 966, Gait = Run, FacingMdeg = 344958, IsMoving = True } }
3276	1264	MoveCommand { Actor = chr_01M38R7216X4HHDN91G4JV2AC2, Intent = MoveIntent { DirXPermille = -259, DirZPermille = 966, Gait = Run, FacingMdeg = 344961, IsMoving = True } }
3277	1265	MoveCommand { Actor = chr_01M38R7216X4HHDN91G4JV2AC2, Intent = MoveIntent { DirXPermille = -260, DirZPermille = 966, Gait = Run, FacingMdeg = 344958, IsMoving = True } }
3278	1266	MoveCommand { Actor = chr_01M38R7216X4HHDN91G4JV2AC2, Intent = MoveIntent { DirXPermille = -259, DirZPermille = 966, Gait = Run, FacingMdeg = 344960, IsMoving = True } }
3279	1267	MoveCommand { Actor = chr_01M38R7216X4HHDN91G4JV2AC2, Intent = MoveIntent { DirXPermille = -260, DirZPermille = 966, Gait = Run, FacingMdeg = 344957, IsMoving = True } }
3281	1268	MoveCommand { Actor = chr_01M38R7216X4HHDN91G4JV2AC2, Intent = MoveIntent { DirXPermille = -259, DirZPermille = 966, Gait = Run, FacingMdeg = 344960, IsMoving = True } }
3282	1269	MoveCommand { Actor = chr_01M38R7216X4HHDN91G4JV2AC2, Intent = MoveIntent { DirXPermille = -260, DirZPermille = 966, Gait = Run, FacingMdeg = 344958, IsMoving = True } }
3284	1270	MoveCommand { Actor = chr_01M38R7216X4HHDN91G4JV2AC2, Intent = MoveIntent { DirXPermille = -259, DirZPermille = 966, Gait = Run, FacingMdeg = 344960, IsMoving = True } }
3285	1271	MoveCommand { Actor = chr_01M38R7216X4HHDN91G4JV2AC2, Intent = MoveIntent { DirXPermille = -260, DirZPermille = 966, Gait = Run, FacingMdeg = 344958, IsMoving = True } }
3287	1272	MoveCommand { Actor = chr_01M38R7216X4HHDN91G4JV2AC2, Intent = MoveIntent { DirXPermille = -259, DirZPermille = 966, Gait = Run, FacingMdeg = 344960, IsMoving = True } }
3288	1273	MoveCommand { Actor = chr_01M38R7216X4HHDN91G4JV2AC2, Intent = MoveIntent { DirXPermille = -260, DirZPermille = 966, Gait = Run, FacingMdeg = 344958, IsMoving = True } }
3290	1274	MoveCommand { Actor = chr_01M38R7216X4HHDN91G4JV2AC2, Intent = MoveIntent { DirXPermille = -259, DirZPermille = 966, Gait = Run, FacingMdeg = 344960, IsMoving = True } }
3291	1275	MoveCommand { Actor = chr_01M38R7216X4HHDN91G4JV2AC2, Intent = MoveIntent { DirXPermille = -260, DirZPermille = 966, Gait = Run, FacingMdeg = 344958, IsMoving = True } }
3293	1276	MoveCommand { Actor = chr_01M38R7216X4HHDN91G4JV2AC2, Intent = MoveIntent { DirXPermille = -259, DirZPermille = 966, Gait = Run, FacingMdeg = 344961, IsMoving = True } }
3294	1277	MoveCommand { Actor = chr_01M38R7216X4HHDN91G4JV2AC2, Intent = MoveIntent { DirXPermille = -260, DirZPermille = 966, Gait = Run, FacingMdeg = 344958, IsMoving = True } }
3296	1278	MoveCommand { Actor = chr_01M38R7216X4HHDN91G4JV2AC2, Intent = MoveIntent { DirXPermille = -259, DirZPermille = 966, Gait = Run, FacingMdeg = 344961, IsMoving = True } }
3297	1279	MoveCommand { Actor = chr_01M38R7216X4HHDN91G4JV2AC2, Intent = MoveIntent { DirXPermille = -260, DirZPermille = 966, Gait = Run, FacingMdeg = 344958, IsMoving = True } }
3298	1280	MoveCommand { Actor = chr_01M38R7216X4HHDN91G4JV2AC2, Intent = MoveIntent { DirXPermille = -259, DirZPermille = 966, Gait = Run, FacingMdeg = 344960, IsMoving = True } }
3299	1281	MoveCommand { Actor = chr_01M38R7216X4HHDN91G4JV2AC2, Intent = MoveIntent { DirXPermille = -260, DirZPermille = 966, Gait = Run, FacingMdeg = 344957, IsMoving = True } }
3301	1282	MoveCommand { Actor = chr_01M38R7216X4HHDN91G4JV2AC2, Intent = MoveIntent { DirXPermille = -259, DirZPermille = 966, Gait = Run, FacingMdeg = 344960, IsMoving = True } }
3302	1283	MoveCommand { Actor = chr_01M38R7216X4HHDN91G4JV2AC2, Intent = MoveIntent { DirXPermille = -260, DirZPermille = 966, Gait = Run, FacingMdeg = 344957, IsMoving = True } }
3304	1284	MoveCommand { Actor = chr_01M38R7216X4HHDN91G4JV2AC2, Intent = MoveIntent { DirXPermille = -259, DirZPermille = 966, Gait = Run, FacingMdeg = 344960, IsMoving = True } }
3305	1285	MoveCommand { Actor = chr_01M38R7216X4HHDN91G4JV2AC2, Intent = MoveIntent { DirXPermille = -260, DirZPermille = 966, Gait = Run, FacingMdeg = 344957, IsMoving = True } }
3307	1286	MoveCommand { Actor = chr_01M38R7216X4HHDN91G4JV2AC2, Intent = MoveIntent { DirXPermille = -259, DirZPermille = 966, Gait = Run, FacingMdeg = 344960, IsMoving = True } }
3308	1287	MoveCommand { Actor = chr_01M38R7216X4HHDN91G4JV2AC2, Intent = MoveIntent { DirXPermille = -260, DirZPermille = 966, Gait = Run, FacingMdeg = 344957, IsMoving = True } }
3310	1288	MoveCommand { Actor = chr_01M38R7216X4HHDN91G4JV2AC2, Intent = MoveIntent { DirXPermille = -259, DirZPermille = 966, Gait = Run, FacingMdeg = 344961, IsMoving = True } }
3311	1289	MoveCommand { Actor = chr_01M38R7216X4HHDN91G4JV2AC2, Intent = MoveIntent { DirXPermille = -260, DirZPermille = 966, Gait = Run, FacingMdeg = 344958, IsMoving = True } }
3313	1290	MoveCommand { Actor = chr_01M38R7216X4HHDN91G4JV2AC2, Intent = MoveIntent { DirXPermille = -259, DirZPermille = 966, Gait = Run, FacingMdeg = 344961, IsMoving = True } }
3314	1291	MoveCommand { Actor = chr_01M38R7216X4HHDN91G4JV2AC2, Intent = MoveIntent { DirXPermille = -260, DirZPermille = 966, Gait = Run, FacingMdeg = 344958, IsMoving = True } }
3316	1292	MoveCommand { Actor = chr_01M38R7216X4HHDN91G4JV2AC2, Intent = MoveIntent { DirXPermille = -259, DirZPermille = 966, Gait = Run, FacingMdeg = 344961, IsMoving = True } }
3317	1293	MoveCommand { Actor = chr_01M38R7216X4HHDN91G4JV2AC2, Intent = MoveIntent { DirXPermille = -260, DirZPermille = 966, Gait = Run, FacingMdeg = 344958, IsMoving = True } }
3318	1294	MoveCommand { Actor = chr_01M38R7216X4HHDN91G4JV2AC2, Intent = MoveIntent { DirXPermille = -259, DirZPermille = 966, Gait = Run, FacingMdeg = 344960, IsMoving = True } }
3319	1295	MoveCommand { Actor = chr_01M38R7216X4HHDN91G4JV2AC2, Intent = MoveIntent { DirXPermille = -260, DirZPermille = 966, Gait = Run, FacingMdeg = 344956, IsMoving = True } }
3321	1296	MoveCommand { Actor = chr_01M38R7216X4HHDN91G4JV2AC2, Intent = MoveIntent { DirXPermille = -259, DirZPermille = 966, Gait = Run, FacingMdeg = 344960, IsMoving = True } }
3322	1297	MoveCommand { Actor = chr_01M38R7216X4HHDN91G4JV2AC2, Intent = MoveIntent { DirXPermille = -260, DirZPermille = 966, Gait = Run, FacingMdeg = 344956, IsMoving = True } }
3324	1298	MoveCommand { Actor = chr_01M38R7216X4HHDN91G4JV2AC2, Intent = MoveIntent { DirXPermille = -259, DirZPermille = 966, Gait = Run, FacingMdeg = 344961, IsMoving = True } }
3325	1299	MoveCommand { Actor = chr_01M38R7216X4HHDN91G4JV2AC2, Intent = MoveIntent { DirXPermille = -260, DirZPermille = 966, Gait = Run, FacingMdeg = 344956, IsMoving = True } }
3327	1300	MoveCommand { Actor = chr_01M38R7216X4HHDN91G4JV2AC2, Intent = MoveIntent { DirXPermille = -259, DirZPermille = 966, Gait = Run, FacingMdeg = 344961, IsMoving = True } }
3328	1301	MoveCommand { Actor = chr_01M38R7216X4HHDN91G4JV2AC2, Intent = MoveIntent { DirXPermille = -260, DirZPermille = 966, Gait = Run, FacingMdeg = 344957, IsMoving = True } }
3330	1302	MoveCommand { Actor = chr_01M38R7216X4HHDN91G4JV2AC2, Intent = MoveIntent { DirXPermille = -259, DirZPermille = 966, Gait = Run, FacingMdeg = 344961, IsMoving = True } }
3331	1303	MoveCommand { Actor = chr_01M38R7216X4HHDN91G4JV2AC2, Intent = MoveIntent { DirXPermille = -260, DirZPermille = 966, Gait = Run, FacingMdeg = 344957, IsMoving = True } }
3333	1304	MoveCommand { Actor = chr_01M38R7216X4HHDN91G4JV2AC2, Intent = MoveIntent { DirXPermille = -259, DirZPermille = 966, Gait = Run, FacingMdeg = 344962, IsMoving = True } }
3334	1305	MoveCommand { Actor = chr_01M38R7216X4HHDN91G4JV2AC2, Intent = MoveIntent { DirXPermille = -260, DirZPermille = 966, Gait = Run, FacingMdeg = 344957, IsMoving = True } }
3335	1306	MoveCommand { Actor = chr_01M38R7216X4HHDN91G4JV2AC2, Intent = MoveIntent { DirXPermille = -259, DirZPermille = 966, Gait = Run, FacingMdeg = 344960, IsMoving = True } }
3336	1307	MoveCommand { Actor = chr_01M38R7216X4HHDN91G4JV2AC2, Intent = MoveIntent { DirXPermille = -260, DirZPermille = 966, Gait = Run, FacingMdeg = 344955, IsMoving = True } }
3338	1308	MoveCommand { Actor = chr_01M38R7216X4HHDN91G4JV2AC2, Intent = MoveIntent { DirXPermille = -259, DirZPermille = 966, Gait = Run, FacingMdeg = 344960, IsMoving = True } }
3339	1309	MoveCommand { Actor = chr_01M38R7216X4HHDN91G4JV2AC2, Intent = MoveIntent { DirXPermille = -260, DirZPermille = 966, Gait = Run, FacingMdeg = 344955, IsMoving = True } }
3341	1310	MoveCommand { Actor = chr_01M38R7216X4HHDN91G4JV2AC2, Intent = MoveIntent { DirXPermille = -259, DirZPermille = 966, Gait = Run, FacingMdeg = 344961, IsMoving = True } }
3342	1311	MoveCommand { Actor = chr_01M38R7216X4HHDN91G4JV2AC2, Intent = MoveIntent { DirXPermille = -260, DirZPermille = 966, Gait = Run, FacingMdeg = 344955, IsMoving = True } }
3344	1312	MoveCommand { Actor = chr_01M38R7216X4HHDN91G4JV2AC2, Intent = MoveIntent { DirXPermille = -259, DirZPermille = 966, Gait = Run, FacingMdeg = 344961, IsMoving = True } }
3345	1313	MoveCommand { Actor = chr_01M38R7216X4HHDN91G4JV2AC2, Intent = MoveIntent { DirXPermille = -260, DirZPermille = 966, Gait = Run, FacingMdeg = 344955, IsMoving = True } }
3347	1314	MoveCommand { Actor = chr_01M38R7216X4HHDN91G4JV2AC2, Intent = MoveIntent { DirXPermille = -259, DirZPermille = 966, Gait = Run, FacingMdeg = 344962, IsMoving = True } }
3348	1315	MoveCommand { Actor = chr_01M38R7216X4HHDN91G4JV2AC2, Intent = MoveIntent { DirXPermille = -260, DirZPermille = 966, Gait = Run, FacingMdeg = 344955, IsMoving = True } }
3350	1316	MoveCommand { Actor = chr_01M38R7216X4HHDN91G4JV2AC2, Intent = MoveIntent { DirXPermille = -259, DirZPermille = 966, Gait = Run, FacingMdeg = 344963, IsMoving = True } }
3351	1317	MoveCommand { Actor = chr_01M38R7216X4HHDN91G4JV2AC2, Intent = MoveIntent { DirXPermille = -260, DirZPermille = 966, Gait = Run, FacingMdeg = 344955, IsMoving = True } }
3353	1318	MoveCommand { Actor = chr_01M38R7216X4HHDN91G4JV2AC2, Intent = MoveIntent { DirXPermille = -259, DirZPermille = 966, Gait = Run, FacingMdeg = 344964, IsMoving = True } }
3354	1319	MoveCommand { Actor = chr_01M38R7216X4HHDN91G4JV2AC2, Intent = MoveIntent { DirXPermille = -260, DirZPermille = 966, Gait = Run, FacingMdeg = 344955, IsMoving = True } }
3355	1320	MoveCommand { Actor = chr_01M38R7216X4HHDN91G4JV2AC2, Intent = MoveIntent { DirXPermille = -259, DirZPermille = 966, Gait = Run, FacingMdeg = 344960, IsMoving = True } }
3356	1321	MoveCommand { Actor = chr_01M38R7216X4HHDN91G4JV2AC2, Intent = MoveIntent { DirXPermille = -260, DirZPermille = 966, Gait = Run, FacingMdeg = 344950, IsMoving = True } }
3358	1322	MoveCommand { Actor = chr_01M38R7216X4HHDN91G4JV2AC2, Intent = MoveIntent { DirXPermille = -259, DirZPermille = 966, Gait = Run, FacingMdeg = 344961, IsMoving = True } }
3359	1323	MoveCommand { Actor = chr_01M38R7216X4HHDN91G4JV2AC2, Intent = MoveIntent { DirXPermille = -260, DirZPermille = 966, Gait = Run, FacingMdeg = 344950, IsMoving = True } }
3361	1324	MoveCommand { Actor = chr_01M38R7216X4HHDN91G4JV2AC2, Intent = MoveIntent { DirXPermille = -259, DirZPermille = 966, Gait = Run, FacingMdeg = 344962, IsMoving = True } }
3362	1325	MoveCommand { Actor = chr_01M38R7216X4HHDN91G4JV2AC2, Intent = MoveIntent { DirXPermille = -260, DirZPermille = 966, Gait = Run, FacingMdeg = 344949, IsMoving = True } }
3364	1326	MoveCommand { Actor = chr_01M38R7216X4HHDN91G4JV2AC2, Intent = MoveIntent { DirXPermille = -259, DirZPermille = 966, Gait = Run, FacingMdeg = 344963, IsMoving = True } }
3365	1327	MoveCommand { Actor = chr_01M38R7216X4HHDN91G4JV2AC2, Intent = MoveIntent { DirXPermille = -260, DirZPermille = 966, Gait = Run, FacingMdeg = 344949, IsMoving = True } }
3367	1328	MoveCommand { Actor = chr_01M38R7216X4HHDN91G4JV2AC2, Intent = MoveIntent { DirXPermille = -259, DirZPermille = 966, Gait = Run, FacingMdeg = 344966, IsMoving = True } }
3368	1329	MoveCommand { Actor = chr_01M38R7216X4HHDN91G4JV2AC2, Intent = MoveIntent { DirXPermille = -260, DirZPermille = 966, Gait = Run, FacingMdeg = 344947, IsMoving = True } }
3370	1330	MoveCommand { Actor = chr_01M38R7216X4HHDN91G4JV2AC2, Intent = MoveIntent { DirXPermille = -259, DirZPermille = 966, Gait = Run, FacingMdeg = 344970, IsMoving = True } }
3371	1331	MoveCommand { Actor = chr_01M38R7216X4HHDN91G4JV2AC2, Intent = MoveIntent { DirXPermille = -260, DirZPermille = 966, Gait = Run, FacingMdeg = 344945, IsMoving = True } }
3373	1332	MoveCommand { Actor = chr_01M38R7216X4HHDN91G4JV2AC2, Intent = MoveIntent { DirXPermille = -259, DirZPermille = 966, Gait = Run, FacingMdeg = 344977, IsMoving = True } }
3374	1333	MoveCommand { Actor = chr_01M38R7216X4HHDN91G4JV2AC2, Intent = MoveIntent { DirXPermille = -260, DirZPermille = 966, Gait = Run, FacingMdeg = 344941, IsMoving = True } }
3375	1334	MoveCommand { Actor = chr_01M38R7216X4HHDN91G4JV2AC2, Intent = MoveIntent { DirXPermille = -259, DirZPermille = 966, Gait = Run, FacingMdeg = 344962, IsMoving = True } }
3376	1335	MoveCommand { Actor = chr_01M38R7216X4HHDN91G4JV2AC2, Intent = MoveIntent { DirXPermille = -260, DirZPermille = 965, Gait = Run, FacingMdeg = 344903, IsMoving = True } }
3378	1336	MoveCommand { Actor = chr_01M38R7216X4HHDN91G4JV2AC2, Intent = MoveIntent { DirXPermille = -940, DirZPermille = 341, Gait = Run, FacingMdeg = 289926, IsMoving = True } }
3382	1337	MoveCommand { Actor = chr_01M38R7216X4HHDN91G4JV2AC2, Intent = MoveIntent { DirXPermille = -940, DirZPermille = 340, Gait = Run, FacingMdeg = 289904, IsMoving = True } }
3384	1338	MoveCommand { Actor = chr_01M38R7216X4HHDN91G4JV2AC2, Intent = MoveIntent { DirXPermille = -940, DirZPermille = 341, Gait = Run, FacingMdeg = 289909, IsMoving = True } }
3385	1339	MoveCommand { Actor = chr_01M38R7216X4HHDN91G4JV2AC2, Intent = MoveIntent { DirXPermille = -940, DirZPermille = 340, Gait = Run, FacingMdeg = 289903, IsMoving = True } }
3387	1340	MoveCommand { Actor = chr_01M38R7216X4HHDN91G4JV2AC2, Intent = MoveIntent { DirXPermille = -940, DirZPermille = 341, Gait = Run, FacingMdeg = 289909, IsMoving = True } }
3388	1341	MoveCommand { Actor = chr_01M38R7216X4HHDN91G4JV2AC2, Intent = MoveIntent { DirXPermille = -940, DirZPermille = 340, Gait = Run, FacingMdeg = 289902, IsMoving = True } }
3390	1342	MoveCommand { Actor = chr_01M38R7216X4HHDN91G4JV2AC2, Intent = MoveIntent { DirXPermille = -940, DirZPermille = 341, Gait = Run, FacingMdeg = 289909, IsMoving = True } }
3391	1343	MoveCommand { Actor = chr_01M38R7216X4HHDN91G4JV2AC2, Intent = MoveIntent { DirXPermille = -940, DirZPermille = 340, Gait = Run, FacingMdeg = 289901, IsMoving = True } }
3393	1344	MoveCommand { Actor = chr_01M38R7216X4HHDN91G4JV2AC2, Intent = MoveIntent { DirXPermille = -940, DirZPermille = 341, Gait = Run, FacingMdeg = 289909, IsMoving = True } }
3394	1345	MoveCommand { Actor = chr_01M38R7216X4HHDN91G4JV2AC2, Intent = MoveIntent { DirXPermille = -940, DirZPermille = 340, Gait = Run, FacingMdeg = 289900, IsMoving = True } }
3396	1346	MoveCommand { Actor = chr_01M38R7216X4HHDN91G4JV2AC2, Intent = MoveIntent { DirXPermille = -940, DirZPermille = 341, Gait = Run, FacingMdeg = 289908, IsMoving = True } }
3397	1347	MoveCommand { Actor = chr_01M38R7216X4HHDN91G4JV2AC2, Intent = MoveIntent { DirXPermille = -940, DirZPermille = 340, Gait = Run, FacingMdeg = 289898, IsMoving = True } }
3399	1348	MoveCommand { Actor = chr_01M38R7216X4HHDN91G4JV2AC2, Intent = MoveIntent { DirXPermille = -940, DirZPermille = 341, Gait = Run, FacingMdeg = 289908, IsMoving = True } }
3400	1349	MoveCommand { Actor = chr_01M38R7216X4HHDN91G4JV2AC2, Intent = MoveIntent { DirXPermille = -940, DirZPermille = 340, Gait = Run, FacingMdeg = 289896, IsMoving = True } }
3402	1350	MoveCommand { Actor = chr_01M38R7216X4HHDN91G4JV2AC2, Intent = MoveIntent { DirXPermille = -940, DirZPermille = 341, Gait = Run, FacingMdeg = 289907, IsMoving = True } }
3403	1351	MoveCommand { Actor = chr_01M38R7216X4HHDN91G4JV2AC2, Intent = MoveIntent { DirXPermille = -940, DirZPermille = 340, Gait = Run, FacingMdeg = 289894, IsMoving = True } }
3406	1352	MoveCommand { Actor = chr_01M38R7216X4HHDN91G4JV2AC2, Intent = MoveIntent { DirXPermille = -940, DirZPermille = 341, Gait = Run, FacingMdeg = 289914, IsMoving = True } }
3407	1353	MoveCommand { Actor = chr_01M38R7216X4HHDN91G4JV2AC2, Intent = MoveIntent { DirXPermille = -940, DirZPermille = 340, Gait = Run, FacingMdeg = 289897, IsMoving = True } }
3409	1354	MoveCommand { Actor = chr_01M38R7216X4HHDN91G4JV2AC2, Intent = MoveIntent { DirXPermille = -940, DirZPermille = 341, Gait = Run, FacingMdeg = 289915, IsMoving = True } }
3410	1355	MoveCommand { Actor = chr_01M38R7216X4HHDN91G4JV2AC2, Intent = MoveIntent { DirXPermille = -940, DirZPermille = 340, Gait = Run, FacingMdeg = 289892, IsMoving = True } }
3412	1356	MoveCommand { Actor = chr_01M38R7216X4HHDN91G4JV2AC2, Intent = MoveIntent { DirXPermille = -940, DirZPermille = 341, Gait = Run, FacingMdeg = 289916, IsMoving = True } }
3413	1357	MoveCommand { Actor = chr_01M38R7216X4HHDN91G4JV2AC2, Intent = MoveIntent { DirXPermille = -940, DirZPermille = 340, Gait = Run, FacingMdeg = 289884, IsMoving = True } }
3415	1358	MoveCommand { Actor = chr_01M38R7216X4HHDN91G4JV2AC2, Intent = MoveIntent { DirXPermille = -940, DirZPermille = 341, Gait = Run, FacingMdeg = 289919, IsMoving = True } }
3416	1359	MoveCommand { Actor = chr_01M38R7216X4HHDN91G4JV2AC2, Intent = MoveIntent { DirXPermille = -941, DirZPermille = 340, Gait = Run, FacingMdeg = 289863, IsMoving = True } }
3418	1360	MoveCommand { Actor = chr_01M38R7216X4HHDN91G4JV2AC2, Intent = MoveIntent { DirXPermille = -45, DirZPermille = 999, Gait = Run, FacingMdeg = 357437, IsMoving = True } }
3435	1361	MoveCommand { Actor = chr_01M38R7216X4HHDN91G4JV2AC2, Intent = MoveIntent { DirXPermille = -46, DirZPermille = 999, Gait = Run, FacingMdeg = 357391, IsMoving = True } }
3443	1362	MoveCommand { Actor = chr_01M38R7216X4HHDN91G4JV2AC2, Intent = MoveIntent { DirXPermille = -47, DirZPermille = 999, Gait = Run, FacingMdeg = 357327, IsMoving = True } }
3444	1363	MoveCommand { Actor = chr_01M38R7216X4HHDN91G4JV2AC2, Intent = MoveIntent { DirXPermille = -46, DirZPermille = 999, Gait = Run, FacingMdeg = 357342, IsMoving = True } }
3445	1364	MoveCommand { Actor = chr_01M38R7216X4HHDN91G4JV2AC2, Intent = MoveIntent { DirXPermille = -47, DirZPermille = 999, Gait = Run, FacingMdeg = 357329, IsMoving = True } }
3446	1365	MoveCommand { Actor = chr_01M38R7216X4HHDN91G4JV2AC2, Intent = MoveIntent { DirXPermille = -46, DirZPermille = 999, Gait = Run, FacingMdeg = 357348, IsMoving = True } }
3447	1366	MoveCommand { Actor = chr_01M38R7216X4HHDN91G4JV2AC2, Intent = MoveIntent { DirXPermille = -47, DirZPermille = 999, Gait = Run, FacingMdeg = 357332, IsMoving = True } }
3448	1367	MoveCommand { Actor = chr_01M38R7216X4HHDN91G4JV2AC2, Intent = MoveIntent { DirXPermille = -46, DirZPermille = 999, Gait = Run, FacingMdeg = 357355, IsMoving = True } }
3450	1368	MoveCommand { Actor = chr_01M38R7216X4HHDN91G4JV2AC2, Intent = MoveIntent { DirXPermille = -47, DirZPermille = 999, Gait = Run, FacingMdeg = 357310, IsMoving = True } }
3451	1369	MoveCommand { Actor = chr_01M38R7216X4HHDN91G4JV2AC2, Intent = MoveIntent { DirXPermille = -46, DirZPermille = 999, Gait = Run, FacingMdeg = 357343, IsMoving = True } }
3452	1370	MoveCommand { Actor = chr_01M38R7216X4HHDN91G4JV2AC2, Intent = MoveIntent { DirXPermille = -47, DirZPermille = 999, Gait = Run, FacingMdeg = 357307, IsMoving = True } }
3454	1371	MoveCommand { Actor = chr_01M38R7216X4HHDN91G4JV2AC2, Intent = MoveIntent { DirXPermille = 0, DirZPermille = 0, Gait = Run, FacingMdeg = 357307, IsMoving = False } }
3455	1372	MoveCommand { Actor = chr_01M38R7216X4HHDN91G4JV2AC2, Intent = MoveIntent { DirXPermille = 981, DirZPermille = 196, Gait = Run, FacingMdeg = 78676, IsMoving = True } }
3458	1373	MoveCommand { Actor = chr_01M38R7216X4HHDN91G4JV2AC2, Intent = MoveIntent { DirXPermille = 980, DirZPermille = 197, Gait = Run, FacingMdeg = 78666, IsMoving = True } }
3459	1374	MoveCommand { Actor = chr_01M38R7216X4HHDN91G4JV2AC2, Intent = MoveIntent { DirXPermille = 981, DirZPermille = 196, Gait = Run, FacingMdeg = 78670, IsMoving = True } }
3460	1375	MoveCommand { Actor = chr_01M38R7216X4HHDN91G4JV2AC2, Intent = MoveIntent { DirXPermille = 980, DirZPermille = 197, Gait = Run, FacingMdeg = 78666, IsMoving = True } }
3461	1376	MoveCommand { Actor = chr_01M38R7216X4HHDN91G4JV2AC2, Intent = MoveIntent { DirXPermille = 981, DirZPermille = 196, Gait = Run, FacingMdeg = 78670, IsMoving = True } }
3462	1377	MoveCommand { Actor = chr_01M38R7216X4HHDN91G4JV2AC2, Intent = MoveIntent { DirXPermille = 981, DirZPermille = 197, Gait = Run, FacingMdeg = 78667, IsMoving = True } }
3463	1378	MoveCommand { Actor = chr_01M38R7216X4HHDN91G4JV2AC2, Intent = MoveIntent { DirXPermille = 981, DirZPermille = 196, Gait = Run, FacingMdeg = 78671, IsMoving = True } }
3464	1379	MoveCommand { Actor = chr_01M38R7216X4HHDN91G4JV2AC2, Intent = MoveIntent { DirXPermille = 981, DirZPermille = 197, Gait = Run, FacingMdeg = 78667, IsMoving = True } }
3465	1380	MoveCommand { Actor = chr_01M38R7216X4HHDN91G4JV2AC2, Intent = MoveIntent { DirXPermille = 981, DirZPermille = 196, Gait = Run, FacingMdeg = 78672, IsMoving = True } }
3467	1381	MoveCommand { Actor = chr_01M38R7216X4HHDN91G4JV2AC2, Intent = MoveIntent { DirXPermille = 980, DirZPermille = 197, Gait = Run, FacingMdeg = 78663, IsMoving = True } }
3468	1382	MoveCommand { Actor = chr_01M38R7216X4HHDN91G4JV2AC2, Intent = MoveIntent { DirXPermille = 981, DirZPermille = 196, Gait = Run, FacingMdeg = 78669, IsMoving = True } }
3469	1383	MoveCommand { Actor = chr_01M38R7216X4HHDN91G4JV2AC2, Intent = MoveIntent { DirXPermille = 980, DirZPermille = 197, Gait = Run, FacingMdeg = 78664, IsMoving = True } }
3470	1384	MoveCommand { Actor = chr_01M38R7216X4HHDN91G4JV2AC2, Intent = MoveIntent { DirXPermille = 981, DirZPermille = 196, Gait = Run, FacingMdeg = 78669, IsMoving = True } }
3471	1385	MoveCommand { Actor = chr_01M38R7216X4HHDN91G4JV2AC2, Intent = MoveIntent { DirXPermille = 980, DirZPermille = 197, Gait = Run, FacingMdeg = 78665, IsMoving = True } }
3472	1386	MoveCommand { Actor = chr_01M38R7216X4HHDN91G4JV2AC2, Intent = MoveIntent { DirXPermille = 981, DirZPermille = 196, Gait = Run, FacingMdeg = 78670, IsMoving = True } }
3473	1387	MoveCommand { Actor = chr_01M38R7216X4HHDN91G4JV2AC2, Intent = MoveIntent { DirXPermille = 980, DirZPermille = 197, Gait = Run, FacingMdeg = 78665, IsMoving = True } }
3474	1388	MoveCommand { Actor = chr_01M38R7216X4HHDN91G4JV2AC2, Intent = MoveIntent { DirXPermille = 981, DirZPermille = 196, Gait = Run, FacingMdeg = 78671, IsMoving = True } }
3475	1389	MoveCommand { Actor = chr_01M38R7216X4HHDN91G4JV2AC2, Intent = MoveIntent { DirXPermille = 980, DirZPermille = 197, Gait = Run, FacingMdeg = 78666, IsMoving = True } }
3476	1390	MoveCommand { Actor = chr_01M38R7216X4HHDN91G4JV2AC2, Intent = MoveIntent { DirXPermille = 981, DirZPermille = 196, Gait = Run, FacingMdeg = 78672, IsMoving = True } }
3477	1391	MoveCommand { Actor = chr_01M38R7216X4HHDN91G4JV2AC2, Intent = MoveIntent { DirXPermille = 981, DirZPermille = 197, Gait = Run, FacingMdeg = 78667, IsMoving = True } }
3478	1392	MoveCommand { Actor = chr_01M38R7216X4HHDN91G4JV2AC2, Intent = MoveIntent { DirXPermille = 981, DirZPermille = 196, Gait = Run, FacingMdeg = 78674, IsMoving = True } }
3479	1393	MoveCommand { Actor = chr_01M38R7216X4HHDN91G4JV2AC2, Intent = MoveIntent { DirXPermille = 981, DirZPermille = 197, Gait = Run, FacingMdeg = 78668, IsMoving = True } }
3480	1394	MoveCommand { Actor = chr_01M38R7216X4HHDN91G4JV2AC2, Intent = MoveIntent { DirXPermille = 981, DirZPermille = 196, Gait = Run, FacingMdeg = 78675, IsMoving = True } }
3482	1395	MoveCommand { Actor = chr_01M38R7216X4HHDN91G4JV2AC2, Intent = MoveIntent { DirXPermille = 980, DirZPermille = 197, Gait = Run, FacingMdeg = 78661, IsMoving = True } }
3483	1396	MoveCommand { Actor = chr_01M38R7216X4HHDN91G4JV2AC2, Intent = MoveIntent { DirXPermille = 981, DirZPermille = 196, Gait = Run, FacingMdeg = 78670, IsMoving = True } }
3484	1397	MoveCommand { Actor = chr_01M38R7216X4HHDN91G4JV2AC2, Intent = MoveIntent { DirXPermille = 980, DirZPermille = 197, Gait = Run, FacingMdeg = 78662, IsMoving = True } }
3485	1398	MoveCommand { Actor = chr_01M38R7216X4HHDN91G4JV2AC2, Intent = MoveIntent { DirXPermille = 981, DirZPermille = 196, Gait = Run, FacingMdeg = 78672, IsMoving = True } }
3486	1399	MoveCommand { Actor = chr_01M38R7216X4HHDN91G4JV2AC2, Intent = MoveIntent { DirXPermille = 980, DirZPermille = 197, Gait = Run, FacingMdeg = 78663, IsMoving = True } }
3487	1400	MoveCommand { Actor = chr_01M38R7216X4HHDN91G4JV2AC2, Intent = MoveIntent { DirXPermille = 981, DirZPermille = 196, Gait = Run, FacingMdeg = 78674, IsMoving = True } }
3488	1401	MoveCommand { Actor = chr_01M38R7216X4HHDN91G4JV2AC2, Intent = MoveIntent { DirXPermille = 980, DirZPermille = 197, Gait = Run, FacingMdeg = 78664, IsMoving = True } }
3489	1402	MoveCommand { Actor = chr_01M38R7216X4HHDN91G4JV2AC2, Intent = MoveIntent { DirXPermille = 981, DirZPermille = 196, Gait = Run, FacingMdeg = 78676, IsMoving = True } }
3490	1403	MoveCommand { Actor = chr_01M38R7216X4HHDN91G4JV2AC2, Intent = MoveIntent { DirXPermille = 980, DirZPermille = 197, Gait = Run, FacingMdeg = 78665, IsMoving = True } }
3491	1404	MoveCommand { Actor = chr_01M38R7216X4HHDN91G4JV2AC2, Intent = MoveIntent { DirXPermille = 981, DirZPermille = 196, Gait = Run, FacingMdeg = 78679, IsMoving = True } }
3492	1405	MoveCommand { Actor = chr_01M38R7216X4HHDN91G4JV2AC2, Intent = MoveIntent { DirXPermille = 981, DirZPermille = 197, Gait = Run, FacingMdeg = 78667, IsMoving = True } }
3493	1406	MoveCommand { Actor = chr_01M38R7216X4HHDN91G4JV2AC2, Intent = MoveIntent { DirXPermille = 981, DirZPermille = 196, Gait = Run, FacingMdeg = 78684, IsMoving = True } }
3495	1407	MoveCommand { Actor = chr_01M38R7216X4HHDN91G4JV2AC2, Intent = MoveIntent { DirXPermille = 980, DirZPermille = 197, Gait = Run, FacingMdeg = 78651, IsMoving = True } }
3496	1408	MoveCommand { Actor = chr_01M38R7216X4HHDN91G4JV2AC2, Intent = MoveIntent { DirXPermille = 981, DirZPermille = 196, Gait = Run, FacingMdeg = 78672, IsMoving = True } }
3497	1409	MoveCommand { Actor = chr_01M38R7216X4HHDN91G4JV2AC2, Intent = MoveIntent { DirXPermille = 980, DirZPermille = 197, Gait = Run, FacingMdeg = 78650, IsMoving = True } }
3498	1410	MoveCommand { Actor = chr_01M38R7216X4HHDN91G4JV2AC2, Intent = MoveIntent { DirXPermille = 981, DirZPermille = 196, Gait = Run, FacingMdeg = 78678, IsMoving = True } }
3499	1411	MoveCommand { Actor = chr_01M38R7216X4HHDN91G4JV2AC2, Intent = MoveIntent { DirXPermille = 980, DirZPermille = 197, Gait = Run, FacingMdeg = 78648, IsMoving = True } }
3500	1412	MoveCommand { Actor = chr_01M38R7216X4HHDN91G4JV2AC2, Intent = MoveIntent { DirXPermille = 981, DirZPermille = 196, Gait = Run, FacingMdeg = 78690, IsMoving = True } }
3501	1413	MoveCommand { Actor = chr_01M38R7216X4HHDN91G4JV2AC2, Intent = MoveIntent { DirXPermille = 980, DirZPermille = 197, Gait = Run, FacingMdeg = 78642, IsMoving = True } }
3502	1414	MoveCommand { Actor = chr_01M38R7216X4HHDN91G4JV2AC2, Intent = MoveIntent { DirXPermille = 981, DirZPermille = 195, Gait = Run, FacingMdeg = 78726, IsMoving = True } }
3504	1415	MoveCommand { Actor = chr_01M38R7216X4HHDN91G4JV2AC2, Intent = MoveIntent { DirXPermille = 0, DirZPermille = 0, Gait = Run, FacingMdeg = 78726, IsMoving = False } }
3504	1416	CraftCommand { Actor = chr_01M38R7216X4HHDN91G4JV2AC2, RecipeId = recipe.smithing.iron_billet }
3512	1417	MoveCommand { Actor = chr_01M38R7216X4HHDN91G4JV2AC2, Intent = MoveIntent { DirXPermille = -588, DirZPermille = -809, Gait = Run, FacingMdeg = 215990, IsMoving = True } }
3514	1418	MoveCommand { Actor = chr_01M38R7216X4HHDN91G4JV2AC2, Intent = MoveIntent { DirXPermille = -587, DirZPermille = -809, Gait = Run, FacingMdeg = 215974, IsMoving = True } }
3517	1419	MoveCommand { Actor = chr_01M38R7216X4HHDN91G4JV2AC2, Intent = MoveIntent { DirXPermille = -587, DirZPermille = -810, Gait = Run, FacingMdeg = 215939, IsMoving = True } }
3519	1420	MoveCommand { Actor = chr_01M38R7216X4HHDN91G4JV2AC2, Intent = MoveIntent { DirXPermille = -587, DirZPermille = -809, Gait = Run, FacingMdeg = 215959, IsMoving = True } }
3520	1421	MoveCommand { Actor = chr_01M38R7216X4HHDN91G4JV2AC2, Intent = MoveIntent { DirXPermille = -587, DirZPermille = -810, Gait = Run, FacingMdeg = 215938, IsMoving = True } }
3522	1422	MoveCommand { Actor = chr_01M38R7216X4HHDN91G4JV2AC2, Intent = MoveIntent { DirXPermille = -587, DirZPermille = -809, Gait = Run, FacingMdeg = 215974, IsMoving = True } }
3523	1423	MoveCommand { Actor = chr_01M38R7216X4HHDN91G4JV2AC2, Intent = MoveIntent { DirXPermille = -587, DirZPermille = -810, Gait = Run, FacingMdeg = 215937, IsMoving = True } }
3524	1424	MoveCommand { Actor = chr_01M38R7216X4HHDN91G4JV2AC2, Intent = MoveIntent { DirXPermille = -587, DirZPermille = -809, Gait = Run, FacingMdeg = 215972, IsMoving = True } }
3526	1425	MoveCommand { Actor = chr_01M38R7216X4HHDN91G4JV2AC2, Intent = MoveIntent { DirXPermille = 0, DirZPermille = 0, Gait = Run, FacingMdeg = 215972, IsMoving = False } }
3526	1426	CraftCommand { Actor = chr_01M38R7216X4HHDN91G4JV2AC2, RecipeId = recipe.smithing.march_spear }
3527	1427	EquipCommand { Actor = chr_01M38R7216X4HHDN91G4JV2AC2, Item = itm_01M38RA8B97SWBW3HBR4BJN02R }
3535	1428	MoveCommand { Actor = chr_01M38R7216X4HHDN91G4JV2AC2, Intent = MoveIntent { DirXPermille = 885, DirZPermille = -465, Gait = Run, FacingMdeg = 117710, IsMoving = True } }
3539	1429	MoveCommand { Actor = chr_01M38R7216X4HHDN91G4JV2AC2, Intent = MoveIntent { DirXPermille = 885, DirZPermille = -466, Gait = Run, FacingMdeg = 117747, IsMoving = True } }
3540	1430	MoveCommand { Actor = chr_01M38R7216X4HHDN91G4JV2AC2, Intent = MoveIntent { DirXPermille = 885, DirZPermille = -465, Gait = Run, FacingMdeg = 117742, IsMoving = True } }
3541	1431	MoveCommand { Actor = chr_01M38R7216X4HHDN91G4JV2AC2, Intent = MoveIntent { DirXPermille = 885, DirZPermille = -466, Gait = Run, FacingMdeg = 117754, IsMoving = True } }
3544	1432	MoveCommand { Actor = chr_01M38R7216X4HHDN91G4JV2AC2, Intent = MoveIntent { DirXPermille = 885, DirZPermille = -465, Gait = Run, FacingMdeg = 117736, IsMoving = True } }
3545	1433	MoveCommand { Actor = chr_01M38R7216X4HHDN91G4JV2AC2, Intent = MoveIntent { DirXPermille = 885, DirZPermille = -466, Gait = Run, FacingMdeg = 117751, IsMoving = True } }
3547	1434	MoveCommand { Actor = chr_01M38R7216X4HHDN91G4JV2AC2, Intent = MoveIntent { DirXPermille = 885, DirZPermille = -465, Gait = Run, FacingMdeg = 117736, IsMoving = True } }
3548	1435	MoveCommand { Actor = chr_01M38R7216X4HHDN91G4JV2AC2, Intent = MoveIntent { DirXPermille = 885, DirZPermille = -466, Gait = Run, FacingMdeg = 117756, IsMoving = True } }
3551	1436	MoveCommand { Actor = chr_01M38R7216X4HHDN91G4JV2AC2, Intent = MoveIntent { DirXPermille = 0, DirZPermille = 0, Gait = Run, FacingMdeg = 117756, IsMoving = False } }
3551	1437	TalkCommand { Actor = chr_01M38R7216X4HHDN91G4JV2AC2, NpcId = npc.ashen_hollow.kera_voss }
3552	1438	ChooseCommand { Actor = chr_01M38R7216X4HHDN91G4JV2AC2, ReplyId = show_spear }
3553	1439	LeaveCommand { Actor = chr_01M38R7216X4HHDN91G4JV2AC2 }
3560	1440	MoveCommand { Actor = chr_01M38R7216X4HHDN91G4JV2AC2, Intent = MoveIntent { DirXPermille = -957, DirZPermille = 289, Gait = Run, FacingMdeg = 286821, IsMoving = True } }
3563	1441	MoveCommand { Actor = chr_01M38R7216X4HHDN91G4JV2AC2, Intent = MoveIntent { DirXPermille = -957, DirZPermille = 290, Gait = Run, FacingMdeg = 286828, IsMoving = True } }
3577	1442	MoveCommand { Actor = chr_01M38R7216X4HHDN91G4JV2AC2, Intent = MoveIntent { DirXPermille = -957, DirZPermille = 291, Gait = Run, FacingMdeg = 286888, IsMoving = True } }
3578	1443	MoveCommand { Actor = chr_01M38R7216X4HHDN91G4JV2AC2, Intent = MoveIntent { DirXPermille = -957, DirZPermille = 290, Gait = Run, FacingMdeg = 286879, IsMoving = True } }
3580	1444	MoveCommand { Actor = chr_01M38R7216X4HHDN91G4JV2AC2, Intent = MoveIntent { DirXPermille = -957, DirZPermille = 291, Gait = Run, FacingMdeg = 286895, IsMoving = True } }
3581	1445	MoveCommand { Actor = chr_01M38R7216X4HHDN91G4JV2AC2, Intent = MoveIntent { DirXPermille = -957, DirZPermille = 290, Gait = Run, FacingMdeg = 286884, IsMoving = True } }
3582	1446	MoveCommand { Actor = chr_01M38R7216X4HHDN91G4JV2AC2, Intent = MoveIntent { DirXPermille = -957, DirZPermille = 291, Gait = Run, FacingMdeg = 286893, IsMoving = True } }
3583	1447	MoveCommand { Actor = chr_01M38R7216X4HHDN91G4JV2AC2, Intent = MoveIntent { DirXPermille = -957, DirZPermille = 290, Gait = Run, FacingMdeg = 286882, IsMoving = True } }
3584	1448	MoveCommand { Actor = chr_01M38R7216X4HHDN91G4JV2AC2, Intent = MoveIntent { DirXPermille = -957, DirZPermille = 291, Gait = Run, FacingMdeg = 286892, IsMoving = True } }
3585	1449	MoveCommand { Actor = chr_01M38R7216X4HHDN91G4JV2AC2, Intent = MoveIntent { DirXPermille = -957, DirZPermille = 290, Gait = Run, FacingMdeg = 286878, IsMoving = True } }
3586	1450	MoveCommand { Actor = chr_01M38R7216X4HHDN91G4JV2AC2, Intent = MoveIntent { DirXPermille = -957, DirZPermille = 291, Gait = Run, FacingMdeg = 286890, IsMoving = True } }
3587	1451	MoveCommand { Actor = chr_01M38R7216X4HHDN91G4JV2AC2, Intent = MoveIntent { DirXPermille = -957, DirZPermille = 290, Gait = Run, FacingMdeg = 286874, IsMoving = True } }
3589	1452	MoveCommand { Actor = chr_01M38R7216X4HHDN91G4JV2AC2, Intent = MoveIntent { DirXPermille = -957, DirZPermille = 291, Gait = Run, FacingMdeg = 286902, IsMoving = True } }
3590	1453	MoveCommand { Actor = chr_01M38R7216X4HHDN91G4JV2AC2, Intent = MoveIntent { DirXPermille = -957, DirZPermille = 290, Gait = Run, FacingMdeg = 286883, IsMoving = True } }
3591	1454	MoveCommand { Actor = chr_01M38R7216X4HHDN91G4JV2AC2, Intent = MoveIntent { DirXPermille = -957, DirZPermille = 291, Gait = Run, FacingMdeg = 286901, IsMoving = True } }
3592	1455	MoveCommand { Actor = chr_01M38R7216X4HHDN91G4JV2AC2, Intent = MoveIntent { DirXPermille = -957, DirZPermille = 290, Gait = Run, FacingMdeg = 286876, IsMoving = True } }
3593	1456	MoveCommand { Actor = chr_01M38R7216X4HHDN91G4JV2AC2, Intent = MoveIntent { DirXPermille = -957, DirZPermille = 291, Gait = Run, FacingMdeg = 286900, IsMoving = True } }
3594	1457	MoveCommand { Actor = chr_01M38R7216X4HHDN91G4JV2AC2, Intent = MoveIntent { DirXPermille = -957, DirZPermille = 290, Gait = Run, FacingMdeg = 286865, IsMoving = True } }
3595	1458	MoveCommand { Actor = chr_01M38R7216X4HHDN91G4JV2AC2, Intent = MoveIntent { DirXPermille = -957, DirZPermille = 291, Gait = Run, FacingMdeg = 286898, IsMoving = True } }
3597	1459	MoveCommand { Actor = chr_01M38R7216X4HHDN91G4JV2AC2, Intent = MoveIntent { DirXPermille = -1000, DirZPermille = 30, Gait = Run, FacingMdeg = 271736, IsMoving = True } }
3606	1460	MoveCommand { Actor = chr_01M38R7216X4HHDN91G4JV2AC2, Intent = MoveIntent { DirXPermille = -1000, DirZPermille = 29, Gait = Run, FacingMdeg = 271686, IsMoving = True } }
3610	1461	MoveCommand { Actor = chr_01M38R7216X4HHDN91G4JV2AC2, Intent = MoveIntent { DirXPermille = -1000, DirZPermille = 28, Gait = Run, FacingMdeg = 271614, IsMoving = True } }
3611	1462	MoveCommand { Actor = chr_01M38R7216X4HHDN91G4JV2AC2, Intent = MoveIntent { DirXPermille = -1000, DirZPermille = 29, Gait = Run, FacingMdeg = 271652, IsMoving = True } }
3612	1463	MoveCommand { Actor = chr_01M38R7216X4HHDN91G4JV2AC2, Intent = MoveIntent { DirXPermille = -1000, DirZPermille = 28, Gait = Run, FacingMdeg = 271615, IsMoving = True } }
3614	1464	MoveCommand { Actor = chr_01M38R7216X4HHDN91G4JV2AC2, Intent = MoveIntent { DirXPermille = -47, DirZPermille = -999, Gait = Run, FacingMdeg = 182704, IsMoving = True } }
3622	1465	MoveCommand { Actor = chr_01M38R7216X4HHDN91G4JV2AC2, Intent = MoveIntent { DirXPermille = -46, DirZPermille = -999, Gait = Run, FacingMdeg = 182662, IsMoving = True } }
3623	1466	MoveCommand { Actor = chr_01M38R7216X4HHDN91G4JV2AC2, Intent = MoveIntent { DirXPermille = -47, DirZPermille = -999, Gait = Run, FacingMdeg = 182667, IsMoving = True } }
3624	1467	MoveCommand { Actor = chr_01M38R7216X4HHDN91G4JV2AC2, Intent = MoveIntent { DirXPermille = -46, DirZPermille = -999, Gait = Run, FacingMdeg = 182660, IsMoving = True } }
3625	1468	MoveCommand { Actor = chr_01M38R7216X4HHDN91G4JV2AC2, Intent = MoveIntent { DirXPermille = -47, DirZPermille = -999, Gait = Run, FacingMdeg = 182666, IsMoving = True } }
3626	1469	MoveCommand { Actor = chr_01M38R7216X4HHDN91G4JV2AC2, Intent = MoveIntent { DirXPermille = -46, DirZPermille = -999, Gait = Run, FacingMdeg = 182658, IsMoving = True } }
3628	1470	MoveCommand { Actor = chr_01M38R7216X4HHDN91G4JV2AC2, Intent = MoveIntent { DirXPermille = -47, DirZPermille = -999, Gait = Run, FacingMdeg = 182671, IsMoving = True } }
3629	1471	MoveCommand { Actor = chr_01M38R7216X4HHDN91G4JV2AC2, Intent = MoveIntent { DirXPermille = -46, DirZPermille = -999, Gait = Run, FacingMdeg = 182663, IsMoving = True } }
3630	1472	MoveCommand { Actor = chr_01M38R7216X4HHDN91G4JV2AC2, Intent = MoveIntent { DirXPermille = -47, DirZPermille = -999, Gait = Run, FacingMdeg = 182670, IsMoving = True } }
3631	1473	MoveCommand { Actor = chr_01M38R7216X4HHDN91G4JV2AC2, Intent = MoveIntent { DirXPermille = -46, DirZPermille = -999, Gait = Run, FacingMdeg = 182661, IsMoving = True } }
3632	1474	MoveCommand { Actor = chr_01M38R7216X4HHDN91G4JV2AC2, Intent = MoveIntent { DirXPermille = -47, DirZPermille = -999, Gait = Run, FacingMdeg = 182669, IsMoving = True } }
3633	1475	MoveCommand { Actor = chr_01M38R7216X4HHDN91G4JV2AC2, Intent = MoveIntent { DirXPermille = -46, DirZPermille = -999, Gait = Run, FacingMdeg = 182658, IsMoving = True } }
3634	1476	MoveCommand { Actor = chr_01M38R7216X4HHDN91G4JV2AC2, Intent = MoveIntent { DirXPermille = -47, DirZPermille = -999, Gait = Run, FacingMdeg = 182667, IsMoving = True } }
3635	1477	MoveCommand { Actor = chr_01M38R7216X4HHDN91G4JV2AC2, Intent = MoveIntent { DirXPermille = -46, DirZPermille = -999, Gait = Run, FacingMdeg = 182655, IsMoving = True } }
3637	1478	MoveCommand { Actor = chr_01M38R7216X4HHDN91G4JV2AC2, Intent = MoveIntent { DirXPermille = -47, DirZPermille = -999, Gait = Run, FacingMdeg = 182676, IsMoving = True } }
3638	1479	MoveCommand { Actor = chr_01M38R7216X4HHDN91G4JV2AC2, Intent = MoveIntent { DirXPermille = -46, DirZPermille = -999, Gait = Run, FacingMdeg = 182662, IsMoving = True } }
3639	1480	MoveCommand { Actor = chr_01M38R7216X4HHDN91G4JV2AC2, Intent = MoveIntent { DirXPermille = -47, DirZPermille = -999, Gait = Run, FacingMdeg = 182674, IsMoving = True } }
3640	1481	MoveCommand { Actor = chr_01M38R7216X4HHDN91G4JV2AC2, Intent = MoveIntent { DirXPermille = -46, DirZPermille = -999, Gait = Run, FacingMdeg = 182658, IsMoving = True } }
3641	1482	MoveCommand { Actor = chr_01M38R7216X4HHDN91G4JV2AC2, Intent = MoveIntent { DirXPermille = -47, DirZPermille = -999, Gait = Run, FacingMdeg = 182673, IsMoving = True } }
3642	1483	MoveCommand { Actor = chr_01M38R7216X4HHDN91G4JV2AC2, Intent = MoveIntent { DirXPermille = -46, DirZPermille = -999, Gait = Run, FacingMdeg = 182652, IsMoving = True } }
3643	1484	MoveCommand { Actor = chr_01M38R7216X4HHDN91G4JV2AC2, Intent = MoveIntent { DirXPermille = -47, DirZPermille = -999, Gait = Run, FacingMdeg = 182670, IsMoving = True } }
3644	1485	MoveCommand { Actor = chr_01M38R7216X4HHDN91G4JV2AC2, Intent = MoveIntent { DirXPermille = -46, DirZPermille = -999, Gait = Run, FacingMdeg = 182644, IsMoving = True } }
3645	1486	MoveCommand { Actor = chr_01M38R7216X4HHDN91G4JV2AC2, Intent = MoveIntent { DirXPermille = -47, DirZPermille = -999, Gait = Run, FacingMdeg = 182666, IsMoving = True } }
3646	1487	MoveCommand { Actor = chr_01M38R7216X4HHDN91G4JV2AC2, Intent = MoveIntent { DirXPermille = -46, DirZPermille = -999, Gait = Run, FacingMdeg = 182629, IsMoving = True } }
3648	1488	MoveCommand { Actor = chr_01M38R7216X4HHDN91G4JV2AC2, Intent = MoveIntent { DirXPermille = -47, DirZPermille = -999, Gait = Run, FacingMdeg = 182702, IsMoving = True } }
3650	1489	MoveCommand { Actor = chr_01M38R7216X4HHDN91G4JV2AC2, Intent = MoveIntent { DirXPermille = 705, DirZPermille = -709, Gait = Run, FacingMdeg = 135143, IsMoving = True } }
3670	1490	MoveCommand { Actor = chr_01M38R7216X4HHDN91G4JV2AC2, Intent = MoveIntent { DirXPermille = 705, DirZPermille = -710, Gait = Run, FacingMdeg = 135197, IsMoving = True } }
3673	1491	MoveCommand { Actor = chr_01M38R7216X4HHDN91G4JV2AC2, Intent = MoveIntent { DirXPermille = 705, DirZPermille = -709, Gait = Run, FacingMdeg = 135194, IsMoving = True } }
3674	1492	MoveCommand { Actor = chr_01M38R7216X4HHDN91G4JV2AC2, Intent = MoveIntent { DirXPermille = 705, DirZPermille = -710, Gait = Run, FacingMdeg = 135198, IsMoving = True } }
3678	1493	MoveCommand { Actor = chr_01M38R7216X4HHDN91G4JV2AC2, Intent = MoveIntent { DirXPermille = 705, DirZPermille = -709, Gait = Run, FacingMdeg = 135193, IsMoving = True } }
3679	1494	MoveCommand { Actor = chr_01M38R7216X4HHDN91G4JV2AC2, Intent = MoveIntent { DirXPermille = 705, DirZPermille = -710, Gait = Run, FacingMdeg = 135198, IsMoving = True } }
3682	1495	MoveCommand { Actor = chr_01M38R7216X4HHDN91G4JV2AC2, Intent = MoveIntent { DirXPermille = 705, DirZPermille = -709, Gait = Run, FacingMdeg = 135194, IsMoving = True } }
3683	1496	MoveCommand { Actor = chr_01M38R7216X4HHDN91G4JV2AC2, Intent = MoveIntent { DirXPermille = 705, DirZPermille = -710, Gait = Run, FacingMdeg = 135198, IsMoving = True } }
3686	1497	MoveCommand { Actor = chr_01M38R7216X4HHDN91G4JV2AC2, Intent = MoveIntent { DirXPermille = 705, DirZPermille = -709, Gait = Run, FacingMdeg = 135194, IsMoving = True } }
3687	1498	MoveCommand { Actor = chr_01M38R7216X4HHDN91G4JV2AC2, Intent = MoveIntent { DirXPermille = 705, DirZPermille = -710, Gait = Run, FacingMdeg = 135199, IsMoving = True } }
3691	1499	MoveCommand { Actor = chr_01M38R7216X4HHDN91G4JV2AC2, Intent = MoveIntent { DirXPermille = 705, DirZPermille = -709, Gait = Run, FacingMdeg = 135193, IsMoving = True } }
3692	1500	MoveCommand { Actor = chr_01M38R7216X4HHDN91G4JV2AC2, Intent = MoveIntent { DirXPermille = 705, DirZPermille = -710, Gait = Run, FacingMdeg = 135199, IsMoving = True } }
3695	1501	MoveCommand { Actor = chr_01M38R7216X4HHDN91G4JV2AC2, Intent = MoveIntent { DirXPermille = 705, DirZPermille = -709, Gait = Run, FacingMdeg = 135193, IsMoving = True } }
3696	1502	MoveCommand { Actor = chr_01M38R7216X4HHDN91G4JV2AC2, Intent = MoveIntent { DirXPermille = 705, DirZPermille = -710, Gait = Run, FacingMdeg = 135200, IsMoving = True } }
3699	1503	MoveCommand { Actor = chr_01M38R7216X4HHDN91G4JV2AC2, Intent = MoveIntent { DirXPermille = 705, DirZPermille = -709, Gait = Run, FacingMdeg = 135194, IsMoving = True } }
3700	1504	MoveCommand { Actor = chr_01M38R7216X4HHDN91G4JV2AC2, Intent = MoveIntent { DirXPermille = 705, DirZPermille = -710, Gait = Run, FacingMdeg = 135202, IsMoving = True } }
3704	1505	MoveCommand { Actor = chr_01M38R7216X4HHDN91G4JV2AC2, Intent = MoveIntent { DirXPermille = 705, DirZPermille = -709, Gait = Run, FacingMdeg = 135191, IsMoving = True } }
3705	1506	MoveCommand { Actor = chr_01M38R7216X4HHDN91G4JV2AC2, Intent = MoveIntent { DirXPermille = 705, DirZPermille = -710, Gait = Run, FacingMdeg = 135202, IsMoving = True } }
3708	1507	MoveCommand { Actor = chr_01M38R7216X4HHDN91G4JV2AC2, Intent = MoveIntent { DirXPermille = 705, DirZPermille = -709, Gait = Run, FacingMdeg = 135192, IsMoving = True } }
3709	1508	MoveCommand { Actor = chr_01M38R7216X4HHDN91G4JV2AC2, Intent = MoveIntent { DirXPermille = 705, DirZPermille = -710, Gait = Run, FacingMdeg = 135206, IsMoving = True } }
3712	1509	MoveCommand { Actor = chr_01M38R7216X4HHDN91G4JV2AC2, Intent = MoveIntent { DirXPermille = 705, DirZPermille = -709, Gait = Run, FacingMdeg = 135193, IsMoving = True } }
3713	1510	MoveCommand { Actor = chr_01M38R7216X4HHDN91G4JV2AC2, Intent = MoveIntent { DirXPermille = 704, DirZPermille = -710, Gait = Run, FacingMdeg = 135213, IsMoving = True } }
3714	1511	MoveCommand { Actor = chr_01M38R7216X4HHDN91G4JV2AC2, Intent = MoveIntent { DirXPermille = 705, DirZPermille = -710, Gait = Run, FacingMdeg = 135209, IsMoving = True } }
3717	1512	MoveCommand { Actor = chr_01M38R7216X4HHDN91G4JV2AC2, Intent = MoveIntent { DirXPermille = 705, DirZPermille = -709, Gait = Run, FacingMdeg = 135185, IsMoving = True } }
3718	1513	MoveCommand { Actor = chr_01M38R7216X4HHDN91G4JV2AC2, Intent = MoveIntent { DirXPermille = 704, DirZPermille = -710, Gait = Run, FacingMdeg = 135226, IsMoving = True } }
3721	1514	MoveCommand { Actor = chr_01M38R7216X4HHDN91G4JV2AC2, Intent = MoveIntent { DirXPermille = 0, DirZPermille = 0, Gait = Run, FacingMdeg = 135226, IsMoving = False } }
3721	1515	MoveCommand { Actor = chr_01M38R7216X4HHDN91G4JV2AC2, Intent = MoveIntent { DirXPermille = 892, DirZPermille = -452, Gait = Run, FacingMdeg = 116882, IsMoving = True } }
3732	1516	MoveCommand { Actor = chr_01M38R7216X4HHDN91G4JV2AC2, Intent = MoveIntent { DirXPermille = 892, DirZPermille = -453, Gait = Run, FacingMdeg = 116906, IsMoving = True } }
3744	1517	MoveCommand { Actor = chr_01M38R7216X4HHDN91G4JV2AC2, Intent = MoveIntent { DirXPermille = 891, DirZPermille = -453, Gait = Run, FacingMdeg = 116941, IsMoving = True } }
3752	1518	MoveCommand { Actor = chr_01M38R7216X4HHDN91G4JV2AC2, Intent = MoveIntent { DirXPermille = 891, DirZPermille = -454, Gait = Run, FacingMdeg = 116973, IsMoving = True } }
3755	1519	MoveCommand { Actor = chr_01M38R7216X4HHDN91G4JV2AC2, Intent = MoveIntent { DirXPermille = 891, DirZPermille = -453, Gait = Run, FacingMdeg = 116968, IsMoving = True } }
3756	1520	MoveCommand { Actor = chr_01M38R7216X4HHDN91G4JV2AC2, Intent = MoveIntent { DirXPermille = 891, DirZPermille = -454, Gait = Run, FacingMdeg = 116973, IsMoving = True } }
3760	1521	MoveCommand { Actor = chr_01M38R7216X4HHDN91G4JV2AC2, Intent = MoveIntent { DirXPermille = 891, DirZPermille = -453, Gait = Run, FacingMdeg = 116967, IsMoving = True } }
3761	1522	MoveCommand { Actor = chr_01M38R7216X4HHDN91G4JV2AC2, Intent = MoveIntent { DirXPermille = 891, DirZPermille = -454, Gait = Run, FacingMdeg = 116972, IsMoving = True } }
3764	1523	MoveCommand { Actor = chr_01M38R7216X4HHDN91G4JV2AC2, Intent = MoveIntent { DirXPermille = 891, DirZPermille = -453, Gait = Run, FacingMdeg = 116967, IsMoving = True } }
3765	1524	MoveCommand { Actor = chr_01M38R7216X4HHDN91G4JV2AC2, Intent = MoveIntent { DirXPermille = 891, DirZPermille = -454, Gait = Run, FacingMdeg = 116973, IsMoving = True } }
3768	1525	MoveCommand { Actor = chr_01M38R7216X4HHDN91G4JV2AC2, Intent = MoveIntent { DirXPermille = 891, DirZPermille = -453, Gait = Run, FacingMdeg = 116968, IsMoving = True } }
3769	1526	MoveCommand { Actor = chr_01M38R7216X4HHDN91G4JV2AC2, Intent = MoveIntent { DirXPermille = 891, DirZPermille = -454, Gait = Run, FacingMdeg = 116974, IsMoving = True } }
3772	1527	MoveCommand { Actor = chr_01M38R7216X4HHDN91G4JV2AC2, Intent = MoveIntent { DirXPermille = 891, DirZPermille = -453, Gait = Run, FacingMdeg = 116968, IsMoving = True } }
3773	1528	MoveCommand { Actor = chr_01M38R7216X4HHDN91G4JV2AC2, Intent = MoveIntent { DirXPermille = 891, DirZPermille = -454, Gait = Run, FacingMdeg = 116975, IsMoving = True } }
3777	1529	MoveCommand { Actor = chr_01M38R7216X4HHDN91G4JV2AC2, Intent = MoveIntent { DirXPermille = 891, DirZPermille = -453, Gait = Run, FacingMdeg = 116966, IsMoving = True } }
3778	1530	MoveCommand { Actor = chr_01M38R7216X4HHDN91G4JV2AC2, Intent = MoveIntent { DirXPermille = 891, DirZPermille = -454, Gait = Run, FacingMdeg = 116974, IsMoving = True } }
3781	1531	MoveCommand { Actor = chr_01M38R7216X4HHDN91G4JV2AC2, Intent = MoveIntent { DirXPermille = 891, DirZPermille = -453, Gait = Run, FacingMdeg = 116966, IsMoving = True } }
3782	1532	MoveCommand { Actor = chr_01M38R7216X4HHDN91G4JV2AC2, Intent = MoveIntent { DirXPermille = 891, DirZPermille = -454, Gait = Run, FacingMdeg = 116976, IsMoving = True } }
3785	1533	MoveCommand { Actor = chr_01M38R7216X4HHDN91G4JV2AC2, Intent = MoveIntent { DirXPermille = 891, DirZPermille = -453, Gait = Run, FacingMdeg = 116967, IsMoving = True } }
3786	1534	MoveCommand { Actor = chr_01M38R7216X4HHDN91G4JV2AC2, Intent = MoveIntent { DirXPermille = 891, DirZPermille = -454, Gait = Run, FacingMdeg = 116979, IsMoving = True } }
3789	1535	MoveCommand { Actor = chr_01M38R7216X4HHDN91G4JV2AC2, Intent = MoveIntent { DirXPermille = 891, DirZPermille = -453, Gait = Run, FacingMdeg = 116967, IsMoving = True } }
3790	1536	MoveCommand { Actor = chr_01M38R7216X4HHDN91G4JV2AC2, Intent = MoveIntent { DirXPermille = 891, DirZPermille = -454, Gait = Run, FacingMdeg = 116982, IsMoving = True } }
3793	1537	MoveCommand { Actor = chr_01M38R7216X4HHDN91G4JV2AC2, Intent = MoveIntent { DirXPermille = 891, DirZPermille = -453, Gait = Run, FacingMdeg = 116968, IsMoving = True } }
3794	1538	MoveCommand { Actor = chr_01M38R7216X4HHDN91G4JV2AC2, Intent = MoveIntent { DirXPermille = 891, DirZPermille = -454, Gait = Run, FacingMdeg = 116988, IsMoving = True } }
3798	1539	MoveCommand { Actor = chr_01M38R7216X4HHDN91G4JV2AC2, Intent = MoveIntent { DirXPermille = 0, DirZPermille = 0, Gait = Run, FacingMdeg = 116988, IsMoving = False } }
3798	1540	TalkCommand { Actor = chr_01M38R7216X4HHDN91G4JV2AC2, NpcId = npc.ashen_hollow.sel_arien }
3799	1541	ChooseCommand { Actor = chr_01M38R7216X4HHDN91G4JV2AC2, ReplyId = books }
3807	1542	ChooseCommand { Actor = chr_01M38R7216X4HHDN91G4JV2AC2, ReplyId = take }
3815	1543	ChooseCommand { Actor = chr_01M38R7216X4HHDN91G4JV2AC2, ReplyId = ruin }
3823	1544	ChooseCommand { Actor = chr_01M38R7216X4HHDN91G4JV2AC2, ReplyId = tavar }
3831	1545	ChooseCommand { Actor = chr_01M38R7216X4HHDN91G4JV2AC2, ReplyId = stones }
3839	1546	ChooseCommand { Actor = chr_01M38R7216X4HHDN91G4JV2AC2, ReplyId = back }
3847	1547	LeaveCommand { Actor = chr_01M38R7216X4HHDN91G4JV2AC2 }
3855	1548	UseItemCommand { Actor = chr_01M38R7216X4HHDN91G4JV2AC2, Item = itm_01M38RAGDNXVBN1WRYW85BNX2H }
3857	1549	MoveCommand { Actor = chr_01M38R7216X4HHDN91G4JV2AC2, Intent = MoveIntent { DirXPermille = 875, DirZPermille = -484, Gait = Run, FacingMdeg = 118931, IsMoving = True } }
3862	1550	MoveCommand { Actor = chr_01M38R7216X4HHDN91G4JV2AC2, Intent = MoveIntent { DirXPermille = 876, DirZPermille = -483, Gait = Run, FacingMdeg = 118886, IsMoving = True } }
3863	1551	MoveCommand { Actor = chr_01M38R7216X4HHDN91G4JV2AC2, Intent = MoveIntent { DirXPermille = 876, DirZPermille = -482, Gait = Run, FacingMdeg = 118839, IsMoving = True } }
3864	1552	MoveCommand { Actor = chr_01M38R7216X4HHDN91G4JV2AC2, Intent = MoveIntent { DirXPermille = 876, DirZPermille = -481, Gait = Run, FacingMdeg = 118780, IsMoving = True } }
3865	1553	MoveCommand { Actor = chr_01M38R7216X4HHDN91G4JV2AC2, Intent = MoveIntent { DirXPermille = 877, DirZPermille = -480, Gait = Run, FacingMdeg = 118703, IsMoving = True } }
3866	1554	MoveCommand { Actor = chr_01M38R7216X4HHDN91G4JV2AC2, Intent = MoveIntent { DirXPermille = 878, DirZPermille = -479, Gait = Run, FacingMdeg = 118605, IsMoving = True } }
3867	1555	MoveCommand { Actor = chr_01M38R7216X4HHDN91G4JV2AC2, Intent = MoveIntent { DirXPermille = 879, DirZPermille = -477, Gait = Run, FacingMdeg = 118482, IsMoving = True } }
3868	1556	MoveCommand { Actor = chr_01M38R7216X4HHDN91G4JV2AC2, Intent = MoveIntent { DirXPermille = 880, DirZPermille = -475, Gait = Run, FacingMdeg = 118329, IsMoving = True } }
3869	1557	MoveCommand { Actor = chr_01M38R7216X4HHDN91G4JV2AC2, Intent = MoveIntent { DirXPermille = 882, DirZPermille = -472, Gait = Run, FacingMdeg = 118146, IsMoving = True } }
3870	1558	MoveCommand { Actor = chr_01M38R7216X4HHDN91G4JV2AC2, Intent = MoveIntent { DirXPermille = 884, DirZPermille = -468, Gait = Run, FacingMdeg = 117931, IsMoving = True } }
3871	1559	MoveCommand { Actor = chr_01M38R7216X4HHDN91G4JV2AC2, Intent = MoveIntent { DirXPermille = 885, DirZPermille = -465, Gait = Run, FacingMdeg = 117696, IsMoving = True } }
3872	1560	MoveCommand { Actor = chr_01M38R7216X4HHDN91G4JV2AC2, Intent = MoveIntent { DirXPermille = 887, DirZPermille = -461, Gait = Run, FacingMdeg = 117464, IsMoving = True } }
3873	1561	MoveCommand { Actor = chr_01M38R7216X4HHDN91G4JV2AC2, Intent = MoveIntent { DirXPermille = 889, DirZPermille = -458, Gait = Run, FacingMdeg = 117264, IsMoving = True } }
3874	1562	MoveCommand { Actor = chr_01M38R7216X4HHDN91G4JV2AC2, Intent = MoveIntent { DirXPermille = 890, DirZPermille = -456, Gait = Run, FacingMdeg = 117138, IsMoving = True } }
3885	1563	MoveCommand { Actor = chr_01M38R7216X4HHDN91G4JV2AC2, Intent = MoveIntent { DirXPermille = 891, DirZPermille = -454, Gait = Run, FacingMdeg = 116988, IsMoving = True } }
3886	1564	MoveCommand { Actor = chr_01M38R7216X4HHDN91G4JV2AC2, Intent = MoveIntent { DirXPermille = 893, DirZPermille = -451, Gait = Run, FacingMdeg = 116792, IsMoving = True } }
3887	1565	MoveCommand { Actor = chr_01M38R7216X4HHDN91G4JV2AC2, Intent = MoveIntent { DirXPermille = 894, DirZPermille = -448, Gait = Run, FacingMdeg = 116597, IsMoving = True } }
3888	1566	MoveCommand { Actor = chr_01M38R7216X4HHDN91G4JV2AC2, Intent = MoveIntent { DirXPermille = 896, DirZPermille = -445, Gait = Run, FacingMdeg = 116403, IsMoving = True } }
3889	1567	MoveCommand { Actor = chr_01M38R7216X4HHDN91G4JV2AC2, Intent = MoveIntent { DirXPermille = 898, DirZPermille = -440, Gait = Run, FacingMdeg = 116128, IsMoving = True } }
3890	1568	MoveCommand { Actor = chr_01M38R7216X4HHDN91G4JV2AC2, Intent = MoveIntent { DirXPermille = 900, DirZPermille = -436, Gait = Run, FacingMdeg = 115858, IsMoving = True } }
3891	1569	MoveCommand { Actor = chr_01M38R7216X4HHDN91G4JV2AC2, Intent = MoveIntent { DirXPermille = 901, DirZPermille = -435, Gait = Run, FacingMdeg = 115764, IsMoving = True } }
3899	1570	MoveCommand { Actor = chr_01M38R7216X4HHDN91G4JV2AC2, Intent = MoveIntent { DirXPermille = 901, DirZPermille = -434, Gait = Run, FacingMdeg = 115752, IsMoving = True } }
3901	1571	MoveCommand { Actor = chr_01M38R7216X4HHDN91G4JV2AC2, Intent = MoveIntent { DirXPermille = 901, DirZPermille = -435, Gait = Run, FacingMdeg = 115755, IsMoving = True } }
3902	1572	MoveCommand { Actor = chr_01M38R7216X4HHDN91G4JV2AC2, Intent = MoveIntent { DirXPermille = 901, DirZPermille = -434, Gait = Run, FacingMdeg = 115753, IsMoving = True } }
3903	1573	MoveCommand { Actor = chr_01M38R7216X4HHDN91G4JV2AC2, Intent = MoveIntent { DirXPermille = 901, DirZPermille = -435, Gait = Run, FacingMdeg = 115755, IsMoving = True } }
3904	1574	MoveCommand { Actor = chr_01M38R7216X4HHDN91G4JV2AC2, Intent = MoveIntent { DirXPermille = 901, DirZPermille = -434, Gait = Run, FacingMdeg = 115753, IsMoving = True } }
3905	1575	MoveCommand { Actor = chr_01M38R7216X4HHDN91G4JV2AC2, Intent = MoveIntent { DirXPermille = 901, DirZPermille = -435, Gait = Run, FacingMdeg = 115755, IsMoving = True } }
3906	1576	MoveCommand { Actor = chr_01M38R7216X4HHDN91G4JV2AC2, Intent = MoveIntent { DirXPermille = 901, DirZPermille = -434, Gait = Run, FacingMdeg = 115753, IsMoving = True } }
3907	1577	MoveCommand { Actor = chr_01M38R7216X4HHDN91G4JV2AC2, Intent = MoveIntent { DirXPermille = 901, DirZPermille = -435, Gait = Run, FacingMdeg = 115754, IsMoving = True } }
3908	1578	MoveCommand { Actor = chr_01M38R7216X4HHDN91G4JV2AC2, Intent = MoveIntent { DirXPermille = 901, DirZPermille = -434, Gait = Run, FacingMdeg = 115753, IsMoving = True } }
3909	1579	MoveCommand { Actor = chr_01M38R7216X4HHDN91G4JV2AC2, Intent = MoveIntent { DirXPermille = 901, DirZPermille = -435, Gait = Run, FacingMdeg = 115754, IsMoving = True } }
3910	1580	MoveCommand { Actor = chr_01M38R7216X4HHDN91G4JV2AC2, Intent = MoveIntent { DirXPermille = 901, DirZPermille = -434, Gait = Run, FacingMdeg = 115752, IsMoving = True } }
3911	1581	MoveCommand { Actor = chr_01M38R7216X4HHDN91G4JV2AC2, Intent = MoveIntent { DirXPermille = 901, DirZPermille = -435, Gait = Run, FacingMdeg = 115754, IsMoving = True } }
3912	1582	MoveCommand { Actor = chr_01M38R7216X4HHDN91G4JV2AC2, Intent = MoveIntent { DirXPermille = 901, DirZPermille = -434, Gait = Run, FacingMdeg = 115752, IsMoving = True } }
3913	1583	MoveCommand { Actor = chr_01M38R7216X4HHDN91G4JV2AC2, Intent = MoveIntent { DirXPermille = 901, DirZPermille = -435, Gait = Run, FacingMdeg = 115754, IsMoving = True } }
3914	1584	MoveCommand { Actor = chr_01M38R7216X4HHDN91G4JV2AC2, Intent = MoveIntent { DirXPermille = 901, DirZPermille = -434, Gait = Run, FacingMdeg = 115752, IsMoving = True } }
3915	1585	MoveCommand { Actor = chr_01M38R7216X4HHDN91G4JV2AC2, Intent = MoveIntent { DirXPermille = 901, DirZPermille = -435, Gait = Run, FacingMdeg = 115754, IsMoving = True } }
3916	1586	MoveCommand { Actor = chr_01M38R7216X4HHDN91G4JV2AC2, Intent = MoveIntent { DirXPermille = 901, DirZPermille = -434, Gait = Run, FacingMdeg = 115752, IsMoving = True } }
3918	1587	MoveCommand { Actor = chr_01M38R7216X4HHDN91G4JV2AC2, Intent = MoveIntent { DirXPermille = 901, DirZPermille = -435, Gait = Run, FacingMdeg = 115755, IsMoving = True } }
3919	1588	MoveCommand { Actor = chr_01M38R7216X4HHDN91G4JV2AC2, Intent = MoveIntent { DirXPermille = 901, DirZPermille = -434, Gait = Run, FacingMdeg = 115753, IsMoving = True } }
3920	1589	MoveCommand { Actor = chr_01M38R7216X4HHDN91G4JV2AC2, Intent = MoveIntent { DirXPermille = 901, DirZPermille = -435, Gait = Run, FacingMdeg = 115755, IsMoving = True } }
3921	1590	MoveCommand { Actor = chr_01M38R7216X4HHDN91G4JV2AC2, Intent = MoveIntent { DirXPermille = 901, DirZPermille = -434, Gait = Run, FacingMdeg = 115753, IsMoving = True } }
3922	1591	MoveCommand { Actor = chr_01M38R7216X4HHDN91G4JV2AC2, Intent = MoveIntent { DirXPermille = 901, DirZPermille = -435, Gait = Run, FacingMdeg = 115755, IsMoving = True } }
3923	1592	MoveCommand { Actor = chr_01M38R7216X4HHDN91G4JV2AC2, Intent = MoveIntent { DirXPermille = 901, DirZPermille = -434, Gait = Run, FacingMdeg = 115753, IsMoving = True } }
3924	1593	MoveCommand { Actor = chr_01M38R7216X4HHDN91G4JV2AC2, Intent = MoveIntent { DirXPermille = 901, DirZPermille = -435, Gait = Run, FacingMdeg = 115754, IsMoving = True } }
3925	1594	MoveCommand { Actor = chr_01M38R7216X4HHDN91G4JV2AC2, Intent = MoveIntent { DirXPermille = 901, DirZPermille = -434, Gait = Run, FacingMdeg = 115752, IsMoving = True } }
3926	1595	MoveCommand { Actor = chr_01M38R7216X4HHDN91G4JV2AC2, Intent = MoveIntent { DirXPermille = 901, DirZPermille = -435, Gait = Run, FacingMdeg = 115754, IsMoving = True } }
3927	1596	MoveCommand { Actor = chr_01M38R7216X4HHDN91G4JV2AC2, Intent = MoveIntent { DirXPermille = 901, DirZPermille = -434, Gait = Run, FacingMdeg = 115752, IsMoving = True } }
3928	1597	MoveCommand { Actor = chr_01M38R7216X4HHDN91G4JV2AC2, Intent = MoveIntent { DirXPermille = 901, DirZPermille = -435, Gait = Run, FacingMdeg = 115754, IsMoving = True } }
3929	1598	MoveCommand { Actor = chr_01M38R7216X4HHDN91G4JV2AC2, Intent = MoveIntent { DirXPermille = 901, DirZPermille = -434, Gait = Run, FacingMdeg = 115752, IsMoving = True } }
3930	1599	MoveCommand { Actor = chr_01M38R7216X4HHDN91G4JV2AC2, Intent = MoveIntent { DirXPermille = 901, DirZPermille = -435, Gait = Run, FacingMdeg = 115754, IsMoving = True } }
3931	1600	MoveCommand { Actor = chr_01M38R7216X4HHDN91G4JV2AC2, Intent = MoveIntent { DirXPermille = 901, DirZPermille = -434, Gait = Run, FacingMdeg = 115751, IsMoving = True } }
3933	1601	MoveCommand { Actor = chr_01M38R7216X4HHDN91G4JV2AC2, Intent = MoveIntent { DirXPermille = 901, DirZPermille = -435, Gait = Run, FacingMdeg = 115755, IsMoving = True } }
3934	1602	MoveCommand { Actor = chr_01M38R7216X4HHDN91G4JV2AC2, Intent = MoveIntent { DirXPermille = 901, DirZPermille = -434, Gait = Run, FacingMdeg = 115753, IsMoving = True } }
3935	1603	MoveCommand { Actor = chr_01M38R7216X4HHDN91G4JV2AC2, Intent = MoveIntent { DirXPermille = 901, DirZPermille = -435, Gait = Run, FacingMdeg = 115755, IsMoving = True } }
3936	1604	MoveCommand { Actor = chr_01M38R7216X4HHDN91G4JV2AC2, Intent = MoveIntent { DirXPermille = 901, DirZPermille = -434, Gait = Run, FacingMdeg = 115753, IsMoving = True } }
3937	1605	MoveCommand { Actor = chr_01M38R7216X4HHDN91G4JV2AC2, Intent = MoveIntent { DirXPermille = 901, DirZPermille = -435, Gait = Run, FacingMdeg = 115755, IsMoving = True } }
3938	1606	MoveCommand { Actor = chr_01M38R7216X4HHDN91G4JV2AC2, Intent = MoveIntent { DirXPermille = 901, DirZPermille = -434, Gait = Run, FacingMdeg = 115752, IsMoving = True } }
3939	1607	MoveCommand { Actor = chr_01M38R7216X4HHDN91G4JV2AC2, Intent = MoveIntent { DirXPermille = 901, DirZPermille = -435, Gait = Run, FacingMdeg = 115755, IsMoving = True } }
3940	1608	MoveCommand { Actor = chr_01M38R7216X4HHDN91G4JV2AC2, Intent = MoveIntent { DirXPermille = 901, DirZPermille = -434, Gait = Run, FacingMdeg = 115752, IsMoving = True } }
3941	1609	MoveCommand { Actor = chr_01M38R7216X4HHDN91G4JV2AC2, Intent = MoveIntent { DirXPermille = 901, DirZPermille = -435, Gait = Run, FacingMdeg = 115754, IsMoving = True } }
3942	1610	MoveCommand { Actor = chr_01M38R7216X4HHDN91G4JV2AC2, Intent = MoveIntent { DirXPermille = 901, DirZPermille = -434, Gait = Run, FacingMdeg = 115752, IsMoving = True } }
3943	1611	MoveCommand { Actor = chr_01M38R7216X4HHDN91G4JV2AC2, Intent = MoveIntent { DirXPermille = 901, DirZPermille = -435, Gait = Run, FacingMdeg = 115754, IsMoving = True } }
3944	1612	MoveCommand { Actor = chr_01M38R7216X4HHDN91G4JV2AC2, Intent = MoveIntent { DirXPermille = 901, DirZPermille = -434, Gait = Run, FacingMdeg = 115751, IsMoving = True } }
3945	1613	MoveCommand { Actor = chr_01M38R7216X4HHDN91G4JV2AC2, Intent = MoveIntent { DirXPermille = 901, DirZPermille = -435, Gait = Run, FacingMdeg = 115754, IsMoving = True } }
3946	1614	MoveCommand { Actor = chr_01M38R7216X4HHDN91G4JV2AC2, Intent = MoveIntent { DirXPermille = 901, DirZPermille = -434, Gait = Run, FacingMdeg = 115751, IsMoving = True } }
3948	1615	MoveCommand { Actor = chr_01M38R7216X4HHDN91G4JV2AC2, Intent = MoveIntent { DirXPermille = 901, DirZPermille = -435, Gait = Run, FacingMdeg = 115756, IsMoving = True } }
3949	1616	MoveCommand { Actor = chr_01M38R7216X4HHDN91G4JV2AC2, Intent = MoveIntent { DirXPermille = 901, DirZPermille = -434, Gait = Run, FacingMdeg = 115753, IsMoving = True } }
3950	1617	MoveCommand { Actor = chr_01M38R7216X4HHDN91G4JV2AC2, Intent = MoveIntent { DirXPermille = 901, DirZPermille = -435, Gait = Run, FacingMdeg = 115756, IsMoving = True } }
3951	1618	MoveCommand { Actor = chr_01M38R7216X4HHDN91G4JV2AC2, Intent = MoveIntent { DirXPermille = 901, DirZPermille = -434, Gait = Run, FacingMdeg = 115753, IsMoving = True } }
3952	1619	MoveCommand { Actor = chr_01M38R7216X4HHDN91G4JV2AC2, Intent = MoveIntent { DirXPermille = 901, DirZPermille = -435, Gait = Run, FacingMdeg = 115755, IsMoving = True } }
3953	1620	MoveCommand { Actor = chr_01M38R7216X4HHDN91G4JV2AC2, Intent = MoveIntent { DirXPermille = 901, DirZPermille = -434, Gait = Run, FacingMdeg = 115752, IsMoving = True } }
3954	1621	MoveCommand { Actor = chr_01M38R7216X4HHDN91G4JV2AC2, Intent = MoveIntent { DirXPermille = 901, DirZPermille = -435, Gait = Run, FacingMdeg = 115755, IsMoving = True } }
3955	1622	MoveCommand { Actor = chr_01M38R7216X4HHDN91G4JV2AC2, Intent = MoveIntent { DirXPermille = 901, DirZPermille = -434, Gait = Run, FacingMdeg = 115752, IsMoving = True } }
3956	1623	MoveCommand { Actor = chr_01M38R7216X4HHDN91G4JV2AC2, Intent = MoveIntent { DirXPermille = 901, DirZPermille = -435, Gait = Run, FacingMdeg = 115755, IsMoving = True } }
3957	1624	MoveCommand { Actor = chr_01M38R7216X4HHDN91G4JV2AC2, Intent = MoveIntent { DirXPermille = 901, DirZPermille = -434, Gait = Run, FacingMdeg = 115751, IsMoving = True } }
3958	1625	MoveCommand { Actor = chr_01M38R7216X4HHDN91G4JV2AC2, Intent = MoveIntent { DirXPermille = 901, DirZPermille = -435, Gait = Run, FacingMdeg = 115754, IsMoving = True } }
3959	1626	MoveCommand { Actor = chr_01M38R7216X4HHDN91G4JV2AC2, Intent = MoveIntent { DirXPermille = 901, DirZPermille = -434, Gait = Run, FacingMdeg = 115751, IsMoving = True } }
3960	1627	MoveCommand { Actor = chr_01M38R7216X4HHDN91G4JV2AC2, Intent = MoveIntent { DirXPermille = 901, DirZPermille = -435, Gait = Run, FacingMdeg = 115754, IsMoving = True } }
3961	1628	MoveCommand { Actor = chr_01M38R7216X4HHDN91G4JV2AC2, Intent = MoveIntent { DirXPermille = 901, DirZPermille = -434, Gait = Run, FacingMdeg = 115750, IsMoving = True } }
3962	1629	MoveCommand { Actor = chr_01M38R7216X4HHDN91G4JV2AC2, Intent = MoveIntent { DirXPermille = 901, DirZPermille = -435, Gait = Run, FacingMdeg = 115754, IsMoving = True } }
3963	1630	MoveCommand { Actor = chr_01M38R7216X4HHDN91G4JV2AC2, Intent = MoveIntent { DirXPermille = 901, DirZPermille = -434, Gait = Run, FacingMdeg = 115750, IsMoving = True } }
3965	1631	MoveCommand { Actor = chr_01M38R7216X4HHDN91G4JV2AC2, Intent = MoveIntent { DirXPermille = 901, DirZPermille = -435, Gait = Run, FacingMdeg = 115757, IsMoving = True } }
3966	1632	MoveCommand { Actor = chr_01M38R7216X4HHDN91G4JV2AC2, Intent = MoveIntent { DirXPermille = 901, DirZPermille = -434, Gait = Run, FacingMdeg = 115753, IsMoving = True } }
3967	1633	MoveCommand { Actor = chr_01M38R7216X4HHDN91G4JV2AC2, Intent = MoveIntent { DirXPermille = 901, DirZPermille = -435, Gait = Run, FacingMdeg = 115756, IsMoving = True } }
3968	1634	MoveCommand { Actor = chr_01M38R7216X4HHDN91G4JV2AC2, Intent = MoveIntent { DirXPermille = 901, DirZPermille = -434, Gait = Run, FacingMdeg = 115752, IsMoving = True } }
3969	1635	MoveCommand { Actor = chr_01M38R7216X4HHDN91G4JV2AC2, Intent = MoveIntent { DirXPermille = 901, DirZPermille = -435, Gait = Run, FacingMdeg = 115756, IsMoving = True } }
3970	1636	MoveCommand { Actor = chr_01M38R7216X4HHDN91G4JV2AC2, Intent = MoveIntent { DirXPermille = 901, DirZPermille = -434, Gait = Run, FacingMdeg = 115751, IsMoving = True } }
3971	1637	MoveCommand { Actor = chr_01M38R7216X4HHDN91G4JV2AC2, Intent = MoveIntent { DirXPermille = 901, DirZPermille = -435, Gait = Run, FacingMdeg = 115756, IsMoving = True } }
3972	1638	MoveCommand { Actor = chr_01M38R7216X4HHDN91G4JV2AC2, Intent = MoveIntent { DirXPermille = 901, DirZPermille = -434, Gait = Run, FacingMdeg = 115751, IsMoving = True } }
3973	1639	MoveCommand { Actor = chr_01M38R7216X4HHDN91G4JV2AC2, Intent = MoveIntent { DirXPermille = 901, DirZPermille = -435, Gait = Run, FacingMdeg = 115755, IsMoving = True } }
3974	1640	MoveCommand { Actor = chr_01M38R7216X4HHDN91G4JV2AC2, Intent = MoveIntent { DirXPermille = 901, DirZPermille = -434, Gait = Run, FacingMdeg = 115750, IsMoving = True } }
3975	1641	MoveCommand { Actor = chr_01M38R7216X4HHDN91G4JV2AC2, Intent = MoveIntent { DirXPermille = 901, DirZPermille = -435, Gait = Run, FacingMdeg = 115754, IsMoving = True } }
3976	1642	MoveCommand { Actor = chr_01M38R7216X4HHDN91G4JV2AC2, Intent = MoveIntent { DirXPermille = 901, DirZPermille = -434, Gait = Run, FacingMdeg = 115749, IsMoving = True } }
3977	1643	MoveCommand { Actor = chr_01M38R7216X4HHDN91G4JV2AC2, Intent = MoveIntent { DirXPermille = 901, DirZPermille = -435, Gait = Run, FacingMdeg = 115754, IsMoving = True } }
3978	1644	MoveCommand { Actor = chr_01M38R7216X4HHDN91G4JV2AC2, Intent = MoveIntent { DirXPermille = 901, DirZPermille = -434, Gait = Run, FacingMdeg = 115748, IsMoving = True } }
3980	1645	MoveCommand { Actor = chr_01M38R7216X4HHDN91G4JV2AC2, Intent = MoveIntent { DirXPermille = 901, DirZPermille = -435, Gait = Run, FacingMdeg = 115759, IsMoving = True } }
3981	1646	MoveCommand { Actor = chr_01M38R7216X4HHDN91G4JV2AC2, Intent = MoveIntent { DirXPermille = 901, DirZPermille = -434, Gait = Run, FacingMdeg = 115752, IsMoving = True } }
3982	1647	MoveCommand { Actor = chr_01M38R7216X4HHDN91G4JV2AC2, Intent = MoveIntent { DirXPermille = 901, DirZPermille = -435, Gait = Run, FacingMdeg = 115758, IsMoving = True } }
3983	1648	MoveCommand { Actor = chr_01M38R7216X4HHDN91G4JV2AC2, Intent = MoveIntent { DirXPermille = 901, DirZPermille = -434, Gait = Run, FacingMdeg = 115751, IsMoving = True } }
3984	1649	MoveCommand { Actor = chr_01M38R7216X4HHDN91G4JV2AC2, Intent = MoveIntent { DirXPermille = 901, DirZPermille = -435, Gait = Run, FacingMdeg = 115758, IsMoving = True } }
3985	1650	MoveCommand { Actor = chr_01M38R7216X4HHDN91G4JV2AC2, Intent = MoveIntent { DirXPermille = 901, DirZPermille = -434, Gait = Run, FacingMdeg = 115750, IsMoving = True } }
3986	1651	MoveCommand { Actor = chr_01M38R7216X4HHDN91G4JV2AC2, Intent = MoveIntent { DirXPermille = 901, DirZPermille = -435, Gait = Run, FacingMdeg = 115757, IsMoving = True } }
3987	1652	MoveCommand { Actor = chr_01M38R7216X4HHDN91G4JV2AC2, Intent = MoveIntent { DirXPermille = 901, DirZPermille = -434, Gait = Run, FacingMdeg = 115749, IsMoving = True } }
3988	1653	MoveCommand { Actor = chr_01M38R7216X4HHDN91G4JV2AC2, Intent = MoveIntent { DirXPermille = 901, DirZPermille = -435, Gait = Run, FacingMdeg = 115757, IsMoving = True } }
3989	1654	MoveCommand { Actor = chr_01M38R7216X4HHDN91G4JV2AC2, Intent = MoveIntent { DirXPermille = 901, DirZPermille = -434, Gait = Run, FacingMdeg = 115747, IsMoving = True } }
3990	1655	MoveCommand { Actor = chr_01M38R7216X4HHDN91G4JV2AC2, Intent = MoveIntent { DirXPermille = 901, DirZPermille = -435, Gait = Run, FacingMdeg = 115756, IsMoving = True } }
3991	1656	MoveCommand { Actor = chr_01M38R7216X4HHDN91G4JV2AC2, Intent = MoveIntent { DirXPermille = 901, DirZPermille = -434, Gait = Run, FacingMdeg = 115745, IsMoving = True } }
3992	1657	MoveCommand { Actor = chr_01M38R7216X4HHDN91G4JV2AC2, Intent = MoveIntent { DirXPermille = 901, DirZPermille = -435, Gait = Run, FacingMdeg = 115755, IsMoving = True } }
3993	1658	MoveCommand { Actor = chr_01M38R7216X4HHDN91G4JV2AC2, Intent = MoveIntent { DirXPermille = 901, DirZPermille = -434, Gait = Run, FacingMdeg = 115743, IsMoving = True } }
3995	1659	MoveCommand { Actor = chr_01M38R7216X4HHDN91G4JV2AC2, Intent = MoveIntent { DirXPermille = 901, DirZPermille = -435, Gait = Run, FacingMdeg = 115766, IsMoving = True } }
3996	1660	MoveCommand { Actor = chr_01M38R7216X4HHDN91G4JV2AC2, Intent = MoveIntent { DirXPermille = 901, DirZPermille = -434, Gait = Run, FacingMdeg = 115751, IsMoving = True } }
3997	1661	MoveCommand { Actor = chr_01M38R7216X4HHDN91G4JV2AC2, Intent = MoveIntent { DirXPermille = 901, DirZPermille = -435, Gait = Run, FacingMdeg = 115766, IsMoving = True } }
3998	1662	MoveCommand { Actor = chr_01M38R7216X4HHDN91G4JV2AC2, Intent = MoveIntent { DirXPermille = 901, DirZPermille = -434, Gait = Run, FacingMdeg = 115749, IsMoving = True } }
3999	1663	MoveCommand { Actor = chr_01M38R7216X4HHDN91G4JV2AC2, Intent = MoveIntent { DirXPermille = 901, DirZPermille = -435, Gait = Run, FacingMdeg = 115767, IsMoving = True } }
4000	1664	MoveCommand { Actor = chr_01M38R7216X4HHDN91G4JV2AC2, Intent = MoveIntent { DirXPermille = 901, DirZPermille = -434, Gait = Run, FacingMdeg = 115745, IsMoving = True } }
4001	1665	MoveCommand { Actor = chr_01M38R7216X4HHDN91G4JV2AC2, Intent = MoveIntent { DirXPermille = 901, DirZPermille = -435, Gait = Run, FacingMdeg = 115768, IsMoving = True } }
4002	1666	MoveCommand { Actor = chr_01M38R7216X4HHDN91G4JV2AC2, Intent = MoveIntent { DirXPermille = 901, DirZPermille = -434, Gait = Run, FacingMdeg = 115737, IsMoving = True } }
4003	1667	MoveCommand { Actor = chr_01M38R7216X4HHDN91G4JV2AC2, Intent = MoveIntent { DirXPermille = 901, DirZPermille = -435, Gait = Run, FacingMdeg = 115769, IsMoving = True } }
4004	1668	MoveCommand { Actor = chr_01M38R7216X4HHDN91G4JV2AC2, Intent = MoveIntent { DirXPermille = 901, DirZPermille = -434, Gait = Run, FacingMdeg = 115721, IsMoving = True } }
4006	1669	MoveCommand { Actor = chr_01M38R7216X4HHDN91G4JV2AC2, Intent = MoveIntent { DirXPermille = 966, DirZPermille = -260, Gait = Run, FacingMdeg = 105068, IsMoving = True } }
4029	1670	MoveCommand { Actor = chr_01M38R7216X4HHDN91G4JV2AC2, Intent = MoveIntent { DirXPermille = 966, DirZPermille = -259, Gait = Run, FacingMdeg = 105039, IsMoving = True } }
4030	1671	MoveCommand { Actor = chr_01M38R7216X4HHDN91G4JV2AC2, Intent = MoveIntent { DirXPermille = 966, DirZPermille = -260, Gait = Run, FacingMdeg = 105042, IsMoving = True } }
4032	1672	MoveCommand { Actor = chr_01M38R7216X4HHDN91G4JV2AC2, Intent = MoveIntent { DirXPermille = 966, DirZPermille = -259, Gait = Run, FacingMdeg = 105039, IsMoving = True } }
4033	1673	MoveCommand { Actor = chr_01M38R7216X4HHDN91G4JV2AC2, Intent = MoveIntent { DirXPermille = 966, DirZPermille = -260, Gait = Run, FacingMdeg = 105042, IsMoving = True } }
4035	1674	MoveCommand { Actor = chr_01M38R7216X4HHDN91G4JV2AC2, Intent = MoveIntent { DirXPermille = 966, DirZPermille = -259, Gait = Run, FacingMdeg = 105039, IsMoving = True } }
4036	1675	MoveCommand { Actor = chr_01M38R7216X4HHDN91G4JV2AC2, Intent = MoveIntent { DirXPermille = 966, DirZPermille = -260, Gait = Run, FacingMdeg = 105042, IsMoving = True } }
4037	1676	MoveCommand { Actor = chr_01M38R7216X4HHDN91G4JV2AC2, Intent = MoveIntent { DirXPermille = 966, DirZPermille = -259, Gait = Run, FacingMdeg = 105040, IsMoving = True } }
4038	1677	MoveCommand { Actor = chr_01M38R7216X4HHDN91G4JV2AC2, Intent = MoveIntent { DirXPermille = 966, DirZPermille = -260, Gait = Run, FacingMdeg = 105044, IsMoving = True } }
4040	1678	MoveCommand { Actor = chr_01M38R7216X4HHDN91G4JV2AC2, Intent = MoveIntent { DirXPermille = 966, DirZPermille = -259, Gait = Run, FacingMdeg = 105040, IsMoving = True } }
4041	1679	MoveCommand { Actor = chr_01M38R7216X4HHDN91G4JV2AC2, Intent = MoveIntent { DirXPermille = 966, DirZPermille = -260, Gait = Run, FacingMdeg = 105044, IsMoving = True } }
4043	1680	MoveCommand { Actor = chr_01M38R7216X4HHDN91G4JV2AC2, Intent = MoveIntent { DirXPermille = 966, DirZPermille = -259, Gait = Run, FacingMdeg = 105040, IsMoving = True } }
4044	1681	MoveCommand { Actor = chr_01M38R7216X4HHDN91G4JV2AC2, Intent = MoveIntent { DirXPermille = 966, DirZPermille = -260, Gait = Run, FacingMdeg = 105043, IsMoving = True } }
4046	1682	MoveCommand { Actor = chr_01M38R7216X4HHDN91G4JV2AC2, Intent = MoveIntent { DirXPermille = 966, DirZPermille = -259, Gait = Run, FacingMdeg = 105039, IsMoving = True } }
4047	1683	MoveCommand { Actor = chr_01M38R7216X4HHDN91G4JV2AC2, Intent = MoveIntent { DirXPermille = 966, DirZPermille = -260, Gait = Run, FacingMdeg = 105043, IsMoving = True } }
4049	1684	MoveCommand { Actor = chr_01M38R7216X4HHDN91G4JV2AC2, Intent = MoveIntent { DirXPermille = 966, DirZPermille = -259, Gait = Run, FacingMdeg = 105039, IsMoving = True } }
4050	1685	MoveCommand { Actor = chr_01M38R7216X4HHDN91G4JV2AC2, Intent = MoveIntent { DirXPermille = 966, DirZPermille = -260, Gait = Run, FacingMdeg = 105043, IsMoving = True } }
4052	1686	MoveCommand { Actor = chr_01M38R7216X4HHDN91G4JV2AC2, Intent = MoveIntent { DirXPermille = 966, DirZPermille = -259, Gait = Run, FacingMdeg = 105039, IsMoving = True } }
4053	1687	MoveCommand { Actor = chr_01M38R7216X4HHDN91G4JV2AC2, Intent = MoveIntent { DirXPermille = 966, DirZPermille = -260, Gait = Run, FacingMdeg = 105043, IsMoving = True } }
4055	1688	MoveCommand { Actor = chr_01M38R7216X4HHDN91G4JV2AC2, Intent = MoveIntent { DirXPermille = 966, DirZPermille = -259, Gait = Run, FacingMdeg = 105038, IsMoving = True } }
4056	1689	MoveCommand { Actor = chr_01M38R7216X4HHDN91G4JV2AC2, Intent = MoveIntent { DirXPermille = 966, DirZPermille = -260, Gait = Run, FacingMdeg = 105043, IsMoving = True } }
4057	1690	MoveCommand { Actor = chr_01M38R7216X4HHDN91G4JV2AC2, Intent = MoveIntent { DirXPermille = 966, DirZPermille = -259, Gait = Run, FacingMdeg = 105040, IsMoving = True } }
4058	1691	MoveCommand { Actor = chr_01M38R7216X4HHDN91G4JV2AC2, Intent = MoveIntent { DirXPermille = 966, DirZPermille = -260, Gait = Run, FacingMdeg = 105045, IsMoving = True } }
4060	1692	MoveCommand { Actor = chr_01M38R7216X4HHDN91G4JV2AC2, Intent = MoveIntent { DirXPermille = 966, DirZPermille = -259, Gait = Run, FacingMdeg = 105040, IsMoving = True } }
4061	1693	MoveCommand { Actor = chr_01M38R7216X4HHDN91G4JV2AC2, Intent = MoveIntent { DirXPermille = 966, DirZPermille = -260, Gait = Run, FacingMdeg = 105045, IsMoving = True } }
4063	1694	MoveCommand { Actor = chr_01M38R7216X4HHDN91G4JV2AC2, Intent = MoveIntent { DirXPermille = 966, DirZPermille = -259, Gait = Run, FacingMdeg = 105039, IsMoving = True } }
4064	1695	MoveCommand { Actor = chr_01M38R7216X4HHDN91G4JV2AC2, Intent = MoveIntent { DirXPermille = 966, DirZPermille = -260, Gait = Run, FacingMdeg = 105045, IsMoving = True } }
4066	1696	MoveCommand { Actor = chr_01M38R7216X4HHDN91G4JV2AC2, Intent = MoveIntent { DirXPermille = 966, DirZPermille = -259, Gait = Run, FacingMdeg = 105039, IsMoving = True } }
4067	1697	MoveCommand { Actor = chr_01M38R7216X4HHDN91G4JV2AC2, Intent = MoveIntent { DirXPermille = 966, DirZPermille = -260, Gait = Run, FacingMdeg = 105045, IsMoving = True } }
4069	1698	MoveCommand { Actor = chr_01M38R7216X4HHDN91G4JV2AC2, Intent = MoveIntent { DirXPermille = 966, DirZPermille = -259, Gait = Run, FacingMdeg = 105038, IsMoving = True } }
4070	1699	MoveCommand { Actor = chr_01M38R7216X4HHDN91G4JV2AC2, Intent = MoveIntent { DirXPermille = 966, DirZPermille = -260, Gait = Run, FacingMdeg = 105045, IsMoving = True } }
4072	1700	MoveCommand { Actor = chr_01M38R7216X4HHDN91G4JV2AC2, Intent = MoveIntent { DirXPermille = 966, DirZPermille = -259, Gait = Run, FacingMdeg = 105037, IsMoving = True } }
4073	1701	MoveCommand { Actor = chr_01M38R7216X4HHDN91G4JV2AC2, Intent = MoveIntent { DirXPermille = 966, DirZPermille = -260, Gait = Run, FacingMdeg = 105044, IsMoving = True } }
4075	1702	MoveCommand { Actor = chr_01M38R7216X4HHDN91G4JV2AC2, Intent = MoveIntent { DirXPermille = 966, DirZPermille = -259, Gait = Run, FacingMdeg = 105036, IsMoving = True } }
4076	1703	MoveCommand { Actor = chr_01M38R7216X4HHDN91G4JV2AC2, Intent = MoveIntent { DirXPermille = 966, DirZPermille = -260, Gait = Run, FacingMdeg = 105044, IsMoving = True } }
4077	1704	MoveCommand { Actor = chr_01M38R7216X4HHDN91G4JV2AC2, Intent = MoveIntent { DirXPermille = 966, DirZPermille = -259, Gait = Run, FacingMdeg = 105040, IsMoving = True } }
4078	1705	MoveCommand { Actor = chr_01M38R7216X4HHDN91G4JV2AC2, Intent = MoveIntent { DirXPermille = 966, DirZPermille = -260, Gait = Run, FacingMdeg = 105049, IsMoving = True } }
4080	1706	MoveCommand { Actor = chr_01M38R7216X4HHDN91G4JV2AC2, Intent = MoveIntent { DirXPermille = 966, DirZPermille = -259, Gait = Run, FacingMdeg = 105039, IsMoving = True } }
4081	1707	MoveCommand { Actor = chr_01M38R7216X4HHDN91G4JV2AC2, Intent = MoveIntent { DirXPermille = 966, DirZPermille = -260, Gait = Run, FacingMdeg = 105049, IsMoving = True } }
4083	1708	MoveCommand { Actor = chr_01M38R7216X4HHDN91G4JV2AC2, Intent = MoveIntent { DirXPermille = 966, DirZPermille = -259, Gait = Run, FacingMdeg = 105038, IsMoving = True } }
4084	1709	MoveCommand { Actor = chr_01M38R7216X4HHDN91G4JV2AC2, Intent = MoveIntent { DirXPermille = 966, DirZPermille = -260, Gait = Run, FacingMdeg = 105049, IsMoving = True } }
4086	1710	MoveCommand { Actor = chr_01M38R7216X4HHDN91G4JV2AC2, Intent = MoveIntent { DirXPermille = 966, DirZPermille = -259, Gait = Run, FacingMdeg = 105037, IsMoving = True } }
4087	1711	MoveCommand { Actor = chr_01M38R7216X4HHDN91G4JV2AC2, Intent = MoveIntent { DirXPermille = 966, DirZPermille = -260, Gait = Run, FacingMdeg = 105050, IsMoving = True } }
4089	1712	MoveCommand { Actor = chr_01M38R7216X4HHDN91G4JV2AC2, Intent = MoveIntent { DirXPermille = 966, DirZPermille = -259, Gait = Run, FacingMdeg = 105035, IsMoving = True } }
4090	1713	MoveCommand { Actor = chr_01M38R7216X4HHDN91G4JV2AC2, Intent = MoveIntent { DirXPermille = 966, DirZPermille = -260, Gait = Run, FacingMdeg = 105050, IsMoving = True } }
4092	1714	MoveCommand { Actor = chr_01M38R7216X4HHDN91G4JV2AC2, Intent = MoveIntent { DirXPermille = 966, DirZPermille = -259, Gait = Run, FacingMdeg = 105032, IsMoving = True } }
4093	1715	MoveCommand { Actor = chr_01M38R7216X4HHDN91G4JV2AC2, Intent = MoveIntent { DirXPermille = 966, DirZPermille = -260, Gait = Run, FacingMdeg = 105051, IsMoving = True } }
4095	1716	MoveCommand { Actor = chr_01M38R7216X4HHDN91G4JV2AC2, Intent = MoveIntent { DirXPermille = 966, DirZPermille = -259, Gait = Run, FacingMdeg = 105027, IsMoving = True } }
4096	1717	MoveCommand { Actor = chr_01M38R7216X4HHDN91G4JV2AC2, Intent = MoveIntent { DirXPermille = 966, DirZPermille = -260, Gait = Run, FacingMdeg = 105053, IsMoving = True } }
4097	1718	MoveCommand { Actor = chr_01M38R7216X4HHDN91G4JV2AC2, Intent = MoveIntent { DirXPermille = 966, DirZPermille = -259, Gait = Run, FacingMdeg = 105038, IsMoving = True } }
4098	1719	MoveCommand { Actor = chr_01M38R7216X4HHDN91G4JV2AC2, Intent = MoveIntent { DirXPermille = 966, DirZPermille = -260, Gait = Run, FacingMdeg = 105075, IsMoving = True } }
4100	1720	MoveCommand { Actor = chr_01M38R7216X4HHDN91G4JV2AC2, Intent = MoveIntent { DirXPermille = 966, DirZPermille = -259, Gait = Run, FacingMdeg = 105031, IsMoving = True } }
4102	1721	MoveCommand { Actor = chr_01M38R7216X4HHDN91G4JV2AC2, Intent = MoveIntent { DirXPermille = 712, DirZPermille = -702, Gait = Run, FacingMdeg = 134593, IsMoving = True } }
4138	1722	MoveCommand { Actor = chr_01M38R7216X4HHDN91G4JV2AC2, Intent = MoveIntent { DirXPermille = 712, DirZPermille = -703, Gait = Run, FacingMdeg = 134629, IsMoving = True } }
4148	1723	MoveCommand { Actor = chr_01M38R7216X4HHDN91G4JV2AC2, Intent = MoveIntent { DirXPermille = 711, DirZPermille = -703, Gait = Run, FacingMdeg = 134644, IsMoving = True } }
4175	1724	MoveCommand { Actor = chr_01M38R7216X4HHDN91G4JV2AC2, Intent = MoveIntent { DirXPermille = 711, DirZPermille = -704, Gait = Run, FacingMdeg = 134711, IsMoving = True } }
4180	1725	MoveCommand { Actor = chr_01M38R7216X4HHDN91G4JV2AC2, Intent = MoveIntent { DirXPermille = 711, DirZPermille = -703, Gait = Run, FacingMdeg = 134708, IsMoving = True } }
4181	1726	MoveCommand { Actor = chr_01M38R7216X4HHDN91G4JV2AC2, Intent = MoveIntent { DirXPermille = 711, DirZPermille = -704, Gait = Run, FacingMdeg = 134712, IsMoving = True } }
4186	1727	MoveCommand { Actor = chr_01M38R7216X4HHDN91G4JV2AC2, Intent = MoveIntent { DirXPermille = 711, DirZPermille = -703, Gait = Run, FacingMdeg = 134708, IsMoving = True } }
4187	1728	MoveCommand { Actor = chr_01M38R7216X4HHDN91G4JV2AC2, Intent = MoveIntent { DirXPermille = 711, DirZPermille = -704, Gait = Run, FacingMdeg = 134712, IsMoving = True } }
4192	1729	MoveCommand { Actor = chr_01M38R7216X4HHDN91G4JV2AC2, Intent = MoveIntent { DirXPermille = 711, DirZPermille = -703, Gait = Run, FacingMdeg = 134708, IsMoving = True } }
4193	1730	MoveCommand { Actor = chr_01M38R7216X4HHDN91G4JV2AC2, Intent = MoveIntent { DirXPermille = 711, DirZPermille = -704, Gait = Run, FacingMdeg = 134713, IsMoving = True } }
4199	1731	MoveCommand { Actor = chr_01M38R7216X4HHDN91G4JV2AC2, Intent = MoveIntent { DirXPermille = 711, DirZPermille = -703, Gait = Run, FacingMdeg = 134708, IsMoving = True } }
4200	1732	MoveCommand { Actor = chr_01M38R7216X4HHDN91G4JV2AC2, Intent = MoveIntent { DirXPermille = 711, DirZPermille = -704, Gait = Run, FacingMdeg = 134714, IsMoving = True } }
4205	1733	MoveCommand { Actor = chr_01M38R7216X4HHDN91G4JV2AC2, Intent = MoveIntent { DirXPermille = 711, DirZPermille = -703, Gait = Run, FacingMdeg = 134708, IsMoving = True } }
4206	1734	MoveCommand { Actor = chr_01M38R7216X4HHDN91G4JV2AC2, Intent = MoveIntent { DirXPermille = 711, DirZPermille = -704, Gait = Run, FacingMdeg = 134716, IsMoving = True } }
4212	1735	MoveCommand { Actor = chr_01M38R7216X4HHDN91G4JV2AC2, Intent = MoveIntent { DirXPermille = 711, DirZPermille = -703, Gait = Run, FacingMdeg = 134708, IsMoving = True } }
4213	1736	MoveCommand { Actor = chr_01M38R7216X4HHDN91G4JV2AC2, Intent = MoveIntent { DirXPermille = 711, DirZPermille = -704, Gait = Run, FacingMdeg = 134717, IsMoving = True } }
4218	1737	MoveCommand { Actor = chr_01M38R7216X4HHDN91G4JV2AC2, Intent = MoveIntent { DirXPermille = 711, DirZPermille = -703, Gait = Run, FacingMdeg = 134708, IsMoving = True } }
4219	1738	MoveCommand { Actor = chr_01M38R7216X4HHDN91G4JV2AC2, Intent = MoveIntent { DirXPermille = 711, DirZPermille = -704, Gait = Run, FacingMdeg = 134721, IsMoving = True } }
4225	1739	MoveCommand { Actor = chr_01M38R7216X4HHDN91G4JV2AC2, Intent = MoveIntent { DirXPermille = 711, DirZPermille = -703, Gait = Run, FacingMdeg = 134706, IsMoving = True } }
4226	1740	MoveCommand { Actor = chr_01M38R7216X4HHDN91G4JV2AC2, Intent = MoveIntent { DirXPermille = 710, DirZPermille = -704, Gait = Run, FacingMdeg = 134727, IsMoving = True } }
4228	1741	MoveCommand { Actor = chr_01M38R7216X4HHDN91G4JV2AC2, Intent = MoveIntent { DirXPermille = 711, DirZPermille = -704, Gait = Run, FacingMdeg = 134722, IsMoving = True } }
4231	1742	MoveCommand { Actor = chr_01M38R7216X4HHDN91G4JV2AC2, Intent = MoveIntent { DirXPermille = 711, DirZPermille = -703, Gait = Run, FacingMdeg = 134708, IsMoving = True } }
4232	1743	MoveCommand { Actor = chr_01M38R7216X4HHDN91G4JV2AC2, Intent = MoveIntent { DirXPermille = 710, DirZPermille = -704, Gait = Run, FacingMdeg = 134759, IsMoving = True } }
4235	1744	MoveCommand { Actor = chr_01M38R7216X4HHDN91G4JV2AC2, Intent = MoveIntent { DirXPermille = 838, DirZPermille = -546, Gait = Run, FacingMdeg = 123116, IsMoving = True } }
4243	1745	MoveCommand { Actor = chr_01M38R7216X4HHDN91G4JV2AC2, Intent = MoveIntent { DirXPermille = 837, DirZPermille = -546, Gait = Run, FacingMdeg = 123123, IsMoving = True } }
4248	1746	MoveCommand { Actor = chr_01M38R7216X4HHDN91G4JV2AC2, Intent = MoveIntent { DirXPermille = 837, DirZPermille = -547, Gait = Run, FacingMdeg = 123128, IsMoving = True } }
4249	1747	MoveCommand { Actor = chr_01M38R7216X4HHDN91G4JV2AC2, Intent = MoveIntent { DirXPermille = 837, DirZPermille = -546, Gait = Run, FacingMdeg = 123127, IsMoving = True } }
4250	1748	MoveCommand { Actor = chr_01M38R7216X4HHDN91G4JV2AC2, Intent = MoveIntent { DirXPermille = 837, DirZPermille = -547, Gait = Run, FacingMdeg = 123128, IsMoving = True } }
4251	1749	MoveCommand { Actor = chr_01M38R7216X4HHDN91G4JV2AC2, Intent = MoveIntent { DirXPermille = 837, DirZPermille = -546, Gait = Run, FacingMdeg = 123126, IsMoving = True } }
4252	1750	MoveCommand { Actor = chr_01M38R7216X4HHDN91G4JV2AC2, Intent = MoveIntent { DirXPermille = 837, DirZPermille = -547, Gait = Run, FacingMdeg = 123127, IsMoving = True } }
4253	1751	MoveCommand { Actor = chr_01M38R7216X4HHDN91G4JV2AC2, Intent = MoveIntent { DirXPermille = 837, DirZPermille = -546, Gait = Run, FacingMdeg = 123126, IsMoving = True } }
4255	1752	MoveCommand { Actor = chr_01M38R7216X4HHDN91G4JV2AC2, Intent = MoveIntent { DirXPermille = 837, DirZPermille = -547, Gait = Run, FacingMdeg = 123128, IsMoving = True } }
4256	1753	MoveCommand { Actor = chr_01M38R7216X4HHDN91G4JV2AC2, Intent = MoveIntent { DirXPermille = 837, DirZPermille = -546, Gait = Run, FacingMdeg = 123127, IsMoving = True } }
4257	1754	MoveCommand { Actor = chr_01M38R7216X4HHDN91G4JV2AC2, Intent = MoveIntent { DirXPermille = 837, DirZPermille = -547, Gait = Run, FacingMdeg = 123128, IsMoving = True } }
4258	1755	MoveCommand { Actor = chr_01M38R7216X4HHDN91G4JV2AC2, Intent = MoveIntent { DirXPermille = 837, DirZPermille = -546, Gait = Run, FacingMdeg = 123127, IsMoving = True } }
4259	1756	MoveCommand { Actor = chr_01M38R7216X4HHDN91G4JV2AC2, Intent = MoveIntent { DirXPermille = 837, DirZPermille = -547, Gait = Run, FacingMdeg = 123128, IsMoving = True } }
4260	1757	MoveCommand { Actor = chr_01M38R7216X4HHDN91G4JV2AC2, Intent = MoveIntent { DirXPermille = 837, DirZPermille = -546, Gait = Run, FacingMdeg = 123126, IsMoving = True } }
4261	1758	MoveCommand { Actor = chr_01M38R7216X4HHDN91G4JV2AC2, Intent = MoveIntent { DirXPermille = 837, DirZPermille = -547, Gait = Run, FacingMdeg = 123127, IsMoving = True } }
4262	1759	MoveCommand { Actor = chr_01M38R7216X4HHDN91G4JV2AC2, Intent = MoveIntent { DirXPermille = 837, DirZPermille = -546, Gait = Run, FacingMdeg = 123126, IsMoving = True } }
4264	1760	MoveCommand { Actor = chr_01M38R7216X4HHDN91G4JV2AC2, Intent = MoveIntent { DirXPermille = 837, DirZPermille = -547, Gait = Run, FacingMdeg = 123128, IsMoving = True } }
4265	1761	MoveCommand { Actor = chr_01M38R7216X4HHDN91G4JV2AC2, Intent = MoveIntent { DirXPermille = 837, DirZPermille = -546, Gait = Run, FacingMdeg = 123127, IsMoving = True } }
4266	1762	MoveCommand { Actor = chr_01M38R7216X4HHDN91G4JV2AC2, Intent = MoveIntent { DirXPermille = 837, DirZPermille = -547, Gait = Run, FacingMdeg = 123128, IsMoving = True } }
4267	1763	MoveCommand { Actor = chr_01M38R7216X4HHDN91G4JV2AC2, Intent = MoveIntent { DirXPermille = 837, DirZPermille = -546, Gait = Run, FacingMdeg = 123127, IsMoving = True } }
4268	1764	MoveCommand { Actor = chr_01M38R7216X4HHDN91G4JV2AC2, Intent = MoveIntent { DirXPermille = 837, DirZPermille = -547, Gait = Run, FacingMdeg = 123128, IsMoving = True } }
4269	1765	MoveCommand { Actor = chr_01M38R7216X4HHDN91G4JV2AC2, Intent = MoveIntent { DirXPermille = 837, DirZPermille = -546, Gait = Run, FacingMdeg = 123126, IsMoving = True } }
4270	1766	MoveCommand { Actor = chr_01M38R7216X4HHDN91G4JV2AC2, Intent = MoveIntent { DirXPermille = 837, DirZPermille = -547, Gait = Run, FacingMdeg = 123127, IsMoving = True } }
4271	1767	MoveCommand { Actor = chr_01M38R7216X4HHDN91G4JV2AC2, Intent = MoveIntent { DirXPermille = 837, DirZPermille = -546, Gait = Run, FacingMdeg = 123126, IsMoving = True } }
4273	1768	MoveCommand { Actor = chr_01M38R7216X4HHDN91G4JV2AC2, Intent = MoveIntent { DirXPermille = 837, DirZPermille = -547, Gait = Run, FacingMdeg = 123128, IsMoving = True } }
4274	1769	MoveCommand { Actor = chr_01M38R7216X4HHDN91G4JV2AC2, Intent = MoveIntent { DirXPermille = 837, DirZPermille = -546, Gait = Run, FacingMdeg = 123127, IsMoving = True } }
4275	1770	MoveCommand { Actor = chr_01M38R7216X4HHDN91G4JV2AC2, Intent = MoveIntent { DirXPermille = 837, DirZPermille = -547, Gait = Run, FacingMdeg = 123128, IsMoving = True } }
4276	1771	MoveCommand { Actor = chr_01M38R7216X4HHDN91G4JV2AC2, Intent = MoveIntent { DirXPermille = 837, DirZPermille = -546, Gait = Run, FacingMdeg = 123126, IsMoving = True } }
4277	1772	MoveCommand { Actor = chr_01M38R7216X4HHDN91G4JV2AC2, Intent = MoveIntent { DirXPermille = 837, DirZPermille = -547, Gait = Run, FacingMdeg = 123128, IsMoving = True } }
4278	1773	MoveCommand { Actor = chr_01M38R7216X4HHDN91G4JV2AC2, Intent = MoveIntent { DirXPermille = 837, DirZPermille = -546, Gait = Run, FacingMdeg = 123126, IsMoving = True } }
4279	1774	MoveCommand { Actor = chr_01M38R7216X4HHDN91G4JV2AC2, Intent = MoveIntent { DirXPermille = 837, DirZPermille = -547, Gait = Run, FacingMdeg = 123127, IsMoving = True } }
4280	1775	MoveCommand { Actor = chr_01M38R7216X4HHDN91G4JV2AC2, Intent = MoveIntent { DirXPermille = 837, DirZPermille = -546, Gait = Run, FacingMdeg = 123126, IsMoving = True } }
4282	1776	MoveCommand { Actor = chr_01M38R7216X4HHDN91G4JV2AC2, Intent = MoveIntent { DirXPermille = 837, DirZPermille = -547, Gait = Run, FacingMdeg = 123128, IsMoving = True } }
4283	1777	MoveCommand { Actor = chr_01M38R7216X4HHDN91G4JV2AC2, Intent = MoveIntent { DirXPermille = 837, DirZPermille = -546, Gait = Run, FacingMdeg = 123127, IsMoving = True } }
4284	1778	MoveCommand { Actor = chr_01M38R7216X4HHDN91G4JV2AC2, Intent = MoveIntent { DirXPermille = 837, DirZPermille = -547, Gait = Run, FacingMdeg = 123128, IsMoving = True } }
4285	1779	MoveCommand { Actor = chr_01M38R7216X4HHDN91G4JV2AC2, Intent = MoveIntent { DirXPermille = 837, DirZPermille = -546, Gait = Run, FacingMdeg = 123126, IsMoving = True } }
4286	1780	MoveCommand { Actor = chr_01M38R7216X4HHDN91G4JV2AC2, Intent = MoveIntent { DirXPermille = 837, DirZPermille = -547, Gait = Run, FacingMdeg = 123128, IsMoving = True } }
4287	1781	MoveCommand { Actor = chr_01M38R7216X4HHDN91G4JV2AC2, Intent = MoveIntent { DirXPermille = 837, DirZPermille = -546, Gait = Run, FacingMdeg = 123126, IsMoving = True } }
4288	1782	MoveCommand { Actor = chr_01M38R7216X4HHDN91G4JV2AC2, Intent = MoveIntent { DirXPermille = 837, DirZPermille = -547, Gait = Run, FacingMdeg = 123127, IsMoving = True } }
4289	1783	MoveCommand { Actor = chr_01M38R7216X4HHDN91G4JV2AC2, Intent = MoveIntent { DirXPermille = 837, DirZPermille = -546, Gait = Run, FacingMdeg = 123126, IsMoving = True } }
4291	1784	MoveCommand { Actor = chr_01M38R7216X4HHDN91G4JV2AC2, Intent = MoveIntent { DirXPermille = 837, DirZPermille = -547, Gait = Run, FacingMdeg = 123128, IsMoving = True } }
4292	1785	MoveCommand { Actor = chr_01M38R7216X4HHDN91G4JV2AC2, Intent = MoveIntent { DirXPermille = 837, DirZPermille = -546, Gait = Run, FacingMdeg = 123127, IsMoving = True } }
4293	1786	MoveCommand { Actor = chr_01M38R7216X4HHDN91G4JV2AC2, Intent = MoveIntent { DirXPermille = 837, DirZPermille = -547, Gait = Run, FacingMdeg = 123128, IsMoving = True } }
4294	1787	MoveCommand { Actor = chr_01M38R7216X4HHDN91G4JV2AC2, Intent = MoveIntent { DirXPermille = 837, DirZPermille = -546, Gait = Run, FacingMdeg = 123126, IsMoving = True } }
4295	1788	MoveCommand { Actor = chr_01M38R7216X4HHDN91G4JV2AC2, Intent = MoveIntent { DirXPermille = 837, DirZPermille = -547, Gait = Run, FacingMdeg = 123128, IsMoving = True } }
4296	1789	MoveCommand { Actor = chr_01M38R7216X4HHDN91G4JV2AC2, Intent = MoveIntent { DirXPermille = 837, DirZPermille = -546, Gait = Run, FacingMdeg = 123126, IsMoving = True } }
4297	1790	MoveCommand { Actor = chr_01M38R7216X4HHDN91G4JV2AC2, Intent = MoveIntent { DirXPermille = 837, DirZPermille = -547, Gait = Run, FacingMdeg = 123127, IsMoving = True } }
4298	1791	MoveCommand { Actor = chr_01M38R7216X4HHDN91G4JV2AC2, Intent = MoveIntent { DirXPermille = 837, DirZPermille = -546, Gait = Run, FacingMdeg = 123126, IsMoving = True } }
4300	1792	MoveCommand { Actor = chr_01M38R7216X4HHDN91G4JV2AC2, Intent = MoveIntent { DirXPermille = 837, DirZPermille = -547, Gait = Run, FacingMdeg = 123129, IsMoving = True } }
4301	1793	MoveCommand { Actor = chr_01M38R7216X4HHDN91G4JV2AC2, Intent = MoveIntent { DirXPermille = 837, DirZPermille = -546, Gait = Run, FacingMdeg = 123127, IsMoving = True } }
4302	1794	MoveCommand { Actor = chr_01M38R7216X4HHDN91G4JV2AC2, Intent = MoveIntent { DirXPermille = 837, DirZPermille = -547, Gait = Run, FacingMdeg = 123128, IsMoving = True } }
4303	1795	MoveCommand { Actor = chr_01M38R7216X4HHDN91G4JV2AC2, Intent = MoveIntent { DirXPermille = 837, DirZPermille = -546, Gait = Run, FacingMdeg = 123126, IsMoving = True } }
4304	1796	MoveCommand { Actor = chr_01M38R7216X4HHDN91G4JV2AC2, Intent = MoveIntent { DirXPermille = 837, DirZPermille = -547, Gait = Run, FacingMdeg = 123128, IsMoving = True } }
4305	1797	MoveCommand { Actor = chr_01M38R7216X4HHDN91G4JV2AC2, Intent = MoveIntent { DirXPermille = 837, DirZPermille = -546, Gait = Run, FacingMdeg = 123126, IsMoving = True } }
4306	1798	MoveCommand { Actor = chr_01M38R7216X4HHDN91G4JV2AC2, Intent = MoveIntent { DirXPermille = 837, DirZPermille = -547, Gait = Run, FacingMdeg = 123127, IsMoving = True } }
4307	1799	MoveCommand { Actor = chr_01M38R7216X4HHDN91G4JV2AC2, Intent = MoveIntent { DirXPermille = 837, DirZPermille = -546, Gait = Run, FacingMdeg = 123125, IsMoving = True } }
4309	1800	MoveCommand { Actor = chr_01M38R7216X4HHDN91G4JV2AC2, Intent = MoveIntent { DirXPermille = 837, DirZPermille = -547, Gait = Run, FacingMdeg = 123129, IsMoving = True } }
4310	1801	MoveCommand { Actor = chr_01M38R7216X4HHDN91G4JV2AC2, Intent = MoveIntent { DirXPermille = 837, DirZPermille = -546, Gait = Run, FacingMdeg = 123127, IsMoving = True } }
4311	1802	MoveCommand { Actor = chr_01M38R7216X4HHDN91G4JV2AC2, Intent = MoveIntent { DirXPermille = 837, DirZPermille = -547, Gait = Run, FacingMdeg = 123128, IsMoving = True } }
4312	1803	MoveCommand { Actor = chr_01M38R7216X4HHDN91G4JV2AC2, Intent = MoveIntent { DirXPermille = 837, DirZPermille = -546, Gait = Run, FacingMdeg = 123126, IsMoving = True } }
4313	1804	MoveCommand { Actor = chr_01M38R7216X4HHDN91G4JV2AC2, Intent = MoveIntent { DirXPermille = 837, DirZPermille = -547, Gait = Run, FacingMdeg = 123128, IsMoving = True } }
4314	1805	MoveCommand { Actor = chr_01M38R7216X4HHDN91G4JV2AC2, Intent = MoveIntent { DirXPermille = 837, DirZPermille = -546, Gait = Run, FacingMdeg = 123126, IsMoving = True } }
4315	1806	MoveCommand { Actor = chr_01M38R7216X4HHDN91G4JV2AC2, Intent = MoveIntent { DirXPermille = 837, DirZPermille = -547, Gait = Run, FacingMdeg = 123127, IsMoving = True } }
4316	1807	MoveCommand { Actor = chr_01M38R7216X4HHDN91G4JV2AC2, Intent = MoveIntent { DirXPermille = 837, DirZPermille = -546, Gait = Run, FacingMdeg = 123125, IsMoving = True } }
4318	1808	MoveCommand { Actor = chr_01M38R7216X4HHDN91G4JV2AC2, Intent = MoveIntent { DirXPermille = 837, DirZPermille = -547, Gait = Run, FacingMdeg = 123129, IsMoving = True } }
4319	1809	MoveCommand { Actor = chr_01M38R7216X4HHDN91G4JV2AC2, Intent = MoveIntent { DirXPermille = 837, DirZPermille = -546, Gait = Run, FacingMdeg = 123126, IsMoving = True } }
4320	1810	MoveCommand { Actor = chr_01M38R7216X4HHDN91G4JV2AC2, Intent = MoveIntent { DirXPermille = 837, DirZPermille = -547, Gait = Run, FacingMdeg = 123129, IsMoving = True } }
4321	1811	MoveCommand { Actor = chr_01M38R7216X4HHDN91G4JV2AC2, Intent = MoveIntent { DirXPermille = 837, DirZPermille = -546, Gait = Run, FacingMdeg = 123126, IsMoving = True } }
4322	1812	MoveCommand { Actor = chr_01M38R7216X4HHDN91G4JV2AC2, Intent = MoveIntent { DirXPermille = 837, DirZPermille = -547, Gait = Run, FacingMdeg = 123128, IsMoving = True } }
4323	1813	MoveCommand { Actor = chr_01M38R7216X4HHDN91G4JV2AC2, Intent = MoveIntent { DirXPermille = 837, DirZPermille = -546, Gait = Run, FacingMdeg = 123125, IsMoving = True } }
4324	1814	MoveCommand { Actor = chr_01M38R7216X4HHDN91G4JV2AC2, Intent = MoveIntent { DirXPermille = 837, DirZPermille = -547, Gait = Run, FacingMdeg = 123128, IsMoving = True } }
4325	1815	MoveCommand { Actor = chr_01M38R7216X4HHDN91G4JV2AC2, Intent = MoveIntent { DirXPermille = 837, DirZPermille = -546, Gait = Run, FacingMdeg = 123125, IsMoving = True } }
4327	1816	MoveCommand { Actor = chr_01M38R7216X4HHDN91G4JV2AC2, Intent = MoveIntent { DirXPermille = 837, DirZPermille = -547, Gait = Run, FacingMdeg = 123129, IsMoving = True } }
4328	1817	MoveCommand { Actor = chr_01M38R7216X4HHDN91G4JV2AC2, Intent = MoveIntent { DirXPermille = 837, DirZPermille = -546, Gait = Run, FacingMdeg = 123126, IsMoving = True } }
4329	1818	MoveCommand { Actor = chr_01M38R7216X4HHDN91G4JV2AC2, Intent = MoveIntent { DirXPermille = 837, DirZPermille = -547, Gait = Run, FacingMdeg = 123129, IsMoving = True } }
4330	1819	MoveCommand { Actor = chr_01M38R7216X4HHDN91G4JV2AC2, Intent = MoveIntent { DirXPermille = 837, DirZPermille = -546, Gait = Run, FacingMdeg = 123126, IsMoving = True } }
4331	1820	MoveCommand { Actor = chr_01M38R7216X4HHDN91G4JV2AC2, Intent = MoveIntent { DirXPermille = 837, DirZPermille = -547, Gait = Run, FacingMdeg = 123128, IsMoving = True } }
4332	1821	MoveCommand { Actor = chr_01M38R7216X4HHDN91G4JV2AC2, Intent = MoveIntent { DirXPermille = 837, DirZPermille = -546, Gait = Run, FacingMdeg = 123125, IsMoving = True } }
4333	1822	MoveCommand { Actor = chr_01M38R7216X4HHDN91G4JV2AC2, Intent = MoveIntent { DirXPermille = 837, DirZPermille = -547, Gait = Run, FacingMdeg = 123128, IsMoving = True } }
4334	1823	MoveCommand { Actor = chr_01M38R7216X4HHDN91G4JV2AC2, Intent = MoveIntent { DirXPermille = 837, DirZPermille = -546, Gait = Run, FacingMdeg = 123124, IsMoving = True } }
4336	1824	MoveCommand { Actor = chr_01M38R7216X4HHDN91G4JV2AC2, Intent = MoveIntent { DirXPermille = 837, DirZPermille = -547, Gait = Run, FacingMdeg = 123130, IsMoving = True } }
4337	1825	MoveCommand { Actor = chr_01M38R7216X4HHDN91G4JV2AC2, Intent = MoveIntent { DirXPermille = 837, DirZPermille = -546, Gait = Run, FacingMdeg = 123126, IsMoving = True } }
4338	1826	MoveCommand { Actor = chr_01M38R7216X4HHDN91G4JV2AC2, Intent = MoveIntent { DirXPermille = 837, DirZPermille = -547, Gait = Run, FacingMdeg = 123129, IsMoving = True } }
4339	1827	MoveCommand { Actor = chr_01M38R7216X4HHDN91G4JV2AC2, Intent = MoveIntent { DirXPermille = 837, DirZPermille = -546, Gait = Run, FacingMdeg = 123125, IsMoving = True } }
4340	1828	MoveCommand { Actor = chr_01M38R7216X4HHDN91G4JV2AC2, Intent = MoveIntent { DirXPermille = 837, DirZPermille = -547, Gait = Run, FacingMdeg = 123128, IsMoving = True } }
4341	1829	MoveCommand { Actor = chr_01M38R7216X4HHDN91G4JV2AC2, Intent = MoveIntent { DirXPermille = 837, DirZPermille = -546, Gait = Run, FacingMdeg = 123125, IsMoving = True } }
4342	1830	MoveCommand { Actor = chr_01M38R7216X4HHDN91G4JV2AC2, Intent = MoveIntent { DirXPermille = 837, DirZPermille = -547, Gait = Run, FacingMdeg = 123128, IsMoving = True } }
4343	1831	MoveCommand { Actor = chr_01M38R7216X4HHDN91G4JV2AC2, Intent = MoveIntent { DirXPermille = 837, DirZPermille = -546, Gait = Run, FacingMdeg = 123124, IsMoving = True } }
4345	1832	MoveCommand { Actor = chr_01M38R7216X4HHDN91G4JV2AC2, Intent = MoveIntent { DirXPermille = 837, DirZPermille = -547, Gait = Run, FacingMdeg = 123130, IsMoving = True } }
4346	1833	MoveCommand { Actor = chr_01M38R7216X4HHDN91G4JV2AC2, Intent = MoveIntent { DirXPermille = 837, DirZPermille = -546, Gait = Run, FacingMdeg = 123126, IsMoving = True } }
4347	1834	MoveCommand { Actor = chr_01M38R7216X4HHDN91G4JV2AC2, Intent = MoveIntent { DirXPermille = 837, DirZPermille = -547, Gait = Run, FacingMdeg = 123129, IsMoving = True } }
4348	1835	MoveCommand { Actor = chr_01M38R7216X4HHDN91G4JV2AC2, Intent = MoveIntent { DirXPermille = 837, DirZPermille = -546, Gait = Run, FacingMdeg = 123125, IsMoving = True } }
4349	1836	MoveCommand { Actor = chr_01M38R7216X4HHDN91G4JV2AC2, Intent = MoveIntent { DirXPermille = 837, DirZPermille = -547, Gait = Run, FacingMdeg = 123129, IsMoving = True } }
4350	1837	MoveCommand { Actor = chr_01M38R7216X4HHDN91G4JV2AC2, Intent = MoveIntent { DirXPermille = 837, DirZPermille = -546, Gait = Run, FacingMdeg = 123124, IsMoving = True } }
4351	1838	MoveCommand { Actor = chr_01M38R7216X4HHDN91G4JV2AC2, Intent = MoveIntent { DirXPermille = 837, DirZPermille = -547, Gait = Run, FacingMdeg = 123128, IsMoving = True } }
4352	1839	MoveCommand { Actor = chr_01M38R7216X4HHDN91G4JV2AC2, Intent = MoveIntent { DirXPermille = 838, DirZPermille = -546, Gait = Run, FacingMdeg = 123123, IsMoving = True } }
4353	1840	MoveCommand { Actor = chr_01M38R7216X4HHDN91G4JV2AC2, Intent = MoveIntent { DirXPermille = 837, DirZPermille = -546, Gait = Run, FacingMdeg = 123127, IsMoving = True } }
4354	1841	MoveCommand { Actor = chr_01M38R7216X4HHDN91G4JV2AC2, Intent = MoveIntent { DirXPermille = 837, DirZPermille = -547, Gait = Run, FacingMdeg = 123131, IsMoving = True } }
4355	1842	MoveCommand { Actor = chr_01M38R7216X4HHDN91G4JV2AC2, Intent = MoveIntent { DirXPermille = 837, DirZPermille = -546, Gait = Run, FacingMdeg = 123126, IsMoving = True } }
4356	1843	MoveCommand { Actor = chr_01M38R7216X4HHDN91G4JV2AC2, Intent = MoveIntent { DirXPermille = 837, DirZPermille = -547, Gait = Run, FacingMdeg = 123130, IsMoving = True } }
4357	1844	MoveCommand { Actor = chr_01M38R7216X4HHDN91G4JV2AC2, Intent = MoveIntent { DirXPermille = 837, DirZPermille = -546, Gait = Run, FacingMdeg = 123124, IsMoving = True } }
4358	1845	MoveCommand { Actor = chr_01M38R7216X4HHDN91G4JV2AC2, Intent = MoveIntent { DirXPermille = 837, DirZPermille = -547, Gait = Run, FacingMdeg = 123129, IsMoving = True } }
4359	1846	MoveCommand { Actor = chr_01M38R7216X4HHDN91G4JV2AC2, Intent = MoveIntent { DirXPermille = 838, DirZPermille = -546, Gait = Run, FacingMdeg = 123123, IsMoving = True } }
4360	1847	MoveCommand { Actor = chr_01M38R7216X4HHDN91G4JV2AC2, Intent = MoveIntent { DirXPermille = 837, DirZPermille = -547, Gait = Run, FacingMdeg = 123128, IsMoving = True } }
4361	1848	MoveCommand { Actor = chr_01M38R7216X4HHDN91G4JV2AC2, Intent = MoveIntent { DirXPermille = 838, DirZPermille = -546, Gait = Run, FacingMdeg = 123121, IsMoving = True } }
4362	1849	MoveCommand { Actor = chr_01M38R7216X4HHDN91G4JV2AC2, Intent = MoveIntent { DirXPermille = 837, DirZPermille = -546, Gait = Run, FacingMdeg = 123126, IsMoving = True } }
4363	1850	MoveCommand { Actor = chr_01M38R7216X4HHDN91G4JV2AC2, Intent = MoveIntent { DirXPermille = 837, DirZPermille = -547, Gait = Run, FacingMdeg = 123132, IsMoving = True } }
4364	1851	MoveCommand { Actor = chr_01M38R7216X4HHDN91G4JV2AC2, Intent = MoveIntent { DirXPermille = 837, DirZPermille = -546, Gait = Run, FacingMdeg = 123125, IsMoving = True } }
4365	1852	MoveCommand { Actor = chr_01M38R7216X4HHDN91G4JV2AC2, Intent = MoveIntent { DirXPermille = 837, DirZPermille = -547, Gait = Run, FacingMdeg = 123131, IsMoving = True } }
4366	1853	MoveCommand { Actor = chr_01M38R7216X4HHDN91G4JV2AC2, Intent = MoveIntent { DirXPermille = 838, DirZPermille = -546, Gait = Run, FacingMdeg = 123123, IsMoving = True } }
4367	1854	MoveCommand { Actor = chr_01M38R7216X4HHDN91G4JV2AC2, Intent = MoveIntent { DirXPermille = 837, DirZPermille = -547, Gait = Run, FacingMdeg = 123130, IsMoving = True } }
4368	1855	MoveCommand { Actor = chr_01M38R7216X4HHDN91G4JV2AC2, Intent = MoveIntent { DirXPermille = 838, DirZPermille = -546, Gait = Run, FacingMdeg = 123120, IsMoving = True } }
4369	1856	MoveCommand { Actor = chr_01M38R7216X4HHDN91G4JV2AC2, Intent = MoveIntent { DirXPermille = 837, DirZPermille = -547, Gait = Run, FacingMdeg = 123128, IsMoving = True } }
4370	1857	MoveCommand { Actor = chr_01M38R7216X4HHDN91G4JV2AC2, Intent = MoveIntent { DirXPermille = 838, DirZPermille = -546, Gait = Run, FacingMdeg = 123117, IsMoving = True } }
4371	1858	MoveCommand { Actor = chr_01M38R7216X4HHDN91G4JV2AC2, Intent = MoveIntent { DirXPermille = 837, DirZPermille = -546, Gait = Run, FacingMdeg = 123126, IsMoving = True } }
4372	1859	MoveCommand { Actor = chr_01M38R7216X4HHDN91G4JV2AC2, Intent = MoveIntent { DirXPermille = 837, DirZPermille = -547, Gait = Run, FacingMdeg = 123136, IsMoving = True } }
4373	1860	MoveCommand { Actor = chr_01M38R7216X4HHDN91G4JV2AC2, Intent = MoveIntent { DirXPermille = 837, DirZPermille = -546, Gait = Run, FacingMdeg = 123123, IsMoving = True } }
4374	1861	MoveCommand { Actor = chr_01M38R7216X4HHDN91G4JV2AC2, Intent = MoveIntent { DirXPermille = 837, DirZPermille = -547, Gait = Run, FacingMdeg = 123134, IsMoving = True } }
4375	1862	MoveCommand { Actor = chr_01M38R7216X4HHDN91G4JV2AC2, Intent = MoveIntent { DirXPermille = 838, DirZPermille = -546, Gait = Run, FacingMdeg = 123119, IsMoving = True } }
4376	1863	MoveCommand { Actor = chr_01M38R7216X4HHDN91G4JV2AC2, Intent = MoveIntent { DirXPermille = 837, DirZPermille = -547, Gait = Run, FacingMdeg = 123132, IsMoving = True } }
4377	1864	MoveCommand { Actor = chr_01M38R7216X4HHDN91G4JV2AC2, Intent = MoveIntent { DirXPermille = 838, DirZPermille = -546, Gait = Run, FacingMdeg = 123113, IsMoving = True } }
4378	1865	MoveCommand { Actor = chr_01M38R7216X4HHDN91G4JV2AC2, Intent = MoveIntent { DirXPermille = 837, DirZPermille = -547, Gait = Run, FacingMdeg = 123129, IsMoving = True } }
4379	1866	MoveCommand { Actor = chr_01M38R7216X4HHDN91G4JV2AC2, Intent = MoveIntent { DirXPermille = 838, DirZPermille = -546, Gait = Run, FacingMdeg = 123103, IsMoving = True } }
4380	1867	MoveCommand { Actor = chr_01M38R7216X4HHDN91G4JV2AC2, Intent = MoveIntent { DirXPermille = 837, DirZPermille = -546, Gait = Run, FacingMdeg = 123124, IsMoving = True } }
4381	1868	MoveCommand { Actor = chr_01M38R7216X4HHDN91G4JV2AC2, Intent = MoveIntent { DirXPermille = 837, DirZPermille = -547, Gait = Run, FacingMdeg = 123154, IsMoving = True } }
4382	1869	MoveCommand { Actor = chr_01M38R7216X4HHDN91G4JV2AC2, Intent = MoveIntent { DirXPermille = 838, DirZPermille = -546, Gait = Run, FacingMdeg = 123111, IsMoving = True } }
4384	1870	MoveCommand { Actor = chr_01M38R7216X4HHDN91G4JV2AC2, Intent = MoveIntent { DirXPermille = 0, DirZPermille = 0, Gait = Run, FacingMdeg = 123111, IsMoving = False } }
4385	1871	MoveCommand { Actor = chr_01M38R7216X4HHDN91G4JV2AC2, Intent = MoveIntent { DirXPermille = 972, DirZPermille = -237, Gait = Run, FacingMdeg = 103686, IsMoving = True } }
4389	1872	MoveCommand { Actor = chr_01M38R7216X4HHDN91G4JV2AC2, Intent = MoveIntent { DirXPermille = 972, DirZPermille = -236, Gait = Run, FacingMdeg = 103679, IsMoving = True } }
4409	1873	MoveCommand { Actor = chr_01M38R7216X4HHDN91G4JV2AC2, Intent = MoveIntent { DirXPermille = 972, DirZPermille = -235, Gait = Run, FacingMdeg = 103619, IsMoving = True } }
4424	1874	MoveCommand { Actor = chr_01M38R7216X4HHDN91G4JV2AC2, Intent = MoveIntent { DirXPermille = 972, DirZPermille = -234, Gait = Run, FacingMdeg = 103555, IsMoving = True } }
4425	1875	MoveCommand { Actor = chr_01M38R7216X4HHDN91G4JV2AC2, Intent = MoveIntent { DirXPermille = 972, DirZPermille = -235, Gait = Run, FacingMdeg = 103568, IsMoving = True } }
4426	1876	MoveCommand { Actor = chr_01M38R7216X4HHDN91G4JV2AC2, Intent = MoveIntent { DirXPermille = 972, DirZPermille = -234, Gait = Run, FacingMdeg = 103560, IsMoving = True } }
4427	1877	MoveCommand { Actor = chr_01M38R7216X4HHDN91G4JV2AC2, Intent = MoveIntent { DirXPermille = 972, DirZPermille = -235, Gait = Run, FacingMdeg = 103576, IsMoving = True } }
4429	1878	MoveCommand { Actor = chr_01M38R7216X4HHDN91G4JV2AC2, Intent = MoveIntent { DirXPermille = 972, DirZPermille = -234, Gait = Run, FacingMdeg = 103556, IsMoving = True } }
4430	1879	MoveCommand { Actor = chr_01M38R7216X4HHDN91G4JV2AC2, Intent = MoveIntent { DirXPermille = 972, DirZPermille = -235, Gait = Run, FacingMdeg = 103576, IsMoving = True } }
4432	1880	MoveCommand { Actor = chr_01M38R7216X4HHDN91G4JV2AC2, Intent = MoveIntent { DirXPermille = 972, DirZPermille = -234, Gait = Run, FacingMdeg = 103550, IsMoving = True } }
4433	1881	MoveCommand { Actor = chr_01M38R7216X4HHDN91G4JV2AC2, Intent = MoveIntent { DirXPermille = 972, DirZPermille = -235, Gait = Run, FacingMdeg = 103577, IsMoving = True } }
4434	1882	MoveCommand { Actor = chr_01M38R7216X4HHDN91G4JV2AC2, Intent = MoveIntent { DirXPermille = 972, DirZPermille = -234, Gait = Run, FacingMdeg = 103560, IsMoving = True } }
4435	1883	MoveCommand { Actor = chr_01M38R7216X4HHDN91G4JV2AC2, Intent = MoveIntent { DirXPermille = 972, DirZPermille = -235, Gait = Run, FacingMdeg = 103598, IsMoving = True } }
4437	1884	MoveCommand { Actor = chr_01M38R7216X4HHDN91G4JV2AC2, Intent = MoveIntent { DirXPermille = 972, DirZPermille = -234, Gait = Run, FacingMdeg = 103548, IsMoving = True } }
4438	1885	MoveCommand { Actor = chr_01M38R7216X4HHDN91G4JV2AC2, Intent = MoveIntent { DirXPermille = 972, DirZPermille = -236, Gait = Run, FacingMdeg = 103623, IsMoving = True } }
4439	1886	MoveCommand { Actor = chr_01M38R7216X4HHDN91G4JV2AC2, Intent = MoveIntent { DirXPermille = 972, DirZPermille = -234, Gait = Run, FacingMdeg = 103536, IsMoving = True } }
4441	1887	MoveCommand { Actor = chr_01M38R7216X4HHDN91G4JV2AC2, Intent = MoveIntent { DirXPermille = 0, DirZPermille = 0, Gait = Run, FacingMdeg = 103536, IsMoving = False } }
4441	1888	InteractCommand { Actor = chr_01M38R7216X4HHDN91G4JV2AC2, TargetKey = switch.stone_north }
4449	1889	MoveCommand { Actor = chr_01M38R7216X4HHDN91G4JV2AC2, Intent = MoveIntent { DirXPermille = -601, DirZPermille = -799, Gait = Run, FacingMdeg = 216969, IsMoving = True } }
4460	1890	MoveCommand { Actor = chr_01M38R7216X4HHDN91G4JV2AC2, Intent = MoveIntent { DirXPermille = -602, DirZPermille = -799, Gait = Run, FacingMdeg = 216978, IsMoving = True } }
4493	1891	MoveCommand { Actor = chr_01M38R7216X4HHDN91G4JV2AC2, Intent = MoveIntent { DirXPermille = -602, DirZPermille = -798, Gait = Run, FacingMdeg = 217014, IsMoving = True } }
4512	1892	MoveCommand { Actor = chr_01M38R7216X4HHDN91G4JV2AC2, Intent = MoveIntent { DirXPermille = -603, DirZPermille = -798, Gait = Run, FacingMdeg = 217050, IsMoving = True } }
4532	1893	MoveCommand { Actor = chr_01M38R7216X4HHDN91G4JV2AC2, Intent = MoveIntent { DirXPermille = -603, DirZPermille = -797, Gait = Run, FacingMdeg = 217112, IsMoving = True } }
4535	1894	MoveCommand { Actor = chr_01M38R7216X4HHDN91G4JV2AC2, Intent = MoveIntent { DirXPermille = -604, DirZPermille = -797, Gait = Run, FacingMdeg = 217125, IsMoving = True } }
4542	1895	MoveCommand { Actor = chr_01M38R7216X4HHDN91G4JV2AC2, Intent = MoveIntent { DirXPermille = -603, DirZPermille = -797, Gait = Run, FacingMdeg = 217121, IsMoving = True } }
4543	1896	MoveCommand { Actor = chr_01M38R7216X4HHDN91G4JV2AC2, Intent = MoveIntent { DirXPermille = -604, DirZPermille = -797, Gait = Run, FacingMdeg = 217126, IsMoving = True } }
4550	1897	MoveCommand { Actor = chr_01M38R7216X4HHDN91G4JV2AC2, Intent = MoveIntent { DirXPermille = -603, DirZPermille = -797, Gait = Run, FacingMdeg = 217121, IsMoving = True } }
4551	1898	MoveCommand { Actor = chr_01M38R7216X4HHDN91G4JV2AC2, Intent = MoveIntent { DirXPermille = -604, DirZPermille = -797, Gait = Run, FacingMdeg = 217127, IsMoving = True } }
4559	1899	MoveCommand { Actor = chr_01M38R7216X4HHDN91G4JV2AC2, Intent = MoveIntent { DirXPermille = -603, DirZPermille = -797, Gait = Run, FacingMdeg = 217120, IsMoving = True } }
4560	1900	MoveCommand { Actor = chr_01M38R7216X4HHDN91G4JV2AC2, Intent = MoveIntent { DirXPermille = -604, DirZPermille = -797, Gait = Run, FacingMdeg = 217128, IsMoving = True } }
4567	1901	MoveCommand { Actor = chr_01M38R7216X4HHDN91G4JV2AC2, Intent = MoveIntent { DirXPermille = -603, DirZPermille = -797, Gait = Run, FacingMdeg = 217120, IsMoving = True } }
4568	1902	MoveCommand { Actor = chr_01M38R7216X4HHDN91G4JV2AC2, Intent = MoveIntent { DirXPermille = -604, DirZPermille = -797, Gait = Run, FacingMdeg = 217131, IsMoving = True } }
4575	1903	MoveCommand { Actor = chr_01M38R7216X4HHDN91G4JV2AC2, Intent = MoveIntent { DirXPermille = -603, DirZPermille = -797, Gait = Run, FacingMdeg = 217120, IsMoving = True } }
4576	1904	MoveCommand { Actor = chr_01M38R7216X4HHDN91G4JV2AC2, Intent = MoveIntent { DirXPermille = -604, DirZPermille = -797, Gait = Run, FacingMdeg = 217138, IsMoving = True } }
4583	1905	MoveCommand { Actor = chr_01M38R7216X4HHDN91G4JV2AC2, Intent = MoveIntent { DirXPermille = -603, DirZPermille = -797, Gait = Run, FacingMdeg = 217120, IsMoving = True } }
4584	1906	MoveCommand { Actor = chr_01M38R7216X4HHDN91G4JV2AC2, Intent = MoveIntent { DirXPermille = -604, DirZPermille = -797, Gait = Run, FacingMdeg = 217165, IsMoving = True } }
4590	1907	MoveCommand { Actor = chr_01M38R7216X4HHDN91G4JV2AC2, Intent = MoveIntent { DirXPermille = -463, DirZPermille = -886, Gait = Run, FacingMdeg = 207570, IsMoving = True } }
4666	1908	MoveCommand { Actor = chr_01M38R7216X4HHDN91G4JV2AC2, Intent = MoveIntent { DirXPermille = -464, DirZPermille = -886, Gait = Run, FacingMdeg = 207614, IsMoving = True } }
4700	1909	MoveCommand { Actor = chr_01M38R7216X4HHDN91G4JV2AC2, Intent = MoveIntent { DirXPermille = -465, DirZPermille = -886, Gait = Run, FacingMdeg = 207681, IsMoving = True } }
4702	1910	MoveCommand { Actor = chr_01M38R7216X4HHDN91G4JV2AC2, Intent = MoveIntent { DirXPermille = -465, DirZPermille = -885, Gait = Run, FacingMdeg = 207688, IsMoving = True } }
4713	1911	MoveCommand { Actor = chr_01M38R7216X4HHDN91G4JV2AC2, Intent = MoveIntent { DirXPermille = -466, DirZPermille = -885, Gait = Run, FacingMdeg = 207745, IsMoving = True } }
4714	1912	MoveCommand { Actor = chr_01M38R7216X4HHDN91G4JV2AC2, Intent = MoveIntent { DirXPermille = -465, DirZPermille = -885, Gait = Run, FacingMdeg = 207742, IsMoving = True } }
4715	1913	MoveCommand { Actor = chr_01M38R7216X4HHDN91G4JV2AC2, Intent = MoveIntent { DirXPermille = -466, DirZPermille = -885, Gait = Run, FacingMdeg = 207750, IsMoving = True } }
4718	1914	MoveCommand { Actor = chr_01M38R7216X4HHDN91G4JV2AC2, Intent = MoveIntent { DirXPermille = -465, DirZPermille = -885, Gait = Run, FacingMdeg = 207739, IsMoving = True } }
4719	1915	MoveCommand { Actor = chr_01M38R7216X4HHDN91G4JV2AC2, Intent = MoveIntent { DirXPermille = -466, DirZPermille = -885, Gait = Run, FacingMdeg = 207747, IsMoving = True } }
4721	1916	MoveCommand { Actor = chr_01M38R7216X4HHDN91G4JV2AC2, Intent = MoveIntent { DirXPermille = -465, DirZPermille = -885, Gait = Run, FacingMdeg = 207739, IsMoving = True } }
4722	1917	MoveCommand { Actor = chr_01M38R7216X4HHDN91G4JV2AC2, Intent = MoveIntent { DirXPermille = -466, DirZPermille = -885, Gait = Run, FacingMdeg = 207749, IsMoving = True } }
4724	1918	MoveCommand { Actor = chr_01M38R7216X4HHDN91G4JV2AC2, Intent = MoveIntent { DirXPermille = -465, DirZPermille = -885, Gait = Run, FacingMdeg = 207740, IsMoving = True } }
4725	1919	MoveCommand { Actor = chr_01M38R7216X4HHDN91G4JV2AC2, Intent = MoveIntent { DirXPermille = -466, DirZPermille = -885, Gait = Run, FacingMdeg = 207751, IsMoving = True } }
4727	1920	MoveCommand { Actor = chr_01M38R7216X4HHDN91G4JV2AC2, Intent = MoveIntent { DirXPermille = -465, DirZPermille = -885, Gait = Run, FacingMdeg = 207741, IsMoving = True } }
4728	1921	MoveCommand { Actor = chr_01M38R7216X4HHDN91G4JV2AC2, Intent = MoveIntent { DirXPermille = -466, DirZPermille = -885, Gait = Run, FacingMdeg = 207754, IsMoving = True } }
4730	1922	MoveCommand { Actor = chr_01M38R7216X4HHDN91G4JV2AC2, Intent = MoveIntent { DirXPermille = -465, DirZPermille = -885, Gait = Run, FacingMdeg = 207741, IsMoving = True } }
4731	1923	MoveCommand { Actor = chr_01M38R7216X4HHDN91G4JV2AC2, Intent = MoveIntent { DirXPermille = -466, DirZPermille = -885, Gait = Run, FacingMdeg = 207757, IsMoving = True } }
4734	1924	MoveCommand { Actor = chr_01M38R7216X4HHDN91G4JV2AC2, Intent = MoveIntent { DirXPermille = -465, DirZPermille = -885, Gait = Run, FacingMdeg = 207733, IsMoving = True } }
4735	1925	MoveCommand { Actor = chr_01M38R7216X4HHDN91G4JV2AC2, Intent = MoveIntent { DirXPermille = -466, DirZPermille = -885, Gait = Run, FacingMdeg = 207755, IsMoving = True } }
4737	1926	MoveCommand { Actor = chr_01M38R7216X4HHDN91G4JV2AC2, Intent = MoveIntent { DirXPermille = -465, DirZPermille = -885, Gait = Run, FacingMdeg = 207732, IsMoving = True } }
4738	1927	MoveCommand { Actor = chr_01M38R7216X4HHDN91G4JV2AC2, Intent = MoveIntent { DirXPermille = -466, DirZPermille = -885, Gait = Run, FacingMdeg = 207764, IsMoving = True } }
4740	1928	MoveCommand { Actor = chr_01M38R7216X4HHDN91G4JV2AC2, Intent = MoveIntent { DirXPermille = -465, DirZPermille = -885, Gait = Run, FacingMdeg = 207729, IsMoving = True } }
4741	1929	MoveCommand { Actor = chr_01M38R7216X4HHDN91G4JV2AC2, Intent = MoveIntent { DirXPermille = -466, DirZPermille = -885, Gait = Run, FacingMdeg = 207787, IsMoving = True } }
4743	1930	MoveCommand { Actor = chr_01M38R7216X4HHDN91G4JV2AC2, Intent = MoveIntent { DirXPermille = -465, DirZPermille = -885, Gait = Run, FacingMdeg = 207715, IsMoving = True } }
4745	1931	MoveCommand { Actor = chr_01M38R7216X4HHDN91G4JV2AC2, Intent = MoveIntent { DirXPermille = 0, DirZPermille = 0, Gait = Run, FacingMdeg = 207715, IsMoving = False } }
4745	1932	InteractCommand { Actor = chr_01M38R7216X4HHDN91G4JV2AC2, TargetKey = switch.stone_southwest }
4753	1933	MoveCommand { Actor = chr_01M38R7216X4HHDN91G4JV2AC2, Intent = MoveIntent { DirXPermille = 566, DirZPermille = 824, Gait = Run, FacingMdeg = 34489, IsMoving = True } }
4794	1934	MoveCommand { Actor = chr_01M38R7216X4HHDN91G4JV2AC2, Intent = MoveIntent { DirXPermille = 566, DirZPermille = 825, Gait = Run, FacingMdeg = 34462, IsMoving = True } }
4819	1935	MoveCommand { Actor = chr_01M38R7216X4HHDN91G4JV2AC2, Intent = MoveIntent { DirXPermille = 565, DirZPermille = 825, Gait = Run, FacingMdeg = 34436, IsMoving = True } }
4820	1936	MoveCommand { Actor = chr_01M38R7216X4HHDN91G4JV2AC2, Intent = MoveIntent { DirXPermille = 566, DirZPermille = 825, Gait = Run, FacingMdeg = 34437, IsMoving = True } }
4821	1937	MoveCommand { Actor = chr_01M38R7216X4HHDN91G4JV2AC2, Intent = MoveIntent { DirXPermille = 565, DirZPermille = 825, Gait = Run, FacingMdeg = 34436, IsMoving = True } }
4822	1938	MoveCommand { Actor = chr_01M38R7216X4HHDN91G4JV2AC2, Intent = MoveIntent { DirXPermille = 566, DirZPermille = 825, Gait = Run, FacingMdeg = 34437, IsMoving = True } }
4823	1939	MoveCommand { Actor = chr_01M38R7216X4HHDN91G4JV2AC2, Intent = MoveIntent { DirXPermille = 565, DirZPermille = 825, Gait = Run, FacingMdeg = 34436, IsMoving = True } }
4824	1940	MoveCommand { Actor = chr_01M38R7216X4HHDN91G4JV2AC2, Intent = MoveIntent { DirXPermille = 566, DirZPermille = 825, Gait = Run, FacingMdeg = 34437, IsMoving = True } }
4825	1941	MoveCommand { Actor = chr_01M38R7216X4HHDN91G4JV2AC2, Intent = MoveIntent { DirXPermille = 565, DirZPermille = 825, Gait = Run, FacingMdeg = 34436, IsMoving = True } }
4826	1942	MoveCommand { Actor = chr_01M38R7216X4HHDN91G4JV2AC2, Intent = MoveIntent { DirXPermille = 566, DirZPermille = 825, Gait = Run, FacingMdeg = 34438, IsMoving = True } }
4827	1943	MoveCommand { Actor = chr_01M38R7216X4HHDN91G4JV2AC2, Intent = MoveIntent { DirXPermille = 565, DirZPermille = 825, Gait = Run, FacingMdeg = 34436, IsMoving = True } }
4828	1944	MoveCommand { Actor = chr_01M38R7216X4HHDN91G4JV2AC2, Intent = MoveIntent { DirXPermille = 566, DirZPermille = 825, Gait = Run, FacingMdeg = 34438, IsMoving = True } }
4829	1945	MoveCommand { Actor = chr_01M38R7216X4HHDN91G4JV2AC2, Intent = MoveIntent { DirXPermille = 565, DirZPermille = 825, Gait = Run, FacingMdeg = 34436, IsMoving = True } }
4830	1946	MoveCommand { Actor = chr_01M38R7216X4HHDN91G4JV2AC2, Intent = MoveIntent { DirXPermille = 566, DirZPermille = 825, Gait = Run, FacingMdeg = 34438, IsMoving = True } }
4831	1947	MoveCommand { Actor = chr_01M38R7216X4HHDN91G4JV2AC2, Intent = MoveIntent { DirXPermille = 565, DirZPermille = 825, Gait = Run, FacingMdeg = 34436, IsMoving = True } }
4832	1948	MoveCommand { Actor = chr_01M38R7216X4HHDN91G4JV2AC2, Intent = MoveIntent { DirXPermille = 566, DirZPermille = 825, Gait = Run, FacingMdeg = 34438, IsMoving = True } }
4833	1949	MoveCommand { Actor = chr_01M38R7216X4HHDN91G4JV2AC2, Intent = MoveIntent { DirXPermille = 565, DirZPermille = 825, Gait = Run, FacingMdeg = 34436, IsMoving = True } }
4834	1950	MoveCommand { Actor = chr_01M38R7216X4HHDN91G4JV2AC2, Intent = MoveIntent { DirXPermille = 566, DirZPermille = 825, Gait = Run, FacingMdeg = 34438, IsMoving = True } }
4835	1951	MoveCommand { Actor = chr_01M38R7216X4HHDN91G4JV2AC2, Intent = MoveIntent { DirXPermille = 565, DirZPermille = 825, Gait = Run, FacingMdeg = 34436, IsMoving = True } }
4836	1952	MoveCommand { Actor = chr_01M38R7216X4HHDN91G4JV2AC2, Intent = MoveIntent { DirXPermille = 566, DirZPermille = 825, Gait = Run, FacingMdeg = 34438, IsMoving = True } }
4837	1953	MoveCommand { Actor = chr_01M38R7216X4HHDN91G4JV2AC2, Intent = MoveIntent { DirXPermille = 565, DirZPermille = 825, Gait = Run, FacingMdeg = 34436, IsMoving = True } }
4838	1954	MoveCommand { Actor = chr_01M38R7216X4HHDN91G4JV2AC2, Intent = MoveIntent { DirXPermille = 566, DirZPermille = 825, Gait = Run, FacingMdeg = 34438, IsMoving = True } }
4839	1955	MoveCommand { Actor = chr_01M38R7216X4HHDN91G4JV2AC2, Intent = MoveIntent { DirXPermille = 565, DirZPermille = 825, Gait = Run, FacingMdeg = 34436, IsMoving = True } }
4840	1956	MoveCommand { Actor = chr_01M38R7216X4HHDN91G4JV2AC2, Intent = MoveIntent { DirXPermille = 566, DirZPermille = 825, Gait = Run, FacingMdeg = 34438, IsMoving = True } }
4841	1957	MoveCommand { Actor = chr_01M38R7216X4HHDN91G4JV2AC2, Intent = MoveIntent { DirXPermille = 565, DirZPermille = 825, Gait = Run, FacingMdeg = 34436, IsMoving = True } }
4842	1958	MoveCommand { Actor = chr_01M38R7216X4HHDN91G4JV2AC2, Intent = MoveIntent { DirXPermille = 566, DirZPermille = 825, Gait = Run, FacingMdeg = 34438, IsMoving = True } }
4843	1959	MoveCommand { Actor = chr_01M38R7216X4HHDN91G4JV2AC2, Intent = MoveIntent { DirXPermille = 565, DirZPermille = 825, Gait = Run, FacingMdeg = 34436, IsMoving = True } }
4844	1960	MoveCommand { Actor = chr_01M38R7216X4HHDN91G4JV2AC2, Intent = MoveIntent { DirXPermille = 566, DirZPermille = 825, Gait = Run, FacingMdeg = 34438, IsMoving = True } }
4845	1961	MoveCommand { Actor = chr_01M38R7216X4HHDN91G4JV2AC2, Intent = MoveIntent { DirXPermille = 565, DirZPermille = 825, Gait = Run, FacingMdeg = 34436, IsMoving = True } }
4846	1962	MoveCommand { Actor = chr_01M38R7216X4HHDN91G4JV2AC2, Intent = MoveIntent { DirXPermille = 566, DirZPermille = 825, Gait = Run, FacingMdeg = 34438, IsMoving = True } }
4847	1963	MoveCommand { Actor = chr_01M38R7216X4HHDN91G4JV2AC2, Intent = MoveIntent { DirXPermille = 565, DirZPermille = 825, Gait = Run, FacingMdeg = 34437, IsMoving = True } }
4848	1964	MoveCommand { Actor = chr_01M38R7216X4HHDN91G4JV2AC2, Intent = MoveIntent { DirXPermille = 566, DirZPermille = 825, Gait = Run, FacingMdeg = 34438, IsMoving = True } }
4849	1965	MoveCommand { Actor = chr_01M38R7216X4HHDN91G4JV2AC2, Intent = MoveIntent { DirXPermille = 565, DirZPermille = 825, Gait = Run, FacingMdeg = 34437, IsMoving = True } }
4850	1966	MoveCommand { Actor = chr_01M38R7216X4HHDN91G4JV2AC2, Intent = MoveIntent { DirXPermille = 566, DirZPermille = 825, Gait = Run, FacingMdeg = 34438, IsMoving = True } }
4851	1967	MoveCommand { Actor = chr_01M38R7216X4HHDN91G4JV2AC2, Intent = MoveIntent { DirXPermille = 565, DirZPermille = 825, Gait = Run, FacingMdeg = 34437, IsMoving = True } }
4852	1968	MoveCommand { Actor = chr_01M38R7216X4HHDN91G4JV2AC2, Intent = MoveIntent { DirXPermille = 566, DirZPermille = 825, Gait = Run, FacingMdeg = 34438, IsMoving = True } }
4853	1969	MoveCommand { Actor = chr_01M38R7216X4HHDN91G4JV2AC2, Intent = MoveIntent { DirXPermille = 565, DirZPermille = 825, Gait = Run, FacingMdeg = 34437, IsMoving = True } }
4854	1970	MoveCommand { Actor = chr_01M38R7216X4HHDN91G4JV2AC2, Intent = MoveIntent { DirXPermille = 566, DirZPermille = 825, Gait = Run, FacingMdeg = 34438, IsMoving = True } }
4855	1971	MoveCommand { Actor = chr_01M38R7216X4HHDN91G4JV2AC2, Intent = MoveIntent { DirXPermille = 565, DirZPermille = 825, Gait = Run, FacingMdeg = 34437, IsMoving = True } }
4856	1972	MoveCommand { Actor = chr_01M38R7216X4HHDN91G4JV2AC2, Intent = MoveIntent { DirXPermille = 566, DirZPermille = 825, Gait = Run, FacingMdeg = 34439, IsMoving = True } }
4857	1973	MoveCommand { Actor = chr_01M38R7216X4HHDN91G4JV2AC2, Intent = MoveIntent { DirXPermille = 565, DirZPermille = 825, Gait = Run, FacingMdeg = 34437, IsMoving = True } }
4858	1974	MoveCommand { Actor = chr_01M38R7216X4HHDN91G4JV2AC2, Intent = MoveIntent { DirXPermille = 566, DirZPermille = 825, Gait = Run, FacingMdeg = 34439, IsMoving = True } }
4859	1975	MoveCommand { Actor = chr_01M38R7216X4HHDN91G4JV2AC2, Intent = MoveIntent { DirXPermille = 565, DirZPermille = 825, Gait = Run, FacingMdeg = 34437, IsMoving = True } }
4860	1976	MoveCommand { Actor = chr_01M38R7216X4HHDN91G4JV2AC2, Intent = MoveIntent { DirXPermille = 566, DirZPermille = 825, Gait = Run, FacingMdeg = 34439, IsMoving = True } }
4861	1977	MoveCommand { Actor = chr_01M38R7216X4HHDN91G4JV2AC2, Intent = MoveIntent { DirXPermille = 565, DirZPermille = 825, Gait = Run, FacingMdeg = 34437, IsMoving = True } }
4862	1978	MoveCommand { Actor = chr_01M38R7216X4HHDN91G4JV2AC2, Intent = MoveIntent { DirXPermille = 566, DirZPermille = 825, Gait = Run, FacingMdeg = 34439, IsMoving = True } }
4863	1979	MoveCommand { Actor = chr_01M38R7216X4HHDN91G4JV2AC2, Intent = MoveIntent { DirXPermille = 565, DirZPermille = 825, Gait = Run, FacingMdeg = 34437, IsMoving = True } }
4864	1980	MoveCommand { Actor = chr_01M38R7216X4HHDN91G4JV2AC2, Intent = MoveIntent { DirXPermille = 566, DirZPermille = 825, Gait = Run, FacingMdeg = 34439, IsMoving = True } }
4865	1981	MoveCommand { Actor = chr_01M38R7216X4HHDN91G4JV2AC2, Intent = MoveIntent { DirXPermille = 565, DirZPermille = 825, Gait = Run, FacingMdeg = 34437, IsMoving = True } }
4866	1982	MoveCommand { Actor = chr_01M38R7216X4HHDN91G4JV2AC2, Intent = MoveIntent { DirXPermille = 566, DirZPermille = 825, Gait = Run, FacingMdeg = 34439, IsMoving = True } }
4867	1983	MoveCommand { Actor = chr_01M38R7216X4HHDN91G4JV2AC2, Intent = MoveIntent { DirXPermille = 565, DirZPermille = 825, Gait = Run, FacingMdeg = 34437, IsMoving = True } }
4868	1984	MoveCommand { Actor = chr_01M38R7216X4HHDN91G4JV2AC2, Intent = MoveIntent { DirXPermille = 566, DirZPermille = 825, Gait = Run, FacingMdeg = 34439, IsMoving = True } }
4870	1985	MoveCommand { Actor = chr_01M38R7216X4HHDN91G4JV2AC2, Intent = MoveIntent { DirXPermille = 565, DirZPermille = 825, Gait = Run, FacingMdeg = 34435, IsMoving = True } }
4871	1986	MoveCommand { Actor = chr_01M38R7216X4HHDN91G4JV2AC2, Intent = MoveIntent { DirXPermille = 566, DirZPermille = 825, Gait = Run, FacingMdeg = 34437, IsMoving = True } }
4872	1987	MoveCommand { Actor = chr_01M38R7216X4HHDN91G4JV2AC2, Intent = MoveIntent { DirXPermille = 565, DirZPermille = 825, Gait = Run, FacingMdeg = 34435, IsMoving = True } }
4873	1988	MoveCommand { Actor = chr_01M38R7216X4HHDN91G4JV2AC2, Intent = MoveIntent { DirXPermille = 566, DirZPermille = 825, Gait = Run, FacingMdeg = 34437, IsMoving = True } }
4874	1989	MoveCommand { Actor = chr_01M38R7216X4HHDN91G4JV2AC2, Intent = MoveIntent { DirXPermille = 565, DirZPermille = 825, Gait = Run, FacingMdeg = 34435, IsMoving = True } }
4875	1990	MoveCommand { Actor = chr_01M38R7216X4HHDN91G4JV2AC2, Intent = MoveIntent { DirXPermille = 566, DirZPermille = 825, Gait = Run, FacingMdeg = 34437, IsMoving = True } }
4876	1991	MoveCommand { Actor = chr_01M38R7216X4HHDN91G4JV2AC2, Intent = MoveIntent { DirXPermille = 565, DirZPermille = 825, Gait = Run, FacingMdeg = 34435, IsMoving = True } }
4877	1992	MoveCommand { Actor = chr_01M38R7216X4HHDN91G4JV2AC2, Intent = MoveIntent { DirXPermille = 566, DirZPermille = 825, Gait = Run, FacingMdeg = 34437, IsMoving = True } }
4878	1993	MoveCommand { Actor = chr_01M38R7216X4HHDN91G4JV2AC2, Intent = MoveIntent { DirXPermille = 565, DirZPermille = 825, Gait = Run, FacingMdeg = 34435, IsMoving = True } }
4879	1994	MoveCommand { Actor = chr_01M38R7216X4HHDN91G4JV2AC2, Intent = MoveIntent { DirXPermille = 566, DirZPermille = 825, Gait = Run, FacingMdeg = 34437, IsMoving = True } }
4880	1995	MoveCommand { Actor = chr_01M38R7216X4HHDN91G4JV2AC2, Intent = MoveIntent { DirXPermille = 565, DirZPermille = 825, Gait = Run, FacingMdeg = 34435, IsMoving = True } }
4881	1996	MoveCommand { Actor = chr_01M38R7216X4HHDN91G4JV2AC2, Intent = MoveIntent { DirXPermille = 566, DirZPermille = 825, Gait = Run, FacingMdeg = 34438, IsMoving = True } }
4882	1997	MoveCommand { Actor = chr_01M38R7216X4HHDN91G4JV2AC2, Intent = MoveIntent { DirXPermille = 565, DirZPermille = 825, Gait = Run, FacingMdeg = 34435, IsMoving = True } }
4883	1998	MoveCommand { Actor = chr_01M38R7216X4HHDN91G4JV2AC2, Intent = MoveIntent { DirXPermille = 566, DirZPermille = 825, Gait = Run, FacingMdeg = 34438, IsMoving = True } }
4884	1999	MoveCommand { Actor = chr_01M38R7216X4HHDN91G4JV2AC2, Intent = MoveIntent { DirXPermille = 565, DirZPermille = 825, Gait = Run, FacingMdeg = 34435, IsMoving = True } }
4885	2000	MoveCommand { Actor = chr_01M38R7216X4HHDN91G4JV2AC2, Intent = MoveIntent { DirXPermille = 566, DirZPermille = 825, Gait = Run, FacingMdeg = 34438, IsMoving = True } }
4886	2001	MoveCommand { Actor = chr_01M38R7216X4HHDN91G4JV2AC2, Intent = MoveIntent { DirXPermille = 565, DirZPermille = 825, Gait = Run, FacingMdeg = 34435, IsMoving = True } }
4887	2002	MoveCommand { Actor = chr_01M38R7216X4HHDN91G4JV2AC2, Intent = MoveIntent { DirXPermille = 566, DirZPermille = 825, Gait = Run, FacingMdeg = 34438, IsMoving = True } }
4888	2003	MoveCommand { Actor = chr_01M38R7216X4HHDN91G4JV2AC2, Intent = MoveIntent { DirXPermille = 565, DirZPermille = 825, Gait = Run, FacingMdeg = 34435, IsMoving = True } }
4889	2004	MoveCommand { Actor = chr_01M38R7216X4HHDN91G4JV2AC2, Intent = MoveIntent { DirXPermille = 566, DirZPermille = 825, Gait = Run, FacingMdeg = 34438, IsMoving = True } }
4890	2005	MoveCommand { Actor = chr_01M38R7216X4HHDN91G4JV2AC2, Intent = MoveIntent { DirXPermille = 565, DirZPermille = 825, Gait = Run, FacingMdeg = 34435, IsMoving = True } }
4891	2006	MoveCommand { Actor = chr_01M38R7216X4HHDN91G4JV2AC2, Intent = MoveIntent { DirXPermille = 566, DirZPermille = 825, Gait = Run, FacingMdeg = 34438, IsMoving = True } }
4892	2007	MoveCommand { Actor = chr_01M38R7216X4HHDN91G4JV2AC2, Intent = MoveIntent { DirXPermille = 565, DirZPermille = 825, Gait = Run, FacingMdeg = 34435, IsMoving = True } }
4893	2008	MoveCommand { Actor = chr_01M38R7216X4HHDN91G4JV2AC2, Intent = MoveIntent { DirXPermille = 566, DirZPermille = 825, Gait = Run, FacingMdeg = 34438, IsMoving = True } }
4894	2009	MoveCommand { Actor = chr_01M38R7216X4HHDN91G4JV2AC2, Intent = MoveIntent { DirXPermille = 565, DirZPermille = 825, Gait = Run, FacingMdeg = 34435, IsMoving = True } }
4895	2010	MoveCommand { Actor = chr_01M38R7216X4HHDN91G4JV2AC2, Intent = MoveIntent { DirXPermille = 566, DirZPermille = 825, Gait = Run, FacingMdeg = 34439, IsMoving = True } }
4896	2011	MoveCommand { Actor = chr_01M38R7216X4HHDN91G4JV2AC2, Intent = MoveIntent { DirXPermille = 565, DirZPermille = 825, Gait = Run, FacingMdeg = 34435, IsMoving = True } }
4897	2012	MoveCommand { Actor = chr_01M38R7216X4HHDN91G4JV2AC2, Intent = MoveIntent { DirXPermille = 566, DirZPermille = 825, Gait = Run, FacingMdeg = 34439, IsMoving = True } }
4898	2013	MoveCommand { Actor = chr_01M38R7216X4HHDN91G4JV2AC2, Intent = MoveIntent { DirXPermille = 565, DirZPermille = 825, Gait = Run, FacingMdeg = 34435, IsMoving = True } }
4899	2014	MoveCommand { Actor = chr_01M38R7216X4HHDN91G4JV2AC2, Intent = MoveIntent { DirXPermille = 566, DirZPermille = 825, Gait = Run, FacingMdeg = 34439, IsMoving = True } }
4900	2015	MoveCommand { Actor = chr_01M38R7216X4HHDN91G4JV2AC2, Intent = MoveIntent { DirXPermille = 565, DirZPermille = 825, Gait = Run, FacingMdeg = 34435, IsMoving = True } }
4901	2016	MoveCommand { Actor = chr_01M38R7216X4HHDN91G4JV2AC2, Intent = MoveIntent { DirXPermille = 566, DirZPermille = 825, Gait = Run, FacingMdeg = 34439, IsMoving = True } }
4902	2017	MoveCommand { Actor = chr_01M38R7216X4HHDN91G4JV2AC2, Intent = MoveIntent { DirXPermille = 565, DirZPermille = 825, Gait = Run, FacingMdeg = 34435, IsMoving = True } }
4903	2018	MoveCommand { Actor = chr_01M38R7216X4HHDN91G4JV2AC2, Intent = MoveIntent { DirXPermille = 566, DirZPermille = 825, Gait = Run, FacingMdeg = 34440, IsMoving = True } }
4904	2019	MoveCommand { Actor = chr_01M38R7216X4HHDN91G4JV2AC2, Intent = MoveIntent { DirXPermille = 565, DirZPermille = 825, Gait = Run, FacingMdeg = 34435, IsMoving = True } }
4905	2020	MoveCommand { Actor = chr_01M38R7216X4HHDN91G4JV2AC2, Intent = MoveIntent { DirXPermille = 566, DirZPermille = 825, Gait = Run, FacingMdeg = 34440, IsMoving = True } }
4906	2021	MoveCommand { Actor = chr_01M38R7216X4HHDN91G4JV2AC2, Intent = MoveIntent { DirXPermille = 565, DirZPermille = 825, Gait = Run, FacingMdeg = 34435, IsMoving = True } }
4907	2022	MoveCommand { Actor = chr_01M38R7216X4HHDN91G4JV2AC2, Intent = MoveIntent { DirXPermille = 566, DirZPermille = 825, Gait = Run, FacingMdeg = 34440, IsMoving = True } }
4908	2023	MoveCommand { Actor = chr_01M38R7216X4HHDN91G4JV2AC2, Intent = MoveIntent { DirXPermille = 565, DirZPermille = 825, Gait = Run, FacingMdeg = 34435, IsMoving = True } }
4909	2024	MoveCommand { Actor = chr_01M38R7216X4HHDN91G4JV2AC2, Intent = MoveIntent { DirXPermille = 566, DirZPermille = 825, Gait = Run, FacingMdeg = 34441, IsMoving = True } }
4910	2025	MoveCommand { Actor = chr_01M38R7216X4HHDN91G4JV2AC2, Intent = MoveIntent { DirXPermille = 565, DirZPermille = 825, Gait = Run, FacingMdeg = 34435, IsMoving = True } }
4911	2026	MoveCommand { Actor = chr_01M38R7216X4HHDN91G4JV2AC2, Intent = MoveIntent { DirXPermille = 566, DirZPermille = 825, Gait = Run, FacingMdeg = 34441, IsMoving = True } }
4912	2027	MoveCommand { Actor = chr_01M38R7216X4HHDN91G4JV2AC2, Intent = MoveIntent { DirXPermille = 565, DirZPermille = 825, Gait = Run, FacingMdeg = 34435, IsMoving = True } }
4913	2028	MoveCommand { Actor = chr_01M38R7216X4HHDN91G4JV2AC2, Intent = MoveIntent { DirXPermille = 566, DirZPermille = 825, Gait = Run, FacingMdeg = 34442, IsMoving = True } }
4914	2029	MoveCommand { Actor = chr_01M38R7216X4HHDN91G4JV2AC2, Intent = MoveIntent { DirXPermille = 565, DirZPermille = 825, Gait = Run, FacingMdeg = 34435, IsMoving = True } }
4915	2030	MoveCommand { Actor = chr_01M38R7216X4HHDN91G4JV2AC2, Intent = MoveIntent { DirXPermille = 566, DirZPermille = 825, Gait = Run, FacingMdeg = 34442, IsMoving = True } }
4916	2031	MoveCommand { Actor = chr_01M38R7216X4HHDN91G4JV2AC2, Intent = MoveIntent { DirXPermille = 565, DirZPermille = 825, Gait = Run, FacingMdeg = 34435, IsMoving = True } }
4917	2032	MoveCommand { Actor = chr_01M38R7216X4HHDN91G4JV2AC2, Intent = MoveIntent { DirXPermille = 566, DirZPermille = 825, Gait = Run, FacingMdeg = 34443, IsMoving = True } }
4918	2033	MoveCommand { Actor = chr_01M38R7216X4HHDN91G4JV2AC2, Intent = MoveIntent { DirXPermille = 565, DirZPermille = 825, Gait = Run, FacingMdeg = 34435, IsMoving = True } }
4919	2034	MoveCommand { Actor = chr_01M38R7216X4HHDN91G4JV2AC2, Intent = MoveIntent { DirXPermille = 566, DirZPermille = 825, Gait = Run, FacingMdeg = 34444, IsMoving = True } }
4920	2035	MoveCommand { Actor = chr_01M38R7216X4HHDN91G4JV2AC2, Intent = MoveIntent { DirXPermille = 565, DirZPermille = 825, Gait = Run, FacingMdeg = 34435, IsMoving = True } }
4921	2036	MoveCommand { Actor = chr_01M38R7216X4HHDN91G4JV2AC2, Intent = MoveIntent { DirXPermille = 566, DirZPermille = 825, Gait = Run, FacingMdeg = 34445, IsMoving = True } }
4922	2037	MoveCommand { Actor = chr_01M38R7216X4HHDN91G4JV2AC2, Intent = MoveIntent { DirXPermille = 565, DirZPermille = 825, Gait = Run, FacingMdeg = 34435, IsMoving = True } }
4923	2038	MoveCommand { Actor = chr_01M38R7216X4HHDN91G4JV2AC2, Intent = MoveIntent { DirXPermille = 566, DirZPermille = 825, Gait = Run, FacingMdeg = 34447, IsMoving = True } }
4924	2039	MoveCommand { Actor = chr_01M38R7216X4HHDN91G4JV2AC2, Intent = MoveIntent { DirXPermille = 565, DirZPermille = 825, Gait = Run, FacingMdeg = 34435, IsMoving = True } }
4925	2040	MoveCommand { Actor = chr_01M38R7216X4HHDN91G4JV2AC2, Intent = MoveIntent { DirXPermille = 566, DirZPermille = 825, Gait = Run, FacingMdeg = 34450, IsMoving = True } }
4926	2041	MoveCommand { Actor = chr_01M38R7216X4HHDN91G4JV2AC2, Intent = MoveIntent { DirXPermille = 565, DirZPermille = 825, Gait = Run, FacingMdeg = 34435, IsMoving = True } }
4927	2042	MoveCommand { Actor = chr_01M38R7216X4HHDN91G4JV2AC2, Intent = MoveIntent { DirXPermille = 566, DirZPermille = 825, Gait = Run, FacingMdeg = 34453, IsMoving = True } }
4928	2043	MoveCommand { Actor = chr_01M38R7216X4HHDN91G4JV2AC2, Intent = MoveIntent { DirXPermille = 565, DirZPermille = 825, Gait = Run, FacingMdeg = 34436, IsMoving = True } }
4929	2044	MoveCommand { Actor = chr_01M38R7216X4HHDN91G4JV2AC2, Intent = MoveIntent { DirXPermille = 566, DirZPermille = 825, Gait = Run, FacingMdeg = 34459, IsMoving = True } }
4930	2045	MoveCommand { Actor = chr_01M38R7216X4HHDN91G4JV2AC2, Intent = MoveIntent { DirXPermille = 565, DirZPermille = 825, Gait = Run, FacingMdeg = 34436, IsMoving = True } }
4931	2046	MoveCommand { Actor = chr_01M38R7216X4HHDN91G4JV2AC2, Intent = MoveIntent { DirXPermille = 566, DirZPermille = 824, Gait = Run, FacingMdeg = 34470, IsMoving = True } }
4932	2047	MoveCommand { Actor = chr_01M38R7216X4HHDN91G4JV2AC2, Intent = MoveIntent { DirXPermille = 565, DirZPermille = 825, Gait = Run, FacingMdeg = 34436, IsMoving = True } }
4933	2048	MoveCommand { Actor = chr_01M38R7216X4HHDN91G4JV2AC2, Intent = MoveIntent { DirXPermille = 566, DirZPermille = 824, Gait = Run, FacingMdeg = 34501, IsMoving = True } }
4934	2049	MoveCommand { Actor = chr_01M38R7216X4HHDN91G4JV2AC2, Intent = MoveIntent { DirXPermille = 566, DirZPermille = 825, Gait = Run, FacingMdeg = 34439, IsMoving = True } }
4936	2050	MoveCommand { Actor = chr_01M38R7216X4HHDN91G4JV2AC2, Intent = MoveIntent { DirXPermille = 990, DirZPermille = 144, Gait = Run, FacingMdeg = 81693, IsMoving = True } }
4945	2051	MoveCommand { Actor = chr_01M38R7216X4HHDN91G4JV2AC2, Intent = MoveIntent { DirXPermille = 990, DirZPermille = 145, Gait = Run, FacingMdeg = 81692, IsMoving = True } }
4953	2052	MoveCommand { Actor = chr_01M38R7216X4HHDN91G4JV2AC2, Intent = MoveIntent { DirXPermille = 989, DirZPermille = 145, Gait = Run, FacingMdeg = 81690, IsMoving = True } }
5026	2053	MoveCommand { Actor = chr_01M38R7216X4HHDN91G4JV2AC2, Intent = MoveIntent { DirXPermille = 989, DirZPermille = 146, Gait = Run, FacingMdeg = 81633, IsMoving = True } }
5041	2054	MoveCommand { Actor = chr_01M38R7216X4HHDN91G4JV2AC2, Intent = MoveIntent { DirXPermille = 989, DirZPermille = 147, Gait = Run, FacingMdeg = 81573, IsMoving = True } }
5042	2055	MoveCommand { Actor = chr_01M38R7216X4HHDN91G4JV2AC2, Intent = MoveIntent { DirXPermille = 989, DirZPermille = 146, Gait = Run, FacingMdeg = 81583, IsMoving = True } }
5044	2056	MoveCommand { Actor = chr_01M38R7216X4HHDN91G4JV2AC2, Intent = MoveIntent { DirXPermille = 989, DirZPermille = 147, Gait = Run, FacingMdeg = 81569, IsMoving = True } }
5045	2057	MoveCommand { Actor = chr_01M38R7216X4HHDN91G4JV2AC2, Intent = MoveIntent { DirXPermille = 989, DirZPermille = 146, Gait = Run, FacingMdeg = 81581, IsMoving = True } }
5046	2058	MoveCommand { Actor = chr_01M38R7216X4HHDN91G4JV2AC2, Intent = MoveIntent { DirXPermille = 989, DirZPermille = 147, Gait = Run, FacingMdeg = 81572, IsMoving = True } }
5047	2059	MoveCommand { Actor = chr_01M38R7216X4HHDN91G4JV2AC2, Intent = MoveIntent { DirXPermille = 989, DirZPermille = 146, Gait = Run, FacingMdeg = 81586, IsMoving = True } }
5049	2060	MoveCommand { Actor = chr_01M38R7216X4HHDN91G4JV2AC2, Intent = MoveIntent { DirXPermille = 989, DirZPermille = 147, Gait = Run, FacingMdeg = 81566, IsMoving = True } }
5050	2061	MoveCommand { Actor = chr_01M38R7216X4HHDN91G4JV2AC2, Intent = MoveIntent { DirXPermille = 989, DirZPermille = 146, Gait = Run, FacingMdeg = 81583, IsMoving = True } }
5051	2062	MoveCommand { Actor = chr_01M38R7216X4HHDN91G4JV2AC2, Intent = MoveIntent { DirXPermille = 989, DirZPermille = 147, Gait = Run, FacingMdeg = 81571, IsMoving = True } }
5052	2063	MoveCommand { Actor = chr_01M38R7216X4HHDN91G4JV2AC2, Intent = MoveIntent { DirXPermille = 989, DirZPermille = 146, Gait = Run, FacingMdeg = 81591, IsMoving = True } }
5054	2064	MoveCommand { Actor = chr_01M38R7216X4HHDN91G4JV2AC2, Intent = MoveIntent { DirXPermille = 989, DirZPermille = 147, Gait = Run, FacingMdeg = 81560, IsMoving = True } }
5055	2065	MoveCommand { Actor = chr_01M38R7216X4HHDN91G4JV2AC2, Intent = MoveIntent { DirXPermille = 989, DirZPermille = 146, Gait = Run, FacingMdeg = 81588, IsMoving = True } }
5056	2066	MoveCommand { Actor = chr_01M38R7216X4HHDN91G4JV2AC2, Intent = MoveIntent { DirXPermille = 989, DirZPermille = 147, Gait = Run, FacingMdeg = 81567, IsMoving = True } }
5057	2067	MoveCommand { Actor = chr_01M38R7216X4HHDN91G4JV2AC2, Intent = MoveIntent { DirXPermille = 989, DirZPermille = 146, Gait = Run, FacingMdeg = 81606, IsMoving = True } }
5059	2068	MoveCommand { Actor = chr_01M38R7216X4HHDN91G4JV2AC2, Intent = MoveIntent { DirXPermille = 989, DirZPermille = 147, Gait = Run, FacingMdeg = 81536, IsMoving = True } }
5060	2069	MoveCommand { Actor = chr_01M38R7216X4HHDN91G4JV2AC2, Intent = MoveIntent { DirXPermille = 989, DirZPermille = 146, Gait = Run, FacingMdeg = 81615, IsMoving = True } }
5062	2070	MoveCommand { Actor = chr_01M38R7216X4HHDN91G4JV2AC2, Intent = MoveIntent { DirXPermille = 1000, DirZPermille = 0, Gait = Run, FacingMdeg = 89989, IsMoving = True } }
5169	2071	MoveCommand { Actor = chr_01M38R7216X4HHDN91G4JV2AC2, Intent = MoveIntent { DirXPermille = 1000, DirZPermille = 1, Gait = Run, FacingMdeg = 89971, IsMoving = True } }
5211	2072	MoveCommand { Actor = chr_01M38R7216X4HHDN91G4JV2AC2, Intent = MoveIntent { DirXPermille = 1000, DirZPermille = 2, Gait = Run, FacingMdeg = 89910, IsMoving = True } }
5219	2073	MoveCommand { Actor = chr_01M38R7216X4HHDN91G4JV2AC2, Intent = MoveIntent { DirXPermille = 1000, DirZPermille = 3, Gait = Run, FacingMdeg = 89850, IsMoving = True } }
5223	2074	MoveCommand { Actor = chr_01M38R7216X4HHDN91G4JV2AC2, Intent = MoveIntent { DirXPermille = 1000, DirZPermille = 4, Gait = Run, FacingMdeg = 89774, IsMoving = True } }
5225	2075	MoveCommand { Actor = chr_01M38R7216X4HHDN91G4JV2AC2, Intent = MoveIntent { DirXPermille = 1000, DirZPermille = 3, Gait = Run, FacingMdeg = 89819, IsMoving = True } }
5226	2076	MoveCommand { Actor = chr_01M38R7216X4HHDN91G4JV2AC2, Intent = MoveIntent { DirXPermille = 1000, DirZPermille = 4, Gait = Run, FacingMdeg = 89782, IsMoving = True } }
5227	2077	MoveCommand { Actor = chr_01M38R7216X4HHDN91G4JV2AC2, Intent = MoveIntent { DirXPermille = 1000, DirZPermille = 3, Gait = Run, FacingMdeg = 89818, IsMoving = True } }
5228	2078	MoveCommand { Actor = chr_01M38R7216X4HHDN91G4JV2AC2, Intent = MoveIntent { DirXPermille = 1000, DirZPermille = 4, Gait = Run, FacingMdeg = 89756, IsMoving = True } }
5229	2079	MoveCommand { Actor = chr_01M38R7216X4HHDN91G4JV2AC2, Intent = MoveIntent { DirXPermille = 1000, DirZPermille = 3, Gait = Run, FacingMdeg = 89815, IsMoving = True } }
5231	2080	MoveCommand { Actor = chr_01M38R7216X4HHDN91G4JV2AC2, Intent = MoveIntent { DirXPermille = 330, DirZPermille = -944, Gait = Run, FacingMdeg = 160735, IsMoving = True } }
5266	2081	MoveCommand { Actor = chr_01M38R7216X4HHDN91G4JV2AC2, Intent = MoveIntent { DirXPermille = 329, DirZPermille = -944, Gait = Run, FacingMdeg = 160762, IsMoving = True } }
5302	2082	MoveCommand { Actor = chr_01M38R7216X4HHDN91G4JV2AC2, Intent = MoveIntent { DirXPermille = 329, DirZPermille = -945, Gait = Run, FacingMdeg = 160822, IsMoving = True } }
5303	2083	MoveCommand { Actor = chr_01M38R7216X4HHDN91G4JV2AC2, Intent = MoveIntent { DirXPermille = 328, DirZPermille = -945, Gait = Run, FacingMdeg = 160824, IsMoving = True } }
5304	2084	MoveCommand { Actor = chr_01M38R7216X4HHDN91G4JV2AC2, Intent = MoveIntent { DirXPermille = 329, DirZPermille = -944, Gait = Run, FacingMdeg = 160821, IsMoving = True } }
5305	2085	MoveCommand { Actor = chr_01M38R7216X4HHDN91G4JV2AC2, Intent = MoveIntent { DirXPermille = 328, DirZPermille = -945, Gait = Run, FacingMdeg = 160824, IsMoving = True } }
5306	2086	MoveCommand { Actor = chr_01M38R7216X4HHDN91G4JV2AC2, Intent = MoveIntent { DirXPermille = 329, DirZPermille = -944, Gait = Run, FacingMdeg = 160821, IsMoving = True } }
5307	2087	MoveCommand { Actor = chr_01M38R7216X4HHDN91G4JV2AC2, Intent = MoveIntent { DirXPermille = 328, DirZPermille = -945, Gait = Run, FacingMdeg = 160824, IsMoving = True } }
5308	2088	MoveCommand { Actor = chr_01M38R7216X4HHDN91G4JV2AC2, Intent = MoveIntent { DirXPermille = 329, DirZPermille = -944, Gait = Run, FacingMdeg = 160821, IsMoving = True } }
5309	2089	MoveCommand { Actor = chr_01M38R7216X4HHDN91G4JV2AC2, Intent = MoveIntent { DirXPermille = 328, DirZPermille = -945, Gait = Run, FacingMdeg = 160824, IsMoving = True } }
5310	2090	MoveCommand { Actor = chr_01M38R7216X4HHDN91G4JV2AC2, Intent = MoveIntent { DirXPermille = 329, DirZPermille = -944, Gait = Run, FacingMdeg = 160821, IsMoving = True } }
5311	2091	MoveCommand { Actor = chr_01M38R7216X4HHDN91G4JV2AC2, Intent = MoveIntent { DirXPermille = 328, DirZPermille = -945, Gait = Run, FacingMdeg = 160824, IsMoving = True } }
5312	2092	MoveCommand { Actor = chr_01M38R7216X4HHDN91G4JV2AC2, Intent = MoveIntent { DirXPermille = 329, DirZPermille = -944, Gait = Run, FacingMdeg = 160820, IsMoving = True } }
5313	2093	MoveCommand { Actor = chr_01M38R7216X4HHDN91G4JV2AC2, Intent = MoveIntent { DirXPermille = 328, DirZPermille = -945, Gait = Run, FacingMdeg = 160824, IsMoving = True } }
5314	2094	MoveCommand { Actor = chr_01M38R7216X4HHDN91G4JV2AC2, Intent = MoveIntent { DirXPermille = 329, DirZPermille = -944, Gait = Run, FacingMdeg = 160820, IsMoving = True } }
5315	2095	MoveCommand { Actor = chr_01M38R7216X4HHDN91G4JV2AC2, Intent = MoveIntent { DirXPermille = 328, DirZPermille = -945, Gait = Run, FacingMdeg = 160823, IsMoving = True } }
5316	2096	MoveCommand { Actor = chr_01M38R7216X4HHDN91G4JV2AC2, Intent = MoveIntent { DirXPermille = 329, DirZPermille = -944, Gait = Run, FacingMdeg = 160820, IsMoving = True } }
5317	2097	MoveCommand { Actor = chr_01M38R7216X4HHDN91G4JV2AC2, Intent = MoveIntent { DirXPermille = 328, DirZPermille = -945, Gait = Run, FacingMdeg = 160823, IsMoving = True } }
5318	2098	MoveCommand { Actor = chr_01M38R7216X4HHDN91G4JV2AC2, Intent = MoveIntent { DirXPermille = 329, DirZPermille = -944, Gait = Run, FacingMdeg = 160819, IsMoving = True } }
5319	2099	MoveCommand { Actor = chr_01M38R7216X4HHDN91G4JV2AC2, Intent = MoveIntent { DirXPermille = 328, DirZPermille = -945, Gait = Run, FacingMdeg = 160823, IsMoving = True } }
5320	2100	MoveCommand { Actor = chr_01M38R7216X4HHDN91G4JV2AC2, Intent = MoveIntent { DirXPermille = 329, DirZPermille = -944, Gait = Run, FacingMdeg = 160819, IsMoving = True } }
5321	2101	MoveCommand { Actor = chr_01M38R7216X4HHDN91G4JV2AC2, Intent = MoveIntent { DirXPermille = 328, DirZPermille = -945, Gait = Run, FacingMdeg = 160823, IsMoving = True } }
5322	2102	MoveCommand { Actor = chr_01M38R7216X4HHDN91G4JV2AC2, Intent = MoveIntent { DirXPermille = 329, DirZPermille = -944, Gait = Run, FacingMdeg = 160819, IsMoving = True } }
5323	2103	MoveCommand { Actor = chr_01M38R7216X4HHDN91G4JV2AC2, Intent = MoveIntent { DirXPermille = 328, DirZPermille = -945, Gait = Run, FacingMdeg = 160822, IsMoving = True } }
5324	2104	MoveCommand { Actor = chr_01M38R7216X4HHDN91G4JV2AC2, Intent = MoveIntent { DirXPermille = 329, DirZPermille = -944, Gait = Run, FacingMdeg = 160818, IsMoving = True } }
5325	2105	MoveCommand { Actor = chr_01M38R7216X4HHDN91G4JV2AC2, Intent = MoveIntent { DirXPermille = 329, DirZPermille = -945, Gait = Run, FacingMdeg = 160822, IsMoving = True } }
5326	2106	MoveCommand { Actor = chr_01M38R7216X4HHDN91G4JV2AC2, Intent = MoveIntent { DirXPermille = 328, DirZPermille = -945, Gait = Run, FacingMdeg = 160826, IsMoving = True } }
5327	2107	MoveCommand { Actor = chr_01M38R7216X4HHDN91G4JV2AC2, Intent = MoveIntent { DirXPermille = 329, DirZPermille = -945, Gait = Run, FacingMdeg = 160822, IsMoving = True } }
5328	2108	MoveCommand { Actor = chr_01M38R7216X4HHDN91G4JV2AC2, Intent = MoveIntent { DirXPermille = 328, DirZPermille = -945, Gait = Run, FacingMdeg = 160826, IsMoving = True } }
5329	2109	MoveCommand { Actor = chr_01M38R7216X4HHDN91G4JV2AC2, Intent = MoveIntent { DirXPermille = 329, DirZPermille = -944, Gait = Run, FacingMdeg = 160821, IsMoving = True } }
5330	2110	MoveCommand { Actor = chr_01M38R7216X4HHDN91G4JV2AC2, Intent = MoveIntent { DirXPermille = 328, DirZPermille = -945, Gait = Run, FacingMdeg = 160826, IsMoving = True } }
5331	2111	MoveCommand { Actor = chr_01M38R7216X4HHDN91G4JV2AC2, Intent = MoveIntent { DirXPermille = 329, DirZPermille = -944, Gait = Run, FacingMdeg = 160821, IsMoving = True } }
5332	2112	MoveCommand { Actor = chr_01M38R7216X4HHDN91G4JV2AC2, Intent = MoveIntent { DirXPermille = 328, DirZPermille = -945, Gait = Run, FacingMdeg = 160826, IsMoving = True } }
5333	2113	MoveCommand { Actor = chr_01M38R7216X4HHDN91G4JV2AC2, Intent = MoveIntent { DirXPermille = 329, DirZPermille = -944, Gait = Run, FacingMdeg = 160821, IsMoving = True } }
5334	2114	MoveCommand { Actor = chr_01M38R7216X4HHDN91G4JV2AC2, Intent = MoveIntent { DirXPermille = 328, DirZPermille = -945, Gait = Run, FacingMdeg = 160826, IsMoving = True } }
5335	2115	MoveCommand { Actor = chr_01M38R7216X4HHDN91G4JV2AC2, Intent = MoveIntent { DirXPermille = 329, DirZPermille = -944, Gait = Run, FacingMdeg = 160820, IsMoving = True } }
5336	2116	MoveCommand { Actor = chr_01M38R7216X4HHDN91G4JV2AC2, Intent = MoveIntent { DirXPermille = 328, DirZPermille = -945, Gait = Run, FacingMdeg = 160826, IsMoving = True } }
5337	2117	MoveCommand { Actor = chr_01M38R7216X4HHDN91G4JV2AC2, Intent = MoveIntent { DirXPermille = 329, DirZPermille = -944, Gait = Run, FacingMdeg = 160819, IsMoving = True } }
5338	2118	MoveCommand { Actor = chr_01M38R7216X4HHDN91G4JV2AC2, Intent = MoveIntent { DirXPermille = 328, DirZPermille = -945, Gait = Run, FacingMdeg = 160826, IsMoving = True } }
5339	2119	MoveCommand { Actor = chr_01M38R7216X4HHDN91G4JV2AC2, Intent = MoveIntent { DirXPermille = 329, DirZPermille = -944, Gait = Run, FacingMdeg = 160819, IsMoving = True } }
5340	2120	MoveCommand { Actor = chr_01M38R7216X4HHDN91G4JV2AC2, Intent = MoveIntent { DirXPermille = 328, DirZPermille = -945, Gait = Run, FacingMdeg = 160825, IsMoving = True } }
5341	2121	MoveCommand { Actor = chr_01M38R7216X4HHDN91G4JV2AC2, Intent = MoveIntent { DirXPermille = 329, DirZPermille = -944, Gait = Run, FacingMdeg = 160818, IsMoving = True } }
5342	2122	MoveCommand { Actor = chr_01M38R7216X4HHDN91G4JV2AC2, Intent = MoveIntent { DirXPermille = 328, DirZPermille = -945, Gait = Run, FacingMdeg = 160825, IsMoving = True } }
5343	2123	MoveCommand { Actor = chr_01M38R7216X4HHDN91G4JV2AC2, Intent = MoveIntent { DirXPermille = 329, DirZPermille = -944, Gait = Run, FacingMdeg = 160817, IsMoving = True } }
5344	2124	MoveCommand { Actor = chr_01M38R7216X4HHDN91G4JV2AC2, Intent = MoveIntent { DirXPermille = 328, DirZPermille = -945, Gait = Run, FacingMdeg = 160825, IsMoving = True } }
5345	2125	MoveCommand { Actor = chr_01M38R7216X4HHDN91G4JV2AC2, Intent = MoveIntent { DirXPermille = 329, DirZPermille = -944, Gait = Run, FacingMdeg = 160815, IsMoving = True } }
5346	2126	MoveCommand { Actor = chr_01M38R7216X4HHDN91G4JV2AC2, Intent = MoveIntent { DirXPermille = 328, DirZPermille = -945, Gait = Run, FacingMdeg = 160824, IsMoving = True } }
5347	2127	MoveCommand { Actor = chr_01M38R7216X4HHDN91G4JV2AC2, Intent = MoveIntent { DirXPermille = 329, DirZPermille = -944, Gait = Run, FacingMdeg = 160814, IsMoving = True } }
5348	2128	MoveCommand { Actor = chr_01M38R7216X4HHDN91G4JV2AC2, Intent = MoveIntent { DirXPermille = 328, DirZPermille = -945, Gait = Run, FacingMdeg = 160824, IsMoving = True } }
5349	2129	MoveCommand { Actor = chr_01M38R7216X4HHDN91G4JV2AC2, Intent = MoveIntent { DirXPermille = 329, DirZPermille = -944, Gait = Run, FacingMdeg = 160812, IsMoving = True } }
5350	2130	MoveCommand { Actor = chr_01M38R7216X4HHDN91G4JV2AC2, Intent = MoveIntent { DirXPermille = 328, DirZPermille = -945, Gait = Run, FacingMdeg = 160823, IsMoving = True } }
5351	2131	MoveCommand { Actor = chr_01M38R7216X4HHDN91G4JV2AC2, Intent = MoveIntent { DirXPermille = 329, DirZPermille = -944, Gait = Run, FacingMdeg = 160809, IsMoving = True } }
5352	2132	MoveCommand { Actor = chr_01M38R7216X4HHDN91G4JV2AC2, Intent = MoveIntent { DirXPermille = 328, DirZPermille = -945, Gait = Run, FacingMdeg = 160822, IsMoving = True } }
5353	2133	MoveCommand { Actor = chr_01M38R7216X4HHDN91G4JV2AC2, Intent = MoveIntent { DirXPermille = 329, DirZPermille = -944, Gait = Run, FacingMdeg = 160806, IsMoving = True } }
5355	2134	MoveCommand { Actor = chr_01M38R7216X4HHDN91G4JV2AC2, Intent = MoveIntent { DirXPermille = 328, DirZPermille = -945, Gait = Run, FacingMdeg = 160840, IsMoving = True } }
5356	2135	MoveCommand { Actor = chr_01M38R7216X4HHDN91G4JV2AC2, Intent = MoveIntent { DirXPermille = 329, DirZPermille = -944, Gait = Run, FacingMdeg = 160819, IsMoving = True } }
5357	2136	MoveCommand { Actor = chr_01M38R7216X4HHDN91G4JV2AC2, Intent = MoveIntent { DirXPermille = 328, DirZPermille = -945, Gait = Run, FacingMdeg = 160844, IsMoving = True } }
5358	2137	MoveCommand { Actor = chr_01M38R7216X4HHDN91G4JV2AC2, Intent = MoveIntent { DirXPermille = 329, DirZPermille = -944, Gait = Run, FacingMdeg = 160816, IsMoving = True } }
5359	2138	MoveCommand { Actor = chr_01M38R7216X4HHDN91G4JV2AC2, Intent = MoveIntent { DirXPermille = 328, DirZPermille = -945, Gait = Run, FacingMdeg = 160851, IsMoving = True } }
5360	2139	MoveCommand { Actor = chr_01M38R7216X4HHDN91G4JV2AC2, Intent = MoveIntent { DirXPermille = 329, DirZPermille = -944, Gait = Run, FacingMdeg = 160808, IsMoving = True } }
5361	2140	MoveCommand { Actor = chr_01M38R7216X4HHDN91G4JV2AC2, Intent = MoveIntent { DirXPermille = 328, DirZPermille = -945, Gait = Run, FacingMdeg = 160869, IsMoving = True } }
5362	2141	MoveCommand { Actor = chr_01M38R7216X4HHDN91G4JV2AC2, Intent = MoveIntent { DirXPermille = 329, DirZPermille = -944, Gait = Run, FacingMdeg = 160780, IsMoving = True } }
5364	2142	MoveCommand { Actor = chr_01M38R7216X4HHDN91G4JV2AC2, Intent = MoveIntent { DirXPermille = -638, DirZPermille = -770, Gait = Run, FacingMdeg = 219643, IsMoving = True } }
5433	2143	MoveCommand { Actor = chr_01M38R7216X4HHDN91G4JV2AC2, Intent = MoveIntent { DirXPermille = -637, DirZPermille = -770, Gait = Run, FacingMdeg = 219605, IsMoving = True } }
5436	2144	MoveCommand { Actor = chr_01M38R7216X4HHDN91G4JV2AC2, Intent = MoveIntent { DirXPermille = -637, DirZPermille = -771, Gait = Run, FacingMdeg = 219600, IsMoving = True } }
5457	2145	MoveCommand { Actor = chr_01M38R7216X4HHDN91G4JV2AC2, Intent = MoveIntent { DirXPermille = -636, DirZPermille = -771, Gait = Run, FacingMdeg = 219529, IsMoving = True } }
5460	2146	MoveCommand { Actor = chr_01M38R7216X4HHDN91G4JV2AC2, Intent = MoveIntent { DirXPermille = -636, DirZPermille = -772, Gait = Run, FacingMdeg = 219505, IsMoving = True } }
5464	2147	MoveCommand { Actor = chr_01M38R7216X4HHDN91G4JV2AC2, Intent = MoveIntent { DirXPermille = -635, DirZPermille = -772, Gait = Run, FacingMdeg = 219455, IsMoving = True } }
5466	2148	MoveCommand { Actor = chr_01M38R7216X4HHDN91G4JV2AC2, Intent = MoveIntent { DirXPermille = -636, DirZPermille = -772, Gait = Run, FacingMdeg = 219458, IsMoving = True } }
5467	2149	MoveCommand { Actor = chr_01M38R7216X4HHDN91G4JV2AC2, Intent = MoveIntent { DirXPermille = -635, DirZPermille = -772, Gait = Run, FacingMdeg = 219437, IsMoving = True } }
5477	2150	MoveCommand { Actor = chr_01M38R7216X4HHDN91G4JV2AC2, Intent = MoveIntent { DirXPermille = 0, DirZPermille = 0, Gait = Run, FacingMdeg = 219437, IsMoving = False } }
5477	2151	InteractCommand { Actor = chr_01M38R7216X4HHDN91G4JV2AC2, TargetKey = switch.stone_southeast }
5485	2152	MoveCommand { Actor = chr_01M38R7216X4HHDN91G4JV2AC2, Intent = MoveIntent { DirXPermille = 635, DirZPermille = 773, Gait = Run, FacingMdeg = 39401, IsMoving = True } }
5521	2153	MoveCommand { Actor = chr_01M38R7216X4HHDN91G4JV2AC2, Intent = MoveIntent { DirXPermille = 634, DirZPermille = 773, Gait = Run, FacingMdeg = 39383, IsMoving = True } }
5522	2154	MoveCommand { Actor = chr_01M38R7216X4HHDN91G4JV2AC2, Intent = MoveIntent { DirXPermille = 635, DirZPermille = 773, Gait = Run, FacingMdeg = 39385, IsMoving = True } }
5526	2155	MoveCommand { Actor = chr_01M38R7216X4HHDN91G4JV2AC2, Intent = MoveIntent { DirXPermille = 634, DirZPermille = 773, Gait = Run, FacingMdeg = 39382, IsMoving = True } }
5527	2156	MoveCommand { Actor = chr_01M38R7216X4HHDN91G4JV2AC2, Intent = MoveIntent { DirXPermille = 635, DirZPermille = 773, Gait = Run, FacingMdeg = 39386, IsMoving = True } }
5531	2157	MoveCommand { Actor = chr_01M38R7216X4HHDN91G4JV2AC2, Intent = MoveIntent { DirXPermille = 634, DirZPermille = 773, Gait = Run, FacingMdeg = 39382, IsMoving = True } }
5532	2158	MoveCommand { Actor = chr_01M38R7216X4HHDN91G4JV2AC2, Intent = MoveIntent { DirXPermille = 635, DirZPermille = 773, Gait = Run, FacingMdeg = 39386, IsMoving = True } }
5536	2159	MoveCommand { Actor = chr_01M38R7216X4HHDN91G4JV2AC2, Intent = MoveIntent { DirXPermille = 634, DirZPermille = 773, Gait = Run, FacingMdeg = 39382, IsMoving = True } }
5537	2160	MoveCommand { Actor = chr_01M38R7216X4HHDN91G4JV2AC2, Intent = MoveIntent { DirXPermille = 635, DirZPermille = 773, Gait = Run, FacingMdeg = 39386, IsMoving = True } }
5540	2161	MoveCommand { Actor = chr_01M38R7216X4HHDN91G4JV2AC2, Intent = MoveIntent { DirXPermille = 634, DirZPermille = 773, Gait = Run, FacingMdeg = 39383, IsMoving = True } }
5541	2162	MoveCommand { Actor = chr_01M38R7216X4HHDN91G4JV2AC2, Intent = MoveIntent { DirXPermille = 635, DirZPermille = 773, Gait = Run, FacingMdeg = 39387, IsMoving = True } }
5545	2163	MoveCommand { Actor = chr_01M38R7216X4HHDN91G4JV2AC2, Intent = MoveIntent { DirXPermille = 634, DirZPermille = 773, Gait = Run, FacingMdeg = 39383, IsMoving = True } }
5546	2164	MoveCommand { Actor = chr_01M38R7216X4HHDN91G4JV2AC2, Intent = MoveIntent { DirXPermille = 635, DirZPermille = 773, Gait = Run, FacingMdeg = 39387, IsMoving = True } }
5550	2165	MoveCommand { Actor = chr_01M38R7216X4HHDN91G4JV2AC2, Intent = MoveIntent { DirXPermille = 634, DirZPermille = 773, Gait = Run, FacingMdeg = 39382, IsMoving = True } }
5551	2166	MoveCommand { Actor = chr_01M38R7216X4HHDN91G4JV2AC2, Intent = MoveIntent { DirXPermille = 635, DirZPermille = 773, Gait = Run, FacingMdeg = 39387, IsMoving = True } }
5555	2167	MoveCommand { Actor = chr_01M38R7216X4HHDN91G4JV2AC2, Intent = MoveIntent { DirXPermille = 634, DirZPermille = 773, Gait = Run, FacingMdeg = 39382, IsMoving = True } }
5556	2168	MoveCommand { Actor = chr_01M38R7216X4HHDN91G4JV2AC2, Intent = MoveIntent { DirXPermille = 635, DirZPermille = 773, Gait = Run, FacingMdeg = 39387, IsMoving = True } }
5560	2169	MoveCommand { Actor = chr_01M38R7216X4HHDN91G4JV2AC2, Intent = MoveIntent { DirXPermille = 634, DirZPermille = 773, Gait = Run, FacingMdeg = 39382, IsMoving = True } }
5561	2170	MoveCommand { Actor = chr_01M38R7216X4HHDN91G4JV2AC2, Intent = MoveIntent { DirXPermille = 635, DirZPermille = 773, Gait = Run, FacingMdeg = 39388, IsMoving = True } }
5564	2171	MoveCommand { Actor = chr_01M38R7216X4HHDN91G4JV2AC2, Intent = MoveIntent { DirXPermille = 634, DirZPermille = 773, Gait = Run, FacingMdeg = 39383, IsMoving = True } }
5565	2172	MoveCommand { Actor = chr_01M38R7216X4HHDN91G4JV2AC2, Intent = MoveIntent { DirXPermille = 635, DirZPermille = 773, Gait = Run, FacingMdeg = 39390, IsMoving = True } }
5569	2173	MoveCommand { Actor = chr_01M38R7216X4HHDN91G4JV2AC2, Intent = MoveIntent { DirXPermille = 634, DirZPermille = 773, Gait = Run, FacingMdeg = 39383, IsMoving = True } }
5570	2174	MoveCommand { Actor = chr_01M38R7216X4HHDN91G4JV2AC2, Intent = MoveIntent { DirXPermille = 635, DirZPermille = 773, Gait = Run, FacingMdeg = 39390, IsMoving = True } }
5574	2175	MoveCommand { Actor = chr_01M38R7216X4HHDN91G4JV2AC2, Intent = MoveIntent { DirXPermille = 634, DirZPermille = 773, Gait = Run, FacingMdeg = 39382, IsMoving = True } }
5575	2176	MoveCommand { Actor = chr_01M38R7216X4HHDN91G4JV2AC2, Intent = MoveIntent { DirXPermille = 635, DirZPermille = 773, Gait = Run, FacingMdeg = 39392, IsMoving = True } }
5579	2177	MoveCommand { Actor = chr_01M38R7216X4HHDN91G4JV2AC2, Intent = MoveIntent { DirXPermille = 634, DirZPermille = 773, Gait = Run, FacingMdeg = 39381, IsMoving = True } }
5580	2178	MoveCommand { Actor = chr_01M38R7216X4HHDN91G4JV2AC2, Intent = MoveIntent { DirXPermille = 635, DirZPermille = 773, Gait = Run, FacingMdeg = 39393, IsMoving = True } }
5584	2179	MoveCommand { Actor = chr_01M38R7216X4HHDN91G4JV2AC2, Intent = MoveIntent { DirXPermille = 634, DirZPermille = 773, Gait = Run, FacingMdeg = 39380, IsMoving = True } }
5585	2180	MoveCommand { Actor = chr_01M38R7216X4HHDN91G4JV2AC2, Intent = MoveIntent { DirXPermille = 635, DirZPermille = 773, Gait = Run, FacingMdeg = 39397, IsMoving = True } }
5589	2181	MoveCommand { Actor = chr_01M38R7216X4HHDN91G4JV2AC2, Intent = MoveIntent { DirXPermille = 634, DirZPermille = 773, Gait = Run, FacingMdeg = 39377, IsMoving = True } }
5590	2182	MoveCommand { Actor = chr_01M38R7216X4HHDN91G4JV2AC2, Intent = MoveIntent { DirXPermille = 635, DirZPermille = 773, Gait = Run, FacingMdeg = 39404, IsMoving = True } }
5593	2183	MoveCommand { Actor = chr_01M38R7216X4HHDN91G4JV2AC2, Intent = MoveIntent { DirXPermille = 634, DirZPermille = 773, Gait = Run, FacingMdeg = 39382, IsMoving = True } }
5594	2184	MoveCommand { Actor = chr_01M38R7216X4HHDN91G4JV2AC2, Intent = MoveIntent { DirXPermille = 635, DirZPermille = 772, Gait = Run, FacingMdeg = 39439, IsMoving = True } }
5596	2185	MoveCommand { Actor = chr_01M38R7216X4HHDN91G4JV2AC2, Intent = MoveIntent { DirXPermille = -319, DirZPermille = 948, Gait = Run, FacingMdeg = 341396, IsMoving = True } }
5642	2186	MoveCommand { Actor = chr_01M38R7216X4HHDN91G4JV2AC2, Intent = MoveIntent { DirXPermille = -320, DirZPermille = 948, Gait = Run, FacingMdeg = 341367, IsMoving = True } }
5655	2187	MoveCommand { Actor = chr_01M38R7216X4HHDN91G4JV2AC2, Intent = MoveIntent { DirXPermille = -320, DirZPermille = 947, Gait = Run, FacingMdeg = 341352, IsMoving = True } }
5678	2188	MoveCommand { Actor = chr_01M38R7216X4HHDN91G4JV2AC2, Intent = MoveIntent { DirXPermille = -321, DirZPermille = 947, Gait = Run, FacingMdeg = 341307, IsMoving = True } }
5693	2189	MoveCommand { Actor = chr_01M38R7216X4HHDN91G4JV2AC2, Intent = MoveIntent { DirXPermille = -322, DirZPermille = 947, Gait = Run, FacingMdeg = 341246, IsMoving = True } }
5694	2190	MoveCommand { Actor = chr_01M38R7216X4HHDN91G4JV2AC2, Intent = MoveIntent { DirXPermille = -321, DirZPermille = 947, Gait = Run, FacingMdeg = 341253, IsMoving = True } }
5696	2191	MoveCommand { Actor = chr_01M38R7216X4HHDN91G4JV2AC2, Intent = MoveIntent { DirXPermille = -322, DirZPermille = 947, Gait = Run, FacingMdeg = 341241, IsMoving = True } }
5697	2192	MoveCommand { Actor = chr_01M38R7216X4HHDN91G4JV2AC2, Intent = MoveIntent { DirXPermille = -321, DirZPermille = 947, Gait = Run, FacingMdeg = 341249, IsMoving = True } }
5698	2193	MoveCommand { Actor = chr_01M38R7216X4HHDN91G4JV2AC2, Intent = MoveIntent { DirXPermille = -322, DirZPermille = 947, Gait = Run, FacingMdeg = 341242, IsMoving = True } }
5699	2194	MoveCommand { Actor = chr_01M38R7216X4HHDN91G4JV2AC2, Intent = MoveIntent { DirXPermille = -321, DirZPermille = 947, Gait = Run, FacingMdeg = 341250, IsMoving = True } }
5700	2195	MoveCommand { Actor = chr_01M38R7216X4HHDN91G4JV2AC2, Intent = MoveIntent { DirXPermille = -322, DirZPermille = 947, Gait = Run, FacingMdeg = 341243, IsMoving = True } }
5701	2196	MoveCommand { Actor = chr_01M38R7216X4HHDN91G4JV2AC2, Intent = MoveIntent { DirXPermille = -321, DirZPermille = 947, Gait = Run, FacingMdeg = 341252, IsMoving = True } }
5702	2197	MoveCommand { Actor = chr_01M38R7216X4HHDN91G4JV2AC2, Intent = MoveIntent { DirXPermille = -322, DirZPermille = 947, Gait = Run, FacingMdeg = 341245, IsMoving = True } }
5703	2198	MoveCommand { Actor = chr_01M38R7216X4HHDN91G4JV2AC2, Intent = MoveIntent { DirXPermille = -321, DirZPermille = 947, Gait = Run, FacingMdeg = 341254, IsMoving = True } }
5704	2199	MoveCommand { Actor = chr_01M38R7216X4HHDN91G4JV2AC2, Intent = MoveIntent { DirXPermille = -322, DirZPermille = 947, Gait = Run, FacingMdeg = 341246, IsMoving = True } }
5705	2200	MoveCommand { Actor = chr_01M38R7216X4HHDN91G4JV2AC2, Intent = MoveIntent { DirXPermille = -321, DirZPermille = 947, Gait = Run, FacingMdeg = 341256, IsMoving = True } }
5707	2201	MoveCommand { Actor = chr_01M38R7216X4HHDN91G4JV2AC2, Intent = MoveIntent { DirXPermille = -322, DirZPermille = 947, Gait = Run, FacingMdeg = 341239, IsMoving = True } }
5708	2202	MoveCommand { Actor = chr_01M38R7216X4HHDN91G4JV2AC2, Intent = MoveIntent { DirXPermille = -321, DirZPermille = 947, Gait = Run, FacingMdeg = 341250, IsMoving = True } }
5709	2203	MoveCommand { Actor = chr_01M38R7216X4HHDN91G4JV2AC2, Intent = MoveIntent { DirXPermille = -322, DirZPermille = 947, Gait = Run, FacingMdeg = 341240, IsMoving = True } }
5710	2204	MoveCommand { Actor = chr_01M38R7216X4HHDN91G4JV2AC2, Intent = MoveIntent { DirXPermille = -321, DirZPermille = 947, Gait = Run, FacingMdeg = 341253, IsMoving = True } }
5711	2205	MoveCommand { Actor = chr_01M38R7216X4HHDN91G4JV2AC2, Intent = MoveIntent { DirXPermille = -322, DirZPermille = 947, Gait = Run, FacingMdeg = 341242, IsMoving = True } }
5712	2206	MoveCommand { Actor = chr_01M38R7216X4HHDN91G4JV2AC2, Intent = MoveIntent { DirXPermille = -321, DirZPermille = 947, Gait = Run, FacingMdeg = 341256, IsMoving = True } }
5713	2207	MoveCommand { Actor = chr_01M38R7216X4HHDN91G4JV2AC2, Intent = MoveIntent { DirXPermille = -322, DirZPermille = 947, Gait = Run, FacingMdeg = 341244, IsMoving = True } }
5714	2208	MoveCommand { Actor = chr_01M38R7216X4HHDN91G4JV2AC2, Intent = MoveIntent { DirXPermille = -321, DirZPermille = 947, Gait = Run, FacingMdeg = 341260, IsMoving = True } }
5715	2209	MoveCommand { Actor = chr_01M38R7216X4HHDN91G4JV2AC2, Intent = MoveIntent { DirXPermille = -322, DirZPermille = 947, Gait = Run, FacingMdeg = 341246, IsMoving = True } }
5716	2210	MoveCommand { Actor = chr_01M38R7216X4HHDN91G4JV2AC2, Intent = MoveIntent { DirXPermille = -321, DirZPermille = 947, Gait = Run, FacingMdeg = 341265, IsMoving = True } }
5718	2211	MoveCommand { Actor = chr_01M38R7216X4HHDN91G4JV2AC2, Intent = MoveIntent { DirXPermille = -322, DirZPermille = 947, Gait = Run, FacingMdeg = 341232, IsMoving = True } }
5719	2212	MoveCommand { Actor = chr_01M38R7216X4HHDN91G4JV2AC2, Intent = MoveIntent { DirXPermille = -321, DirZPermille = 947, Gait = Run, FacingMdeg = 341255, IsMoving = True } }
5720	2213	MoveCommand { Actor = chr_01M38R7216X4HHDN91G4JV2AC2, Intent = MoveIntent { DirXPermille = -322, DirZPermille = 947, Gait = Run, FacingMdeg = 341233, IsMoving = True } }
5721	2214	MoveCommand { Actor = chr_01M38R7216X4HHDN91G4JV2AC2, Intent = MoveIntent { DirXPermille = -321, DirZPermille = 947, Gait = Run, FacingMdeg = 341262, IsMoving = True } }
5722	2215	MoveCommand { Actor = chr_01M38R7216X4HHDN91G4JV2AC2, Intent = MoveIntent { DirXPermille = -322, DirZPermille = 947, Gait = Run, FacingMdeg = 341235, IsMoving = True } }
5723	2216	MoveCommand { Actor = chr_01M38R7216X4HHDN91G4JV2AC2, Intent = MoveIntent { DirXPermille = -321, DirZPermille = 947, Gait = Run, FacingMdeg = 341273, IsMoving = True } }
5724	2217	MoveCommand { Actor = chr_01M38R7216X4HHDN91G4JV2AC2, Intent = MoveIntent { DirXPermille = -322, DirZPermille = 947, Gait = Run, FacingMdeg = 341239, IsMoving = True } }
5725	2218	MoveCommand { Actor = chr_01M38R7216X4HHDN91G4JV2AC2, Intent = MoveIntent { DirXPermille = -321, DirZPermille = 947, Gait = Run, FacingMdeg = 341296, IsMoving = True } }
5728	2219	MoveCommand { Actor = chr_01M38R7216X4HHDN91G4JV2AC2, Intent = MoveIntent { DirXPermille = -1000, DirZPermille = 7, Gait = Run, FacingMdeg = 270385, IsMoving = True } }
5833	2220	MoveCommand { Actor = chr_01M38R7216X4HHDN91G4JV2AC2, Intent = MoveIntent { DirXPermille = -1000, DirZPermille = 8, Gait = Run, FacingMdeg = 270430, IsMoving = True } }
5862	2221	MoveCommand { Actor = chr_01M38R7216X4HHDN91G4JV2AC2, Intent = MoveIntent { DirXPermille = -1000, DirZPermille = 9, Gait = Run, FacingMdeg = 270489, IsMoving = True } }
5873	2222	MoveCommand { Actor = chr_01M38R7216X4HHDN91G4JV2AC2, Intent = MoveIntent { DirXPermille = -1000, DirZPermille = 10, Gait = Run, FacingMdeg = 270549, IsMoving = True } }
5874	2223	MoveCommand { Actor = chr_01M38R7216X4HHDN91G4JV2AC2, Intent = MoveIntent { DirXPermille = -1000, DirZPermille = 9, Gait = Run, FacingMdeg = 270542, IsMoving = True } }
5875	2224	MoveCommand { Actor = chr_01M38R7216X4HHDN91G4JV2AC2, Intent = MoveIntent { DirXPermille = -1000, DirZPermille = 10, Gait = Run, FacingMdeg = 270550, IsMoving = True } }
5876	2225	MoveCommand { Actor = chr_01M38R7216X4HHDN91G4JV2AC2, Intent = MoveIntent { DirXPermille = -1000, DirZPermille = 9, Gait = Run, FacingMdeg = 270542, IsMoving = True } }
5877	2226	MoveCommand { Actor = chr_01M38R7216X4HHDN91G4JV2AC2, Intent = MoveIntent { DirXPermille = -1000, DirZPermille = 10, Gait = Run, FacingMdeg = 270551, IsMoving = True } }
5878	2227	MoveCommand { Actor = chr_01M38R7216X4HHDN91G4JV2AC2, Intent = MoveIntent { DirXPermille = -1000, DirZPermille = 9, Gait = Run, FacingMdeg = 270542, IsMoving = True } }
5879	2228	MoveCommand { Actor = chr_01M38R7216X4HHDN91G4JV2AC2, Intent = MoveIntent { DirXPermille = -1000, DirZPermille = 10, Gait = Run, FacingMdeg = 270553, IsMoving = True } }
5880	2229	MoveCommand { Actor = chr_01M38R7216X4HHDN91G4JV2AC2, Intent = MoveIntent { DirXPermille = -1000, DirZPermille = 9, Gait = Run, FacingMdeg = 270543, IsMoving = True } }
5881	2230	MoveCommand { Actor = chr_01M38R7216X4HHDN91G4JV2AC2, Intent = MoveIntent { DirXPermille = -1000, DirZPermille = 10, Gait = Run, FacingMdeg = 270555, IsMoving = True } }
5882	2231	MoveCommand { Actor = chr_01M38R7216X4HHDN91G4JV2AC2, Intent = MoveIntent { DirXPermille = -1000, DirZPermille = 9, Gait = Run, FacingMdeg = 270544, IsMoving = True } }
5883	2232	MoveCommand { Actor = chr_01M38R7216X4HHDN91G4JV2AC2, Intent = MoveIntent { DirXPermille = -1000, DirZPermille = 10, Gait = Run, FacingMdeg = 270557, IsMoving = True } }
5885	2233	MoveCommand { Actor = chr_01M38R7216X4HHDN91G4JV2AC2, Intent = MoveIntent { DirXPermille = -1000, DirZPermille = 9, Gait = Run, FacingMdeg = 270531, IsMoving = True } }
5886	2234	MoveCommand { Actor = chr_01M38R7216X4HHDN91G4JV2AC2, Intent = MoveIntent { DirXPermille = -1000, DirZPermille = 10, Gait = Run, FacingMdeg = 270546, IsMoving = True } }
5887	2235	MoveCommand { Actor = chr_01M38R7216X4HHDN91G4JV2AC2, Intent = MoveIntent { DirXPermille = -1000, DirZPermille = 9, Gait = Run, FacingMdeg = 270530, IsMoving = True } }
5888	2236	MoveCommand { Actor = chr_01M38R7216X4HHDN91G4JV2AC2, Intent = MoveIntent { DirXPermille = -1000, DirZPermille = 10, Gait = Run, FacingMdeg = 270548, IsMoving = True } }
5889	2237	MoveCommand { Actor = chr_01M38R7216X4HHDN91G4JV2AC2, Intent = MoveIntent { DirXPermille = -1000, DirZPermille = 9, Gait = Run, FacingMdeg = 270528, IsMoving = True } }
5890	2238	MoveCommand { Actor = chr_01M38R7216X4HHDN91G4JV2AC2, Intent = MoveIntent { DirXPermille = -1000, DirZPermille = 10, Gait = Run, FacingMdeg = 270551, IsMoving = True } }
5891	2239	MoveCommand { Actor = chr_01M38R7216X4HHDN91G4JV2AC2, Intent = MoveIntent { DirXPermille = -1000, DirZPermille = 9, Gait = Run, FacingMdeg = 270525, IsMoving = True } }
5892	2240	MoveCommand { Actor = chr_01M38R7216X4HHDN91G4JV2AC2, Intent = MoveIntent { DirXPermille = -1000, DirZPermille = 10, Gait = Run, FacingMdeg = 270557, IsMoving = True } }
5893	2241	MoveCommand { Actor = chr_01M38R7216X4HHDN91G4JV2AC2, Intent = MoveIntent { DirXPermille = -1000, DirZPermille = 9, Gait = Run, FacingMdeg = 270518, IsMoving = True } }
5894	2242	MoveCommand { Actor = chr_01M38R7216X4HHDN91G4JV2AC2, Intent = MoveIntent { DirXPermille = -1000, DirZPermille = 10, Gait = Run, FacingMdeg = 270570, IsMoving = True } }
5896	2243	MoveCommand { Actor = chr_01M38R7216X4HHDN91G4JV2AC2, Intent = MoveIntent { DirXPermille = -437, DirZPermille = -900, Gait = Run, FacingMdeg = 205891, IsMoving = True } }
5919	2244	MoveCommand { Actor = chr_01M38R7216X4HHDN91G4JV2AC2, Intent = MoveIntent { DirXPermille = -436, DirZPermille = -900, Gait = Run, FacingMdeg = 205881, IsMoving = True } }
5967	2245	MoveCommand { Actor = chr_01M38R7216X4HHDN91G4JV2AC2, Intent = MoveIntent { DirXPermille = -435, DirZPermille = -900, Gait = Run, FacingMdeg = 205814, IsMoving = True } }
5976	2246	MoveCommand { Actor = chr_01M38R7216X4HHDN91G4JV2AC2, Intent = MoveIntent { DirXPermille = -435, DirZPermille = -901, Gait = Run, FacingMdeg = 205770, IsMoving = True } }
5979	2247	MoveCommand { Actor = chr_01M38R7216X4HHDN91G4JV2AC2, Intent = MoveIntent { DirXPermille = -434, DirZPermille = -901, Gait = Run, FacingMdeg = 205746, IsMoving = True } }
5980	2248	MoveCommand { Actor = chr_01M38R7216X4HHDN91G4JV2AC2, Intent = MoveIntent { DirXPermille = -435, DirZPermille = -901, Gait = Run, FacingMdeg = 205754, IsMoving = True } }
5981	2249	MoveCommand { Actor = chr_01M38R7216X4HHDN91G4JV2AC2, Intent = MoveIntent { DirXPermille = -434, DirZPermille = -901, Gait = Run, FacingMdeg = 205744, IsMoving = True } }
5983	2250	MoveCommand { Actor = chr_01M38R7216X4HHDN91G4JV2AC2, Intent = MoveIntent { DirXPermille = -435, DirZPermille = -901, Gait = Run, FacingMdeg = 205762, IsMoving = True } }
5984	2251	MoveCommand { Actor = chr_01M38R7216X4HHDN91G4JV2AC2, Intent = MoveIntent { DirXPermille = -434, DirZPermille = -901, Gait = Run, FacingMdeg = 205751, IsMoving = True } }
5985	2252	MoveCommand { Actor = chr_01M38R7216X4HHDN91G4JV2AC2, Intent = MoveIntent { DirXPermille = -435, DirZPermille = -901, Gait = Run, FacingMdeg = 205762, IsMoving = True } }
5986	2253	MoveCommand { Actor = chr_01M38R7216X4HHDN91G4JV2AC2, Intent = MoveIntent { DirXPermille = -434, DirZPermille = -901, Gait = Run, FacingMdeg = 205749, IsMoving = True } }
5987	2254	MoveCommand { Actor = chr_01M38R7216X4HHDN91G4JV2AC2, Intent = MoveIntent { DirXPermille = -435, DirZPermille = -901, Gait = Run, FacingMdeg = 205762, IsMoving = True } }
5988	2255	MoveCommand { Actor = chr_01M38R7216X4HHDN91G4JV2AC2, Intent = MoveIntent { DirXPermille = -434, DirZPermille = -901, Gait = Run, FacingMdeg = 205747, IsMoving = True } }
5989	2256	MoveCommand { Actor = chr_01M38R7216X4HHDN91G4JV2AC2, Intent = MoveIntent { DirXPermille = -435, DirZPermille = -901, Gait = Run, FacingMdeg = 205761, IsMoving = True } }
5990	2257	MoveCommand { Actor = chr_01M38R7216X4HHDN91G4JV2AC2, Intent = MoveIntent { DirXPermille = -434, DirZPermille = -901, Gait = Run, FacingMdeg = 205743, IsMoving = True } }
5991	2258	MoveCommand { Actor = chr_01M38R7216X4HHDN91G4JV2AC2, Intent = MoveIntent { DirXPermille = -435, DirZPermille = -901, Gait = Run, FacingMdeg = 205761, IsMoving = True } }
5992	2259	MoveCommand { Actor = chr_01M38R7216X4HHDN91G4JV2AC2, Intent = MoveIntent { DirXPermille = -434, DirZPermille = -901, Gait = Run, FacingMdeg = 205736, IsMoving = True } }
5993	2260	MoveCommand { Actor = chr_01M38R7216X4HHDN91G4JV2AC2, Intent = MoveIntent { DirXPermille = -435, DirZPermille = -901, Gait = Run, FacingMdeg = 205760, IsMoving = True } }
5994	2261	MoveCommand { Actor = chr_01M38R7216X4HHDN91G4JV2AC2, Intent = MoveIntent { DirXPermille = -434, DirZPermille = -901, Gait = Run, FacingMdeg = 205725, IsMoving = True } }
5995	2262	MoveCommand { Actor = chr_01M38R7216X4HHDN91G4JV2AC2, Intent = MoveIntent { DirXPermille = -435, DirZPermille = -901, Gait = Run, FacingMdeg = 205758, IsMoving = True } }
5997	2263	MoveCommand { Actor = chr_01M38R7216X4HHDN91G4JV2AC2, Intent = MoveIntent { DirXPermille = 0, DirZPermille = 0, Gait = Run, FacingMdeg = 205758, IsMoving = False } }
6004	2264	InteractCommand { Actor = chr_01M38R7216X4HHDN91G4JV2AC2, TargetKey = switch.foldscar_heart }
6012	2265	MoveCommand { Actor = chr_01M38R7216X4HHDN91G4JV2AC2, Intent = MoveIntent { DirXPermille = -693, DirZPermille = -721, Gait = Run, FacingMdeg = 223849, IsMoving = True } }
6018	2266	MoveCommand { Actor = chr_01M38R7216X4HHDN91G4JV2AC2, Intent = MoveIntent { DirXPermille = -692, DirZPermille = -721, Gait = Run, FacingMdeg = 223822, IsMoving = True } }
6019	2267	MoveCommand { Actor = chr_01M38R7216X4HHDN91G4JV2AC2, Intent = MoveIntent { DirXPermille = -688, DirZPermille = -726, Gait = Run, FacingMdeg = 223469, IsMoving = True } }
6020	2268	MoveCommand { Actor = chr_01M38R7216X4HHDN91G4JV2AC2, Intent = MoveIntent { DirXPermille = -684, DirZPermille = -730, Gait = Run, FacingMdeg = 223155, IsMoving = True } }
6021	2269	MoveCommand { Actor = chr_01M38R7216X4HHDN91G4JV2AC2, Intent = MoveIntent { DirXPermille = -681, DirZPermille = -733, Gait = Run, FacingMdeg = 222890, IsMoving = True } }
6022	2270	MoveCommand { Actor = chr_01M38R7216X4HHDN91G4JV2AC2, Intent = MoveIntent { DirXPermille = -678, DirZPermille = -735, Gait = Run, FacingMdeg = 222684, IsMoving = True } }
6023	2271	MoveCommand { Actor = chr_01M38R7216X4HHDN91G4JV2AC2, Intent = MoveIntent { DirXPermille = -676, DirZPermille = -737, Gait = Run, FacingMdeg = 222542, IsMoving = True } }
6024	2272	MoveCommand { Actor = chr_01M38R7216X4HHDN91G4JV2AC2, Intent = MoveIntent { DirXPermille = -675, DirZPermille = -738, Gait = Run, FacingMdeg = 222474, IsMoving = True } }
6055	2273	MoveCommand { Actor = chr_01M38R7216X4HHDN91G4JV2AC2, Intent = MoveIntent { DirXPermille = -675, DirZPermille = -737, Gait = Run, FacingMdeg = 222481, IsMoving = True } }
6069	2274	MoveCommand { Actor = chr_01M38R7216X4HHDN91G4JV2AC2, Intent = MoveIntent { DirXPermille = -676, DirZPermille = -737, Gait = Run, FacingMdeg = 222493, IsMoving = True } }
6078	2275	MoveCommand { Actor = chr_01M38R7216X4HHDN91G4JV2AC2, Intent = MoveIntent { DirXPermille = 0, DirZPermille = 0, Gait = Run, FacingMdeg = 222493, IsMoving = False } }
6078	2276	TalkCommand { Actor = chr_01M38R7216X4HHDN91G4JV2AC2, NpcId = npc.ashen_hollow.tavar_orr }
6079	2277	ChooseCommand { Actor = chr_01M38R7216X4HHDN91G4JV2AC2, ReplyId = sent }
6087	2278	ChooseCommand { Actor = chr_01M38R7216X4HHDN91G4JV2AC2, ReplyId = join }
6095	2279	ChooseCommand { Actor = chr_01M38R7216X4HHDN91G4JV2AC2, ReplyId = ok }
6110	2280	MoveCommand { Actor = chr_01M38R7216X4HHDN91G4JV2AC2, Intent = MoveIntent { DirXPermille = 894, DirZPermille = 448, Gait = Run, FacingMdeg = 63396, IsMoving = True } }
6115	2281	MoveCommand { Actor = chr_01M38R7216X4HHDN91G4JV2AC2, Intent = MoveIntent { DirXPermille = 894, DirZPermille = 447, Gait = Run, FacingMdeg = 63422, IsMoving = True } }
6119	2282	MoveCommand { Actor = chr_01M38R7216X4HHDN91G4JV2AC2, Intent = MoveIntent { DirXPermille = 895, DirZPermille = 447, Gait = Run, FacingMdeg = 63451, IsMoving = True } }
6120	2283	MoveCommand { Actor = chr_01M38R7216X4HHDN91G4JV2AC2, Intent = MoveIntent { DirXPermille = 894, DirZPermille = 447, Gait = Run, FacingMdeg = 63443, IsMoving = True } }
6121	2284	MoveCommand { Actor = chr_01M38R7216X4HHDN91G4JV2AC2, Intent = MoveIntent { DirXPermille = 895, DirZPermille = 447, Gait = Run, FacingMdeg = 63453, IsMoving = True } }
6123	2285	MoveCommand { Actor = chr_01M38R7216X4HHDN91G4JV2AC2, Intent = MoveIntent { DirXPermille = 894, DirZPermille = 447, Gait = Run, FacingMdeg = 63435, IsMoving = True } }
6124	2286	MoveCommand { Actor = chr_01M38R7216X4HHDN91G4JV2AC2, Intent = MoveIntent { DirXPermille = 895, DirZPermille = 447, Gait = Run, FacingMdeg = 63446, IsMoving = True } }
6125	2287	MoveCommand { Actor = chr_01M38R7216X4HHDN91G4JV2AC2, Intent = MoveIntent { DirXPermille = 894, DirZPermille = 447, Gait = Run, FacingMdeg = 63435, IsMoving = True } }
6126	2288	MoveCommand { Actor = chr_01M38R7216X4HHDN91G4JV2AC2, Intent = MoveIntent { DirXPermille = 895, DirZPermille = 447, Gait = Run, FacingMdeg = 63447, IsMoving = True } }
6127	2289	MoveCommand { Actor = chr_01M38R7216X4HHDN91G4JV2AC2, Intent = MoveIntent { DirXPermille = 894, DirZPermille = 447, Gait = Run, FacingMdeg = 63435, IsMoving = True } }
6128	2290	MoveCommand { Actor = chr_01M38R7216X4HHDN91G4JV2AC2, Intent = MoveIntent { DirXPermille = 895, DirZPermille = 447, Gait = Run, FacingMdeg = 63449, IsMoving = True } }
6129	2291	MoveCommand { Actor = chr_01M38R7216X4HHDN91G4JV2AC2, Intent = MoveIntent { DirXPermille = 894, DirZPermille = 447, Gait = Run, FacingMdeg = 63435, IsMoving = True } }
6130	2292	MoveCommand { Actor = chr_01M38R7216X4HHDN91G4JV2AC2, Intent = MoveIntent { DirXPermille = 895, DirZPermille = 447, Gait = Run, FacingMdeg = 63453, IsMoving = True } }
6131	2293	MoveCommand { Actor = chr_01M38R7216X4HHDN91G4JV2AC2, Intent = MoveIntent { DirXPermille = 894, DirZPermille = 447, Gait = Run, FacingMdeg = 63435, IsMoving = True } }
6132	2294	MoveCommand { Actor = chr_01M38R7216X4HHDN91G4JV2AC2, Intent = MoveIntent { DirXPermille = 895, DirZPermille = 447, Gait = Run, FacingMdeg = 63458, IsMoving = True } }
6133	2295	MoveCommand { Actor = chr_01M38R7216X4HHDN91G4JV2AC2, Intent = MoveIntent { DirXPermille = 894, DirZPermille = 447, Gait = Run, FacingMdeg = 63435, IsMoving = True } }
6134	2296	MoveCommand { Actor = chr_01M38R7216X4HHDN91G4JV2AC2, Intent = MoveIntent { DirXPermille = 895, DirZPermille = 447, Gait = Run, FacingMdeg = 63466, IsMoving = True } }
6135	2297	MoveCommand { Actor = chr_01M38R7216X4HHDN91G4JV2AC2, Intent = MoveIntent { DirXPermille = 894, DirZPermille = 447, Gait = Run, FacingMdeg = 63435, IsMoving = True } }
6137	2298	MoveCommand { Actor = chr_01M38R7216X4HHDN91G4JV2AC2, Intent = MoveIntent { DirXPermille = -505, DirZPermille = 863, Gait = Run, FacingMdeg = 329689, IsMoving = True } }
6159	2299	MoveCommand { Actor = chr_01M38R7216X4HHDN91G4JV2AC2, Intent = MoveIntent { DirXPermille = -504, DirZPermille = 863, Gait = Run, FacingMdeg = 329702, IsMoving = True } }
6172	2300	MoveCommand { Actor = chr_01M38R7216X4HHDN91G4JV2AC2, Intent = MoveIntent { DirXPermille = -504, DirZPermille = 864, Gait = Run, FacingMdeg = 329712, IsMoving = True } }
6218	2301	MoveCommand { Actor = chr_01M38R7216X4HHDN91G4JV2AC2, Intent = MoveIntent { DirXPermille = -503, DirZPermille = 864, Gait = Run, FacingMdeg = 329769, IsMoving = True } }
6219	2302	MoveCommand { Actor = chr_01M38R7216X4HHDN91G4JV2AC2, Intent = MoveIntent { DirXPermille = -504, DirZPermille = 864, Gait = Run, FacingMdeg = 329767, IsMoving = True } }
6220	2303	MoveCommand { Actor = chr_01M38R7216X4HHDN91G4JV2AC2, Intent = MoveIntent { DirXPermille = -503, DirZPermille = 864, Gait = Run, FacingMdeg = 329769, IsMoving = True } }
6221	2304	MoveCommand { Actor = chr_01M38R7216X4HHDN91G4JV2AC2, Intent = MoveIntent { DirXPermille = -504, DirZPermille = 864, Gait = Run, FacingMdeg = 329768, IsMoving = True } }
6222	2305	MoveCommand { Actor = chr_01M38R7216X4HHDN91G4JV2AC2, Intent = MoveIntent { DirXPermille = -503, DirZPermille = 864, Gait = Run, FacingMdeg = 329770, IsMoving = True } }
6224	2306	MoveCommand { Actor = chr_01M38R7216X4HHDN91G4JV2AC2, Intent = MoveIntent { DirXPermille = -504, DirZPermille = 864, Gait = Run, FacingMdeg = 329767, IsMoving = True } }
6225	2307	MoveCommand { Actor = chr_01M38R7216X4HHDN91G4JV2AC2, Intent = MoveIntent { DirXPermille = -503, DirZPermille = 864, Gait = Run, FacingMdeg = 329769, IsMoving = True } }
6226	2308	MoveCommand { Actor = chr_01M38R7216X4HHDN91G4JV2AC2, Intent = MoveIntent { DirXPermille = -504, DirZPermille = 864, Gait = Run, FacingMdeg = 329767, IsMoving = True } }
6227	2309	MoveCommand { Actor = chr_01M38R7216X4HHDN91G4JV2AC2, Intent = MoveIntent { DirXPermille = -503, DirZPermille = 864, Gait = Run, FacingMdeg = 329769, IsMoving = True } }
6228	2310	MoveCommand { Actor = chr_01M38R7216X4HHDN91G4JV2AC2, Intent = MoveIntent { DirXPermille = -504, DirZPermille = 864, Gait = Run, FacingMdeg = 329768, IsMoving = True } }
6229	2311	MoveCommand { Actor = chr_01M38R7216X4HHDN91G4JV2AC2, Intent = MoveIntent { DirXPermille = -503, DirZPermille = 864, Gait = Run, FacingMdeg = 329770, IsMoving = True } }
6231	2312	MoveCommand { Actor = chr_01M38R7216X4HHDN91G4JV2AC2, Intent = MoveIntent { DirXPermille = -504, DirZPermille = 864, Gait = Run, FacingMdeg = 329767, IsMoving = True } }
6232	2313	MoveCommand { Actor = chr_01M38R7216X4HHDN91G4JV2AC2, Intent = MoveIntent { DirXPermille = -503, DirZPermille = 864, Gait = Run, FacingMdeg = 329769, IsMoving = True } }
6233	2314	MoveCommand { Actor = chr_01M38R7216X4HHDN91G4JV2AC2, Intent = MoveIntent { DirXPermille = -504, DirZPermille = 864, Gait = Run, FacingMdeg = 329768, IsMoving = True } }
6234	2315	MoveCommand { Actor = chr_01M38R7216X4HHDN91G4JV2AC2, Intent = MoveIntent { DirXPermille = -503, DirZPermille = 864, Gait = Run, FacingMdeg = 329770, IsMoving = True } }
6235	2316	MoveCommand { Actor = chr_01M38R7216X4HHDN91G4JV2AC2, Intent = MoveIntent { DirXPermille = -504, DirZPermille = 864, Gait = Run, FacingMdeg = 329768, IsMoving = True } }
6236	2317	MoveCommand { Actor = chr_01M38R7216X4HHDN91G4JV2AC2, Intent = MoveIntent { DirXPermille = -503, DirZPermille = 864, Gait = Run, FacingMdeg = 329770, IsMoving = True } }
6238	2318	MoveCommand { Actor = chr_01M38R7216X4HHDN91G4JV2AC2, Intent = MoveIntent { DirXPermille = -504, DirZPermille = 864, Gait = Run, FacingMdeg = 329767, IsMoving = True } }
6239	2319	MoveCommand { Actor = chr_01M38R7216X4HHDN91G4JV2AC2, Intent = MoveIntent { DirXPermille = -503, DirZPermille = 864, Gait = Run, FacingMdeg = 329769, IsMoving = True } }
6240	2320	MoveCommand { Actor = chr_01M38R7216X4HHDN91G4JV2AC2, Intent = MoveIntent { DirXPermille = -504, DirZPermille = 864, Gait = Run, FacingMdeg = 329768, IsMoving = True } }
6241	2321	MoveCommand { Actor = chr_01M38R7216X4HHDN91G4JV2AC2, Intent = MoveIntent { DirXPermille = -503, DirZPermille = 864, Gait = Run, FacingMdeg = 329770, IsMoving = True } }
6243	2322	MoveCommand { Actor = chr_01M38R7216X4HHDN91G4JV2AC2, Intent = MoveIntent { DirXPermille = -504, DirZPermille = 864, Gait = Run, FacingMdeg = 329767, IsMoving = True } }
6244	2323	MoveCommand { Actor = chr_01M38R7216X4HHDN91G4JV2AC2, Intent = MoveIntent { DirXPermille = -503, DirZPermille = 864, Gait = Run, FacingMdeg = 329769, IsMoving = True } }
6245	2324	MoveCommand { Actor = chr_01M38R7216X4HHDN91G4JV2AC2, Intent = MoveIntent { DirXPermille = -504, DirZPermille = 864, Gait = Run, FacingMdeg = 329767, IsMoving = True } }
6246	2325	MoveCommand { Actor = chr_01M38R7216X4HHDN91G4JV2AC2, Intent = MoveIntent { DirXPermille = -503, DirZPermille = 864, Gait = Run, FacingMdeg = 329770, IsMoving = True } }
6247	2326	MoveCommand { Actor = chr_01M38R7216X4HHDN91G4JV2AC2, Intent = MoveIntent { DirXPermille = -504, DirZPermille = 864, Gait = Run, FacingMdeg = 329768, IsMoving = True } }
6248	2327	MoveCommand { Actor = chr_01M38R7216X4HHDN91G4JV2AC2, Intent = MoveIntent { DirXPermille = -503, DirZPermille = 864, Gait = Run, FacingMdeg = 329770, IsMoving = True } }
6250	2328	MoveCommand { Actor = chr_01M38R7216X4HHDN91G4JV2AC2, Intent = MoveIntent { DirXPermille = -504, DirZPermille = 864, Gait = Run, FacingMdeg = 329767, IsMoving = True } }
6251	2329	MoveCommand { Actor = chr_01M38R7216X4HHDN91G4JV2AC2, Intent = MoveIntent { DirXPermille = -503, DirZPermille = 864, Gait = Run, FacingMdeg = 329769, IsMoving = True } }
6252	2330	MoveCommand { Actor = chr_01M38R7216X4HHDN91G4JV2AC2, Intent = MoveIntent { DirXPermille = -504, DirZPermille = 864, Gait = Run, FacingMdeg = 329767, IsMoving = True } }
6253	2331	MoveCommand { Actor = chr_01M38R7216X4HHDN91G4JV2AC2, Intent = MoveIntent { DirXPermille = -503, DirZPermille = 864, Gait = Run, FacingMdeg = 329770, IsMoving = True } }
6254	2332	MoveCommand { Actor = chr_01M38R7216X4HHDN91G4JV2AC2, Intent = MoveIntent { DirXPermille = -504, DirZPermille = 864, Gait = Run, FacingMdeg = 329768, IsMoving = True } }
6255	2333	MoveCommand { Actor = chr_01M38R7216X4HHDN91G4JV2AC2, Intent = MoveIntent { DirXPermille = -503, DirZPermille = 864, Gait = Run, FacingMdeg = 329771, IsMoving = True } }
6257	2334	MoveCommand { Actor = chr_01M38R7216X4HHDN91G4JV2AC2, Intent = MoveIntent { DirXPermille = -504, DirZPermille = 864, Gait = Run, FacingMdeg = 329767, IsMoving = True } }
6258	2335	MoveCommand { Actor = chr_01M38R7216X4HHDN91G4JV2AC2, Intent = MoveIntent { DirXPermille = -503, DirZPermille = 864, Gait = Run, FacingMdeg = 329770, IsMoving = True } }
6259	2336	MoveCommand { Actor = chr_01M38R7216X4HHDN91G4JV2AC2, Intent = MoveIntent { DirXPermille = -504, DirZPermille = 864, Gait = Run, FacingMdeg = 329768, IsMoving = True } }
6260	2337	MoveCommand { Actor = chr_01M38R7216X4HHDN91G4JV2AC2, Intent = MoveIntent { DirXPermille = -503, DirZPermille = 864, Gait = Run, FacingMdeg = 329771, IsMoving = True } }
6262	2338	MoveCommand { Actor = chr_01M38R7216X4HHDN91G4JV2AC2, Intent = MoveIntent { DirXPermille = -504, DirZPermille = 864, Gait = Run, FacingMdeg = 329766, IsMoving = True } }
6263	2339	MoveCommand { Actor = chr_01M38R7216X4HHDN91G4JV2AC2, Intent = MoveIntent { DirXPermille = -503, DirZPermille = 864, Gait = Run, FacingMdeg = 329769, IsMoving = True } }
6264	2340	MoveCommand { Actor = chr_01M38R7216X4HHDN91G4JV2AC2, Intent = MoveIntent { DirXPermille = -504, DirZPermille = 864, Gait = Run, FacingMdeg = 329767, IsMoving = True } }
6265	2341	MoveCommand { Actor = chr_01M38R7216X4HHDN91G4JV2AC2, Intent = MoveIntent { DirXPermille = -503, DirZPermille = 864, Gait = Run, FacingMdeg = 329770, IsMoving = True } }
6266	2342	MoveCommand { Actor = chr_01M38R7216X4HHDN91G4JV2AC2, Intent = MoveIntent { DirXPermille = -504, DirZPermille = 864, Gait = Run, FacingMdeg = 329768, IsMoving = True } }
6267	2343	MoveCommand { Actor = chr_01M38R7216X4HHDN91G4JV2AC2, Intent = MoveIntent { DirXPermille = -503, DirZPermille = 864, Gait = Run, FacingMdeg = 329771, IsMoving = True } }
6269	2344	MoveCommand { Actor = chr_01M38R7216X4HHDN91G4JV2AC2, Intent = MoveIntent { DirXPermille = -504, DirZPermille = 864, Gait = Run, FacingMdeg = 329766, IsMoving = True } }
6270	2345	MoveCommand { Actor = chr_01M38R7216X4HHDN91G4JV2AC2, Intent = MoveIntent { DirXPermille = -503, DirZPermille = 864, Gait = Run, FacingMdeg = 329770, IsMoving = True } }
6271	2346	MoveCommand { Actor = chr_01M38R7216X4HHDN91G4JV2AC2, Intent = MoveIntent { DirXPermille = -504, DirZPermille = 864, Gait = Run, FacingMdeg = 329767, IsMoving = True } }
6272	2347	MoveCommand { Actor = chr_01M38R7216X4HHDN91G4JV2AC2, Intent = MoveIntent { DirXPermille = -503, DirZPermille = 864, Gait = Run, FacingMdeg = 329771, IsMoving = True } }
6273	2348	MoveCommand { Actor = chr_01M38R7216X4HHDN91G4JV2AC2, Intent = MoveIntent { DirXPermille = -504, DirZPermille = 864, Gait = Run, FacingMdeg = 329768, IsMoving = True } }
6274	2349	MoveCommand { Actor = chr_01M38R7216X4HHDN91G4JV2AC2, Intent = MoveIntent { DirXPermille = -503, DirZPermille = 864, Gait = Run, FacingMdeg = 329772, IsMoving = True } }
6276	2350	MoveCommand { Actor = chr_01M38R7216X4HHDN91G4JV2AC2, Intent = MoveIntent { DirXPermille = -504, DirZPermille = 864, Gait = Run, FacingMdeg = 329766, IsMoving = True } }
6277	2351	MoveCommand { Actor = chr_01M38R7216X4HHDN91G4JV2AC2, Intent = MoveIntent { DirXPermille = -503, DirZPermille = 864, Gait = Run, FacingMdeg = 329770, IsMoving = True } }
6278	2352	MoveCommand { Actor = chr_01M38R7216X4HHDN91G4JV2AC2, Intent = MoveIntent { DirXPermille = -504, DirZPermille = 864, Gait = Run, FacingMdeg = 329767, IsMoving = True } }
6279	2353	MoveCommand { Actor = chr_01M38R7216X4HHDN91G4JV2AC2, Intent = MoveIntent { DirXPermille = -503, DirZPermille = 864, Gait = Run, FacingMdeg = 329772, IsMoving = True } }
6281	2354	MoveCommand { Actor = chr_01M38R7216X4HHDN91G4JV2AC2, Intent = MoveIntent { DirXPermille = -504, DirZPermille = 864, Gait = Run, FacingMdeg = 329765, IsMoving = True } }
6282	2355	MoveCommand { Actor = chr_01M38R7216X4HHDN91G4JV2AC2, Intent = MoveIntent { DirXPermille = -503, DirZPermille = 864, Gait = Run, FacingMdeg = 329770, IsMoving = True } }
6283	2356	MoveCommand { Actor = chr_01M38R7216X4HHDN91G4JV2AC2, Intent = MoveIntent { DirXPermille = -504, DirZPermille = 864, Gait = Run, FacingMdeg = 329766, IsMoving = True } }
6284	2357	MoveCommand { Actor = chr_01M38R7216X4HHDN91G4JV2AC2, Intent = MoveIntent { DirXPermille = -503, DirZPermille = 864, Gait = Run, FacingMdeg = 329771, IsMoving = True } }
6285	2358	MoveCommand { Actor = chr_01M38R7216X4HHDN91G4JV2AC2, Intent = MoveIntent { DirXPermille = -504, DirZPermille = 864, Gait = Run, FacingMdeg = 329768, IsMoving = True } }
6286	2359	MoveCommand { Actor = chr_01M38R7216X4HHDN91G4JV2AC2, Intent = MoveIntent { DirXPermille = -503, DirZPermille = 864, Gait = Run, FacingMdeg = 329773, IsMoving = True } }
6288	2360	MoveCommand { Actor = chr_01M38R7216X4HHDN91G4JV2AC2, Intent = MoveIntent { DirXPermille = -504, DirZPermille = 864, Gait = Run, FacingMdeg = 329765, IsMoving = True } }
6289	2361	MoveCommand { Actor = chr_01M38R7216X4HHDN91G4JV2AC2, Intent = MoveIntent { DirXPermille = -503, DirZPermille = 864, Gait = Run, FacingMdeg = 329771, IsMoving = True } }
6290	2362	MoveCommand { Actor = chr_01M38R7216X4HHDN91G4JV2AC2, Intent = MoveIntent { DirXPermille = -504, DirZPermille = 864, Gait = Run, FacingMdeg = 329767, IsMoving = True } }
6291	2363	MoveCommand { Actor = chr_01M38R7216X4HHDN91G4JV2AC2, Intent = MoveIntent { DirXPermille = -503, DirZPermille = 864, Gait = Run, FacingMdeg = 329773, IsMoving = True } }
6293	2364	MoveCommand { Actor = chr_01M38R7216X4HHDN91G4JV2AC2, Intent = MoveIntent { DirXPermille = -504, DirZPermille = 864, Gait = Run, FacingMdeg = 329763, IsMoving = True } }
6294	2365	MoveCommand { Actor = chr_01M38R7216X4HHDN91G4JV2AC2, Intent = MoveIntent { DirXPermille = -503, DirZPermille = 864, Gait = Run, FacingMdeg = 329770, IsMoving = True } }
6295	2366	MoveCommand { Actor = chr_01M38R7216X4HHDN91G4JV2AC2, Intent = MoveIntent { DirXPermille = -504, DirZPermille = 864, Gait = Run, FacingMdeg = 329765, IsMoving = True } }
6296	2367	MoveCommand { Actor = chr_01M38R7216X4HHDN91G4JV2AC2, Intent = MoveIntent { DirXPermille = -503, DirZPermille = 864, Gait = Run, FacingMdeg = 329772, IsMoving = True } }
6297	2368	MoveCommand { Actor = chr_01M38R7216X4HHDN91G4JV2AC2, Intent = MoveIntent { DirXPermille = -504, DirZPermille = 864, Gait = Run, FacingMdeg = 329767, IsMoving = True } }
6298	2369	MoveCommand { Actor = chr_01M38R7216X4HHDN91G4JV2AC2, Intent = MoveIntent { DirXPermille = -503, DirZPermille = 864, Gait = Run, FacingMdeg = 329775, IsMoving = True } }
6300	2370	MoveCommand { Actor = chr_01M38R7216X4HHDN91G4JV2AC2, Intent = MoveIntent { DirXPermille = -504, DirZPermille = 864, Gait = Run, FacingMdeg = 329762, IsMoving = True } }
6301	2371	MoveCommand { Actor = chr_01M38R7216X4HHDN91G4JV2AC2, Intent = MoveIntent { DirXPermille = -503, DirZPermille = 864, Gait = Run, FacingMdeg = 329772, IsMoving = True } }
6302	2372	MoveCommand { Actor = chr_01M38R7216X4HHDN91G4JV2AC2, Intent = MoveIntent { DirXPermille = -504, DirZPermille = 864, Gait = Run, FacingMdeg = 329765, IsMoving = True } }
6303	2373	MoveCommand { Actor = chr_01M38R7216X4HHDN91G4JV2AC2, Intent = MoveIntent { DirXPermille = -503, DirZPermille = 864, Gait = Run, FacingMdeg = 329775, IsMoving = True } }
6304	2374	MoveCommand { Actor = chr_01M38R7216X4HHDN91G4JV2AC2, Intent = MoveIntent { DirXPermille = -504, DirZPermille = 864, Gait = Run, FacingMdeg = 329767, IsMoving = True } }
6305	2375	MoveCommand { Actor = chr_01M38R7216X4HHDN91G4JV2AC2, Intent = MoveIntent { DirXPermille = -503, DirZPermille = 864, Gait = Run, FacingMdeg = 329780, IsMoving = True } }
6307	2376	MoveCommand { Actor = chr_01M38R7216X4HHDN91G4JV2AC2, Intent = MoveIntent { DirXPermille = -504, DirZPermille = 864, Gait = Run, FacingMdeg = 329760, IsMoving = True } }
6308	2377	MoveCommand { Actor = chr_01M38R7216X4HHDN91G4JV2AC2, Intent = MoveIntent { DirXPermille = -503, DirZPermille = 864, Gait = Run, FacingMdeg = 329776, IsMoving = True } }
6309	2378	MoveCommand { Actor = chr_01M38R7216X4HHDN91G4JV2AC2, Intent = MoveIntent { DirXPermille = -504, DirZPermille = 864, Gait = Run, FacingMdeg = 329764, IsMoving = True } }
6310	2379	MoveCommand { Actor = chr_01M38R7216X4HHDN91G4JV2AC2, Intent = MoveIntent { DirXPermille = -503, DirZPermille = 864, Gait = Run, FacingMdeg = 329783, IsMoving = True } }
6312	2380	MoveCommand { Actor = chr_01M38R7216X4HHDN91G4JV2AC2, Intent = MoveIntent { DirXPermille = -504, DirZPermille = 864, Gait = Run, FacingMdeg = 329751, IsMoving = True } }
6313	2381	MoveCommand { Actor = chr_01M38R7216X4HHDN91G4JV2AC2, Intent = MoveIntent { DirXPermille = -503, DirZPermille = 864, Gait = Run, FacingMdeg = 329777, IsMoving = True } }
6314	2382	MoveCommand { Actor = chr_01M38R7216X4HHDN91G4JV2AC2, Intent = MoveIntent { DirXPermille = -504, DirZPermille = 864, Gait = Run, FacingMdeg = 329753, IsMoving = True } }
6315	2383	MoveCommand { Actor = chr_01M38R7216X4HHDN91G4JV2AC2, Intent = MoveIntent { DirXPermille = -503, DirZPermille = 864, Gait = Run, FacingMdeg = 329792, IsMoving = True } }
6316	2384	MoveCommand { Actor = chr_01M38R7216X4HHDN91G4JV2AC2, Intent = MoveIntent { DirXPermille = -504, DirZPermille = 864, Gait = Run, FacingMdeg = 329760, IsMoving = True } }
6318	2385	MoveCommand { Actor = chr_01M38R7216X4HHDN91G4JV2AC2, Intent = MoveIntent { DirXPermille = -758, DirZPermille = 652, Gait = Run, FacingMdeg = 310682, IsMoving = True } }
6592	2386	MoveCommand { Actor = chr_01M38R7216X4HHDN91G4JV2AC2, Intent = MoveIntent { DirXPermille = -758, DirZPermille = 653, Gait = Run, FacingMdeg = 310732, IsMoving = True } }
6597	2387	MoveCommand { Actor = chr_01M38R7216X4HHDN91G4JV2AC2, Intent = MoveIntent { DirXPermille = -757, DirZPermille = 653, Gait = Run, FacingMdeg = 310756, IsMoving = True } }
6602	2388	MoveCommand { Actor = chr_01M38R7216X4HHDN91G4JV2AC2, Intent = MoveIntent { DirXPermille = -757, DirZPermille = 654, Gait = Run, FacingMdeg = 310819, IsMoving = True } }
6603	2389	MoveCommand { Actor = chr_01M38R7216X4HHDN91G4JV2AC2, Intent = MoveIntent { DirXPermille = -757, DirZPermille = 653, Gait = Run, FacingMdeg = 310793, IsMoving = True } }
6604	2390	MoveCommand { Actor = chr_01M38R7216X4HHDN91G4JV2AC2, Intent = MoveIntent { DirXPermille = -757, DirZPermille = 654, Gait = Run, FacingMdeg = 310821, IsMoving = True } }
6606	2391	MoveCommand { Actor = chr_01M38R7216X4HHDN91G4JV2AC2, Intent = MoveIntent { DirXPermille = -743, DirZPermille = 669, Gait = Run, FacingMdeg = 311972, IsMoving = True } }
6749	2392	MoveCommand { Actor = chr_01M38R7216X4HHDN91G4JV2AC2, Intent = MoveIntent { DirXPermille = -743, DirZPermille = 670, Gait = Run, FacingMdeg = 312029, IsMoving = True } }
6757	2393	MoveCommand { Actor = chr_01M38R7216X4HHDN91G4JV2AC2, Intent = MoveIntent { DirXPermille = -742, DirZPermille = 670, Gait = Run, FacingMdeg = 312058, IsMoving = True } }
6764	2394	MoveCommand { Actor = chr_01M38R7216X4HHDN91G4JV2AC2, Intent = MoveIntent { DirXPermille = -742, DirZPermille = 671, Gait = Run, FacingMdeg = 312114, IsMoving = True } }
6766	2395	MoveCommand { Actor = chr_01M38R7216X4HHDN91G4JV2AC2, Intent = MoveIntent { DirXPermille = -741, DirZPermille = 671, Gait = Run, FacingMdeg = 312144, IsMoving = True } }
6768	2396	MoveCommand { Actor = chr_01M38R7216X4HHDN91G4JV2AC2, Intent = MoveIntent { DirXPermille = -741, DirZPermille = 672, Gait = Run, FacingMdeg = 312188, IsMoving = True } }
6770	2397	MoveCommand { Actor = chr_01M38R7216X4HHDN91G4JV2AC2, Intent = MoveIntent { DirXPermille = -740, DirZPermille = 673, Gait = Run, FacingMdeg = 312262, IsMoving = True } }
6771	2398	MoveCommand { Actor = chr_01M38R7216X4HHDN91G4JV2AC2, Intent = MoveIntent { DirXPermille = -741, DirZPermille = 672, Gait = Run, FacingMdeg = 312223, IsMoving = True } }
6772	2399	MoveCommand { Actor = chr_01M38R7216X4HHDN91G4JV2AC2, Intent = MoveIntent { DirXPermille = -740, DirZPermille = 673, Gait = Run, FacingMdeg = 312285, IsMoving = True } }
6773	2400	MoveCommand { Actor = chr_01M38R7216X4HHDN91G4JV2AC2, Intent = MoveIntent { DirXPermille = -740, DirZPermille = 672, Gait = Run, FacingMdeg = 312229, IsMoving = True } }
6775	2401	MoveCommand { Actor = chr_01M38R7216X4HHDN91G4JV2AC2, Intent = MoveIntent { DirXPermille = -831, DirZPermille = 556, Gait = Run, FacingMdeg = 303761, IsMoving = True } }
6810	2402	MoveCommand { Actor = chr_01M38R7216X4HHDN91G4JV2AC2, Intent = MoveIntent { DirXPermille = -833, DirZPermille = 554, Gait = Run, FacingMdeg = 303630, IsMoving = True } }
6811	2403	MoveCommand { Actor = chr_01M38R7216X4HHDN91G4JV2AC2, Intent = MoveIntent { DirXPermille = -835, DirZPermille = 550, Gait = Run, FacingMdeg = 303369, IsMoving = True } }
6812	2404	MoveCommand { Actor = chr_01M38R7216X4HHDN91G4JV2AC2, Intent = MoveIntent { DirXPermille = -838, DirZPermille = 546, Gait = Run, FacingMdeg = 303108, IsMoving = True } }
6813	2405	MoveCommand { Actor = chr_01M38R7216X4HHDN91G4JV2AC2, Intent = MoveIntent { DirXPermille = -840, DirZPermille = 542, Gait = Run, FacingMdeg = 302850, IsMoving = True } }
6814	2406	MoveCommand { Actor = chr_01M38R7216X4HHDN91G4JV2AC2, Intent = MoveIntent { DirXPermille = -843, DirZPermille = 539, Gait = Run, FacingMdeg = 302589, IsMoving = True } }
6815	2407	MoveCommand { Actor = chr_01M38R7216X4HHDN91G4JV2AC2, Intent = MoveIntent { DirXPermille = -845, DirZPermille = 535, Gait = Run, FacingMdeg = 302330, IsMoving = True } }
6816	2408	MoveCommand { Actor = chr_01M38R7216X4HHDN91G4JV2AC2, Intent = MoveIntent { DirXPermille = -847, DirZPermille = 531, Gait = Run, FacingMdeg = 302070, IsMoving = True } }
6817	2409	MoveCommand { Actor = chr_01M38R7216X4HHDN91G4JV2AC2, Intent = MoveIntent { DirXPermille = -850, DirZPermille = 527, Gait = Run, FacingMdeg = 301811, IsMoving = True } }
6818	2410	MoveCommand { Actor = chr_01M38R7216X4HHDN91G4JV2AC2, Intent = MoveIntent { DirXPermille = -852, DirZPermille = 523, Gait = Run, FacingMdeg = 301554, IsMoving = True } }
6819	2411	MoveCommand { Actor = chr_01M38R7216X4HHDN91G4JV2AC2, Intent = MoveIntent { DirXPermille = -855, DirZPermille = 519, Gait = Run, FacingMdeg = 301295, IsMoving = True } }
6820	2412	MoveCommand { Actor = chr_01M38R7216X4HHDN91G4JV2AC2, Intent = MoveIntent { DirXPermille = -857, DirZPermille = 516, Gait = Run, FacingMdeg = 301038, IsMoving = True } }
6821	2413	MoveCommand { Actor = chr_01M38R7216X4HHDN91G4JV2AC2, Intent = MoveIntent { DirXPermille = -859, DirZPermille = 512, Gait = Run, FacingMdeg = 300780, IsMoving = True } }
6822	2414	MoveCommand { Actor = chr_01M38R7216X4HHDN91G4JV2AC2, Intent = MoveIntent { DirXPermille = -861, DirZPermille = 508, Gait = Run, FacingMdeg = 300523, IsMoving = True } }
6823	2415	MoveCommand { Actor = chr_01M38R7216X4HHDN91G4JV2AC2, Intent = MoveIntent { DirXPermille = -864, DirZPermille = 504, Gait = Run, FacingMdeg = 300269, IsMoving = True } }
6824	2416	MoveCommand { Actor = chr_01M38R7216X4HHDN91G4JV2AC2, Intent = MoveIntent { DirXPermille = -866, DirZPermille = 500, Gait = Run, FacingMdeg = 300012, IsMoving = True } }
6825	2417	MoveCommand { Actor = chr_01M38R7216X4HHDN91G4JV2AC2, Intent = MoveIntent { DirXPermille = -869, DirZPermille = 495, Gait = Run, FacingMdeg = 299676, IsMoving = True } }
6826	2418	MoveCommand { Actor = chr_01M38R7216X4HHDN91G4JV2AC2, Intent = MoveIntent { DirXPermille = -872, DirZPermille = 490, Gait = Run, FacingMdeg = 299360, IsMoving = True } }
6827	2419	MoveCommand { Actor = chr_01M38R7216X4HHDN91G4JV2AC2, Intent = MoveIntent { DirXPermille = -872, DirZPermille = 489, Gait = Run, FacingMdeg = 299277, IsMoving = True } }
6843	2420	MoveCommand { Actor = chr_01M38R7216X4HHDN91G4JV2AC2, Intent = MoveIntent { DirXPermille = -872, DirZPermille = 490, Gait = Run, FacingMdeg = 299308, IsMoving = True } }
6913	2421	MoveCommand { Actor = chr_01M38R7216X4HHDN91G4JV2AC2, Intent = MoveIntent { DirXPermille = -871, DirZPermille = 490, Gait = Run, FacingMdeg = 299370, IsMoving = True } }
6914	2422	MoveCommand { Actor = chr_01M38R7216X4HHDN91G4JV2AC2, Intent = MoveIntent { DirXPermille = -871, DirZPermille = 491, Gait = Run, FacingMdeg = 299378, IsMoving = True } }
6915	2423	MoveCommand { Actor = chr_01M38R7216X4HHDN91G4JV2AC2, Intent = MoveIntent { DirXPermille = -872, DirZPermille = 490, Gait = Run, FacingMdeg = 299348, IsMoving = True } }
6918	2424	MoveCommand { Actor = chr_01M38R7216X4HHDN91G4JV2AC2, Intent = MoveIntent { DirXPermille = -871, DirZPermille = 491, Gait = Run, FacingMdeg = 299378, IsMoving = True } }
6919	2425	MoveCommand { Actor = chr_01M38R7216X4HHDN91G4JV2AC2, Intent = MoveIntent { DirXPermille = -872, DirZPermille = 490, Gait = Run, FacingMdeg = 299317, IsMoving = True } }
6921	2426	MoveCommand { Actor = chr_01M38R7216X4HHDN91G4JV2AC2, Intent = MoveIntent { DirXPermille = -894, DirZPermille = 448, Gait = Run, FacingMdeg = 296616, IsMoving = True } }
6945	2427	MoveCommand { Actor = chr_01M38R7216X4HHDN91G4JV2AC2, Intent = MoveIntent { DirXPermille = -894, DirZPermille = 447, Gait = Run, FacingMdeg = 296582, IsMoving = True } }
6957	2428	MoveCommand { Actor = chr_01M38R7216X4HHDN91G4JV2AC2, Intent = MoveIntent { DirXPermille = -895, DirZPermille = 447, Gait = Run, FacingMdeg = 296555, IsMoving = True } }
6958	2429	MoveCommand { Actor = chr_01M38R7216X4HHDN91G4JV2AC2, Intent = MoveIntent { DirXPermille = -894, DirZPermille = 447, Gait = Run, FacingMdeg = 296557, IsMoving = True } }
6959	2430	MoveCommand { Actor = chr_01M38R7216X4HHDN91G4JV2AC2, Intent = MoveIntent { DirXPermille = -895, DirZPermille = 447, Gait = Run, FacingMdeg = 296555, IsMoving = True } }
6960	2431	MoveCommand { Actor = chr_01M38R7216X4HHDN91G4JV2AC2, Intent = MoveIntent { DirXPermille = -894, DirZPermille = 447, Gait = Run, FacingMdeg = 296557, IsMoving = True } }
6961	2432	MoveCommand { Actor = chr_01M38R7216X4HHDN91G4JV2AC2, Intent = MoveIntent { DirXPermille = -895, DirZPermille = 447, Gait = Run, FacingMdeg = 296554, IsMoving = True } }
6962	2433	MoveCommand { Actor = chr_01M38R7216X4HHDN91G4JV2AC2, Intent = MoveIntent { DirXPermille = -894, DirZPermille = 447, Gait = Run, FacingMdeg = 296557, IsMoving = True } }
6963	2434	MoveCommand { Actor = chr_01M38R7216X4HHDN91G4JV2AC2, Intent = MoveIntent { DirXPermille = -895, DirZPermille = 447, Gait = Run, FacingMdeg = 296554, IsMoving = True } }
6964	2435	MoveCommand { Actor = chr_01M38R7216X4HHDN91G4JV2AC2, Intent = MoveIntent { DirXPermille = -894, DirZPermille = 447, Gait = Run, FacingMdeg = 296557, IsMoving = True } }
6965	2436	MoveCommand { Actor = chr_01M38R7216X4HHDN91G4JV2AC2, Intent = MoveIntent { DirXPermille = -895, DirZPermille = 447, Gait = Run, FacingMdeg = 296554, IsMoving = True } }
6966	2437	MoveCommand { Actor = chr_01M38R7216X4HHDN91G4JV2AC2, Intent = MoveIntent { DirXPermille = -894, DirZPermille = 447, Gait = Run, FacingMdeg = 296556, IsMoving = True } }
6967	2438	MoveCommand { Actor = chr_01M38R7216X4HHDN91G4JV2AC2, Intent = MoveIntent { DirXPermille = -895, DirZPermille = 447, Gait = Run, FacingMdeg = 296553, IsMoving = True } }
6968	2439	MoveCommand { Actor = chr_01M38R7216X4HHDN91G4JV2AC2, Intent = MoveIntent { DirXPermille = -894, DirZPermille = 447, Gait = Run, FacingMdeg = 296556, IsMoving = True } }
6969	2440	MoveCommand { Actor = chr_01M38R7216X4HHDN91G4JV2AC2, Intent = MoveIntent { DirXPermille = -895, DirZPermille = 447, Gait = Run, FacingMdeg = 296553, IsMoving = True } }
6971	2441	MoveCommand { Actor = chr_01M38R7216X4HHDN91G4JV2AC2, Intent = MoveIntent { DirXPermille = -894, DirZPermille = 447, Gait = Run, FacingMdeg = 296559, IsMoving = True } }
6972	2442	MoveCommand { Actor = chr_01M38R7216X4HHDN91G4JV2AC2, Intent = MoveIntent { DirXPermille = -895, DirZPermille = 447, Gait = Run, FacingMdeg = 296555, IsMoving = True } }
6973	2443	MoveCommand { Actor = chr_01M38R7216X4HHDN91G4JV2AC2, Intent = MoveIntent { DirXPermille = -894, DirZPermille = 447, Gait = Run, FacingMdeg = 296558, IsMoving = True } }
6974	2444	MoveCommand { Actor = chr_01M38R7216X4HHDN91G4JV2AC2, Intent = MoveIntent { DirXPermille = -895, DirZPermille = 447, Gait = Run, FacingMdeg = 296555, IsMoving = True } }
6975	2445	MoveCommand { Actor = chr_01M38R7216X4HHDN91G4JV2AC2, Intent = MoveIntent { DirXPermille = -894, DirZPermille = 447, Gait = Run, FacingMdeg = 296558, IsMoving = True } }
6976	2446	MoveCommand { Actor = chr_01M38R7216X4HHDN91G4JV2AC2, Intent = MoveIntent { DirXPermille = -895, DirZPermille = 447, Gait = Run, FacingMdeg = 296554, IsMoving = True } }
6977	2447	MoveCommand { Actor = chr_01M38R7216X4HHDN91G4JV2AC2, Intent = MoveIntent { DirXPermille = -894, DirZPermille = 447, Gait = Run, FacingMdeg = 296558, IsMoving = True } }
6978	2448	MoveCommand { Actor = chr_01M38R7216X4HHDN91G4JV2AC2, Intent = MoveIntent { DirXPermille = -895, DirZPermille = 447, Gait = Run, FacingMdeg = 296554, IsMoving = True } }
6979	2449	MoveCommand { Actor = chr_01M38R7216X4HHDN91G4JV2AC2, Intent = MoveIntent { DirXPermille = -894, DirZPermille = 447, Gait = Run, FacingMdeg = 296557, IsMoving = True } }
6980	2450	MoveCommand { Actor = chr_01M38R7216X4HHDN91G4JV2AC2, Intent = MoveIntent { DirXPermille = -895, DirZPermille = 447, Gait = Run, FacingMdeg = 296553, IsMoving = True } }
6981	2451	MoveCommand { Actor = chr_01M38R7216X4HHDN91G4JV2AC2, Intent = MoveIntent { DirXPermille = -894, DirZPermille = 447, Gait = Run, FacingMdeg = 296557, IsMoving = True } }
6982	2452	MoveCommand { Actor = chr_01M38R7216X4HHDN91G4JV2AC2, Intent = MoveIntent { DirXPermille = -895, DirZPermille = 447, Gait = Run, FacingMdeg = 296553, IsMoving = True } }
6983	2453	MoveCommand { Actor = chr_01M38R7216X4HHDN91G4JV2AC2, Intent = MoveIntent { DirXPermille = -894, DirZPermille = 447, Gait = Run, FacingMdeg = 296557, IsMoving = True } }
6984	2454	MoveCommand { Actor = chr_01M38R7216X4HHDN91G4JV2AC2, Intent = MoveIntent { DirXPermille = -895, DirZPermille = 447, Gait = Run, FacingMdeg = 296552, IsMoving = True } }
6985	2455	MoveCommand { Actor = chr_01M38R7216X4HHDN91G4JV2AC2, Intent = MoveIntent { DirXPermille = -894, DirZPermille = 447, Gait = Run, FacingMdeg = 296556, IsMoving = True } }
6986	2456	MoveCommand { Actor = chr_01M38R7216X4HHDN91G4JV2AC2, Intent = MoveIntent { DirXPermille = -895, DirZPermille = 447, Gait = Run, FacingMdeg = 296551, IsMoving = True } }
6988	2457	MoveCommand { Actor = chr_01M38R7216X4HHDN91G4JV2AC2, Intent = MoveIntent { DirXPermille = -894, DirZPermille = 447, Gait = Run, FacingMdeg = 296560, IsMoving = True } }
6989	2458	MoveCommand { Actor = chr_01M38R7216X4HHDN91G4JV2AC2, Intent = MoveIntent { DirXPermille = -895, DirZPermille = 447, Gait = Run, FacingMdeg = 296555, IsMoving = True } }
6990	2459	MoveCommand { Actor = chr_01M38R7216X4HHDN91G4JV2AC2, Intent = MoveIntent { DirXPermille = -894, DirZPermille = 447, Gait = Run, FacingMdeg = 296560, IsMoving = True } }
6991	2460	MoveCommand { Actor = chr_01M38R7216X4HHDN91G4JV2AC2, Intent = MoveIntent { DirXPermille = -895, DirZPermille = 447, Gait = Run, FacingMdeg = 296554, IsMoving = True } }
6992	2461	MoveCommand { Actor = chr_01M38R7216X4HHDN91G4JV2AC2, Intent = MoveIntent { DirXPermille = -894, DirZPermille = 447, Gait = Run, FacingMdeg = 296559, IsMoving = True } }
6993	2462	MoveCommand { Actor = chr_01M38R7216X4HHDN91G4JV2AC2, Intent = MoveIntent { DirXPermille = -895, DirZPermille = 447, Gait = Run, FacingMdeg = 296553, IsMoving = True } }
6994	2463	MoveCommand { Actor = chr_01M38R7216X4HHDN91G4JV2AC2, Intent = MoveIntent { DirXPermille = -894, DirZPermille = 447, Gait = Run, FacingMdeg = 296559, IsMoving = True } }
6995	2464	MoveCommand { Actor = chr_01M38R7216X4HHDN91G4JV2AC2, Intent = MoveIntent { DirXPermille = -895, DirZPermille = 447, Gait = Run, FacingMdeg = 296553, IsMoving = True } }
6996	2465	MoveCommand { Actor = chr_01M38R7216X4HHDN91G4JV2AC2, Intent = MoveIntent { DirXPermille = -894, DirZPermille = 447, Gait = Run, FacingMdeg = 296559, IsMoving = True } }
6997	2466	MoveCommand { Actor = chr_01M38R7216X4HHDN91G4JV2AC2, Intent = MoveIntent { DirXPermille = -895, DirZPermille = 447, Gait = Run, FacingMdeg = 296552, IsMoving = True } }
6998	2467	MoveCommand { Actor = chr_01M38R7216X4HHDN91G4JV2AC2, Intent = MoveIntent { DirXPermille = -894, DirZPermille = 447, Gait = Run, FacingMdeg = 296558, IsMoving = True } }
6999	2468	MoveCommand { Actor = chr_01M38R7216X4HHDN91G4JV2AC2, Intent = MoveIntent { DirXPermille = -895, DirZPermille = 447, Gait = Run, FacingMdeg = 296550, IsMoving = True } }
7000	2469	MoveCommand { Actor = chr_01M38R7216X4HHDN91G4JV2AC2, Intent = MoveIntent { DirXPermille = -894, DirZPermille = 447, Gait = Run, FacingMdeg = 296557, IsMoving = True } }
7001	2470	MoveCommand { Actor = chr_01M38R7216X4HHDN91G4JV2AC2, Intent = MoveIntent { DirXPermille = -895, DirZPermille = 447, Gait = Run, FacingMdeg = 296549, IsMoving = True } }
7002	2471	MoveCommand { Actor = chr_01M38R7216X4HHDN91G4JV2AC2, Intent = MoveIntent { DirXPermille = -894, DirZPermille = 447, Gait = Run, FacingMdeg = 296556, IsMoving = True } }
7003	2472	MoveCommand { Actor = chr_01M38R7216X4HHDN91G4JV2AC2, Intent = MoveIntent { DirXPermille = -895, DirZPermille = 447, Gait = Run, FacingMdeg = 296547, IsMoving = True } }
7005	2473	MoveCommand { Actor = chr_01M38R7216X4HHDN91G4JV2AC2, Intent = MoveIntent { DirXPermille = -894, DirZPermille = 447, Gait = Run, FacingMdeg = 296565, IsMoving = True } }
7006	2474	MoveCommand { Actor = chr_01M38R7216X4HHDN91G4JV2AC2, Intent = MoveIntent { DirXPermille = -895, DirZPermille = 447, Gait = Run, FacingMdeg = 296554, IsMoving = True } }
7007	2475	MoveCommand { Actor = chr_01M38R7216X4HHDN91G4JV2AC2, Intent = MoveIntent { DirXPermille = -894, DirZPermille = 447, Gait = Run, FacingMdeg = 296565, IsMoving = True } }
7008	2476	MoveCommand { Actor = chr_01M38R7216X4HHDN91G4JV2AC2, Intent = MoveIntent { DirXPermille = -895, DirZPermille = 447, Gait = Run, FacingMdeg = 296552, IsMoving = True } }
7009	2477	MoveCommand { Actor = chr_01M38R7216X4HHDN91G4JV2AC2, Intent = MoveIntent { DirXPermille = -894, DirZPermille = 447, Gait = Run, FacingMdeg = 296565, IsMoving = True } }
7010	2478	MoveCommand { Actor = chr_01M38R7216X4HHDN91G4JV2AC2, Intent = MoveIntent { DirXPermille = -895, DirZPermille = 447, Gait = Run, FacingMdeg = 296550, IsMoving = True } }
7011	2479	MoveCommand { Actor = chr_01M38R7216X4HHDN91G4JV2AC2, Intent = MoveIntent { DirXPermille = -894, DirZPermille = 447, Gait = Run, FacingMdeg = 296565, IsMoving = True } }
7012	2480	MoveCommand { Actor = chr_01M38R7216X4HHDN91G4JV2AC2, Intent = MoveIntent { DirXPermille = -895, DirZPermille = 447, Gait = Run, FacingMdeg = 296547, IsMoving = True } }
7013	2481	MoveCommand { Actor = chr_01M38R7216X4HHDN91G4JV2AC2, Intent = MoveIntent { DirXPermille = -894, DirZPermille = 447, Gait = Run, FacingMdeg = 296565, IsMoving = True } }
7014	2482	MoveCommand { Actor = chr_01M38R7216X4HHDN91G4JV2AC2, Intent = MoveIntent { DirXPermille = -895, DirZPermille = 447, Gait = Run, FacingMdeg = 296541, IsMoving = True } }
7015	2483	MoveCommand { Actor = chr_01M38R7216X4HHDN91G4JV2AC2, Intent = MoveIntent { DirXPermille = -894, DirZPermille = 447, Gait = Run, FacingMdeg = 296565, IsMoving = True } }
7016	2484	MoveCommand { Actor = chr_01M38R7216X4HHDN91G4JV2AC2, Intent = MoveIntent { DirXPermille = -895, DirZPermille = 447, Gait = Run, FacingMdeg = 296531, IsMoving = True } }
7017	2485	MoveCommand { Actor = chr_01M38R7216X4HHDN91G4JV2AC2, Intent = MoveIntent { DirXPermille = -894, DirZPermille = 447, Gait = Run, FacingMdeg = 296565, IsMoving = True } }
7019	2486	MoveCommand { Actor = chr_01M38R7216X4HHDN91G4JV2AC2, Intent = MoveIntent { DirXPermille = 0, DirZPermille = 0, Gait = Run, FacingMdeg = 296565, IsMoving = False } }
7026	2487	CastCommand { Actor = chr_01M38R7216X4HHDN91G4JV2AC2, FormulaId = spell.warding.brace_ward }
7066	2488	CastCommand { Actor = chr_01M38R7216X4HHDN91G4JV2AC2, FormulaId = spell.warding.brace_ward }
7106	2489	CastCommand { Actor = chr_01M38R7216X4HHDN91G4JV2AC2, FormulaId = spell.warding.brace_ward }
7146	2490	CastCommand { Actor = chr_01M38R7216X4HHDN91G4JV2AC2, FormulaId = spell.warding.brace_ward }
