t_s,frame_s,alpha,player_speed,player_state,player_phase,npcs
0.017,0.0167,0.33,0.00,spear_ready,Idle,npc.ashen_hollow.kera_voss=0.00:idle;npc.ashen_hollow.renn_vale=0.00:idle;npc.ashen_hollow.sel_arien=0.00:idle;npc.ashen_hollow.tavar_orr=0.00:idle
0.033,0.0167,0.67,0.00,spear_ready,Idle,npc.ashen_hollow.kera_voss=0.00:idle;npc.ashen_hollow.renn_vale=0.00:idle;npc.ashen_hollow.sel_arien=0.00:idle;npc.ashen_hollow.tavar_orr=0.00:idle
0.050,0.0167,0.00,0.00,spear_ready,Idle,npc.ashen_hollow.kera_voss=0.00:idle;npc.ashen_hollow.renn_vale=0.00:idle;npc.ashen_hollow.sel_arien=0.00:idle;npc.ashen_hollow.tavar_orr=0.00:idle
0.067,0.0167,0.33,0.00,spear_ready,Idle,npc.ashen_hollow.kera_voss=0.00:idle;npc.ashen_hollow.renn_vale=0.00:idle;npc.ashen_hollow.sel_arien=0.00:idle;npc.ashen_hollow.tavar_orr=0.00:idle
0.083,0.0167,0.67,0.00,spear_ready,Idle,npc.ashen_hollow.kera_voss=0.00:idle;npc.ashen_hollow.renn_vale=0.00:idle;npc.ashen_hollow.sel_arien=0.00:idle;npc.ashen_hollow.tavar_orr=0.00:idle
0.100,0.0167,0.00,0.00,spear_ready,Idle,npc.ashen_hollow.kera_voss=0.00:idle;npc.ashen_hollow.renn_vale=0.00:idle;npc.ashen_hollow.sel_arien=0.00:idle;npc.ashen_hollow.tavar_orr=0.00:idle
0.117,0.0167,0.33,0.00,spear_ready,Idle,npc.ashen_hollow.kera_voss=0.00:idle;npc.ashen_hollow.renn_vale=0.00:idle;npc.ashen_hollow.sel_arien=0.00:idle;npc.ashen_hollow.tavar_orr=0.00:idle
0.133,0.0167,0.67,0.00,spear_ready,Idle,npc.ashen_hollow.kera_voss=0.00:idle;npc.ashen_hollow.renn_vale=0.00:idle;npc.ashen_hollow.sel_arien=0.00:idle;npc.ashen_hollow.tavar_orr=0.00:idle
0.150,0.0167,0.00,0.00,spear_ready,Idle,npc.ashen_hollow.kera_voss=0.00:idle;npc.ashen_hollow.renn_vale=0.00:idle;npc.ashen_hollow.sel_arien=0.00:idle;npc.ashen_hollow.tavar_orr=0.00:idle
0.167,0.0167,0.33,0.00,spear_ready,Idle,npc.ashen_hollow.kera_voss=0.00:idle;npc.ashen_hollow.renn_vale=0.00:idle;npc.ashen_hollow.sel_arien=0.00:idle;npc.ashen_hollow.tavar_orr=0.00:idle
0.183,0.0167,0.67,0.00,spear_ready,Idle,npc.ashen_hollow.kera_voss=0.00:idle;npc.ashen_hollow.renn_vale=0.00:idle;npc.ashen_hollow.sel_arien=0.00:idle;npc.ashen_hollow.tavar_orr=0.00:idle
0.200,0.0167,0.00,0.00,spear_ready,Idle,npc.ashen_hollow.kera_voss=0.00:idle;npc.ashen_hollow.renn_vale=0.00:idle;npc.ashen_hollow.sel_arien=0.00:idle;npc.ashen_hollow.tavar_orr=0.00:idle
0.217,0.0167,0.33,0.00,spear_ready,Idle,npc.ashen_hollow.kera_voss=0.00:idle;npc.ashen_hollow.renn_vale=0.00:idle;npc.ashen_hollow.sel_arien=0.00:idle;npc.ashen_hollow.tavar_orr=0.00:idle
0.233,0.0167,0.67,0.00,spear_ready,Idle,npc.ashen_hollow.kera_voss=0.00:idle;npc.ashen_hollow.renn_vale=0.00:idle;npc.ashen_hollow.sel_arien=0.00:idle;npc.ashen_hollow.tavar_orr=0.00:idle
0.250,0.0167,0.00,0.00,spear_ready,Idle,npc.ashen_hollow.kera_voss=0.00:idle;npc.ashen_hollow.renn_vale=0.00:idle;npc.ashen_hollow.sel_arien=0.00:idle;npc.ashen_hollow.tavar_orr=0.00:idle
0.267,0.0167,0.33,0.00,spear_ready,Idle,npc.ashen_hollow.kera_voss=0.00:idle;npc.ashen_hollow.renn_vale=0.00:idle;npc.ashen_hollow.sel_arien=0.00:idle;npc.ashen_hollow.tavar_orr=0.00:idle
0.283,0.0167,0.67,0.00,spear_ready,Idle,npc.ashen_hollow.kera_voss=0.00:idle;npc.ashen_hollow.renn_vale=0.00:idle;npc.ashen_hollow.sel_arien=0.00:idle;npc.ashen_hollow.tavar_orr=0.00:idle
0.300,0.0167,0.00,0.00,spear_ready,Idle,npc.ashen_hollow.kera_voss=0.00:idle;npc.ashen_hollow.renn_vale=0.00:idle;npc.ashen_hollow.sel_arien=0.00:idle;npc.ashen_hollow.tavar_orr=0.00:idle
0.317,0.0167,0.33,0.00,spear_ready,Idle,npc.ashen_hollow.kera_voss=0.00:idle;npc.ashen_hollow.renn_vale=0.00:idle;npc.ashen_hollow.sel_arien=0.00:idle;npc.ashen_hollow.tavar_orr=0.00:idle
0.333,0.0167,0.67,0.00,spear_ready,Idle,npc.ashen_hollow.kera_voss=0.00:idle;npc.ashen_hollow.renn_vale=0.00:idle;npc.ashen_hollow.sel_arien=0.00:idle;npc.ashen_hollow.tavar_orr=0.00:idle
0.350,0.0167,0.00,0.00,spear_ready,Idle,npc.ashen_hollow.kera_voss=0.00:idle;npc.ashen_hollow.renn_vale=0.00:idle;npc.ashen_hollow.sel_arien=0.00:idle;npc.ashen_hollow.tavar_orr=0.00:idle
0.367,0.0167,0.33,0.00,spear_ready,Idle,npc.ashen_hollow.kera_voss=0.00:idle;npc.ashen_hollow.renn_vale=0.00:idle;npc.ashen_hollow.sel_arien=0.00:idle;npc.ashen_hollow.tavar_orr=0.00:idle
0.383,0.0167,0.67,0.00,spear_ready,Idle,npc.ashen_hollow.kera_voss=0.00:idle;npc.ashen_hollow.renn_vale=0.00:idle;npc.ashen_hollow.sel_arien=0.00:idle;npc.ashen_hollow.tavar_orr=0.00:idle
0.400,0.0167,0.00,0.00,spear_ready,Idle,npc.ashen_hollow.kera_voss=0.00:idle;npc.ashen_hollow.renn_vale=0.00:idle;npc.ashen_hollow.sel_arien=0.00:idle;npc.ashen_hollow.tavar_orr=0.00:idle
0.417,0.0167,0.33,0.00,spear_ready,Idle,npc.ashen_hollow.kera_voss=0.00:idle;npc.ashen_hollow.renn_vale=0.00:idle;npc.ashen_hollow.sel_arien=0.00:idle;npc.ashen_hollow.tavar_orr=0.00:idle
0.433,0.0167,0.67,0.00,spear_ready,Idle,npc.ashen_hollow.kera_voss=0.00:idle;npc.ashen_hollow.renn_vale=0.00:idle;npc.ashen_hollow.sel_arien=0.00:idle;npc.ashen_hollow.tavar_orr=0.00:idle
0.450,0.0167,0.00,0.00,spear_ready,Idle,npc.ashen_hollow.kera_voss=0.00:idle;npc.ashen_hollow.renn_vale=0.00:idle;npc.ashen_hollow.sel_arien=0.00:idle;npc.ashen_hollow.tavar_orr=0.00:idle
0.467,0.0167,0.33,0.00,spear_ready,Idle,npc.ashen_hollow.kera_voss=0.00:idle;npc.ashen_hollow.renn_vale=0.00:idle;npc.ashen_hollow.sel_arien=0.00:idle;npc.ashen_hollow.tavar_orr=0.00:idle
0.483,0.0167,0.67,0.00,spear_ready,Idle,npc.ashen_hollow.kera_voss=0.00:idle;npc.ashen_hollow.renn_vale=0.00:idle;npc.ashen_hollow.sel_arien=0.00:idle;npc.ashen_hollow.tavar_orr=0.00:idle
0.500,0.0167,0.00,0.00,spear_ready,Idle,npc.ashen_hollow.kera_voss=0.00:idle;npc.ashen_hollow.renn_vale=0.00:idle;npc.ashen_hollow.sel_arien=0.00:idle;npc.ashen_hollow.tavar_orr=0.00:idle
0.517,0.0167,0.33,0.00,spear_ready,Idle,npc.ashen_hollow.kera_voss=0.00:idle;npc.ashen_hollow.renn_vale=0.00:idle;npc.ashen_hollow.sel_arien=0.00:idle;npc.ashen_hollow.tavar_orr=0.00:idle
0.533,0.0167,0.67,0.00,spear_ready,Idle,npc.ashen_hollow.kera_voss=0.00:idle;npc.ashen_hollow.renn_vale=0.00:idle;npc.ashen_hollow.sel_arien=0.00:idle;npc.ashen_hollow.tavar_orr=0.00:idle
0.550,0.0167,0.00,0.00,spear_ready,Idle,npc.ashen_hollow.kera_voss=0.00:idle;npc.ashen_hollow.renn_vale=0.00:idle;npc.ashen_hollow.sel_arien=0.00:idle;npc.ashen_hollow.tavar_orr=0.00:idle
0.567,0.0167,0.33,0.00,spear_ready,Idle,npc.ashen_hollow.kera_voss=0.00:idle;npc.ashen_hollow.renn_vale=0.00:idle;npc.ashen_hollow.sel_arien=0.00:idle;npc.ashen_hollow.tavar_orr=0.00:idle
0.583,0.0167,0.67,0.00,spear_ready,Idle,npc.ashen_hollow.kera_voss=0.00:idle;npc.ashen_hollow.renn_vale=0.00:idle;npc.ashen_hollow.sel_arien=0.00:idle;npc.ashen_hollow.tavar_orr=0.00:idle
0.600,0.0167,0.00,0.00,spear_ready,Idle,npc.ashen_hollow.kera_voss=0.00:idle;npc.ashen_hollow.renn_vale=0.00:idle;npc.ashen_hollow.sel_arien=0.00:idle;npc.ashen_hollow.tavar_orr=0.00:idle
0.617,0.0167,0.33,0.00,spear_ready,Idle,npc.ashen_hollow.kera_voss=0.00:idle;npc.ashen_hollow.renn_vale=0.00:idle;npc.ashen_hollow.sel_arien=0.00:idle;npc.ashen_hollow.tavar_orr=0.00:idle
0.633,0.0167,0.67,0.00,spear_ready,Idle,npc.ashen_hollow.kera_voss=0.00:idle;npc.ashen_hollow.renn_vale=0.00:idle;npc.ashen_hollow.sel_arien=0.00:idle;npc.ashen_hollow.tavar_orr=0.00:idle
0.650,0.0167,0.00,0.00,spear_ready,Idle,npc.ashen_hollow.kera_voss=0.00:idle;npc.ashen_hollow.renn_vale=0.00:idle;npc.ashen_hollow.sel_arien=0.00:idle;npc.ashen_hollow.tavar_orr=0.00:idle
0.667,0.0167,0.33,0.00,spear_ready,Idle,npc.ashen_hollow.kera_voss=0.00:idle;npc.ashen_hollow.renn_vale=0.00:idle;npc.ashen_hollow.sel_arien=0.00:idle;npc.ashen_hollow.tavar_orr=0.00:idle
0.683,0.0167,0.67,0.00,spear_ready,Idle,npc.ashen_hollow.kera_voss=0.00:idle;npc.ashen_hollow.renn_vale=0.00:idle;npc.ashen_hollow.sel_arien=0.00:idle;npc.ashen_hollow.tavar_orr=0.00:idle
0.700,0.0167,0.00,0.00,spear_ready,Idle,npc.ashen_hollow.kera_voss=0.00:idle;npc.ashen_hollow.renn_vale=0.00:idle;npc.ashen_hollow.sel_arien=0.00:idle;npc.ashen_hollow.tavar_orr=0.00:idle
0.717,0.0167,0.33,0.00,spear_ready,Idle,npc.ashen_hollow.kera_voss=0.00:idle;npc.ashen_hollow.renn_vale=0.00:idle;npc.ashen_hollow.sel_arien=0.00:idle;npc.ashen_hollow.tavar_orr=0.00:idle
0.733,0.0167,0.67,0.00,spear_ready,Idle,npc.ashen_hollow.kera_voss=0.00:idle;npc.ashen_hollow.renn_vale=0.00:idle;npc.ashen_hollow.sel_arien=0.00:idle;npc.ashen_hollow.tavar_orr=0.00:idle
0.750,0.0167,0.00,0.00,spear_ready,Idle,npc.ashen_hollow.kera_voss=0.00:idle;npc.ashen_hollow.renn_vale=0.00:idle;npc.ashen_hollow.sel_arien=0.00:idle;npc.ashen_hollow.tavar_orr=0.00:idle
0.767,0.0167,0.33,0.00,spear_ready,Idle,npc.ashen_hollow.kera_voss=0.00:idle;npc.ashen_hollow.renn_vale=0.00:idle;npc.ashen_hollow.sel_arien=0.00:idle;npc.ashen_hollow.tavar_orr=0.00:idle
0.783,0.0167,0.67,0.00,spear_ready,Idle,npc.ashen_hollow.kera_voss=0.00:idle;npc.ashen_hollow.renn_vale=0.00:idle;npc.ashen_hollow.sel_arien=0.00:idle;npc.ashen_hollow.tavar_orr=0.00:idle
0.800,0.0167,0.00,0.00,spear_ready,Idle,npc.ashen_hollow.kera_voss=0.00:idle;npc.ashen_hollow.renn_vale=0.00:idle;npc.ashen_hollow.sel_arien=0.00:idle;npc.ashen_hollow.tavar_orr=0.00:idle
0.817,0.0167,0.33,0.00,spear_ready,Idle,npc.ashen_hollow.kera_voss=0.00:idle;npc.ashen_hollow.renn_vale=0.00:idle;npc.ashen_hollow.sel_arien=0.00:idle;npc.ashen_hollow.tavar_orr=0.00:idle
0.833,0.0167,0.67,0.00,spear_ready,Idle,npc.ashen_hollow.kera_voss=0.00:idle;npc.ashen_hollow.renn_vale=0.00:idle;npc.ashen_hollow.sel_arien=0.00:idle;npc.ashen_hollow.tavar_orr=0.00:idle
0.850,0.0167,0.00,0.00,spear_ready,Idle,npc.ashen_hollow.kera_voss=0.00:idle;npc.ashen_hollow.renn_vale=0.00:idle;npc.ashen_hollow.sel_arien=0.00:idle;npc.ashen_hollow.tavar_orr=0.00:idle
0.867,0.0167,0.33,0.00,spear_ready,Idle,npc.ashen_hollow.kera_voss=0.00:idle;npc.ashen_hollow.renn_vale=0.00:idle;npc.ashen_hollow.sel_arien=0.00:idle;npc.ashen_hollow.tavar_orr=0.00:idle
0.883,0.0167,0.67,0.00,spear_ready,Idle,npc.ashen_hollow.kera_voss=0.00:idle;npc.ashen_hollow.renn_vale=0.00:idle;npc.ashen_hollow.sel_arien=0.00:idle;npc.ashen_hollow.tavar_orr=0.00:idle
0.900,0.0167,0.00,0.00,spear_ready,Idle,npc.ashen_hollow.kera_voss=0.00:idle;npc.ashen_hollow.renn_vale=0.00:idle;npc.ashen_hollow.sel_arien=0.00:idle;npc.ashen_hollow.tavar_orr=0.00:idle
0.917,0.0167,0.33,0.00,spear_ready,Idle,npc.ashen_hollow.kera_voss=0.00:idle;npc.ashen_hollow.renn_vale=0.00:idle;npc.ashen_hollow.sel_arien=0.00:idle;npc.ashen_hollow.tavar_orr=0.00:idle
0.933,0.0167,0.67,0.00,spear_ready,Idle,npc.ashen_hollow.kera_voss=0.00:idle;npc.ashen_hollow.renn_vale=0.00:idle;npc.ashen_hollow.sel_arien=0.00:idle;npc.ashen_hollow.tavar_orr=0.00:idle
0.950,0.0167,0.00,0.00,spear_ready,Idle,npc.ashen_hollow.kera_voss=0.00:idle;npc.ashen_hollow.renn_vale=0.00:idle;npc.ashen_hollow.sel_arien=0.00:idle;npc.ashen_hollow.tavar_orr=0.00:idle
0.967,0.0167,0.33,0.00,spear_ready,Idle,npc.ashen_hollow.kera_voss=0.00:idle;npc.ashen_hollow.renn_vale=0.00:idle;npc.ashen_hollow.sel_arien=0.00:idle;npc.ashen_hollow.tavar_orr=0.00:idle
0.983,0.0167,0.67,0.00,spear_ready,Idle,npc.ashen_hollow.kera_voss=0.00:idle;npc.ashen_hollow.renn_vale=0.00:idle;npc.ashen_hollow.sel_arien=0.00:idle;npc.ashen_hollow.tavar_orr=0.00:idle
1.000,0.0167,0.00,0.00,spear_ready,Idle,npc.ashen_hollow.kera_voss=0.00:idle;npc.ashen_hollow.renn_vale=0.00:idle;npc.ashen_hollow.sel_arien=0.00:idle;npc.ashen_hollow.tavar_orr=0.00:idle
1.017,0.0167,0.33,0.00,spear_ready,Idle,npc.ashen_hollow.kera_voss=0.00:idle;npc.ashen_hollow.renn_vale=0.00:idle;npc.ashen_hollow.sel_arien=0.00:idle;npc.ashen_hollow.tavar_orr=0.00:idle
1.033,0.0167,0.67,0.00,spear_ready,Idle,npc.ashen_hollow.kera_voss=0.00:idle;npc.ashen_hollow.renn_vale=0.00:idle;npc.ashen_hollow.sel_arien=0.00:idle;npc.ashen_hollow.tavar_orr=0.00:idle
1.050,0.0167,0.00,0.00,spear_ready,Idle,npc.ashen_hollow.kera_voss=0.00:idle;npc.ashen_hollow.renn_vale=0.00:idle;npc.ashen_hollow.sel_arien=0.00:idle;npc.ashen_hollow.tavar_orr=0.00:idle
1.067,0.0167,0.33,0.00,spear_ready,Idle,npc.ashen_hollow.kera_voss=0.00:idle;npc.ashen_hollow.renn_vale=0.00:idle;npc.ashen_hollow.sel_arien=0.00:idle;npc.ashen_hollow.tavar_orr=0.00:idle
1.083,0.0167,0.67,0.00,spear_ready,Idle,npc.ashen_hollow.kera_voss=0.00:idle;npc.ashen_hollow.renn_vale=0.00:idle;npc.ashen_hollow.sel_arien=0.00:idle;npc.ashen_hollow.tavar_orr=0.00:idle
1.100,0.0167,0.00,0.00,spear_ready,Idle,npc.ashen_hollow.kera_voss=0.00:idle;npc.ashen_hollow.renn_vale=0.00:idle;npc.ashen_hollow.sel_arien=0.00:idle;npc.ashen_hollow.tavar_orr=0.00:idle
1.117,0.0167,0.33,0.00,spear_ready,Idle,npc.ashen_hollow.kera_voss=0.00:idle;npc.ashen_hollow.renn_vale=0.00:idle;npc.ashen_hollow.sel_arien=0.00:idle;npc.ashen_hollow.tavar_orr=0.00:idle
1.133,0.0167,0.67,0.00,spear_ready,Idle,npc.ashen_hollow.kera_voss=0.00:idle;npc.ashen_hollow.renn_vale=0.00:idle;npc.ashen_hollow.sel_arien=0.00:idle;npc.ashen_hollow.tavar_orr=0.00:idle
1.150,0.0167,0.00,0.00,spear_ready,Idle,npc.ashen_hollow.kera_voss=0.00:idle;npc.ashen_hollow.renn_vale=0.00:idle;npc.ashen_hollow.sel_arien=0.00:idle;npc.ashen_hollow.tavar_orr=0.00:idle
1.167,0.0167,0.33,0.00,spear_ready,Idle,npc.ashen_hollow.kera_voss=0.00:idle;npc.ashen_hollow.renn_vale=0.00:idle;npc.ashen_hollow.sel_arien=0.00:idle;npc.ashen_hollow.tavar_orr=0.00:idle
1.183,0.0167,0.67,0.00,spear_ready,Idle,npc.ashen_hollow.kera_voss=0.00:idle;npc.ashen_hollow.renn_vale=0.00:idle;npc.ashen_hollow.sel_arien=0.00:idle;npc.ashen_hollow.tavar_orr=0.00:idle
1.200,0.0167,0.00,0.00,spear_ready,Idle,npc.ashen_hollow.kera_voss=0.00:idle;npc.ashen_hollow.renn_vale=0.00:idle;npc.ashen_hollow.sel_arien=0.00:idle;npc.ashen_hollow.tavar_orr=0.00:idle
1.217,0.0167,0.33,0.00,spear_ready,Idle,npc.ashen_hollow.kera_voss=0.00:idle;npc.ashen_hollow.renn_vale=0.00:idle;npc.ashen_hollow.sel_arien=0.00:idle;npc.ashen_hollow.tavar_orr=0.00:idle
1.233,0.0167,0.67,0.00,spear_ready,Idle,npc.ashen_hollow.kera_voss=0.00:idle;npc.ashen_hollow.renn_vale=0.00:idle;npc.ashen_hollow.sel_arien=0.00:idle;npc.ashen_hollow.tavar_orr=0.00:idle
1.250,0.0167,0.00,0.00,spear_ready,Idle,npc.ashen_hollow.kera_voss=0.00:idle;npc.ashen_hollow.renn_vale=0.00:idle;npc.ashen_hollow.sel_arien=0.00:idle;npc.ashen_hollow.tavar_orr=0.00:idle
1.267,0.0167,0.33,0.00,spear_ready,Idle,npc.ashen_hollow.kera_voss=0.00:idle;npc.ashen_hollow.renn_vale=0.00:idle;npc.ashen_hollow.sel_arien=0.00:idle;npc.ashen_hollow.tavar_orr=0.00:idle
1.283,0.0167,0.67,0.00,spear_ready,Idle,npc.ashen_hollow.kera_voss=0.00:idle;npc.ashen_hollow.renn_vale=0.00:idle;npc.ashen_hollow.sel_arien=0.00:idle;npc.ashen_hollow.tavar_orr=0.00:idle
1.300,0.0167,0.00,0.00,spear_ready,Idle,npc.ashen_hollow.kera_voss=0.00:idle;npc.ashen_hollow.renn_vale=0.00:idle;npc.ashen_hollow.sel_arien=0.00:idle;npc.ashen_hollow.tavar_orr=0.00:idle
1.317,0.0167,0.33,0.00,spear_ready,Idle,npc.ashen_hollow.kera_voss=0.00:idle;npc.ashen_hollow.renn_vale=0.00:idle;npc.ashen_hollow.sel_arien=0.00:idle;npc.ashen_hollow.tavar_orr=0.00:idle
1.333,0.0167,0.67,0.00,spear_ready,Idle,npc.ashen_hollow.kera_voss=0.00:idle;npc.ashen_hollow.renn_vale=0.00:idle;npc.ashen_hollow.sel_arien=0.00:idle;npc.ashen_hollow.tavar_orr=0.00:idle
1.350,0.0167,0.00,0.00,spear_ready,Idle,npc.ashen_hollow.kera_voss=0.00:idle;npc.ashen_hollow.renn_vale=0.00:idle;npc.ashen_hollow.sel_arien=0.00:idle;npc.ashen_hollow.tavar_orr=0.00:idle
1.367,0.0167,0.33,0.00,spear_ready,Idle,npc.ashen_hollow.kera_voss=0.00:idle;npc.ashen_hollow.renn_vale=0.00:idle;npc.ashen_hollow.sel_arien=0.00:idle;npc.ashen_hollow.tavar_orr=0.00:idle
1.383,0.0167,0.67,0.00,spear_ready,Idle,npc.ashen_hollow.kera_voss=0.00:idle;npc.ashen_hollow.renn_vale=0.00:idle;npc.ashen_hollow.sel_arien=0.00:idle;npc.ashen_hollow.tavar_orr=0.00:idle
1.400,0.0167,0.00,0.00,spear_ready,Idle,npc.ashen_hollow.kera_voss=0.00:idle;npc.ashen_hollow.renn_vale=0.00:idle;npc.ashen_hollow.sel_arien=0.00:idle;npc.ashen_hollow.tavar_orr=0.00:idle
1.417,0.0167,0.33,0.00,spear_ready,Idle,npc.ashen_hollow.kera_voss=0.00:idle;npc.ashen_hollow.renn_vale=0.00:idle;npc.ashen_hollow.sel_arien=0.00:idle;npc.ashen_hollow.tavar_orr=0.00:idle
1.433,0.0167,0.67,0.00,spear_ready,Idle,npc.ashen_hollow.kera_voss=0.00:idle;npc.ashen_hollow.renn_vale=0.00:idle;npc.ashen_hollow.sel_arien=0.00:idle;npc.ashen_hollow.tavar_orr=0.00:idle
1.450,0.0167,0.00,0.00,spear_ready,Idle,npc.ashen_hollow.kera_voss=0.00:idle;npc.ashen_hollow.renn_vale=0.00:idle;npc.ashen_hollow.sel_arien=0.00:idle;npc.ashen_hollow.tavar_orr=0.00:idle
1.467,0.0167,0.33,0.00,spear_ready,Idle,npc.ashen_hollow.kera_voss=0.00:idle;npc.ashen_hollow.renn_vale=0.00:idle;npc.ashen_hollow.sel_arien=0.00:idle;npc.ashen_hollow.tavar_orr=0.00:idle
1.483,0.0167,0.67,0.00,spear_ready,Idle,npc.ashen_hollow.kera_voss=0.00:idle;npc.ashen_hollow.renn_vale=0.00:idle;npc.ashen_hollow.sel_arien=0.00:idle;npc.ashen_hollow.tavar_orr=0.00:idle
1.500,0.0167,0.00,0.00,spear_ready,Idle,npc.ashen_hollow.kera_voss=0.00:idle;npc.ashen_hollow.renn_vale=0.00:idle;npc.ashen_hollow.sel_arien=0.00:idle;npc.ashen_hollow.tavar_orr=0.00:idle
1.517,0.0167,0.33,0.00,spear_ready,Idle,npc.ashen_hollow.kera_voss=0.00:idle;npc.ashen_hollow.renn_vale=0.00:idle;npc.ashen_hollow.sel_arien=0.00:idle;npc.ashen_hollow.tavar_orr=0.00:idle
1.533,0.0167,0.67,0.00,spear_ready,Idle,npc.ashen_hollow.kera_voss=0.00:idle;npc.ashen_hollow.renn_vale=0.00:idle;npc.ashen_hollow.sel_arien=0.00:idle;npc.ashen_hollow.tavar_orr=0.00:idle
1.550,0.0167,0.00,0.00,spear_ready,Idle,npc.ashen_hollow.kera_voss=0.00:idle;npc.ashen_hollow.renn_vale=0.00:idle;npc.ashen_hollow.sel_arien=0.00:idle;npc.ashen_hollow.tavar_orr=0.00:idle
1.567,0.0167,0.33,0.00,spear_ready,Idle,npc.ashen_hollow.kera_voss=0.00:idle;npc.ashen_hollow.renn_vale=0.00:idle;npc.ashen_hollow.sel_arien=0.00:idle;npc.ashen_hollow.tavar_orr=0.00:idle
1.583,0.0167,0.67,0.00,spear_ready,Idle,npc.ashen_hollow.kera_voss=0.00:idle;npc.ashen_hollow.renn_vale=0.00:idle;npc.ashen_hollow.sel_arien=0.00:idle;npc.ashen_hollow.tavar_orr=0.00:idle
1.600,0.0167,0.00,0.00,spear_ready,Idle,npc.ashen_hollow.kera_voss=0.00:idle;npc.ashen_hollow.renn_vale=0.00:idle;npc.ashen_hollow.sel_arien=0.00:idle;npc.ashen_hollow.tavar_orr=0.00:idle
1.617,0.0167,0.33,0.00,spear_ready,Idle,npc.ashen_hollow.kera_voss=0.00:idle;npc.ashen_hollow.renn_vale=0.00:idle;npc.ashen_hollow.sel_arien=0.00:idle;npc.ashen_hollow.tavar_orr=0.00:idle
1.633,0.0167,0.67,0.00,spear_ready,Idle,npc.ashen_hollow.kera_voss=0.00:idle;npc.ashen_hollow.renn_vale=0.00:idle;npc.ashen_hollow.sel_arien=0.00:idle;npc.ashen_hollow.tavar_orr=0.00:idle
1.650,0.0167,0.00,0.00,spear_ready,Idle,npc.ashen_hollow.kera_voss=0.00:idle;npc.ashen_hollow.renn_vale=0.00:idle;npc.ashen_hollow.sel_arien=0.00:idle;npc.ashen_hollow.tavar_orr=0.00:idle
1.667,0.0167,0.33,0.00,spear_ready,Idle,npc.ashen_hollow.kera_voss=0.00:idle;npc.ashen_hollow.renn_vale=0.00:idle;npc.ashen_hollow.sel_arien=0.00:idle;npc.ashen_hollow.tavar_orr=0.00:idle
1.683,0.0167,0.67,0.00,spear_ready,Idle,npc.ashen_hollow.kera_voss=0.00:idle;npc.ashen_hollow.renn_vale=0.00:idle;npc.ashen_hollow.sel_arien=0.00:idle;npc.ashen_hollow.tavar_orr=0.00:idle
1.700,0.0167,0.00,0.00,spear_ready,Idle,npc.ashen_hollow.kera_voss=0.00:idle;npc.ashen_hollow.renn_vale=0.00:idle;npc.ashen_hollow.sel_arien=0.00:idle;npc.ashen_hollow.tavar_orr=0.00:idle
1.717,0.0167,0.33,0.00,spear_ready,Idle,npc.ashen_hollow.kera_voss=0.00:idle;npc.ashen_hollow.renn_vale=0.00:idle;npc.ashen_hollow.sel_arien=0.00:idle;npc.ashen_hollow.tavar_orr=0.00:idle
1.733,0.0167,0.67,0.00,spear_ready,Idle,npc.ashen_hollow.kera_voss=0.00:idle;npc.ashen_hollow.renn_vale=0.00:idle;npc.ashen_hollow.sel_arien=0.00:idle;npc.ashen_hollow.tavar_orr=0.00:idle
1.750,0.0167,0.00,0.00,spear_ready,Idle,npc.ashen_hollow.kera_voss=0.00:idle;npc.ashen_hollow.renn_vale=0.00:idle;npc.ashen_hollow.sel_arien=0.00:idle;npc.ashen_hollow.tavar_orr=0.00:idle
1.767,0.0167,0.33,0.00,spear_ready,Idle,npc.ashen_hollow.kera_voss=0.00:idle;npc.ashen_hollow.renn_vale=0.00:idle;npc.ashen_hollow.sel_arien=0.00:idle;npc.ashen_hollow.tavar_orr=0.00:idle
1.783,0.0167,0.67,0.00,spear_ready,Idle,npc.ashen_hollow.kera_voss=0.00:idle;npc.ashen_hollow.renn_vale=0.00:idle;npc.ashen_hollow.sel_arien=0.00:idle;npc.ashen_hollow.tavar_orr=0.00:idle
1.800,0.0167,0.00,0.00,spear_ready,Idle,npc.ashen_hollow.kera_voss=0.00:idle;npc.ashen_hollow.renn_vale=0.00:idle;npc.ashen_hollow.sel_arien=0.00:idle;npc.ashen_hollow.tavar_orr=0.00:idle
1.817,0.0167,0.33,0.00,spear_ready,Idle,npc.ashen_hollow.kera_voss=0.00:idle;npc.ashen_hollow.renn_vale=0.00:idle;npc.ashen_hollow.sel_arien=0.00:idle;npc.ashen_hollow.tavar_orr=0.00:idle
1.833,0.0167,0.67,0.00,spear_ready,Idle,npc.ashen_hollow.kera_voss=0.00:idle;npc.ashen_hollow.renn_vale=0.00:idle;npc.ashen_hollow.sel_arien=0.00:idle;npc.ashen_hollow.tavar_orr=0.00:idle
1.850,0.0167,0.00,0.00,spear_ready,Idle,npc.ashen_hollow.kera_voss=0.00:idle;npc.ashen_hollow.renn_vale=0.00:idle;npc.ashen_hollow.sel_arien=0.00:idle;npc.ashen_hollow.tavar_orr=0.00:idle
1.867,0.0167,0.33,0.00,spear_ready,Idle,npc.ashen_hollow.kera_voss=0.00:idle;npc.ashen_hollow.renn_vale=0.00:idle;npc.ashen_hollow.sel_arien=0.00:idle;npc.ashen_hollow.tavar_orr=0.00:idle
1.883,0.0167,0.67,0.00,spear_ready,Idle,npc.ashen_hollow.kera_voss=0.00:idle;npc.ashen_hollow.renn_vale=0.00:idle;npc.ashen_hollow.sel_arien=0.00:idle;npc.ashen_hollow.tavar_orr=0.00:idle
1.900,0.0167,0.00,0.00,spear_ready,Idle,npc.ashen_hollow.kera_voss=0.00:idle;npc.ashen_hollow.renn_vale=0.00:idle;npc.ashen_hollow.sel_arien=0.00:idle;npc.ashen_hollow.tavar_orr=0.00:idle
1.917,0.0167,0.33,0.00,spear_ready,Idle,npc.ashen_hollow.kera_voss=0.00:idle;npc.ashen_hollow.renn_vale=0.00:idle;npc.ashen_hollow.sel_arien=0.00:idle;npc.ashen_hollow.tavar_orr=0.00:idle
1.933,0.0167,0.67,0.00,spear_ready,Idle,npc.ashen_hollow.kera_voss=0.00:idle;npc.ashen_hollow.renn_vale=0.00:idle;npc.ashen_hollow.sel_arien=0.00:idle;npc.ashen_hollow.tavar_orr=0.00:idle
1.950,0.0167,0.00,0.00,spear_ready,Idle,npc.ashen_hollow.kera_voss=0.00:idle;npc.ashen_hollow.renn_vale=0.00:idle;npc.ashen_hollow.sel_arien=0.00:idle;npc.ashen_hollow.tavar_orr=0.00:idle
1.967,0.0167,0.33,0.00,spear_ready,Idle,npc.ashen_hollow.kera_voss=0.00:idle;npc.ashen_hollow.renn_vale=0.00:idle;npc.ashen_hollow.sel_arien=0.00:idle;npc.ashen_hollow.tavar_orr=0.00:idle
1.983,0.0167,0.67,0.00,spear_ready,Idle,npc.ashen_hollow.kera_voss=0.00:idle;npc.ashen_hollow.renn_vale=0.00:idle;npc.ashen_hollow.sel_arien=0.00:idle;npc.ashen_hollow.tavar_orr=0.00:idle
2.000,0.0167,0.00,0.00,spear_ready,Idle,npc.ashen_hollow.kera_voss=0.00:idle;npc.ashen_hollow.renn_vale=0.00:idle;npc.ashen_hollow.sel_arien=0.00:idle;npc.ashen_hollow.tavar_orr=0.00:idle
2.017,0.0167,0.33,0.00,spear_ready,Idle,npc.ashen_hollow.kera_voss=0.00:idle;npc.ashen_hollow.renn_vale=0.00:idle;npc.ashen_hollow.sel_arien=0.00:idle;npc.ashen_hollow.tavar_orr=0.00:idle
2.033,0.0167,0.67,0.00,spear_ready,Idle,npc.ashen_hollow.kera_voss=0.00:idle;npc.ashen_hollow.renn_vale=0.00:idle;npc.ashen_hollow.sel_arien=0.00:idle;npc.ashen_hollow.tavar_orr=0.00:idle
2.050,0.0167,0.00,0.00,spear_ready,Idle,npc.ashen_hollow.kera_voss=0.00:idle;npc.ashen_hollow.renn_vale=0.00:idle;npc.ashen_hollow.sel_arien=0.00:idle;npc.ashen_hollow.tavar_orr=0.00:idle
2.067,0.0167,0.33,0.00,spear_ready,Idle,npc.ashen_hollow.kera_voss=0.00:idle;npc.ashen_hollow.renn_vale=0.00:idle;npc.ashen_hollow.sel_arien=0.00:idle;npc.ashen_hollow.tavar_orr=0.00:idle
2.083,0.0167,0.67,0.00,spear_ready,Idle,npc.ashen_hollow.kera_voss=0.00:idle;npc.ashen_hollow.renn_vale=0.00:idle;npc.ashen_hollow.sel_arien=0.00:idle;npc.ashen_hollow.tavar_orr=0.00:idle
2.100,0.0167,0.00,0.00,spear_ready,Idle,npc.ashen_hollow.kera_voss=0.00:idle;npc.ashen_hollow.renn_vale=0.00:idle;npc.ashen_hollow.sel_arien=0.00:idle;npc.ashen_hollow.tavar_orr=0.00:idle
2.117,0.0167,0.33,0.00,spear_ready,Idle,npc.ashen_hollow.kera_voss=0.00:idle;npc.ashen_hollow.renn_vale=0.00:idle;npc.ashen_hollow.sel_arien=0.00:idle;npc.ashen_hollow.tavar_orr=0.00:idle
2.133,0.0167,0.67,0.00,spear_ready,Idle,npc.ashen_hollow.kera_voss=0.00:idle;npc.ashen_hollow.renn_vale=0.00:idle;npc.ashen_hollow.sel_arien=0.00:idle;npc.ashen_hollow.tavar_orr=0.00:idle
2.150,0.0167,0.00,0.00,spear_ready,Idle,npc.ashen_hollow.kera_voss=0.00:idle;npc.ashen_hollow.renn_vale=0.00:idle;npc.ashen_hollow.sel_arien=0.00:idle;npc.ashen_hollow.tavar_orr=0.00:idle
2.167,0.0167,0.33,0.00,spear_ready,Idle,npc.ashen_hollow.kera_voss=0.00:idle;npc.ashen_hollow.renn_vale=0.00:idle;npc.ashen_hollow.sel_arien=0.00:idle;npc.ashen_hollow.tavar_orr=0.00:idle
2.183,0.0167,0.67,0.00,spear_ready,Idle,npc.ashen_hollow.kera_voss=0.00:idle;npc.ashen_hollow.renn_vale=0.00:idle;npc.ashen_hollow.sel_arien=0.00:idle;npc.ashen_hollow.tavar_orr=0.00:idle
2.200,0.0167,0.00,0.00,spear_ready,Idle,npc.ashen_hollow.kera_voss=0.00:idle;npc.ashen_hollow.renn_vale=0.00:idle;npc.ashen_hollow.sel_arien=0.00:idle;npc.ashen_hollow.tavar_orr=0.00:idle
2.217,0.0167,0.33,0.00,spear_ready,Idle,npc.ashen_hollow.kera_voss=0.00:idle;npc.ashen_hollow.renn_vale=0.00:idle;npc.ashen_hollow.sel_arien=0.00:idle;npc.ashen_hollow.tavar_orr=0.00:idle
2.233,0.0167,0.67,0.00,spear_ready,Idle,npc.ashen_hollow.kera_voss=0.00:idle;npc.ashen_hollow.renn_vale=0.00:idle;npc.ashen_hollow.sel_arien=0.00:idle;npc.ashen_hollow.tavar_orr=0.00:idle
2.250,0.0167,0.00,0.00,spear_ready,Idle,npc.ashen_hollow.kera_voss=0.00:idle;npc.ashen_hollow.renn_vale=0.00:idle;npc.ashen_hollow.sel_arien=0.00:idle;npc.ashen_hollow.tavar_orr=0.00:idle
2.267,0.0167,0.33,0.00,spear_ready,Idle,npc.ashen_hollow.kera_voss=0.00:idle;npc.ashen_hollow.renn_vale=0.00:idle;npc.ashen_hollow.sel_arien=0.00:idle;npc.ashen_hollow.tavar_orr=0.00:idle
2.283,0.0167,0.67,0.00,spear_ready,Idle,npc.ashen_hollow.kera_voss=0.00:idle;npc.ashen_hollow.renn_vale=0.00:idle;npc.ashen_hollow.sel_arien=0.00:idle;npc.ashen_hollow.tavar_orr=0.00:idle
2.300,0.0167,0.00,0.00,spear_ready,Idle,npc.ashen_hollow.kera_voss=0.00:idle;npc.ashen_hollow.renn_vale=0.00:idle;npc.ashen_hollow.sel_arien=0.00:idle;npc.ashen_hollow.tavar_orr=0.00:idle
2.317,0.0167,0.33,0.00,spear_ready,Idle,npc.ashen_hollow.kera_voss=0.00:idle;npc.ashen_hollow.renn_vale=0.00:idle;npc.ashen_hollow.sel_arien=0.00:idle;npc.ashen_hollow.tavar_orr=0.00:idle
2.333,0.0167,0.67,0.00,spear_ready,Idle,npc.ashen_hollow.kera_voss=0.00:idle;npc.ashen_hollow.renn_vale=0.00:idle;npc.ashen_hollow.sel_arien=0.00:idle;npc.ashen_hollow.tavar_orr=0.00:idle
2.350,0.0167,0.00,0.00,spear_ready,Idle,npc.ashen_hollow.kera_voss=0.00:idle;npc.ashen_hollow.renn_vale=0.00:idle;npc.ashen_hollow.sel_arien=0.00:idle;npc.ashen_hollow.tavar_orr=0.00:idle
2.367,0.0167,0.33,0.00,spear_ready,Idle,npc.ashen_hollow.kera_voss=0.00:idle;npc.ashen_hollow.renn_vale=0.00:idle;npc.ashen_hollow.sel_arien=0.00:idle;npc.ashen_hollow.tavar_orr=0.00:idle
2.383,0.0167,0.67,0.00,spear_ready,Idle,npc.ashen_hollow.kera_voss=0.00:idle;npc.ashen_hollow.renn_vale=0.00:idle;npc.ashen_hollow.sel_arien=0.00:idle;npc.ashen_hollow.tavar_orr=0.00:idle
2.400,0.0167,0.00,0.00,spear_ready,Idle,npc.ashen_hollow.kera_voss=0.00:idle;npc.ashen_hollow.renn_vale=0.00:idle;npc.ashen_hollow.sel_arien=0.00:idle;npc.ashen_hollow.tavar_orr=0.00:idle
2.417,0.0167,0.33,0.00,spear_ready,Idle,npc.ashen_hollow.kera_voss=0.00:idle;npc.ashen_hollow.renn_vale=0.00:idle;npc.ashen_hollow.sel_arien=0.00:idle;npc.ashen_hollow.tavar_orr=0.00:idle
2.433,0.0167,0.67,0.00,spear_ready,Idle,npc.ashen_hollow.kera_voss=0.00:idle;npc.ashen_hollow.renn_vale=0.00:idle;npc.ashen_hollow.sel_arien=0.00:idle;npc.ashen_hollow.tavar_orr=0.00:idle
2.450,0.0167,0.00,0.00,spear_ready,Idle,npc.ashen_hollow.kera_voss=0.00:idle;npc.ashen_hollow.renn_vale=0.00:idle;npc.ashen_hollow.sel_arien=0.00:idle;npc.ashen_hollow.tavar_orr=0.00:idle
2.467,0.0167,0.33,0.00,spear_ready,Idle,npc.ashen_hollow.kera_voss=0.00:idle;npc.ashen_hollow.renn_vale=0.00:idle;npc.ashen_hollow.sel_arien=0.00:idle;npc.ashen_hollow.tavar_orr=0.00:idle
2.483,0.0167,0.67,0.00,spear_ready,Idle,npc.ashen_hollow.kera_voss=0.00:idle;npc.ashen_hollow.renn_vale=0.00:idle;npc.ashen_hollow.sel_arien=0.00:idle;npc.ashen_hollow.tavar_orr=0.00:idle
2.500,0.0167,0.00,0.00,spear_ready,Idle,npc.ashen_hollow.kera_voss=0.00:idle;npc.ashen_hollow.renn_vale=0.00:idle;npc.ashen_hollow.sel_arien=0.00:idle;npc.ashen_hollow.tavar_orr=0.00:idle
2.517,0.0167,0.33,0.00,spear_ready,Idle,npc.ashen_hollow.kera_voss=0.00:idle;npc.ashen_hollow.renn_vale=0.00:idle;npc.ashen_hollow.sel_arien=0.00:idle;npc.ashen_hollow.tavar_orr=0.00:idle
2.533,0.0167,0.67,0.00,spear_ready,Idle,npc.ashen_hollow.kera_voss=0.00:idle;npc.ashen_hollow.renn_vale=0.00:idle;npc.ashen_hollow.sel_arien=0.00:idle;npc.ashen_hollow.tavar_orr=0.00:idle
2.550,0.0167,0.00,0.00,spear_ready,Idle,npc.ashen_hollow.kera_voss=0.00:idle;npc.ashen_hollow.renn_vale=0.00:idle;npc.ashen_hollow.sel_arien=0.00:idle;npc.ashen_hollow.tavar_orr=0.00:idle
2.567,0.0167,0.33,0.00,spear_ready,Idle,npc.ashen_hollow.kera_voss=0.00:idle;npc.ashen_hollow.renn_vale=0.00:idle;npc.ashen_hollow.sel_arien=0.00:idle;npc.ashen_hollow.tavar_orr=0.00:idle
2.583,0.0167,0.67,0.00,spear_ready,Idle,npc.ashen_hollow.kera_voss=0.00:idle;npc.ashen_hollow.renn_vale=0.00:idle;npc.ashen_hollow.sel_arien=0.00:idle;npc.ashen_hollow.tavar_orr=0.00:idle
2.600,0.0167,0.00,0.00,spear_ready,Idle,npc.ashen_hollow.kera_voss=0.00:idle;npc.ashen_hollow.renn_vale=0.00:idle;npc.ashen_hollow.sel_arien=0.00:idle;npc.ashen_hollow.tavar_orr=0.00:idle
2.617,0.0167,0.33,0.00,spear_ready,Idle,npc.ashen_hollow.kera_voss=0.00:idle;npc.ashen_hollow.renn_vale=0.00:idle;npc.ashen_hollow.sel_arien=0.00:idle;npc.ashen_hollow.tavar_orr=0.00:idle
2.633,0.0167,0.67,0.00,spear_ready,Idle,npc.ashen_hollow.kera_voss=0.00:idle;npc.ashen_hollow.renn_vale=0.00:idle;npc.ashen_hollow.sel_arien=0.00:idle;npc.ashen_hollow.tavar_orr=0.00:idle
2.650,0.0167,0.00,0.00,spear_ready,Idle,npc.ashen_hollow.kera_voss=0.00:idle;npc.ashen_hollow.renn_vale=0.00:idle;npc.ashen_hollow.sel_arien=0.00:idle;npc.ashen_hollow.tavar_orr=0.00:idle
2.667,0.0167,0.33,0.00,spear_ready,Idle,npc.ashen_hollow.kera_voss=0.00:idle;npc.ashen_hollow.renn_vale=0.00:idle;npc.ashen_hollow.sel_arien=0.00:idle;npc.ashen_hollow.tavar_orr=0.00:idle
2.683,0.0167,0.67,0.00,spear_ready,Idle,npc.ashen_hollow.kera_voss=0.00:idle;npc.ashen_hollow.renn_vale=0.00:idle;npc.ashen_hollow.sel_arien=0.00:idle;npc.ashen_hollow.tavar_orr=0.00:idle
2.700,0.0167,0.00,0.00,spear_ready,Idle,npc.ashen_hollow.kera_voss=0.00:idle;npc.ashen_hollow.renn_vale=0.00:idle;npc.ashen_hollow.sel_arien=0.00:idle;npc.ashen_hollow.tavar_orr=0.00:idle
2.717,0.0167,0.33,0.00,spear_ready,Idle,npc.ashen_hollow.kera_voss=0.00:idle;npc.ashen_hollow.renn_vale=0.00:idle;npc.ashen_hollow.sel_arien=0.00:idle;npc.ashen_hollow.tavar_orr=0.00:idle
2.733,0.0167,0.67,0.00,spear_ready,Idle,npc.ashen_hollow.kera_voss=0.00:idle;npc.ashen_hollow.renn_vale=0.00:idle;npc.ashen_hollow.sel_arien=0.00:idle;npc.ashen_hollow.tavar_orr=0.00:idle
2.750,0.0167,0.00,0.00,spear_ready,Idle,npc.ashen_hollow.kera_voss=0.00:idle;npc.ashen_hollow.renn_vale=0.00:idle;npc.ashen_hollow.sel_arien=0.00:idle;npc.ashen_hollow.tavar_orr=0.00:idle
2.767,0.0167,0.33,0.00,spear_ready,Idle,npc.ashen_hollow.kera_voss=0.00:idle;npc.ashen_hollow.renn_vale=0.00:idle;npc.ashen_hollow.sel_arien=0.00:idle;npc.ashen_hollow.tavar_orr=0.00:idle
2.783,0.0167,0.67,0.00,spear_ready,Idle,npc.ashen_hollow.kera_voss=0.00:idle;npc.ashen_hollow.renn_vale=0.00:idle;npc.ashen_hollow.sel_arien=0.00:idle;npc.ashen_hollow.tavar_orr=0.00:idle
2.800,0.0167,0.00,0.00,spear_ready,Idle,npc.ashen_hollow.kera_voss=0.00:idle;npc.ashen_hollow.renn_vale=0.00:idle;npc.ashen_hollow.sel_arien=0.00:idle;npc.ashen_hollow.tavar_orr=0.00:idle
2.817,0.0167,0.33,0.00,spear_ready,Idle,npc.ashen_hollow.kera_voss=0.00:idle;npc.ashen_hollow.renn_vale=0.00:idle;npc.ashen_hollow.sel_arien=0.00:idle;npc.ashen_hollow.tavar_orr=0.00:idle
2.833,0.0167,0.67,0.00,spear_ready,Idle,npc.ashen_hollow.kera_voss=0.00:idle;npc.ashen_hollow.renn_vale=0.00:idle;npc.ashen_hollow.sel_arien=0.00:idle;npc.ashen_hollow.tavar_orr=0.00:idle
2.850,0.0167,0.00,0.00,spear_ready,Idle,npc.ashen_hollow.kera_voss=0.00:idle;npc.ashen_hollow.renn_vale=0.00:idle;npc.ashen_hollow.sel_arien=0.00:idle;npc.ashen_hollow.tavar_orr=0.00:idle
2.867,0.0167,0.33,0.00,spear_ready,Idle,npc.ashen_hollow.kera_voss=0.00:idle;npc.ashen_hollow.renn_vale=0.00:idle;npc.ashen_hollow.sel_arien=0.00:idle;npc.ashen_hollow.tavar_orr=0.00:idle
2.883,0.0167,0.67,0.00,spear_ready,Idle,npc.ashen_hollow.kera_voss=0.00:idle;npc.ashen_hollow.renn_vale=0.00:idle;npc.ashen_hollow.sel_arien=0.00:idle;npc.ashen_hollow.tavar_orr=0.00:idle
2.900,0.0167,0.00,0.00,spear_ready,Idle,npc.ashen_hollow.kera_voss=0.00:idle;npc.ashen_hollow.renn_vale=0.00:idle;npc.ashen_hollow.sel_arien=0.00:idle;npc.ashen_hollow.tavar_orr=0.00:idle
2.917,0.0167,0.33,0.00,spear_ready,Idle,npc.ashen_hollow.kera_voss=0.00:idle;npc.ashen_hollow.renn_vale=0.00:idle;npc.ashen_hollow.sel_arien=0.00:idle;npc.ashen_hollow.tavar_orr=0.00:idle
2.933,0.0167,0.67,0.00,spear_ready,Idle,npc.ashen_hollow.kera_voss=0.00:idle;npc.ashen_hollow.renn_vale=0.00:idle;npc.ashen_hollow.sel_arien=0.00:idle;npc.ashen_hollow.tavar_orr=0.00:idle
2.950,0.0167,0.00,0.00,spear_ready,Idle,npc.ashen_hollow.kera_voss=0.00:idle;npc.ashen_hollow.renn_vale=0.00:idle;npc.ashen_hollow.sel_arien=0.00:idle;npc.ashen_hollow.tavar_orr=0.00:idle
2.967,0.0167,0.33,0.00,spear_ready,Idle,npc.ashen_hollow.kera_voss=0.00:idle;npc.ashen_hollow.renn_vale=0.00:idle;npc.ashen_hollow.sel_arien=0.00:idle;npc.ashen_hollow.tavar_orr=0.00:idle
2.983,0.0167,0.67,0.00,spear_ready,Idle,npc.ashen_hollow.kera_voss=0.00:idle;npc.ashen_hollow.renn_vale=0.00:idle;npc.ashen_hollow.sel_arien=0.00:idle;npc.ashen_hollow.tavar_orr=0.00:idle
3.000,0.0167,0.00,0.00,spear_ready,Idle,npc.ashen_hollow.kera_voss=0.00:idle;npc.ashen_hollow.renn_vale=0.00:idle;npc.ashen_hollow.sel_arien=0.00:idle;npc.ashen_hollow.tavar_orr=0.00:idle
3.017,0.0167,0.33,0.00,spear_ready,Idle,npc.ashen_hollow.kera_voss=0.00:idle;npc.ashen_hollow.renn_vale=0.00:idle;npc.ashen_hollow.sel_arien=0.00:idle;npc.ashen_hollow.tavar_orr=0.00:idle
3.033,0.0167,0.67,0.00,spear_ready,Idle,npc.ashen_hollow.kera_voss=0.00:idle;npc.ashen_hollow.renn_vale=0.00:idle;npc.ashen_hollow.sel_arien=0.00:idle;npc.ashen_hollow.tavar_orr=0.00:idle
3.050,0.0167,0.00,0.00,spear_ready,Idle,npc.ashen_hollow.kera_voss=0.00:idle;npc.ashen_hollow.renn_vale=0.00:idle;npc.ashen_hollow.sel_arien=0.00:idle;npc.ashen_hollow.tavar_orr=0.00:idle
3.067,0.0167,0.33,0.00,spear_ready,Idle,npc.ashen_hollow.kera_voss=0.00:idle;npc.ashen_hollow.renn_vale=0.00:idle;npc.ashen_hollow.sel_arien=0.00:idle;npc.ashen_hollow.tavar_orr=0.00:idle
3.083,0.0167,0.67,0.00,spear_ready,Idle,npc.ashen_hollow.kera_voss=0.00:idle;npc.ashen_hollow.renn_vale=0.00:idle;npc.ashen_hollow.sel_arien=0.00:idle;npc.ashen_hollow.tavar_orr=0.00:idle
3.100,0.0167,0.00,0.00,spear_ready,Idle,npc.ashen_hollow.kera_voss=0.00:idle;npc.ashen_hollow.renn_vale=0.00:idle;npc.ashen_hollow.sel_arien=0.00:idle;npc.ashen_hollow.tavar_orr=0.00:idle
3.117,0.0167,0.33,0.00,spear_ready,Idle,npc.ashen_hollow.kera_voss=0.00:idle;npc.ashen_hollow.renn_vale=0.00:idle;npc.ashen_hollow.sel_arien=0.00:idle;npc.ashen_hollow.tavar_orr=0.00:idle
3.133,0.0167,0.67,0.00,spear_ready,Idle,npc.ashen_hollow.kera_voss=0.00:idle;npc.ashen_hollow.renn_vale=0.00:idle;npc.ashen_hollow.sel_arien=0.00:idle;npc.ashen_hollow.tavar_orr=0.00:idle
3.150,0.0167,0.00,0.00,spear_ready,Idle,npc.ashen_hollow.kera_voss=0.00:idle;npc.ashen_hollow.renn_vale=0.00:idle;npc.ashen_hollow.sel_arien=0.00:idle;npc.ashen_hollow.tavar_orr=0.00:idle
3.167,0.0167,0.33,0.00,spear_ready,Idle,npc.ashen_hollow.kera_voss=0.00:idle;npc.ashen_hollow.renn_vale=0.00:idle;npc.ashen_hollow.sel_arien=0.00:idle;npc.ashen_hollow.tavar_orr=0.00:idle
3.183,0.0167,0.67,0.00,spear_ready,Idle,npc.ashen_hollow.kera_voss=0.00:idle;npc.ashen_hollow.renn_vale=0.00:idle;npc.ashen_hollow.sel_arien=0.00:idle;npc.ashen_hollow.tavar_orr=0.00:idle
3.200,0.0167,0.00,0.00,spear_ready,Idle,npc.ashen_hollow.kera_voss=0.00:idle;npc.ashen_hollow.renn_vale=0.00:idle;npc.ashen_hollow.sel_arien=0.00:idle;npc.ashen_hollow.tavar_orr=0.00:idle
3.217,0.0167,0.33,0.00,spear_ready,Idle,npc.ashen_hollow.kera_voss=0.00:idle;npc.ashen_hollow.renn_vale=0.00:idle;npc.ashen_hollow.sel_arien=0.00:idle;npc.ashen_hollow.tavar_orr=0.00:idle
3.233,0.0167,0.67,0.00,spear_ready,Idle,npc.ashen_hollow.kera_voss=0.00:idle;npc.ashen_hollow.renn_vale=0.00:idle;npc.ashen_hollow.sel_arien=0.00:idle;npc.ashen_hollow.tavar_orr=0.00:idle
3.250,0.0167,0.00,0.00,spear_ready,Idle,npc.ashen_hollow.kera_voss=0.00:idle;npc.ashen_hollow.renn_vale=0.00:idle;npc.ashen_hollow.sel_arien=0.00:idle;npc.ashen_hollow.tavar_orr=0.00:idle
3.267,0.0167,0.33,0.00,spear_ready,Idle,npc.ashen_hollow.kera_voss=0.00:idle;npc.ashen_hollow.renn_vale=0.00:idle;npc.ashen_hollow.sel_arien=0.00:idle;npc.ashen_hollow.tavar_orr=0.00:idle
3.283,0.0167,0.67,0.00,spear_ready,Idle,npc.ashen_hollow.kera_voss=0.00:idle;npc.ashen_hollow.renn_vale=0.00:idle;npc.ashen_hollow.sel_arien=0.00:idle;npc.ashen_hollow.tavar_orr=0.00:idle
3.300,0.0167,0.00,0.00,spear_ready,Idle,npc.ashen_hollow.kera_voss=0.00:idle;npc.ashen_hollow.renn_vale=0.00:idle;npc.ashen_hollow.sel_arien=0.00:idle;npc.ashen_hollow.tavar_orr=0.00:idle
3.317,0.0167,0.33,0.00,spear_ready,Idle,npc.ashen_hollow.kera_voss=0.00:idle;npc.ashen_hollow.renn_vale=0.00:idle;npc.ashen_hollow.sel_arien=0.00:idle;npc.ashen_hollow.tavar_orr=0.00:idle
3.333,0.0167,0.67,0.00,spear_ready,Idle,npc.ashen_hollow.kera_voss=0.00:idle;npc.ashen_hollow.renn_vale=0.00:idle;npc.ashen_hollow.sel_arien=0.00:idle;npc.ashen_hollow.tavar_orr=0.00:idle
3.350,0.0167,0.00,0.00,spear_ready,Idle,npc.ashen_hollow.kera_voss=0.00:idle;npc.ashen_hollow.renn_vale=0.00:idle;npc.ashen_hollow.sel_arien=0.00:idle;npc.ashen_hollow.tavar_orr=0.00:idle
3.367,0.0167,0.33,0.00,spear_ready,Idle,npc.ashen_hollow.kera_voss=0.00:idle;npc.ashen_hollow.renn_vale=0.00:idle;npc.ashen_hollow.sel_arien=0.00:idle;npc.ashen_hollow.tavar_orr=0.00:idle
3.383,0.0167,0.67,0.00,spear_ready,Idle,npc.ashen_hollow.kera_voss=0.00:idle;npc.ashen_hollow.renn_vale=0.00:idle;npc.ashen_hollow.sel_arien=0.00:idle;npc.ashen_hollow.tavar_orr=0.00:idle
3.400,0.0167,0.00,0.00,spear_ready,Idle,npc.ashen_hollow.kera_voss=0.00:idle;npc.ashen_hollow.renn_vale=0.00:idle;npc.ashen_hollow.sel_arien=0.00:idle;npc.ashen_hollow.tavar_orr=0.00:idle
3.417,0.0167,0.33,0.00,spear_ready,Idle,npc.ashen_hollow.kera_voss=0.00:idle;npc.ashen_hollow.renn_vale=0.00:idle;npc.ashen_hollow.sel_arien=0.00:idle;npc.ashen_hollow.tavar_orr=0.00:idle
3.433,0.0167,0.67,0.00,spear_ready,Idle,npc.ashen_hollow.kera_voss=0.00:idle;npc.ashen_hollow.renn_vale=0.00:idle;npc.ashen_hollow.sel_arien=0.00:idle;npc.ashen_hollow.tavar_orr=0.00:idle
3.450,0.0167,0.00,0.00,spear_ready,Idle,npc.ashen_hollow.kera_voss=0.00:idle;npc.ashen_hollow.renn_vale=0.00:idle;npc.ashen_hollow.sel_arien=0.00:idle;npc.ashen_hollow.tavar_orr=0.00:idle
3.467,0.0167,0.33,0.00,spear_ready,Idle,npc.ashen_hollow.kera_voss=0.00:idle;npc.ashen_hollow.renn_vale=0.00:idle;npc.ashen_hollow.sel_arien=0.00:idle;npc.ashen_hollow.tavar_orr=0.00:idle
3.483,0.0167,0.67,0.00,spear_ready,Idle,npc.ashen_hollow.kera_voss=0.00:idle;npc.ashen_hollow.renn_vale=0.00:idle;npc.ashen_hollow.sel_arien=0.00:idle;npc.ashen_hollow.tavar_orr=0.00:idle
3.500,0.0167,0.00,0.00,spear_ready,Idle,npc.ashen_hollow.kera_voss=0.00:idle;npc.ashen_hollow.renn_vale=0.00:idle;npc.ashen_hollow.sel_arien=0.00:idle;npc.ashen_hollow.tavar_orr=0.00:idle
3.517,0.0167,0.33,0.00,spear_ready,Idle,npc.ashen_hollow.kera_voss=0.00:idle;npc.ashen_hollow.renn_vale=0.00:idle;npc.ashen_hollow.sel_arien=0.00:idle;npc.ashen_hollow.tavar_orr=0.00:idle
3.533,0.0167,0.67,0.00,spear_ready,Idle,npc.ashen_hollow.kera_voss=0.00:idle;npc.ashen_hollow.renn_vale=0.00:idle;npc.ashen_hollow.sel_arien=0.00:idle;npc.ashen_hollow.tavar_orr=0.00:idle
3.550,0.0167,0.00,0.00,spear_ready,Idle,npc.ashen_hollow.kera_voss=0.00:idle;npc.ashen_hollow.renn_vale=0.00:idle;npc.ashen_hollow.sel_arien=0.00:idle;npc.ashen_hollow.tavar_orr=0.00:idle
3.567,0.0167,0.33,0.00,spear_ready,Idle,npc.ashen_hollow.kera_voss=0.00:idle;npc.ashen_hollow.renn_vale=0.00:idle;npc.ashen_hollow.sel_arien=0.00:idle;npc.ashen_hollow.tavar_orr=0.00:idle
3.583,0.0167,0.67,0.00,spear_ready,Idle,npc.ashen_hollow.kera_voss=0.00:idle;npc.ashen_hollow.renn_vale=0.00:idle;npc.ashen_hollow.sel_arien=0.00:idle;npc.ashen_hollow.tavar_orr=0.00:idle
3.600,0.0167,0.00,0.00,spear_ready,Idle,npc.ashen_hollow.kera_voss=0.00:idle;npc.ashen_hollow.renn_vale=0.00:idle;npc.ashen_hollow.sel_arien=0.00:idle;npc.ashen_hollow.tavar_orr=0.00:idle
3.617,0.0167,0.33,0.00,spear_ready,Idle,npc.ashen_hollow.kera_voss=0.00:idle;npc.ashen_hollow.renn_vale=0.00:idle;npc.ashen_hollow.sel_arien=0.00:idle;npc.ashen_hollow.tavar_orr=0.00:idle
3.633,0.0167,0.67,0.00,spear_ready,Idle,npc.ashen_hollow.kera_voss=0.00:idle;npc.ashen_hollow.renn_vale=0.00:idle;npc.ashen_hollow.sel_arien=0.00:idle;npc.ashen_hollow.tavar_orr=0.00:idle
3.650,0.0167,0.00,0.00,spear_ready,Idle,npc.ashen_hollow.kera_voss=0.00:idle;npc.ashen_hollow.renn_vale=0.00:idle;npc.ashen_hollow.sel_arien=0.00:idle;npc.ashen_hollow.tavar_orr=0.00:idle
3.667,0.0167,0.33,0.00,spear_ready,Idle,npc.ashen_hollow.kera_voss=0.00:idle;npc.ashen_hollow.renn_vale=0.00:idle;npc.ashen_hollow.sel_arien=0.00:idle;npc.ashen_hollow.tavar_orr=0.00:idle
3.683,0.0167,0.67,0.00,spear_ready,Idle,npc.ashen_hollow.kera_voss=0.00:idle;npc.ashen_hollow.renn_vale=0.00:idle;npc.ashen_hollow.sel_arien=0.00:idle;npc.ashen_hollow.tavar_orr=0.00:idle
3.700,0.0167,0.00,0.00,spear_ready,Idle,npc.ashen_hollow.kera_voss=0.00:idle;npc.ashen_hollow.renn_vale=0.00:idle;npc.ashen_hollow.sel_arien=0.00:idle;npc.ashen_hollow.tavar_orr=0.00:idle
3.717,0.0167,0.33,0.00,spear_ready,Idle,npc.ashen_hollow.kera_voss=0.00:idle;npc.ashen_hollow.renn_vale=0.00:idle;npc.ashen_hollow.sel_arien=0.00:idle;npc.ashen_hollow.tavar_orr=0.00:idle
3.733,0.0167,0.67,0.00,spear_ready,Idle,npc.ashen_hollow.kera_voss=0.00:idle;npc.ashen_hollow.renn_vale=0.00:idle;npc.ashen_hollow.sel_arien=0.00:idle;npc.ashen_hollow.tavar_orr=0.00:idle
3.750,0.0167,0.00,0.00,spear_ready,Idle,npc.ashen_hollow.kera_voss=0.00:idle;npc.ashen_hollow.renn_vale=0.00:idle;npc.ashen_hollow.sel_arien=0.00:idle;npc.ashen_hollow.tavar_orr=0.00:idle
3.767,0.0167,0.33,0.00,spear_ready,Idle,npc.ashen_hollow.kera_voss=0.00:idle;npc.ashen_hollow.renn_vale=0.00:idle;npc.ashen_hollow.sel_arien=0.00:idle;npc.ashen_hollow.tavar_orr=0.00:idle
3.783,0.0167,0.67,0.00,spear_ready,Idle,npc.ashen_hollow.kera_voss=0.00:idle;npc.ashen_hollow.renn_vale=0.00:idle;npc.ashen_hollow.sel_arien=0.00:idle;npc.ashen_hollow.tavar_orr=0.00:idle
3.800,0.0167,0.00,0.00,spear_ready,Idle,npc.ashen_hollow.kera_voss=0.00:idle;npc.ashen_hollow.renn_vale=0.00:idle;npc.ashen_hollow.sel_arien=0.00:idle;npc.ashen_hollow.tavar_orr=0.00:idle
3.817,0.0167,0.33,0.00,spear_ready,Idle,npc.ashen_hollow.kera_voss=0.00:idle;npc.ashen_hollow.renn_vale=0.00:idle;npc.ashen_hollow.sel_arien=0.00:idle;npc.ashen_hollow.tavar_orr=0.00:idle
3.833,0.0167,0.67,0.00,spear_ready,Idle,npc.ashen_hollow.kera_voss=0.00:idle;npc.ashen_hollow.renn_vale=0.00:idle;npc.ashen_hollow.sel_arien=0.00:idle;npc.ashen_hollow.tavar_orr=0.00:idle
3.850,0.0167,0.00,0.00,spear_ready,Idle,npc.ashen_hollow.kera_voss=0.00:idle;npc.ashen_hollow.renn_vale=0.00:idle;npc.ashen_hollow.sel_arien=0.00:idle;npc.ashen_hollow.tavar_orr=0.00:idle
3.867,0.0167,0.33,0.00,spear_ready,Idle,npc.ashen_hollow.kera_voss=0.00:idle;npc.ashen_hollow.renn_vale=0.00:idle;npc.ashen_hollow.sel_arien=0.00:idle;npc.ashen_hollow.tavar_orr=0.00:idle
3.883,0.0167,0.67,0.00,spear_ready,Idle,npc.ashen_hollow.kera_voss=0.00:idle;npc.ashen_hollow.renn_vale=0.00:idle;npc.ashen_hollow.sel_arien=0.00:idle;npc.ashen_hollow.tavar_orr=0.00:idle
3.900,0.0167,0.00,0.00,spear_ready,Idle,npc.ashen_hollow.kera_voss=0.00:idle;npc.ashen_hollow.renn_vale=0.00:idle;npc.ashen_hollow.sel_arien=0.00:idle;npc.ashen_hollow.tavar_orr=0.00:idle
3.917,0.0167,0.33,0.00,spear_ready,Idle,npc.ashen_hollow.kera_voss=0.00:idle;npc.ashen_hollow.renn_vale=0.00:idle;npc.ashen_hollow.sel_arien=0.00:idle;npc.ashen_hollow.tavar_orr=0.00:idle
3.933,0.0167,0.67,0.00,spear_ready,Idle,npc.ashen_hollow.kera_voss=0.00:idle;npc.ashen_hollow.renn_vale=0.00:idle;npc.ashen_hollow.sel_arien=0.00:idle;npc.ashen_hollow.tavar_orr=0.00:idle
3.950,0.0167,0.00,0.00,spear_ready,Idle,npc.ashen_hollow.kera_voss=0.00:idle;npc.ashen_hollow.renn_vale=0.00:idle;npc.ashen_hollow.sel_arien=0.00:idle;npc.ashen_hollow.tavar_orr=0.00:idle
3.967,0.0167,0.33,0.00,spear_ready,Idle,npc.ashen_hollow.kera_voss=0.00:idle;npc.ashen_hollow.renn_vale=0.00:idle;npc.ashen_hollow.sel_arien=0.00:idle;npc.ashen_hollow.tavar_orr=0.00:idle
3.983,0.0167,0.67,0.00,spear_ready,Idle,npc.ashen_hollow.kera_voss=0.00:idle;npc.ashen_hollow.renn_vale=0.00:idle;npc.ashen_hollow.sel_arien=0.00:idle;npc.ashen_hollow.tavar_orr=0.00:idle
4.000,0.0167,0.00,0.00,spear_ready,Idle,npc.ashen_hollow.kera_voss=0.00:idle;npc.ashen_hollow.renn_vale=0.00:idle;npc.ashen_hollow.sel_arien=0.00:idle;npc.ashen_hollow.tavar_orr=0.00:idle
4.017,0.0167,0.33,0.00,spear_ready,Idle,npc.ashen_hollow.kera_voss=0.00:idle;npc.ashen_hollow.renn_vale=0.00:idle;npc.ashen_hollow.sel_arien=0.00:idle;npc.ashen_hollow.tavar_orr=0.00:idle
4.033,0.0167,0.67,0.00,spear_ready,Idle,npc.ashen_hollow.kera_voss=0.00:idle;npc.ashen_hollow.renn_vale=0.00:idle;npc.ashen_hollow.sel_arien=0.00:idle;npc.ashen_hollow.tavar_orr=0.00:idle
4.050,0.0167,0.00,0.00,spear_ready,Idle,npc.ashen_hollow.kera_voss=0.00:idle;npc.ashen_hollow.renn_vale=0.00:idle;npc.ashen_hollow.sel_arien=0.00:idle;npc.ashen_hollow.tavar_orr=0.00:idle
4.067,0.0167,0.33,0.00,spear_ready,Idle,npc.ashen_hollow.kera_voss=0.00:idle;npc.ashen_hollow.renn_vale=0.00:idle;npc.ashen_hollow.sel_arien=0.00:idle;npc.ashen_hollow.tavar_orr=0.00:idle
4.083,0.0167,0.67,0.00,spear_ready,Idle,npc.ashen_hollow.kera_voss=0.00:idle;npc.ashen_hollow.renn_vale=0.00:idle;npc.ashen_hollow.sel_arien=0.00:idle;npc.ashen_hollow.tavar_orr=0.00:idle
4.100,0.0167,0.00,0.00,spear_ready,Idle,npc.ashen_hollow.kera_voss=0.00:idle;npc.ashen_hollow.renn_vale=0.00:idle;npc.ashen_hollow.sel_arien=0.00:idle;npc.ashen_hollow.tavar_orr=0.00:idle
4.117,0.0167,0.33,0.00,spear_ready,Idle,npc.ashen_hollow.kera_voss=0.00:idle;npc.ashen_hollow.renn_vale=0.00:idle;npc.ashen_hollow.sel_arien=0.00:idle;npc.ashen_hollow.tavar_orr=0.00:idle
4.133,0.0167,0.67,0.00,spear_ready,Idle,npc.ashen_hollow.kera_voss=0.00:idle;npc.ashen_hollow.renn_vale=0.00:idle;npc.ashen_hollow.sel_arien=0.00:idle;npc.ashen_hollow.tavar_orr=0.00:idle
4.150,0.0167,0.00,0.00,spear_ready,Idle,npc.ashen_hollow.kera_voss=0.00:idle;npc.ashen_hollow.renn_vale=0.00:idle;npc.ashen_hollow.sel_arien=0.00:idle;npc.ashen_hollow.tavar_orr=0.00:idle
4.167,0.0167,0.33,0.00,spear_ready,Idle,npc.ashen_hollow.kera_voss=0.00:idle;npc.ashen_hollow.renn_vale=0.00:idle;npc.ashen_hollow.sel_arien=0.00:idle;npc.ashen_hollow.tavar_orr=0.00:idle
4.183,0.0167,0.67,0.00,spear_ready,Idle,npc.ashen_hollow.kera_voss=0.00:idle;npc.ashen_hollow.renn_vale=0.00:idle;npc.ashen_hollow.sel_arien=0.00:idle;npc.ashen_hollow.tavar_orr=0.00:idle
4.200,0.0167,0.00,0.00,spear_ready,Idle,npc.ashen_hollow.kera_voss=0.00:idle;npc.ashen_hollow.renn_vale=0.00:idle;npc.ashen_hollow.sel_arien=0.00:idle;npc.ashen_hollow.tavar_orr=0.00:idle
4.217,0.0167,0.33,0.00,spear_ready,Idle,npc.ashen_hollow.kera_voss=0.00:idle;npc.ashen_hollow.renn_vale=0.00:idle;npc.ashen_hollow.sel_arien=0.00:idle;npc.ashen_hollow.tavar_orr=0.00:idle
4.233,0.0167,0.67,0.00,spear_ready,Idle,npc.ashen_hollow.kera_voss=0.00:idle;npc.ashen_hollow.renn_vale=0.00:idle;npc.ashen_hollow.sel_arien=0.00:idle;npc.ashen_hollow.tavar_orr=0.00:idle
4.250,0.0167,0.00,0.00,spear_ready,Idle,npc.ashen_hollow.kera_voss=0.00:idle;npc.ashen_hollow.renn_vale=0.00:idle;npc.ashen_hollow.sel_arien=0.00:idle;npc.ashen_hollow.tavar_orr=0.00:idle
4.267,0.0167,0.33,0.00,spear_ready,Idle,npc.ashen_hollow.kera_voss=0.00:idle;npc.ashen_hollow.renn_vale=0.00:idle;npc.ashen_hollow.sel_arien=0.00:idle;npc.ashen_hollow.tavar_orr=0.00:idle
4.283,0.0167,0.67,0.00,spear_ready,Idle,npc.ashen_hollow.kera_voss=0.00:idle;npc.ashen_hollow.renn_vale=0.00:idle;npc.ashen_hollow.sel_arien=0.00:idle;npc.ashen_hollow.tavar_orr=0.00:idle
4.300,0.0167,0.00,0.00,spear_ready,Idle,npc.ashen_hollow.kera_voss=0.00:idle;npc.ashen_hollow.renn_vale=0.00:idle;npc.ashen_hollow.sel_arien=0.00:idle;npc.ashen_hollow.tavar_orr=0.00:idle
4.317,0.0167,0.33,0.00,spear_ready,Idle,npc.ashen_hollow.kera_voss=0.00:idle;npc.ashen_hollow.renn_vale=0.00:idle;npc.ashen_hollow.sel_arien=0.00:idle;npc.ashen_hollow.tavar_orr=0.00:idle
4.333,0.0167,0.67,0.00,spear_ready,Idle,npc.ashen_hollow.kera_voss=0.00:idle;npc.ashen_hollow.renn_vale=0.00:idle;npc.ashen_hollow.sel_arien=0.00:idle;npc.ashen_hollow.tavar_orr=0.00:idle
4.350,0.0167,0.00,0.00,spear_ready,Idle,npc.ashen_hollow.kera_voss=0.00:idle;npc.ashen_hollow.renn_vale=0.00:idle;npc.ashen_hollow.sel_arien=0.00:idle;npc.ashen_hollow.tavar_orr=0.00:idle
4.367,0.0167,0.33,0.00,spear_ready,Idle,npc.ashen_hollow.kera_voss=0.00:idle;npc.ashen_hollow.renn_vale=0.00:idle;npc.ashen_hollow.sel_arien=0.00:idle;npc.ashen_hollow.tavar_orr=0.00:idle
4.383,0.0167,0.67,0.00,spear_ready,Idle,npc.ashen_hollow.kera_voss=0.00:idle;npc.ashen_hollow.renn_vale=0.00:idle;npc.ashen_hollow.sel_arien=0.00:idle;npc.ashen_hollow.tavar_orr=0.00:idle
4.400,0.0167,0.00,0.00,spear_ready,Idle,npc.ashen_hollow.kera_voss=0.00:idle;npc.ashen_hollow.renn_vale=0.00:idle;npc.ashen_hollow.sel_arien=0.00:idle;npc.ashen_hollow.tavar_orr=0.00:idle
4.417,0.0167,0.33,0.00,spear_ready,Idle,npc.ashen_hollow.kera_voss=0.00:idle;npc.ashen_hollow.renn_vale=0.00:idle;npc.ashen_hollow.sel_arien=0.00:idle;npc.ashen_hollow.tavar_orr=0.00:idle
4.433,0.0167,0.67,0.00,spear_ready,Idle,npc.ashen_hollow.kera_voss=0.00:idle;npc.ashen_hollow.renn_vale=0.00:idle;npc.ashen_hollow.sel_arien=0.00:idle;npc.ashen_hollow.tavar_orr=0.00:idle
4.450,0.0167,0.00,0.00,spear_ready,Idle,npc.ashen_hollow.kera_voss=0.00:idle;npc.ashen_hollow.renn_vale=0.00:idle;npc.ashen_hollow.sel_arien=0.00:idle;npc.ashen_hollow.tavar_orr=0.00:idle
4.467,0.0167,0.33,0.00,spear_ready,Idle,npc.ashen_hollow.kera_voss=0.00:idle;npc.ashen_hollow.renn_vale=0.00:idle;npc.ashen_hollow.sel_arien=0.00:idle;npc.ashen_hollow.tavar_orr=0.00:idle
4.483,0.0167,0.67,0.00,spear_ready,Idle,npc.ashen_hollow.kera_voss=0.00:idle;npc.ashen_hollow.renn_vale=0.00:idle;npc.ashen_hollow.sel_arien=0.00:idle;npc.ashen_hollow.tavar_orr=0.00:idle
4.500,0.0167,0.00,0.00,spear_ready,Idle,npc.ashen_hollow.kera_voss=0.00:idle;npc.ashen_hollow.renn_vale=0.00:idle;npc.ashen_hollow.sel_arien=0.00:idle;npc.ashen_hollow.tavar_orr=0.00:idle
4.517,0.0167,0.33,0.00,spear_ready,Idle,npc.ashen_hollow.kera_voss=0.00:idle;npc.ashen_hollow.renn_vale=0.00:idle;npc.ashen_hollow.sel_arien=0.00:idle;npc.ashen_hollow.tavar_orr=0.00:idle
4.533,0.0167,0.67,0.00,spear_ready,Idle,npc.ashen_hollow.kera_voss=0.00:idle;npc.ashen_hollow.renn_vale=0.00:idle;npc.ashen_hollow.sel_arien=0.00:idle;npc.ashen_hollow.tavar_orr=0.00:idle
4.550,0.0167,0.00,0.00,spear_ready,Idle,npc.ashen_hollow.kera_voss=0.00:idle;npc.ashen_hollow.renn_vale=0.00:idle;npc.ashen_hollow.sel_arien=0.00:idle;npc.ashen_hollow.tavar_orr=0.00:idle
4.567,0.0167,0.33,0.30,walk,Idle,npc.ashen_hollow.kera_voss=0.00:idle;npc.ashen_hollow.renn_vale=0.00:idle;npc.ashen_hollow.sel_arien=0.00:idle;npc.ashen_hollow.tavar_orr=0.00:idle
4.583,0.0167,0.67,0.54,walk,Idle,npc.ashen_hollow.kera_voss=0.00:idle;npc.ashen_hollow.renn_vale=0.00:idle;npc.ashen_hollow.sel_arien=0.00:idle;npc.ashen_hollow.tavar_orr=0.00:idle
4.600,0.0167,0.00,0.54,walk,Idle,npc.ashen_hollow.kera_voss=0.00:idle;npc.ashen_hollow.renn_vale=0.00:idle;npc.ashen_hollow.sel_arien=0.00:idle;npc.ashen_hollow.tavar_orr=0.00:idle
4.617,0.0167,0.33,0.74,walk,Idle,npc.ashen_hollow.kera_voss=0.00:idle;npc.ashen_hollow.renn_vale=0.00:idle;npc.ashen_hollow.sel_arien=0.00:idle;npc.ashen_hollow.tavar_orr=0.00:idle
4.633,0.0167,0.67,0.90,walk,Idle,npc.ashen_hollow.kera_voss=0.00:idle;npc.ashen_hollow.renn_vale=0.00:idle;npc.ashen_hollow.sel_arien=0.00:idle;npc.ashen_hollow.tavar_orr=0.00:idle
4.650,0.0167,0.00,0.90,walk,Idle,npc.ashen_hollow.kera_voss=0.00:idle;npc.ashen_hollow.renn_vale=0.00:idle;npc.ashen_hollow.sel_arien=0.00:idle;npc.ashen_hollow.tavar_orr=0.00:idle
4.667,0.0167,0.33,1.03,walk,Idle,npc.ashen_hollow.kera_voss=0.00:idle;npc.ashen_hollow.renn_vale=0.00:idle;npc.ashen_hollow.sel_arien=0.00:idle;npc.ashen_hollow.tavar_orr=0.00:idle
4.683,0.0167,0.67,1.13,walk,Idle,npc.ashen_hollow.kera_voss=0.00:idle;npc.ashen_hollow.renn_vale=0.00:idle;npc.ashen_hollow.sel_arien=0.00:idle;npc.ashen_hollow.tavar_orr=0.00:idle
4.700,0.0167,0.00,1.13,walk,Idle,npc.ashen_hollow.kera_voss=0.00:idle;npc.ashen_hollow.renn_vale=0.00:idle;npc.ashen_hollow.sel_arien=0.00:idle;npc.ashen_hollow.tavar_orr=0.00:idle
4.717,0.0167,0.33,1.22,walk,Idle,npc.ashen_hollow.kera_voss=0.00:idle;npc.ashen_hollow.renn_vale=0.00:idle;npc.ashen_hollow.sel_arien=0.00:idle;npc.ashen_hollow.tavar_orr=0.00:idle
4.733,0.0167,0.67,1.29,walk,Idle,npc.ashen_hollow.kera_voss=0.00:idle;npc.ashen_hollow.renn_vale=0.00:idle;npc.ashen_hollow.sel_arien=0.00:idle;npc.ashen_hollow.tavar_orr=0.00:idle
4.750,0.0167,0.00,1.29,walk,Idle,npc.ashen_hollow.kera_voss=0.00:idle;npc.ashen_hollow.renn_vale=0.00:idle;npc.ashen_hollow.sel_arien=0.00:idle;npc.ashen_hollow.tavar_orr=0.00:idle
4.767,0.0167,0.33,1.35,walk,Idle,npc.ashen_hollow.kera_voss=0.00:idle;npc.ashen_hollow.renn_vale=0.00:idle;npc.ashen_hollow.sel_arien=0.00:idle;npc.ashen_hollow.tavar_orr=0.00:idle
4.783,0.0167,0.67,1.39,walk,Idle,npc.ashen_hollow.kera_voss=0.00:idle;npc.ashen_hollow.renn_vale=0.00:idle;npc.ashen_hollow.sel_arien=0.00:idle;npc.ashen_hollow.tavar_orr=0.00:idle
4.800,0.0167,0.00,1.39,walk,Idle,npc.ashen_hollow.kera_voss=0.00:idle;npc.ashen_hollow.renn_vale=0.00:idle;npc.ashen_hollow.sel_arien=0.00:idle;npc.ashen_hollow.tavar_orr=0.00:idle
4.817,0.0167,0.33,1.43,walk,Idle,npc.ashen_hollow.kera_voss=0.00:idle;npc.ashen_hollow.renn_vale=0.00:idle;npc.ashen_hollow.sel_arien=0.00:idle;npc.ashen_hollow.tavar_orr=0.00:idle
4.833,0.0167,0.67,1.46,walk,Idle,npc.ashen_hollow.kera_voss=0.00:idle;npc.ashen_hollow.renn_vale=0.00:idle;npc.ashen_hollow.sel_arien=0.00:idle;npc.ashen_hollow.tavar_orr=0.00:idle
4.850,0.0167,0.00,1.46,walk,Idle,npc.ashen_hollow.kera_voss=0.00:idle;npc.ashen_hollow.renn_vale=0.00:idle;npc.ashen_hollow.sel_arien=0.00:idle;npc.ashen_hollow.tavar_orr=0.00:idle
4.867,0.0167,0.33,1.49,walk,Idle,npc.ashen_hollow.kera_voss=0.00:idle;npc.ashen_hollow.renn_vale=0.00:idle;npc.ashen_hollow.sel_arien=0.00:idle;npc.ashen_hollow.tavar_orr=0.00:idle
4.883,0.0167,0.67,1.50,walk,Idle,npc.ashen_hollow.kera_voss=0.00:idle;npc.ashen_hollow.renn_vale=0.00:idle;npc.ashen_hollow.sel_arien=0.00:idle;npc.ashen_hollow.tavar_orr=0.00:idle
4.900,0.0167,0.00,1.50,walk,Idle,npc.ashen_hollow.kera_voss=0.00:idle;npc.ashen_hollow.renn_vale=0.00:idle;npc.ashen_hollow.sel_arien=0.00:idle;npc.ashen_hollow.tavar_orr=0.00:idle
4.917,0.0167,0.33,1.52,walk,Idle,npc.ashen_hollow.kera_voss=0.00:idle;npc.ashen_hollow.renn_vale=0.00:idle;npc.ashen_hollow.sel_arien=0.00:idle;npc.ashen_hollow.tavar_orr=0.00:idle
4.933,0.0167,0.67,1.53,walk,Idle,npc.ashen_hollow.kera_voss=0.00:idle;npc.ashen_hollow.renn_vale=0.00:idle;npc.ashen_hollow.sel_arien=0.00:idle;npc.ashen_hollow.tavar_orr=0.00:idle
4.950,0.0167,0.00,1.53,walk,Idle,npc.ashen_hollow.kera_voss=0.00:idle;npc.ashen_hollow.renn_vale=0.00:idle;npc.ashen_hollow.sel_arien=0.00:idle;npc.ashen_hollow.tavar_orr=0.00:idle
4.967,0.0167,0.33,1.55,walk,Idle,npc.ashen_hollow.kera_voss=0.00:idle;npc.ashen_hollow.renn_vale=0.00:idle;npc.ashen_hollow.sel_arien=0.00:idle;npc.ashen_hollow.tavar_orr=0.00:idle
4.983,0.0167,0.67,1.55,walk,Idle,npc.ashen_hollow.kera_voss=0.00:idle;npc.ashen_hollow.renn_vale=0.00:idle;npc.ashen_hollow.sel_arien=0.00:idle;npc.ashen_hollow.tavar_orr=0.00:idle
5.000,0.0167,0.00,1.55,walk,Idle,npc.ashen_hollow.kera_voss=0.00:idle;npc.ashen_hollow.renn_vale=0.00:idle;npc.ashen_hollow.sel_arien=0.00:idle;npc.ashen_hollow.tavar_orr=0.00:idle
5.017,0.0167,0.33,1.56,walk,Idle,npc.ashen_hollow.kera_voss=0.00:idle;npc.ashen_hollow.renn_vale=0.00:idle;npc.ashen_hollow.sel_arien=0.00:idle;npc.ashen_hollow.tavar_orr=0.00:idle
5.033,0.0167,0.67,1.56,walk,Idle,npc.ashen_hollow.kera_voss=0.00:idle;npc.ashen_hollow.renn_vale=0.00:idle;npc.ashen_hollow.sel_arien=0.00:idle;npc.ashen_hollow.tavar_orr=0.00:idle
5.050,0.0167,0.00,1.56,walk,Idle,npc.ashen_hollow.kera_voss=0.00:idle;npc.ashen_hollow.renn_vale=0.00:idle;npc.ashen_hollow.sel_arien=0.00:idle;npc.ashen_hollow.tavar_orr=0.00:idle
5.067,0.0167,0.33,1.57,walk,Idle,npc.ashen_hollow.kera_voss=0.00:idle;npc.ashen_hollow.renn_vale=0.00:idle;npc.ashen_hollow.sel_arien=0.00:idle;npc.ashen_hollow.tavar_orr=0.00:idle
5.083,0.0167,0.67,1.57,walk,Idle,npc.ashen_hollow.kera_voss=0.00:idle;npc.ashen_hollow.renn_vale=0.00:idle;npc.ashen_hollow.sel_arien=0.00:idle;npc.ashen_hollow.tavar_orr=0.00:idle
5.100,0.0167,0.00,1.57,walk,Idle,npc.ashen_hollow.kera_voss=0.00:idle;npc.ashen_hollow.renn_vale=0.00:idle;npc.ashen_hollow.sel_arien=0.00:idle;npc.ashen_hollow.tavar_orr=0.00:idle
5.117,0.0167,0.33,1.58,walk,Idle,npc.ashen_hollow.kera_voss=0.00:idle;npc.ashen_hollow.renn_vale=0.00:idle;npc.ashen_hollow.sel_arien=0.00:idle;npc.ashen_hollow.tavar_orr=0.00:idle
5.133,0.0167,0.67,1.58,walk,Idle,npc.ashen_hollow.kera_voss=0.00:idle;npc.ashen_hollow.renn_vale=0.00:idle;npc.ashen_hollow.sel_arien=0.00:idle;npc.ashen_hollow.tavar_orr=0.00:idle
5.150,0.0167,0.00,1.58,walk,Idle,npc.ashen_hollow.kera_voss=0.00:idle;npc.ashen_hollow.renn_vale=0.00:idle;npc.ashen_hollow.sel_arien=0.00:idle;npc.ashen_hollow.tavar_orr=0.00:idle
5.167,0.0167,0.33,1.58,walk,Idle,npc.ashen_hollow.kera_voss=0.00:idle;npc.ashen_hollow.renn_vale=0.00:idle;npc.ashen_hollow.sel_arien=0.00:idle;npc.ashen_hollow.tavar_orr=0.00:idle
5.183,0.0167,0.67,1.58,walk,Idle,npc.ashen_hollow.kera_voss=0.00:idle;npc.ashen_hollow.renn_vale=0.00:idle;npc.ashen_hollow.sel_arien=0.00:idle;npc.ashen_hollow.tavar_orr=0.00:idle
5.200,0.0167,0.00,1.58,walk,Idle,npc.ashen_hollow.kera_voss=0.00:idle;npc.ashen_hollow.renn_vale=0.00:idle;npc.ashen_hollow.sel_arien=0.00:idle;npc.ashen_hollow.tavar_orr=0.00:idle
5.217,0.0167,0.33,1.59,walk,Idle,npc.ashen_hollow.kera_voss=0.00:idle;npc.ashen_hollow.renn_vale=0.00:idle;npc.ashen_hollow.sel_arien=0.00:idle;npc.ashen_hollow.tavar_orr=0.00:idle
5.233,0.0167,0.67,1.58,walk,Idle,npc.ashen_hollow.kera_voss=0.00:idle;npc.ashen_hollow.renn_vale=0.00:idle;npc.ashen_hollow.sel_arien=0.00:idle;npc.ashen_hollow.tavar_orr=0.00:idle
5.250,0.0167,0.00,1.58,walk,Idle,npc.ashen_hollow.kera_voss=0.00:idle;npc.ashen_hollow.renn_vale=0.00:idle;npc.ashen_hollow.sel_arien=0.00:idle;npc.ashen_hollow.tavar_orr=0.00:idle
5.267,0.0167,0.33,1.59,walk,Idle,npc.ashen_hollow.kera_voss=0.00:idle;npc.ashen_hollow.renn_vale=0.00:idle;npc.ashen_hollow.sel_arien=0.00:idle;npc.ashen_hollow.tavar_orr=0.00:idle
5.283,0.0167,0.67,1.58,walk,Idle,npc.ashen_hollow.kera_voss=0.00:idle;npc.ashen_hollow.renn_vale=0.00:idle;npc.ashen_hollow.sel_arien=0.00:idle;npc.ashen_hollow.tavar_orr=0.00:idle
5.300,0.0167,0.00,1.58,walk,Idle,npc.ashen_hollow.kera_voss=0.00:idle;npc.ashen_hollow.renn_vale=0.00:idle;npc.ashen_hollow.sel_arien=0.00:idle;npc.ashen_hollow.tavar_orr=0.00:idle
5.317,0.0167,0.33,1.59,walk,Idle,npc.ashen_hollow.kera_voss=0.00:idle;npc.ashen_hollow.renn_vale=0.00:idle;npc.ashen_hollow.sel_arien=0.00:idle;npc.ashen_hollow.tavar_orr=0.00:idle
5.333,0.0167,0.67,1.59,walk,Idle,npc.ashen_hollow.kera_voss=0.00:idle;npc.ashen_hollow.renn_vale=0.00:idle;npc.ashen_hollow.sel_arien=0.00:idle;npc.ashen_hollow.tavar_orr=0.00:idle
5.350,0.0167,0.00,1.59,walk,Idle,npc.ashen_hollow.kera_voss=0.00:idle;npc.ashen_hollow.renn_vale=0.00:idle;npc.ashen_hollow.sel_arien=0.00:idle;npc.ashen_hollow.tavar_orr=0.00:idle
5.367,0.0167,0.33,1.59,walk,Idle,npc.ashen_hollow.kera_voss=0.00:idle;npc.ashen_hollow.renn_vale=0.00:idle;npc.ashen_hollow.sel_arien=0.00:idle;npc.ashen_hollow.tavar_orr=0.00:idle
5.383,0.0167,0.67,1.59,walk,Idle,npc.ashen_hollow.kera_voss=0.00:idle;npc.ashen_hollow.renn_vale=0.00:idle;npc.ashen_hollow.sel_arien=0.00:idle;npc.ashen_hollow.tavar_orr=0.00:idle
5.400,0.0167,0.00,1.59,walk,Idle,npc.ashen_hollow.kera_voss=0.00:idle;npc.ashen_hollow.renn_vale=0.00:idle;npc.ashen_hollow.sel_arien=0.00:idle;npc.ashen_hollow.tavar_orr=0.00:idle
5.417,0.0167,0.33,1.59,walk,Idle,npc.ashen_hollow.kera_voss=0.00:idle;npc.ashen_hollow.renn_vale=0.00:idle;npc.ashen_hollow.sel_arien=0.00:idle;npc.ashen_hollow.tavar_orr=0.00:idle
5.433,0.0167,0.67,1.59,walk,Idle,npc.ashen_hollow.kera_voss=0.00:idle;npc.ashen_hollow.renn_vale=0.00:idle;npc.ashen_hollow.sel_arien=0.00:idle;npc.ashen_hollow.tavar_orr=0.00:idle
5.450,0.0167,0.00,1.59,walk,Idle,npc.ashen_hollow.kera_voss=0.00:idle;npc.ashen_hollow.renn_vale=0.00:idle;npc.ashen_hollow.sel_arien=0.00:idle;npc.ashen_hollow.tavar_orr=0.00:idle
5.467,0.0167,0.33,1.59,walk,Idle,npc.ashen_hollow.kera_voss=0.00:idle;npc.ashen_hollow.renn_vale=0.00:idle;npc.ashen_hollow.sel_arien=0.00:idle;npc.ashen_hollow.tavar_orr=0.00:idle
5.483,0.0167,0.67,1.59,walk,Idle,npc.ashen_hollow.kera_voss=0.00:idle;npc.ashen_hollow.renn_vale=0.00:idle;npc.ashen_hollow.sel_arien=0.00:idle;npc.ashen_hollow.tavar_orr=0.00:idle
5.500,0.0167,0.00,1.59,walk,Idle,npc.ashen_hollow.kera_voss=0.00:idle;npc.ashen_hollow.renn_vale=0.00:idle;npc.ashen_hollow.sel_arien=0.00:idle;npc.ashen_hollow.tavar_orr=0.00:idle
5.517,0.0167,0.33,1.59,walk,Idle,npc.ashen_hollow.kera_voss=0.00:idle;npc.ashen_hollow.renn_vale=0.00:idle;npc.ashen_hollow.sel_arien=0.00:idle;npc.ashen_hollow.tavar_orr=0.00:idle
5.533,0.0167,0.67,1.59,walk,Idle,npc.ashen_hollow.kera_voss=0.00:idle;npc.ashen_hollow.renn_vale=0.00:idle;npc.ashen_hollow.sel_arien=0.00:idle;npc.ashen_hollow.tavar_orr=0.00:idle
5.550,0.0167,0.00,1.59,walk,Idle,npc.ashen_hollow.kera_voss=0.00:idle;npc.ashen_hollow.renn_vale=0.00:idle;npc.ashen_hollow.sel_arien=0.00:idle;npc.ashen_hollow.tavar_orr=0.00:idle
5.567,0.0167,0.33,1.59,walk,Idle,npc.ashen_hollow.kera_voss=0.00:idle;npc.ashen_hollow.renn_vale=0.00:idle;npc.ashen_hollow.sel_arien=0.00:idle;npc.ashen_hollow.tavar_orr=0.00:idle
5.583,0.0167,0.67,1.59,walk,Idle,npc.ashen_hollow.kera_voss=0.00:idle;npc.ashen_hollow.renn_vale=0.00:idle;npc.ashen_hollow.sel_arien=0.00:idle;npc.ashen_hollow.tavar_orr=0.00:idle
5.600,0.0167,0.00,1.59,walk,Idle,npc.ashen_hollow.kera_voss=0.00:idle;npc.ashen_hollow.renn_vale=0.00:idle;npc.ashen_hollow.sel_arien=0.00:idle;npc.ashen_hollow.tavar_orr=0.00:idle
5.617,0.0167,0.33,1.59,walk,Idle,npc.ashen_hollow.kera_voss=0.00:idle;npc.ashen_hollow.renn_vale=0.00:idle;npc.ashen_hollow.sel_arien=0.00:idle;npc.ashen_hollow.tavar_orr=0.00:idle
5.633,0.0167,0.67,1.59,walk,Idle,npc.ashen_hollow.kera_voss=0.00:idle;npc.ashen_hollow.renn_vale=0.00:idle;npc.ashen_hollow.sel_arien=0.00:idle;npc.ashen_hollow.tavar_orr=0.00:idle
5.650,0.0167,0.00,1.59,walk,Idle,npc.ashen_hollow.kera_voss=0.00:idle;npc.ashen_hollow.renn_vale=0.00:idle;npc.ashen_hollow.sel_arien=0.00:idle;npc.ashen_hollow.tavar_orr=0.00:idle
5.667,0.0167,0.33,1.59,walk,Idle,npc.ashen_hollow.kera_voss=0.00:idle;npc.ashen_hollow.renn_vale=0.00:idle;npc.ashen_hollow.sel_arien=0.00:idle;npc.ashen_hollow.tavar_orr=0.00:idle
5.683,0.0167,0.67,1.59,walk,Idle,npc.ashen_hollow.kera_voss=0.00:idle;npc.ashen_hollow.renn_vale=0.00:idle;npc.ashen_hollow.sel_arien=0.00:idle;npc.ashen_hollow.tavar_orr=0.00:idle
5.700,0.0167,0.00,1.59,walk,Idle,npc.ashen_hollow.kera_voss=0.00:idle;npc.ashen_hollow.renn_vale=0.00:idle;npc.ashen_hollow.sel_arien=0.00:idle;npc.ashen_hollow.tavar_orr=0.00:idle
5.717,0.0167,0.33,1.59,walk,Idle,npc.ashen_hollow.kera_voss=0.00:idle;npc.ashen_hollow.renn_vale=0.00:idle;npc.ashen_hollow.sel_arien=0.00:idle;npc.ashen_hollow.tavar_orr=0.00:idle
5.733,0.0167,0.67,1.59,walk,Idle,npc.ashen_hollow.kera_voss=0.00:idle;npc.ashen_hollow.renn_vale=0.00:idle;npc.ashen_hollow.sel_arien=0.00:idle;npc.ashen_hollow.tavar_orr=0.00:idle
5.750,0.0167,0.00,1.59,walk,Idle,npc.ashen_hollow.kera_voss=0.00:idle;npc.ashen_hollow.renn_vale=0.00:idle;npc.ashen_hollow.sel_arien=0.00:idle;npc.ashen_hollow.tavar_orr=0.00:idle
5.767,0.0167,0.33,1.59,walk,Idle,npc.ashen_hollow.kera_voss=0.00:idle;npc.ashen_hollow.renn_vale=0.00:idle;npc.ashen_hollow.sel_arien=0.00:idle;npc.ashen_hollow.tavar_orr=0.00:idle
5.783,0.0167,0.67,1.59,walk,Idle,npc.ashen_hollow.kera_voss=0.00:idle;npc.ashen_hollow.renn_vale=0.00:idle;npc.ashen_hollow.sel_arien=0.00:idle;npc.ashen_hollow.tavar_orr=0.00:idle
5.800,0.0167,0.00,1.59,walk,Idle,npc.ashen_hollow.kera_voss=0.00:idle;npc.ashen_hollow.renn_vale=0.00:idle;npc.ashen_hollow.sel_arien=0.00:idle;npc.ashen_hollow.tavar_orr=0.00:idle
5.817,0.0167,0.33,1.59,walk,Idle,npc.ashen_hollow.kera_voss=0.00:idle;npc.ashen_hollow.renn_vale=0.00:idle;npc.ashen_hollow.sel_arien=0.00:idle;npc.ashen_hollow.tavar_orr=0.00:idle
5.833,0.0167,0.67,1.59,walk,Idle,npc.ashen_hollow.kera_voss=0.00:idle;npc.ashen_hollow.renn_vale=0.00:idle;npc.ashen_hollow.sel_arien=0.00:idle;npc.ashen_hollow.tavar_orr=0.00:idle
5.850,0.0167,0.00,1.59,walk,Idle,npc.ashen_hollow.kera_voss=0.00:idle;npc.ashen_hollow.renn_vale=0.00:idle;npc.ashen_hollow.sel_arien=0.00:idle;npc.ashen_hollow.tavar_orr=0.00:idle
5.867,0.0167,0.33,1.59,walk,Idle,npc.ashen_hollow.kera_voss=0.00:idle;npc.ashen_hollow.renn_vale=0.00:idle;npc.ashen_hollow.sel_arien=0.00:idle;npc.ashen_hollow.tavar_orr=0.00:idle
5.883,0.0167,0.67,1.59,walk,Idle,npc.ashen_hollow.kera_voss=0.00:idle;npc.ashen_hollow.renn_vale=0.00:idle;npc.ashen_hollow.sel_arien=0.00:idle;npc.ashen_hollow.tavar_orr=0.00:idle
5.900,0.0167,0.00,1.59,walk,Idle,npc.ashen_hollow.kera_voss=0.00:idle;npc.ashen_hollow.renn_vale=0.00:idle;npc.ashen_hollow.sel_arien=0.00:idle;npc.ashen_hollow.tavar_orr=0.00:idle
5.917,0.0167,0.33,1.59,walk,Idle,npc.ashen_hollow.kera_voss=0.00:idle;npc.ashen_hollow.renn_vale=0.00:idle;npc.ashen_hollow.sel_arien=0.00:idle;npc.ashen_hollow.tavar_orr=0.00:idle
5.933,0.0167,0.67,1.59,walk,Idle,npc.ashen_hollow.kera_voss=0.00:idle;npc.ashen_hollow.renn_vale=0.00:idle;npc.ashen_hollow.sel_arien=0.00:idle;npc.ashen_hollow.tavar_orr=0.00:idle
5.950,0.0167,0.00,1.59,walk,Idle,npc.ashen_hollow.kera_voss=0.00:idle;npc.ashen_hollow.renn_vale=0.00:idle;npc.ashen_hollow.sel_arien=0.00:idle;npc.ashen_hollow.tavar_orr=0.00:idle
5.967,0.0167,0.33,1.59,walk,Idle,npc.ashen_hollow.kera_voss=0.00:idle;npc.ashen_hollow.renn_vale=0.00:idle;npc.ashen_hollow.sel_arien=0.00:idle;npc.ashen_hollow.tavar_orr=0.00:idle
5.983,0.0167,0.67,1.59,walk,Idle,npc.ashen_hollow.kera_voss=0.00:idle;npc.ashen_hollow.renn_vale=0.00:idle;npc.ashen_hollow.sel_arien=0.00:idle;npc.ashen_hollow.tavar_orr=0.00:idle
6.000,0.0167,0.00,1.59,walk,Idle,npc.ashen_hollow.kera_voss=0.00:idle;npc.ashen_hollow.renn_vale=0.00:idle;npc.ashen_hollow.sel_arien=0.00:idle;npc.ashen_hollow.tavar_orr=0.00:idle
6.017,0.0167,0.33,1.59,walk,Idle,npc.ashen_hollow.kera_voss=0.00:idle;npc.ashen_hollow.renn_vale=0.00:idle;npc.ashen_hollow.sel_arien=0.00:idle;npc.ashen_hollow.tavar_orr=0.00:idle
6.033,0.0167,0.67,1.59,walk,Idle,npc.ashen_hollow.kera_voss=0.00:idle;npc.ashen_hollow.renn_vale=0.00:idle;npc.ashen_hollow.sel_arien=0.00:idle;npc.ashen_hollow.tavar_orr=0.00:idle
6.050,0.0167,0.00,1.59,walk,Idle,npc.ashen_hollow.kera_voss=0.00:idle;npc.ashen_hollow.renn_vale=0.00:idle;npc.ashen_hollow.sel_arien=0.00:idle;npc.ashen_hollow.tavar_orr=0.00:idle
6.067,0.0167,0.33,1.59,walk,Idle,npc.ashen_hollow.kera_voss=0.00:idle;npc.ashen_hollow.renn_vale=0.00:idle;npc.ashen_hollow.sel_arien=0.00:idle;npc.ashen_hollow.tavar_orr=0.00:idle
6.083,0.0167,0.67,1.59,walk,Idle,npc.ashen_hollow.kera_voss=0.00:idle;npc.ashen_hollow.renn_vale=0.00:idle;npc.ashen_hollow.sel_arien=0.00:idle;npc.ashen_hollow.tavar_orr=0.00:idle
6.100,0.0167,0.00,1.59,walk,Idle,npc.ashen_hollow.kera_voss=0.00:idle;npc.ashen_hollow.renn_vale=0.00:idle;npc.ashen_hollow.sel_arien=0.00:idle;npc.ashen_hollow.tavar_orr=0.00:idle
6.117,0.0167,0.33,1.59,walk,Idle,npc.ashen_hollow.kera_voss=0.00:idle;npc.ashen_hollow.renn_vale=0.00:idle;npc.ashen_hollow.sel_arien=0.00:idle;npc.ashen_hollow.tavar_orr=0.00:idle
6.133,0.0167,0.67,1.59,walk,Idle,npc.ashen_hollow.kera_voss=0.00:idle;npc.ashen_hollow.renn_vale=0.00:idle;npc.ashen_hollow.sel_arien=0.00:idle;npc.ashen_hollow.tavar_orr=0.00:idle
6.150,0.0167,0.00,1.59,walk,Idle,npc.ashen_hollow.kera_voss=0.00:idle;npc.ashen_hollow.renn_vale=0.00:idle;npc.ashen_hollow.sel_arien=0.00:idle;npc.ashen_hollow.tavar_orr=0.00:idle
6.167,0.0167,0.33,1.59,walk,Idle,npc.ashen_hollow.kera_voss=0.00:idle;npc.ashen_hollow.renn_vale=0.00:idle;npc.ashen_hollow.sel_arien=0.00:idle;npc.ashen_hollow.tavar_orr=0.00:idle
6.183,0.0167,0.67,1.59,walk,Idle,npc.ashen_hollow.kera_voss=0.00:idle;npc.ashen_hollow.renn_vale=0.00:idle;npc.ashen_hollow.sel_arien=0.00:idle;npc.ashen_hollow.tavar_orr=0.00:idle
6.200,0.0167,0.00,1.59,walk,Idle,npc.ashen_hollow.kera_voss=0.00:idle;npc.ashen_hollow.renn_vale=0.00:idle;npc.ashen_hollow.sel_arien=0.00:idle;npc.ashen_hollow.tavar_orr=0.00:idle
6.217,0.0167,0.33,1.59,walk,Idle,npc.ashen_hollow.kera_voss=0.00:idle;npc.ashen_hollow.renn_vale=0.00:idle;npc.ashen_hollow.sel_arien=0.00:idle;npc.ashen_hollow.tavar_orr=0.00:idle
6.233,0.0167,0.67,1.59,walk,Idle,npc.ashen_hollow.kera_voss=0.00:idle;npc.ashen_hollow.renn_vale=0.00:idle;npc.ashen_hollow.sel_arien=0.00:idle;npc.ashen_hollow.tavar_orr=0.00:idle
6.250,0.0167,0.00,1.59,walk,Idle,npc.ashen_hollow.kera_voss=0.00:idle;npc.ashen_hollow.renn_vale=0.00:idle;npc.ashen_hollow.sel_arien=0.00:idle;npc.ashen_hollow.tavar_orr=0.00:idle
6.267,0.0167,0.33,1.59,walk,Idle,npc.ashen_hollow.kera_voss=0.00:idle;npc.ashen_hollow.renn_vale=0.00:idle;npc.ashen_hollow.sel_arien=0.00:idle;npc.ashen_hollow.tavar_orr=0.00:idle
6.283,0.0167,0.67,1.59,walk,Idle,npc.ashen_hollow.kera_voss=0.00:idle;npc.ashen_hollow.renn_vale=0.00:idle;npc.ashen_hollow.sel_arien=0.00:idle;npc.ashen_hollow.tavar_orr=0.00:idle
6.300,0.0167,0.00,1.59,walk,Idle,npc.ashen_hollow.kera_voss=0.00:idle;npc.ashen_hollow.renn_vale=0.00:idle;npc.ashen_hollow.sel_arien=0.00:idle;npc.ashen_hollow.tavar_orr=0.00:idle
6.317,0.0167,0.33,1.59,walk,Idle,npc.ashen_hollow.kera_voss=0.00:idle;npc.ashen_hollow.renn_vale=0.00:idle;npc.ashen_hollow.sel_arien=0.00:idle;npc.ashen_hollow.tavar_orr=0.00:idle
6.333,0.0167,0.67,1.59,walk,Idle,npc.ashen_hollow.kera_voss=0.00:idle;npc.ashen_hollow.renn_vale=0.00:idle;npc.ashen_hollow.sel_arien=0.00:idle;npc.ashen_hollow.tavar_orr=0.00:idle
6.350,0.0167,0.00,1.59,walk,Idle,npc.ashen_hollow.kera_voss=0.00:idle;npc.ashen_hollow.renn_vale=0.00:idle;npc.ashen_hollow.sel_arien=0.00:idle;npc.ashen_hollow.tavar_orr=0.00:idle
6.367,0.0167,0.33,1.59,walk,Idle,npc.ashen_hollow.kera_voss=0.00:idle;npc.ashen_hollow.renn_vale=0.00:idle;npc.ashen_hollow.sel_arien=0.00:idle;npc.ashen_hollow.tavar_orr=0.00:idle
6.383,0.0167,0.67,1.59,walk,Idle,npc.ashen_hollow.kera_voss=0.00:idle;npc.ashen_hollow.renn_vale=0.00:idle;npc.ashen_hollow.sel_arien=0.00:idle;npc.ashen_hollow.tavar_orr=0.00:idle
6.400,0.0167,0.00,1.59,walk,Idle,npc.ashen_hollow.kera_voss=0.00:idle;npc.ashen_hollow.renn_vale=0.00:idle;npc.ashen_hollow.sel_arien=0.00:idle;npc.ashen_hollow.tavar_orr=0.00:idle
6.417,0.0167,0.33,1.59,walk,Idle,npc.ashen_hollow.kera_voss=0.00:idle;npc.ashen_hollow.renn_vale=0.00:idle;npc.ashen_hollow.sel_arien=0.00:idle;npc.ashen_hollow.tavar_orr=0.00:idle
6.433,0.0167,0.67,1.59,walk,Idle,npc.ashen_hollow.kera_voss=0.00:idle;npc.ashen_hollow.renn_vale=0.00:idle;npc.ashen_hollow.sel_arien=0.00:idle;npc.ashen_hollow.tavar_orr=0.00:idle
6.450,0.0167,0.00,1.59,walk,Idle,npc.ashen_hollow.kera_voss=0.00:idle;npc.ashen_hollow.renn_vale=0.00:idle;npc.ashen_hollow.sel_arien=0.00:idle;npc.ashen_hollow.tavar_orr=0.00:idle
6.467,0.0167,0.33,1.59,walk,Idle,npc.ashen_hollow.kera_voss=0.00:idle;npc.ashen_hollow.renn_vale=0.00:idle;npc.ashen_hollow.sel_arien=0.00:idle;npc.ashen_hollow.tavar_orr=0.00:idle
6.483,0.0167,0.67,1.59,walk,Idle,npc.ashen_hollow.kera_voss=0.00:idle;npc.ashen_hollow.renn_vale=0.00:idle;npc.ashen_hollow.sel_arien=0.00:idle;npc.ashen_hollow.tavar_orr=0.00:idle
6.500,0.0167,0.00,1.59,walk,Idle,npc.ashen_hollow.kera_voss=0.00:idle;npc.ashen_hollow.renn_vale=0.00:idle;npc.ashen_hollow.sel_arien=0.00:idle;npc.ashen_hollow.tavar_orr=0.00:idle
6.517,0.0167,0.33,1.59,walk,Idle,npc.ashen_hollow.kera_voss=0.00:idle;npc.ashen_hollow.renn_vale=0.00:idle;npc.ashen_hollow.sel_arien=0.00:idle;npc.ashen_hollow.tavar_orr=0.00:idle
6.533,0.0167,0.67,1.59,walk,Idle,npc.ashen_hollow.kera_voss=0.00:idle;npc.ashen_hollow.renn_vale=0.00:idle;npc.ashen_hollow.sel_arien=0.00:idle;npc.ashen_hollow.tavar_orr=0.00:idle
6.550,0.0167,0.00,1.59,walk,Idle,npc.ashen_hollow.kera_voss=0.00:idle;npc.ashen_hollow.renn_vale=0.00:idle;npc.ashen_hollow.sel_arien=0.00:idle;npc.ashen_hollow.tavar_orr=0.00:idle
6.567,0.0167,0.33,1.59,walk,Idle,npc.ashen_hollow.kera_voss=0.00:idle;npc.ashen_hollow.renn_vale=0.00:idle;npc.ashen_hollow.sel_arien=0.00:idle;npc.ashen_hollow.tavar_orr=0.00:idle
6.583,0.0167,0.67,1.59,walk,Idle,npc.ashen_hollow.kera_voss=0.00:idle;npc.ashen_hollow.renn_vale=0.00:idle;npc.ashen_hollow.sel_arien=0.00:idle;npc.ashen_hollow.tavar_orr=0.00:idle
6.600,0.0167,0.00,1.59,walk,Idle,npc.ashen_hollow.kera_voss=0.00:idle;npc.ashen_hollow.renn_vale=0.00:idle;npc.ashen_hollow.sel_arien=0.00:idle;npc.ashen_hollow.tavar_orr=0.00:idle
6.617,0.0167,0.33,1.59,walk,Idle,npc.ashen_hollow.kera_voss=0.00:idle;npc.ashen_hollow.renn_vale=0.00:idle;npc.ashen_hollow.sel_arien=0.00:idle;npc.ashen_hollow.tavar_orr=0.00:idle
6.633,0.0167,0.67,1.59,walk,Idle,npc.ashen_hollow.kera_voss=0.00:idle;npc.ashen_hollow.renn_vale=0.00:idle;npc.ashen_hollow.sel_arien=0.00:idle;npc.ashen_hollow.tavar_orr=0.00:idle
6.650,0.0167,0.00,1.59,walk,Idle,npc.ashen_hollow.kera_voss=0.00:idle;npc.ashen_hollow.renn_vale=0.00:idle;npc.ashen_hollow.sel_arien=0.00:idle;npc.ashen_hollow.tavar_orr=0.00:idle
6.667,0.0167,0.33,1.59,walk,Idle,npc.ashen_hollow.kera_voss=0.00:idle;npc.ashen_hollow.renn_vale=0.00:idle;npc.ashen_hollow.sel_arien=0.00:idle;npc.ashen_hollow.tavar_orr=0.00:idle
6.683,0.0167,0.67,1.59,walk,Idle,npc.ashen_hollow.kera_voss=0.00:idle;npc.ashen_hollow.renn_vale=0.00:idle;npc.ashen_hollow.sel_arien=0.00:idle;npc.ashen_hollow.tavar_orr=0.00:idle
6.700,0.0167,0.00,1.59,walk,Idle,npc.ashen_hollow.kera_voss=0.00:idle;npc.ashen_hollow.renn_vale=0.00:idle;npc.ashen_hollow.sel_arien=0.00:idle;npc.ashen_hollow.tavar_orr=0.00:idle
6.717,0.0167,0.33,1.59,walk,Idle,npc.ashen_hollow.kera_voss=0.00:idle;npc.ashen_hollow.renn_vale=0.00:idle;npc.ashen_hollow.sel_arien=0.00:idle;npc.ashen_hollow.tavar_orr=0.00:idle
6.733,0.0167,0.67,1.59,walk,Idle,npc.ashen_hollow.kera_voss=0.00:idle;npc.ashen_hollow.renn_vale=0.00:idle;npc.ashen_hollow.sel_arien=0.00:idle;npc.ashen_hollow.tavar_orr=0.00:idle
6.750,0.0167,0.00,1.59,walk,Idle,npc.ashen_hollow.kera_voss=0.00:idle;npc.ashen_hollow.renn_vale=0.00:idle;npc.ashen_hollow.sel_arien=0.00:idle;npc.ashen_hollow.tavar_orr=0.00:idle
6.767,0.0167,0.33,1.59,walk,Idle,npc.ashen_hollow.kera_voss=0.00:idle;npc.ashen_hollow.renn_vale=0.00:idle;npc.ashen_hollow.sel_arien=0.00:idle;npc.ashen_hollow.tavar_orr=0.00:idle
6.783,0.0167,0.67,1.59,walk,Idle,npc.ashen_hollow.kera_voss=0.00:idle;npc.ashen_hollow.renn_vale=0.00:idle;npc.ashen_hollow.sel_arien=0.00:idle;npc.ashen_hollow.tavar_orr=0.00:idle
6.800,0.0167,0.00,1.59,walk,Idle,npc.ashen_hollow.kera_voss=0.00:idle;npc.ashen_hollow.renn_vale=0.00:idle;npc.ashen_hollow.sel_arien=0.00:idle;npc.ashen_hollow.tavar_orr=0.00:idle
6.817,0.0167,0.33,1.59,walk,Idle,npc.ashen_hollow.kera_voss=0.00:idle;npc.ashen_hollow.renn_vale=0.00:idle;npc.ashen_hollow.sel_arien=0.00:idle;npc.ashen_hollow.tavar_orr=0.00:idle
6.833,0.0167,0.67,1.59,walk,Idle,npc.ashen_hollow.kera_voss=0.00:idle;npc.ashen_hollow.renn_vale=0.00:idle;npc.ashen_hollow.sel_arien=0.00:idle;npc.ashen_hollow.tavar_orr=0.00:idle
6.850,0.0167,0.00,1.59,walk,Idle,npc.ashen_hollow.kera_voss=0.00:idle;npc.ashen_hollow.renn_vale=0.00:idle;npc.ashen_hollow.sel_arien=0.00:idle;npc.ashen_hollow.tavar_orr=0.00:idle
6.867,0.0167,0.33,1.59,walk,Idle,npc.ashen_hollow.kera_voss=0.00:idle;npc.ashen_hollow.renn_vale=0.00:idle;npc.ashen_hollow.sel_arien=0.00:idle;npc.ashen_hollow.tavar_orr=0.00:idle
6.883,0.0167,0.67,1.59,walk,Idle,npc.ashen_hollow.kera_voss=0.00:idle;npc.ashen_hollow.renn_vale=0.00:idle;npc.ashen_hollow.sel_arien=0.00:idle;npc.ashen_hollow.tavar_orr=0.00:idle
6.900,0.0167,0.00,1.59,walk,Idle,npc.ashen_hollow.kera_voss=0.00:idle;npc.ashen_hollow.renn_vale=0.00:idle;npc.ashen_hollow.sel_arien=0.00:idle;npc.ashen_hollow.tavar_orr=0.00:idle
6.917,0.0167,0.33,1.59,walk,Idle,npc.ashen_hollow.kera_voss=0.00:idle;npc.ashen_hollow.renn_vale=0.00:idle;npc.ashen_hollow.sel_arien=0.00:idle;npc.ashen_hollow.tavar_orr=0.00:idle
6.933,0.0167,0.67,1.59,walk,Idle,npc.ashen_hollow.kera_voss=0.00:idle;npc.ashen_hollow.renn_vale=0.00:idle;npc.ashen_hollow.sel_arien=0.00:idle;npc.ashen_hollow.tavar_orr=0.00:idle
6.950,0.0167,0.00,1.59,walk,Idle,npc.ashen_hollow.kera_voss=0.00:idle;npc.ashen_hollow.renn_vale=0.00:idle;npc.ashen_hollow.sel_arien=0.00:idle;npc.ashen_hollow.tavar_orr=0.00:idle
6.967,0.0167,0.33,1.59,walk,Idle,npc.ashen_hollow.kera_voss=0.00:idle;npc.ashen_hollow.renn_vale=0.00:idle;npc.ashen_hollow.sel_arien=0.00:idle;npc.ashen_hollow.tavar_orr=0.00:idle
6.983,0.0167,0.67,1.59,walk,Idle,npc.ashen_hollow.kera_voss=0.00:idle;npc.ashen_hollow.renn_vale=0.00:idle;npc.ashen_hollow.sel_arien=0.00:idle;npc.ashen_hollow.tavar_orr=0.00:idle
7.000,0.0167,0.00,1.59,walk,Idle,npc.ashen_hollow.kera_voss=0.00:idle;npc.ashen_hollow.renn_vale=0.00:idle;npc.ashen_hollow.sel_arien=0.00:idle;npc.ashen_hollow.tavar_orr=0.00:idle
7.017,0.0167,0.33,1.59,walk,Idle,npc.ashen_hollow.kera_voss=0.00:idle;npc.ashen_hollow.renn_vale=0.00:idle;npc.ashen_hollow.sel_arien=0.00:idle;npc.ashen_hollow.tavar_orr=0.00:idle
7.033,0.0167,0.67,1.59,walk,Idle,npc.ashen_hollow.kera_voss=0.00:idle;npc.ashen_hollow.renn_vale=0.00:idle;npc.ashen_hollow.sel_arien=0.00:idle;npc.ashen_hollow.tavar_orr=0.00:idle
7.050,0.0167,0.00,1.59,walk,Idle,npc.ashen_hollow.kera_voss=0.00:idle;npc.ashen_hollow.renn_vale=0.00:idle;npc.ashen_hollow.sel_arien=0.00:idle;npc.ashen_hollow.tavar_orr=0.00:idle
7.067,0.0167,0.33,1.59,walk,Idle,npc.ashen_hollow.kera_voss=0.00:idle;npc.ashen_hollow.renn_vale=0.00:idle;npc.ashen_hollow.sel_arien=0.00:idle;npc.ashen_hollow.tavar_orr=0.00:idle
7.083,0.0167,0.67,1.59,walk,Idle,npc.ashen_hollow.kera_voss=0.00:idle;npc.ashen_hollow.renn_vale=0.00:idle;npc.ashen_hollow.sel_arien=0.00:idle;npc.ashen_hollow.tavar_orr=0.00:idle
7.100,0.0167,0.00,1.59,walk,Idle,npc.ashen_hollow.kera_voss=0.00:idle;npc.ashen_hollow.renn_vale=0.00:idle;npc.ashen_hollow.sel_arien=0.00:idle;npc.ashen_hollow.tavar_orr=0.00:idle
7.117,0.0167,0.33,1.59,walk,Idle,npc.ashen_hollow.kera_voss=0.00:idle;npc.ashen_hollow.renn_vale=0.00:idle;npc.ashen_hollow.sel_arien=0.00:idle;npc.ashen_hollow.tavar_orr=0.00:idle
7.133,0.0167,0.67,1.59,walk,Idle,npc.ashen_hollow.kera_voss=0.00:idle;npc.ashen_hollow.renn_vale=0.00:idle;npc.ashen_hollow.sel_arien=0.00:idle;npc.ashen_hollow.tavar_orr=0.00:idle
7.150,0.0167,0.00,1.59,walk,Idle,npc.ashen_hollow.kera_voss=0.00:idle;npc.ashen_hollow.renn_vale=0.00:idle;npc.ashen_hollow.sel_arien=0.00:idle;npc.ashen_hollow.tavar_orr=0.00:idle
7.167,0.0167,0.33,1.59,walk,Idle,npc.ashen_hollow.kera_voss=0.00:idle;npc.ashen_hollow.renn_vale=0.00:idle;npc.ashen_hollow.sel_arien=0.00:idle;npc.ashen_hollow.tavar_orr=0.00:idle
7.183,0.0167,0.67,1.59,walk,Idle,npc.ashen_hollow.kera_voss=0.00:idle;npc.ashen_hollow.renn_vale=0.00:idle;npc.ashen_hollow.sel_arien=0.00:idle;npc.ashen_hollow.tavar_orr=0.00:idle
7.200,0.0167,0.00,1.59,walk,Idle,npc.ashen_hollow.kera_voss=0.00:idle;npc.ashen_hollow.renn_vale=0.00:idle;npc.ashen_hollow.sel_arien=0.00:idle;npc.ashen_hollow.tavar_orr=0.00:idle
7.217,0.0167,0.33,1.59,walk,Idle,npc.ashen_hollow.kera_voss=0.00:idle;npc.ashen_hollow.renn_vale=0.00:idle;npc.ashen_hollow.sel_arien=0.00:idle;npc.ashen_hollow.tavar_orr=0.00:idle
7.233,0.0167,0.67,1.59,walk,Idle,npc.ashen_hollow.kera_voss=0.00:idle;npc.ashen_hollow.renn_vale=0.00:idle;npc.ashen_hollow.sel_arien=0.00:idle;npc.ashen_hollow.tavar_orr=0.00:idle
7.250,0.0167,0.00,1.59,walk,Idle,npc.ashen_hollow.kera_voss=0.00:idle;npc.ashen_hollow.renn_vale=0.00:idle;npc.ashen_hollow.sel_arien=0.00:idle;npc.ashen_hollow.tavar_orr=0.25:idle
7.267,0.0167,0.33,1.59,walk,Idle,npc.ashen_hollow.kera_voss=0.00:idle;npc.ashen_hollow.renn_vale=0.00:idle;npc.ashen_hollow.sel_arien=0.00:idle;npc.ashen_hollow.tavar_orr=0.25:idle
7.283,0.0167,0.67,1.59,walk,Idle,npc.ashen_hollow.kera_voss=0.00:idle;npc.ashen_hollow.renn_vale=0.00:idle;npc.ashen_hollow.sel_arien=0.00:idle;npc.ashen_hollow.tavar_orr=0.25:idle
7.300,0.0167,0.00,1.59,walk,Idle,npc.ashen_hollow.kera_voss=0.00:idle;npc.ashen_hollow.renn_vale=0.00:idle;npc.ashen_hollow.sel_arien=0.00:idle;npc.ashen_hollow.tavar_orr=0.46:walk
7.317,0.0167,0.33,1.59,walk,Idle,npc.ashen_hollow.kera_voss=0.00:idle;npc.ashen_hollow.renn_vale=0.00:idle;npc.ashen_hollow.sel_arien=0.00:idle;npc.ashen_hollow.tavar_orr=0.46:walk
7.333,0.0167,0.67,1.59,walk,Idle,npc.ashen_hollow.kera_voss=0.00:idle;npc.ashen_hollow.renn_vale=0.00:idle;npc.ashen_hollow.sel_arien=0.00:idle;npc.ashen_hollow.tavar_orr=0.46:walk
7.350,0.0167,0.00,1.59,walk,Idle,npc.ashen_hollow.kera_voss=0.00:idle;npc.ashen_hollow.renn_vale=0.00:idle;npc.ashen_hollow.sel_arien=0.00:idle;npc.ashen_hollow.tavar_orr=0.63:walk
7.367,0.0167,0.33,1.59,walk,Idle,npc.ashen_hollow.kera_voss=0.00:idle;npc.ashen_hollow.renn_vale=0.00:idle;npc.ashen_hollow.sel_arien=0.00:idle;npc.ashen_hollow.tavar_orr=0.63:walk
7.383,0.0167,0.67,1.59,walk,Idle,npc.ashen_hollow.kera_voss=0.00:idle;npc.ashen_hollow.renn_vale=0.00:idle;npc.ashen_hollow.sel_arien=0.00:idle;npc.ashen_hollow.tavar_orr=0.63:walk
7.400,0.0167,0.00,1.59,walk,Idle,npc.ashen_hollow.kera_voss=0.00:idle;npc.ashen_hollow.renn_vale=0.00:idle;npc.ashen_hollow.sel_arien=0.00:idle;npc.ashen_hollow.tavar_orr=0.78:walk
7.417,0.0167,0.33,1.59,walk,Idle,npc.ashen_hollow.kera_voss=0.00:idle;npc.ashen_hollow.renn_vale=0.00:idle;npc.ashen_hollow.sel_arien=0.00:idle;npc.ashen_hollow.tavar_orr=0.78:walk
7.433,0.0167,0.67,1.59,walk,Idle,npc.ashen_hollow.kera_voss=0.00:idle;npc.ashen_hollow.renn_vale=0.00:idle;npc.ashen_hollow.sel_arien=0.00:idle;npc.ashen_hollow.tavar_orr=0.78:walk
7.450,0.0167,0.00,1.59,walk,Idle,npc.ashen_hollow.kera_voss=0.00:idle;npc.ashen_hollow.renn_vale=0.00:idle;npc.ashen_hollow.sel_arien=0.00:idle;npc.ashen_hollow.tavar_orr=0.91:walk
7.467,0.0167,0.33,1.59,walk,Idle,npc.ashen_hollow.kera_voss=0.00:idle;npc.ashen_hollow.renn_vale=0.00:idle;npc.ashen_hollow.sel_arien=0.00:idle;npc.ashen_hollow.tavar_orr=0.91:walk
7.483,0.0167,0.67,1.59,walk,Idle,npc.ashen_hollow.kera_voss=0.00:idle;npc.ashen_hollow.renn_vale=0.00:idle;npc.ashen_hollow.sel_arien=0.00:idle;npc.ashen_hollow.tavar_orr=0.91:walk
7.500,0.0167,0.00,1.59,walk,Idle,npc.ashen_hollow.kera_voss=0.00:idle;npc.ashen_hollow.renn_vale=0.00:idle;npc.ashen_hollow.sel_arien=0.00:idle;npc.ashen_hollow.tavar_orr=1.02:walk
7.517,0.0167,0.33,1.59,walk,Idle,npc.ashen_hollow.kera_voss=0.00:idle;npc.ashen_hollow.renn_vale=0.00:idle;npc.ashen_hollow.sel_arien=0.00:idle;npc.ashen_hollow.tavar_orr=1.02:walk
7.533,0.0167,0.67,1.59,walk,Idle,npc.ashen_hollow.kera_voss=0.00:idle;npc.ashen_hollow.renn_vale=0.00:idle;npc.ashen_hollow.sel_arien=0.00:idle;npc.ashen_hollow.tavar_orr=1.02:walk
7.550,0.0167,0.00,1.59,walk,Idle,npc.ashen_hollow.kera_voss=0.00:idle;npc.ashen_hollow.renn_vale=0.00:idle;npc.ashen_hollow.sel_arien=0.00:idle;npc.ashen_hollow.tavar_orr=1.02:walk
7.567,0.0167,0.33,1.90,walk,Idle,npc.ashen_hollow.kera_voss=0.00:idle;npc.ashen_hollow.renn_vale=0.00:idle;npc.ashen_hollow.sel_arien=0.00:idle;npc.ashen_hollow.tavar_orr=1.02:walk
7.583,0.0167,0.67,2.13,walk,Idle,npc.ashen_hollow.kera_voss=0.00:idle;npc.ashen_hollow.renn_vale=0.00:idle;npc.ashen_hollow.sel_arien=0.00:idle;npc.ashen_hollow.tavar_orr=0.86:walk
7.600,0.0167,0.00,2.13,walk,Idle,npc.ashen_hollow.kera_voss=0.00:idle;npc.ashen_hollow.renn_vale=0.00:idle;npc.ashen_hollow.sel_arien=0.00:idle;npc.ashen_hollow.tavar_orr=0.85:walk
7.617,0.0167,0.33,2.34,walk,Idle,npc.ashen_hollow.kera_voss=0.00:idle;npc.ashen_hollow.renn_vale=0.00:idle;npc.ashen_hollow.sel_arien=0.00:idle;npc.ashen_hollow.tavar_orr=0.85:walk
7.633,0.0167,0.67,2.48,run,Idle,npc.ashen_hollow.kera_voss=0.00:idle;npc.ashen_hollow.renn_vale=0.00:idle;npc.ashen_hollow.sel_arien=0.00:idle;npc.ashen_hollow.tavar_orr=0.85:walk
7.650,0.0167,0.00,2.48,run,Idle,npc.ashen_hollow.kera_voss=0.00:idle;npc.ashen_hollow.renn_vale=0.00:idle;npc.ashen_hollow.sel_arien=0.00:idle;npc.ashen_hollow.tavar_orr=0.97:walk
7.667,0.0167,0.33,2.63,run,Idle,npc.ashen_hollow.kera_voss=0.00:idle;npc.ashen_hollow.renn_vale=0.00:idle;npc.ashen_hollow.sel_arien=0.00:idle;npc.ashen_hollow.tavar_orr=0.97:walk
7.683,0.0167,0.67,2.72,run,Idle,npc.ashen_hollow.kera_voss=0.00:idle;npc.ashen_hollow.renn_vale=0.00:idle;npc.ashen_hollow.sel_arien=0.00:idle;npc.ashen_hollow.tavar_orr=0.97:walk
7.700,0.0167,0.00,2.72,run,Idle,npc.ashen_hollow.kera_voss=0.00:idle;npc.ashen_hollow.renn_vale=0.00:idle;npc.ashen_hollow.sel_arien=0.00:idle;npc.ashen_hollow.tavar_orr=1.06:walk
7.717,0.0167,0.33,2.53,run,Idle,npc.ashen_hollow.kera_voss=0.00:idle;npc.ashen_hollow.renn_vale=0.00:idle;npc.ashen_hollow.sel_arien=0.00:idle;npc.ashen_hollow.tavar_orr=1.06:walk
7.733,0.0167,0.67,2.36,run,Idle,npc.ashen_hollow.kera_voss=0.00:idle;npc.ashen_hollow.renn_vale=0.00:idle;npc.ashen_hollow.sel_arien=0.00:idle;npc.ashen_hollow.tavar_orr=1.06:walk
7.750,0.0167,0.00,2.36,run,Idle,npc.ashen_hollow.kera_voss=0.00:idle;npc.ashen_hollow.renn_vale=0.00:idle;npc.ashen_hollow.sel_arien=0.00:idle;npc.ashen_hollow.tavar_orr=1.15:walk
7.767,0.0167,0.33,2.24,run,Idle,npc.ashen_hollow.kera_voss=0.00:idle;npc.ashen_hollow.renn_vale=0.00:idle;npc.ashen_hollow.sel_arien=0.00:idle;npc.ashen_hollow.tavar_orr=1.15:walk
7.783,0.0167,0.67,2.12,run,Idle,npc.ashen_hollow.kera_voss=0.00:idle;npc.ashen_hollow.renn_vale=0.00:idle;npc.ashen_hollow.sel_arien=0.00:idle;npc.ashen_hollow.tavar_orr=1.15:walk
7.800,0.0167,0.00,2.12,run,Idle,npc.ashen_hollow.kera_voss=0.00:idle;npc.ashen_hollow.renn_vale=0.00:idle;npc.ashen_hollow.sel_arien=0.00:idle;npc.ashen_hollow.tavar_orr=1.21:walk
7.817,0.0167,0.33,2.03,run,Idle,npc.ashen_hollow.kera_voss=0.00:idle;npc.ashen_hollow.renn_vale=0.00:idle;npc.ashen_hollow.sel_arien=0.00:idle;npc.ashen_hollow.tavar_orr=1.21:walk
7.833,0.0167,0.67,1.96,walk,Idle,npc.ashen_hollow.kera_voss=0.00:idle;npc.ashen_hollow.renn_vale=0.00:idle;npc.ashen_hollow.sel_arien=0.00:idle;npc.ashen_hollow.tavar_orr=1.21:walk
7.850,0.0167,0.00,1.96,walk,Idle,npc.ashen_hollow.kera_voss=0.00:idle;npc.ashen_hollow.renn_vale=0.00:idle;npc.ashen_hollow.sel_arien=0.00:idle;npc.ashen_hollow.tavar_orr=1.27:walk
7.867,0.0167,0.33,1.90,walk,Idle,npc.ashen_hollow.kera_voss=0.00:idle;npc.ashen_hollow.renn_vale=0.00:idle;npc.ashen_hollow.sel_arien=0.00:idle;npc.ashen_hollow.tavar_orr=1.27:walk
7.883,0.0167,0.67,1.85,walk,Idle,npc.ashen_hollow.kera_voss=0.00:idle;npc.ashen_hollow.renn_vale=0.00:idle;npc.ashen_hollow.sel_arien=0.00:idle;npc.ashen_hollow.tavar_orr=1.27:walk
7.900,0.0167,0.00,1.85,walk,Idle,npc.ashen_hollow.kera_voss=0.00:idle;npc.ashen_hollow.renn_vale=0.00:idle;npc.ashen_hollow.sel_arien=0.00:idle;npc.ashen_hollow.tavar_orr=1.32:walk
7.917,0.0167,0.33,1.82,walk,Idle,npc.ashen_hollow.kera_voss=0.00:idle;npc.ashen_hollow.renn_vale=0.00:idle;npc.ashen_hollow.sel_arien=0.00:idle;npc.ashen_hollow.tavar_orr=1.32:walk
7.933,0.0167,0.67,1.77,walk,Idle,npc.ashen_hollow.kera_voss=0.00:idle;npc.ashen_hollow.renn_vale=0.00:idle;npc.ashen_hollow.sel_arien=0.00:idle;npc.ashen_hollow.tavar_orr=1.32:walk
7.950,0.0167,0.00,1.77,walk,Idle,npc.ashen_hollow.kera_voss=0.00:idle;npc.ashen_hollow.renn_vale=0.00:idle;npc.ashen_hollow.sel_arien=0.00:idle;npc.ashen_hollow.tavar_orr=1.32:walk
7.967,0.0167,0.33,1.75,walk,Idle,npc.ashen_hollow.kera_voss=0.00:idle;npc.ashen_hollow.renn_vale=0.00:idle;npc.ashen_hollow.sel_arien=0.00:idle;npc.ashen_hollow.tavar_orr=1.32:walk
7.983,0.0167,0.67,1.72,walk,Idle,npc.ashen_hollow.kera_voss=0.00:idle;npc.ashen_hollow.renn_vale=0.00:idle;npc.ashen_hollow.sel_arien=0.00:idle;npc.ashen_hollow.tavar_orr=1.12:walk
8.000,0.0167,0.00,1.72,walk,Idle,npc.ashen_hollow.kera_voss=0.00:idle;npc.ashen_hollow.renn_vale=0.00:idle;npc.ashen_hollow.sel_arien=0.00:idle;npc.ashen_hollow.tavar_orr=0.95:walk
8.017,0.0167,0.33,1.71,walk,Idle,npc.ashen_hollow.kera_voss=0.00:idle;npc.ashen_hollow.renn_vale=0.00:idle;npc.ashen_hollow.sel_arien=0.00:idle;npc.ashen_hollow.tavar_orr=0.80:walk
8.033,0.0167,0.67,1.68,walk,Idle,npc.ashen_hollow.kera_voss=0.00:idle;npc.ashen_hollow.renn_vale=0.00:idle;npc.ashen_hollow.sel_arien=0.00:idle;npc.ashen_hollow.tavar_orr=0.68:walk
8.050,0.0167,0.00,1.68,walk,Idle,npc.ashen_hollow.kera_voss=0.00:idle;npc.ashen_hollow.renn_vale=0.00:idle;npc.ashen_hollow.sel_arien=0.00:idle;npc.ashen_hollow.tavar_orr=0.66:walk
8.067,0.0167,0.33,1.67,walk,Idle,npc.ashen_hollow.kera_voss=0.00:idle;npc.ashen_hollow.renn_vale=0.00:idle;npc.ashen_hollow.sel_arien=0.00:idle;npc.ashen_hollow.tavar_orr=0.66:walk
8.083,0.0167,0.67,1.65,walk,Idle,npc.ashen_hollow.kera_voss=0.00:idle;npc.ashen_hollow.renn_vale=0.00:idle;npc.ashen_hollow.sel_arien=0.00:idle;npc.ashen_hollow.tavar_orr=0.66:walk
8.100,0.0167,0.00,1.65,walk,Idle,npc.ashen_hollow.kera_voss=0.00:idle;npc.ashen_hollow.renn_vale=0.00:idle;npc.ashen_hollow.sel_arien=0.00:idle;npc.ashen_hollow.tavar_orr=0.66:walk
8.117,0.0167,0.33,1.64,walk,Idle,npc.ashen_hollow.kera_voss=0.00:idle;npc.ashen_hollow.renn_vale=0.00:idle;npc.ashen_hollow.sel_arien=0.00:idle;npc.ashen_hollow.tavar_orr=0.66:walk
8.133,0.0167,0.67,1.63,walk,Idle,npc.ashen_hollow.kera_voss=0.00:idle;npc.ashen_hollow.renn_vale=0.00:idle;npc.ashen_hollow.sel_arien=0.00:idle;npc.ashen_hollow.tavar_orr=0.56:walk
8.150,0.0167,0.00,1.63,walk,Idle,npc.ashen_hollow.kera_voss=0.00:idle;npc.ashen_hollow.renn_vale=0.00:idle;npc.ashen_hollow.sel_arien=0.00:idle;npc.ashen_hollow.tavar_orr=0.59:walk
8.167,0.0167,0.33,1.63,walk,Idle,npc.ashen_hollow.kera_voss=0.00:idle;npc.ashen_hollow.renn_vale=0.00:idle;npc.ashen_hollow.sel_arien=0.00:idle;npc.ashen_hollow.tavar_orr=0.59:walk
8.183,0.0167,0.67,1.60,walk,Idle,npc.ashen_hollow.kera_voss=0.00:idle;npc.ashen_hollow.renn_vale=0.00:idle;npc.ashen_hollow.sel_arien=0.00:idle;npc.ashen_hollow.tavar_orr=0.59:walk
8.200,0.0167,0.00,1.60,walk,Idle,npc.ashen_hollow.kera_voss=0.00:idle;npc.ashen_hollow.renn_vale=0.00:idle;npc.ashen_hollow.sel_arien=0.00:idle;npc.ashen_hollow.tavar_orr=0.59:walk
8.217,0.0167,0.33,1.61,walk,Idle,npc.ashen_hollow.kera_voss=0.00:idle;npc.ashen_hollow.renn_vale=0.00:idle;npc.ashen_hollow.sel_arien=0.00:idle;npc.ashen_hollow.tavar_orr=0.59:walk
8.233,0.0167,0.67,1.59,walk,Idle,npc.ashen_hollow.kera_voss=0.00:idle;npc.ashen_hollow.renn_vale=0.00:idle;npc.ashen_hollow.sel_arien=0.00:idle;npc.ashen_hollow.tavar_orr=0.50:walk
8.250,0.0167,0.00,1.59,walk,Idle,npc.ashen_hollow.kera_voss=0.00:idle;npc.ashen_hollow.renn_vale=0.00:idle;npc.ashen_hollow.sel_arien=0.00:idle;npc.ashen_hollow.tavar_orr=0.55:walk
8.267,0.0167,0.33,1.59,walk,Idle,npc.ashen_hollow.kera_voss=0.00:idle;npc.ashen_hollow.renn_vale=0.00:idle;npc.ashen_hollow.sel_arien=0.00:idle;npc.ashen_hollow.tavar_orr=0.55:walk
8.283,0.0167,0.67,1.61,walk,Idle,npc.ashen_hollow.kera_voss=0.00:idle;npc.ashen_hollow.renn_vale=0.00:idle;npc.ashen_hollow.sel_arien=0.00:idle;npc.ashen_hollow.tavar_orr=0.55:walk
8.300,0.0167,0.00,1.61,walk,Idle,npc.ashen_hollow.kera_voss=0.00:idle;npc.ashen_hollow.renn_vale=0.00:idle;npc.ashen_hollow.sel_arien=0.00:idle;npc.ashen_hollow.tavar_orr=0.55:walk
8.317,0.0167,0.33,1.75,walk,Idle,npc.ashen_hollow.kera_voss=0.00:idle;npc.ashen_hollow.renn_vale=0.00:idle;npc.ashen_hollow.sel_arien=0.00:idle;npc.ashen_hollow.tavar_orr=0.55:walk
8.333,0.0167,0.67,1.94,walk,Idle,npc.ashen_hollow.kera_voss=0.00:idle;npc.ashen_hollow.renn_vale=0.00:idle;npc.ashen_hollow.sel_arien=0.00:idle;npc.ashen_hollow.tavar_orr=0.46:walk
8.350,0.0167,0.00,1.94,walk,Idle,npc.ashen_hollow.kera_voss=0.00:idle;npc.ashen_hollow.renn_vale=0.00:idle;npc.ashen_hollow.sel_arien=0.00:idle;npc.ashen_hollow.tavar_orr=0.51:walk
8.367,0.0167,0.33,2.16,walk,Idle,npc.ashen_hollow.kera_voss=0.00:idle;npc.ashen_hollow.renn_vale=0.00:idle;npc.ashen_hollow.sel_arien=0.00:idle;npc.ashen_hollow.tavar_orr=0.51:walk
8.383,0.0167,0.67,2.35,walk,Idle,npc.ashen_hollow.kera_voss=0.00:idle;npc.ashen_hollow.renn_vale=0.00:idle;npc.ashen_hollow.sel_arien=0.00:idle;npc.ashen_hollow.tavar_orr=0.51:walk
8.400,0.0167,0.00,2.35,walk,Idle,npc.ashen_hollow.kera_voss=0.00:idle;npc.ashen_hollow.renn_vale=0.00:idle;npc.ashen_hollow.sel_arien=0.00:idle;npc.ashen_hollow.tavar_orr=0.68:walk
8.417,0.0167,0.33,2.53,run,Idle,npc.ashen_hollow.kera_voss=0.00:idle;npc.ashen_hollow.renn_vale=0.00:idle;npc.ashen_hollow.sel_arien=0.00:idle;npc.ashen_hollow.tavar_orr=0.68:walk
8.433,0.0167,0.67,2.63,run,Idle,npc.ashen_hollow.kera_voss=0.00:idle;npc.ashen_hollow.renn_vale=0.00:idle;npc.ashen_hollow.sel_arien=0.00:idle;npc.ashen_hollow.tavar_orr=0.68:walk
8.450,0.0167,0.00,2.63,run,Idle,npc.ashen_hollow.kera_voss=0.00:idle;npc.ashen_hollow.renn_vale=0.00:idle;npc.ashen_hollow.sel_arien=0.00:idle;npc.ashen_hollow.tavar_orr=0.82:walk
8.467,0.0167,0.33,2.75,run,Idle,npc.ashen_hollow.kera_voss=0.00:idle;npc.ashen_hollow.renn_vale=0.00:idle;npc.ashen_hollow.sel_arien=0.00:idle;npc.ashen_hollow.tavar_orr=0.82:walk
8.483,0.0167,0.67,2.81,run,Idle,npc.ashen_hollow.kera_voss=0.00:idle;npc.ashen_hollow.renn_vale=0.00:idle;npc.ashen_hollow.sel_arien=0.00:idle;npc.ashen_hollow.tavar_orr=0.82:walk
8.500,0.0167,0.00,2.81,run,Idle,npc.ashen_hollow.kera_voss=0.00:idle;npc.ashen_hollow.renn_vale=0.00:idle;npc.ashen_hollow.sel_arien=0.00:idle;npc.ashen_hollow.tavar_orr=0.95:walk
8.517,0.0167,0.33,2.89,run,Idle,npc.ashen_hollow.kera_voss=0.00:idle;npc.ashen_hollow.renn_vale=0.00:idle;npc.ashen_hollow.sel_arien=0.00:idle;npc.ashen_hollow.tavar_orr=0.95:walk
8.533,0.0167,0.67,2.93,run,Idle,npc.ashen_hollow.kera_voss=0.00:idle;npc.ashen_hollow.renn_vale=0.00:idle;npc.ashen_hollow.sel_arien=0.00:idle;npc.ashen_hollow.tavar_orr=0.95:walk
8.550,0.0167,0.00,2.93,run,Idle,npc.ashen_hollow.kera_voss=0.00:idle;npc.ashen_hollow.renn_vale=0.00:idle;npc.ashen_hollow.sel_arien=0.00:idle;npc.ashen_hollow.tavar_orr=1.05:walk
8.567,0.0167,0.33,2.99,run,Idle,npc.ashen_hollow.kera_voss=0.00:idle;npc.ashen_hollow.renn_vale=0.00:idle;npc.ashen_hollow.sel_arien=0.00:idle;npc.ashen_hollow.tavar_orr=1.05:walk
8.583,0.0167,0.67,3.00,run,Idle,npc.ashen_hollow.kera_voss=0.00:idle;npc.ashen_hollow.renn_vale=0.00:idle;npc.ashen_hollow.sel_arien=0.00:idle;npc.ashen_hollow.tavar_orr=1.05:walk
8.600,0.0167,0.00,3.00,run,Idle,npc.ashen_hollow.kera_voss=0.00:idle;npc.ashen_hollow.renn_vale=0.00:idle;npc.ashen_hollow.sel_arien=0.00:idle;npc.ashen_hollow.tavar_orr=1.13:walk
8.617,0.0167,0.33,3.06,run,Idle,npc.ashen_hollow.kera_voss=0.00:idle;npc.ashen_hollow.renn_vale=0.00:idle;npc.ashen_hollow.sel_arien=0.00:idle;npc.ashen_hollow.tavar_orr=1.13:walk
8.633,0.0167,0.67,3.06,run,Idle,npc.ashen_hollow.kera_voss=0.00:idle;npc.ashen_hollow.renn_vale=0.00:idle;npc.ashen_hollow.sel_arien=0.00:idle;npc.ashen_hollow.tavar_orr=1.13:walk
8.650,0.0167,0.00,3.06,run,Idle,npc.ashen_hollow.kera_voss=0.00:idle;npc.ashen_hollow.renn_vale=0.00:idle;npc.ashen_hollow.sel_arien=0.00:idle;npc.ashen_hollow.tavar_orr=1.21:walk
8.667,0.0167,0.33,3.10,run,Idle,npc.ashen_hollow.kera_voss=0.00:idle;npc.ashen_hollow.renn_vale=0.00:idle;npc.ashen_hollow.sel_arien=0.00:idle;npc.ashen_hollow.tavar_orr=1.21:walk
8.683,0.0167,0.67,3.09,run,Idle,npc.ashen_hollow.kera_voss=0.00:idle;npc.ashen_hollow.renn_vale=0.00:idle;npc.ashen_hollow.sel_arien=0.00:idle;npc.ashen_hollow.tavar_orr=1.21:walk
8.700,0.0167,0.00,3.09,run,Idle,npc.ashen_hollow.kera_voss=0.00:idle;npc.ashen_hollow.renn_vale=0.00:idle;npc.ashen_hollow.sel_arien=0.00:idle;npc.ashen_hollow.tavar_orr=1.27:walk
8.717,0.0167,0.33,3.13,run,Idle,npc.ashen_hollow.kera_voss=0.00:idle;npc.ashen_hollow.renn_vale=0.00:idle;npc.ashen_hollow.sel_arien=0.00:idle;npc.ashen_hollow.tavar_orr=1.27:walk
8.733,0.0167,0.67,3.11,run,Idle,npc.ashen_hollow.kera_voss=0.00:idle;npc.ashen_hollow.renn_vale=0.00:idle;npc.ashen_hollow.sel_arien=0.00:idle;npc.ashen_hollow.tavar_orr=1.27:walk
8.750,0.0167,0.00,3.11,run,Idle,npc.ashen_hollow.kera_voss=0.00:idle;npc.ashen_hollow.renn_vale=0.00:idle;npc.ashen_hollow.sel_arien=0.00:idle;npc.ashen_hollow.tavar_orr=1.32:walk
8.767,0.0167,0.33,3.14,run,Idle,npc.ashen_hollow.kera_voss=0.00:idle;npc.ashen_hollow.renn_vale=0.00:idle;npc.ashen_hollow.sel_arien=0.00:idle;npc.ashen_hollow.tavar_orr=1.32:walk
8.783,0.0167,0.67,3.13,run,Idle,npc.ashen_hollow.kera_voss=0.00:idle;npc.ashen_hollow.renn_vale=0.00:idle;npc.ashen_hollow.sel_arien=0.00:idle;npc.ashen_hollow.tavar_orr=1.32:walk
8.800,0.0167,0.00,3.13,run,Idle,npc.ashen_hollow.kera_voss=0.00:idle;npc.ashen_hollow.renn_vale=0.00:idle;npc.ashen_hollow.sel_arien=0.00:idle;npc.ashen_hollow.tavar_orr=1.36:walk
8.817,0.0167,0.33,3.16,run,Idle,npc.ashen_hollow.kera_voss=0.00:idle;npc.ashen_hollow.renn_vale=0.00:idle;npc.ashen_hollow.sel_arien=0.00:idle;npc.ashen_hollow.tavar_orr=1.36:walk
8.833,0.0167,0.67,3.14,run,Idle,npc.ashen_hollow.kera_voss=0.00:idle;npc.ashen_hollow.renn_vale=0.00:idle;npc.ashen_hollow.sel_arien=0.00:idle;npc.ashen_hollow.tavar_orr=1.36:walk
8.850,0.0167,0.00,3.14,run,Idle,npc.ashen_hollow.kera_voss=0.00:idle;npc.ashen_hollow.renn_vale=0.00:idle;npc.ashen_hollow.sel_arien=0.00:idle;npc.ashen_hollow.tavar_orr=1.40:walk
8.867,0.0167,0.33,3.16,run,Idle,npc.ashen_hollow.kera_voss=0.00:idle;npc.ashen_hollow.renn_vale=0.00:idle;npc.ashen_hollow.sel_arien=0.00:idle;npc.ashen_hollow.tavar_orr=1.40:walk
8.883,0.0167,0.67,3.14,run,Idle,npc.ashen_hollow.kera_voss=0.00:idle;npc.ashen_hollow.renn_vale=0.00:idle;npc.ashen_hollow.sel_arien=0.00:idle;npc.ashen_hollow.tavar_orr=1.40:walk
8.900,0.0167,0.00,3.14,run,Idle,npc.ashen_hollow.kera_voss=0.00:idle;npc.ashen_hollow.renn_vale=0.00:idle;npc.ashen_hollow.sel_arien=0.00:idle;npc.ashen_hollow.tavar_orr=1.43:walk
8.917,0.0167,0.33,3.17,run,Idle,npc.ashen_hollow.kera_voss=0.00:idle;npc.ashen_hollow.renn_vale=0.00:idle;npc.ashen_hollow.sel_arien=0.00:idle;npc.ashen_hollow.tavar_orr=1.43:walk
8.933,0.0167,0.67,3.15,run,Idle,npc.ashen_hollow.kera_voss=0.00:idle;npc.ashen_hollow.renn_vale=0.00:idle;npc.ashen_hollow.sel_arien=0.00:idle;npc.ashen_hollow.tavar_orr=1.43:walk
8.950,0.0167,0.00,3.15,run,Idle,npc.ashen_hollow.kera_voss=0.00:idle;npc.ashen_hollow.renn_vale=0.00:idle;npc.ashen_hollow.sel_arien=0.00:idle;npc.ashen_hollow.tavar_orr=1.46:walk
8.967,0.0167,0.33,3.17,run,Idle,npc.ashen_hollow.kera_voss=0.00:idle;npc.ashen_hollow.renn_vale=0.00:idle;npc.ashen_hollow.sel_arien=0.00:idle;npc.ashen_hollow.tavar_orr=1.46:walk
8.983,0.0167,0.67,3.15,run,Idle,npc.ashen_hollow.kera_voss=0.00:idle;npc.ashen_hollow.renn_vale=0.00:idle;npc.ashen_hollow.sel_arien=0.00:idle;npc.ashen_hollow.tavar_orr=1.46:walk
9.000,0.0167,0.00,3.15,run,Idle,npc.ashen_hollow.kera_voss=0.00:idle;npc.ashen_hollow.renn_vale=0.00:idle;npc.ashen_hollow.sel_arien=0.00:idle;npc.ashen_hollow.tavar_orr=1.48:walk
9.017,0.0167,0.33,3.17,run,Idle,npc.ashen_hollow.kera_voss=0.00:idle;npc.ashen_hollow.renn_vale=0.00:idle;npc.ashen_hollow.sel_arien=0.00:idle;npc.ashen_hollow.tavar_orr=1.48:walk
9.033,0.0167,0.67,3.15,run,Idle,npc.ashen_hollow.kera_voss=0.00:idle;npc.ashen_hollow.renn_vale=0.00:idle;npc.ashen_hollow.sel_arien=0.00:idle;npc.ashen_hollow.tavar_orr=1.48:walk
9.050,0.0167,0.00,3.15,run,Idle,npc.ashen_hollow.kera_voss=0.00:idle;npc.ashen_hollow.renn_vale=0.00:idle;npc.ashen_hollow.sel_arien=0.00:idle;npc.ashen_hollow.tavar_orr=1.50:walk
9.067,0.0167,0.33,3.18,run,Idle,npc.ashen_hollow.kera_voss=0.00:idle;npc.ashen_hollow.renn_vale=0.00:idle;npc.ashen_hollow.sel_arien=0.00:idle;npc.ashen_hollow.tavar_orr=1.50:walk
9.083,0.0167,0.67,3.15,run,Idle,npc.ashen_hollow.kera_voss=0.00:idle;npc.ashen_hollow.renn_vale=0.00:idle;npc.ashen_hollow.sel_arien=0.00:idle;npc.ashen_hollow.tavar_orr=1.50:walk
9.100,0.0167,0.00,3.15,run,Idle,npc.ashen_hollow.kera_voss=0.00:idle;npc.ashen_hollow.renn_vale=0.00:idle;npc.ashen_hollow.sel_arien=0.00:idle;npc.ashen_hollow.tavar_orr=1.52:walk
9.117,0.0167,0.33,3.18,run,Idle,npc.ashen_hollow.kera_voss=0.00:idle;npc.ashen_hollow.renn_vale=0.00:idle;npc.ashen_hollow.sel_arien=0.00:idle;npc.ashen_hollow.tavar_orr=1.52:walk
9.133,0.0167,0.67,3.16,run,Idle,npc.ashen_hollow.kera_voss=0.00:idle;npc.ashen_hollow.renn_vale=0.00:idle;npc.ashen_hollow.sel_arien=0.00:idle;npc.ashen_hollow.tavar_orr=1.52:walk
9.150,0.0167,0.00,3.16,run,Idle,npc.ashen_hollow.kera_voss=0.00:idle;npc.ashen_hollow.renn_vale=0.00:idle;npc.ashen_hollow.sel_arien=0.00:idle;npc.ashen_hollow.tavar_orr=1.53:walk
9.167,0.0167,0.33,3.18,run,Idle,npc.ashen_hollow.kera_voss=0.00:idle;npc.ashen_hollow.renn_vale=0.00:idle;npc.ashen_hollow.sel_arien=0.00:idle;npc.ashen_hollow.tavar_orr=1.53:walk
9.183,0.0167,0.67,3.16,run,Idle,npc.ashen_hollow.kera_voss=0.00:idle;npc.ashen_hollow.renn_vale=0.00:idle;npc.ashen_hollow.sel_arien=0.00:idle;npc.ashen_hollow.tavar_orr=1.53:walk
9.200,0.0167,0.00,3.16,run,Idle,npc.ashen_hollow.kera_voss=0.00:idle;npc.ashen_hollow.renn_vale=0.00:idle;npc.ashen_hollow.sel_arien=0.00:idle;npc.ashen_hollow.tavar_orr=1.54:walk
9.217,0.0167,0.33,3.18,run,Idle,npc.ashen_hollow.kera_voss=0.00:idle;npc.ashen_hollow.renn_vale=0.00:idle;npc.ashen_hollow.sel_arien=0.00:idle;npc.ashen_hollow.tavar_orr=1.54:walk
9.233,0.0167,0.67,3.16,run,Idle,npc.ashen_hollow.kera_voss=0.00:idle;npc.ashen_hollow.renn_vale=0.00:idle;npc.ashen_hollow.sel_arien=0.00:idle;npc.ashen_hollow.tavar_orr=1.54:walk
9.250,0.0167,0.00,3.16,run,Idle,npc.ashen_hollow.kera_voss=0.00:idle;npc.ashen_hollow.renn_vale=0.00:idle;npc.ashen_hollow.sel_arien=0.00:idle;npc.ashen_hollow.tavar_orr=1.79:walk
9.267,0.0167,0.33,3.18,run,Idle,npc.ashen_hollow.kera_voss=0.00:idle;npc.ashen_hollow.renn_vale=0.00:idle;npc.ashen_hollow.sel_arien=0.00:idle;npc.ashen_hollow.tavar_orr=1.79:walk
9.283,0.0167,0.67,3.16,run,Idle,npc.ashen_hollow.kera_voss=0.00:idle;npc.ashen_hollow.renn_vale=0.00:idle;npc.ashen_hollow.sel_arien=0.00:idle;npc.ashen_hollow.tavar_orr=1.79:walk
9.300,0.0167,0.00,3.16,run,Idle,npc.ashen_hollow.kera_voss=0.00:idle;npc.ashen_hollow.renn_vale=0.00:idle;npc.ashen_hollow.sel_arien=0.00:idle;npc.ashen_hollow.tavar_orr=2.01:walk
9.317,0.0167,0.33,3.18,run,Idle,npc.ashen_hollow.kera_voss=0.00:idle;npc.ashen_hollow.renn_vale=0.00:idle;npc.ashen_hollow.sel_arien=0.00:idle;npc.ashen_hollow.tavar_orr=2.01:walk
9.333,0.0167,0.67,3.16,run,Idle,npc.ashen_hollow.kera_voss=0.00:idle;npc.ashen_hollow.renn_vale=0.00:idle;npc.ashen_hollow.sel_arien=0.00:idle;npc.ashen_hollow.tavar_orr=2.01:walk
9.350,0.0167,0.00,3.16,run,Idle,npc.ashen_hollow.kera_voss=0.00:idle;npc.ashen_hollow.renn_vale=0.00:idle;npc.ashen_hollow.sel_arien=0.00:idle;npc.ashen_hollow.tavar_orr=2.19:walk
9.367,0.0167,0.33,3.18,run,Idle,npc.ashen_hollow.kera_voss=0.00:idle;npc.ashen_hollow.renn_vale=0.00:idle;npc.ashen_hollow.sel_arien=0.00:idle;npc.ashen_hollow.tavar_orr=2.19:walk
9.383,0.0167,0.67,3.16,run,Idle,npc.ashen_hollow.kera_voss=0.00:idle;npc.ashen_hollow.renn_vale=0.00:idle;npc.ashen_hollow.sel_arien=0.00:idle;npc.ashen_hollow.tavar_orr=2.19:walk
9.400,0.0167,0.00,3.16,run,Idle,npc.ashen_hollow.kera_voss=0.00:idle;npc.ashen_hollow.renn_vale=0.00:idle;npc.ashen_hollow.sel_arien=0.00:idle;npc.ashen_hollow.tavar_orr=2.35:walk
9.417,0.0167,0.33,3.18,run,Idle,npc.ashen_hollow.kera_voss=0.00:idle;npc.ashen_hollow.renn_vale=0.00:idle;npc.ashen_hollow.sel_arien=0.00:idle;npc.ashen_hollow.tavar_orr=2.35:walk
9.433,0.0167,0.67,3.16,run,Idle,npc.ashen_hollow.kera_voss=0.00:idle;npc.ashen_hollow.renn_vale=0.00:idle;npc.ashen_hollow.sel_arien=0.00:idle;npc.ashen_hollow.tavar_orr=2.35:walk
9.450,0.0167,0.00,3.16,run,Idle,npc.ashen_hollow.kera_voss=0.00:idle;npc.ashen_hollow.renn_vale=0.00:idle;npc.ashen_hollow.sel_arien=0.00:idle;npc.ashen_hollow.tavar_orr=2.48:run
9.467,0.0167,0.33,3.18,run,Idle,npc.ashen_hollow.kera_voss=0.00:idle;npc.ashen_hollow.renn_vale=0.00:idle;npc.ashen_hollow.sel_arien=0.00:idle;npc.ashen_hollow.tavar_orr=2.48:run
9.483,0.0167,0.67,3.16,run,Idle,npc.ashen_hollow.kera_voss=0.00:idle;npc.ashen_hollow.renn_vale=0.00:idle;npc.ashen_hollow.sel_arien=0.00:idle;npc.ashen_hollow.tavar_orr=2.48:run
9.500,0.0167,0.00,3.16,run,Idle,npc.ashen_hollow.kera_voss=0.00:idle;npc.ashen_hollow.renn_vale=0.00:idle;npc.ashen_hollow.sel_arien=0.00:idle;npc.ashen_hollow.tavar_orr=2.59:run
9.517,0.0167,0.33,3.18,run,Idle,npc.ashen_hollow.kera_voss=0.00:idle;npc.ashen_hollow.renn_vale=0.00:idle;npc.ashen_hollow.sel_arien=0.00:idle;npc.ashen_hollow.tavar_orr=2.59:run
9.533,0.0167,0.67,3.16,run,Idle,npc.ashen_hollow.kera_voss=0.00:idle;npc.ashen_hollow.renn_vale=0.00:idle;npc.ashen_hollow.sel_arien=0.00:idle;npc.ashen_hollow.tavar_orr=2.59:run
9.550,0.0167,0.00,3.16,run,Idle,npc.ashen_hollow.kera_voss=0.00:idle;npc.ashen_hollow.renn_vale=0.00:idle;npc.ashen_hollow.sel_arien=0.00:idle;npc.ashen_hollow.tavar_orr=2.53:run
9.567,0.0167,0.33,3.18,run,Idle,npc.ashen_hollow.kera_voss=0.00:idle;npc.ashen_hollow.renn_vale=0.00:idle;npc.ashen_hollow.sel_arien=0.00:idle;npc.ashen_hollow.tavar_orr=2.53:run
9.583,0.0167,0.67,3.16,run,Idle,npc.ashen_hollow.kera_voss=0.00:idle;npc.ashen_hollow.renn_vale=0.00:idle;npc.ashen_hollow.sel_arien=0.00:idle;npc.ashen_hollow.tavar_orr=2.53:run
9.600,0.0167,0.00,3.16,run,Idle,npc.ashen_hollow.kera_voss=0.00:idle;npc.ashen_hollow.renn_vale=0.00:idle;npc.ashen_hollow.sel_arien=0.00:idle;npc.ashen_hollow.tavar_orr=2.56:run
9.617,0.0167,0.33,3.18,run,Idle,npc.ashen_hollow.kera_voss=0.00:idle;npc.ashen_hollow.renn_vale=0.00:idle;npc.ashen_hollow.sel_arien=0.00:idle;npc.ashen_hollow.tavar_orr=2.56:run
9.633,0.0167,0.67,3.16,run,Idle,npc.ashen_hollow.kera_voss=0.00:idle;npc.ashen_hollow.renn_vale=0.00:idle;npc.ashen_hollow.sel_arien=0.00:idle;npc.ashen_hollow.tavar_orr=2.56:run
9.650,0.0167,0.00,3.16,run,Idle,npc.ashen_hollow.kera_voss=0.00:idle;npc.ashen_hollow.renn_vale=0.00:idle;npc.ashen_hollow.sel_arien=0.00:idle;npc.ashen_hollow.tavar_orr=2.67:run
9.667,0.0167,0.33,3.18,run,Idle,npc.ashen_hollow.kera_voss=0.00:idle;npc.ashen_hollow.renn_vale=0.00:idle;npc.ashen_hollow.sel_arien=0.00:idle;npc.ashen_hollow.tavar_orr=2.67:run
9.683,0.0167,0.67,3.16,run,Idle,npc.ashen_hollow.kera_voss=0.00:idle;npc.ashen_hollow.renn_vale=0.00:idle;npc.ashen_hollow.sel_arien=0.00:idle;npc.ashen_hollow.tavar_orr=2.67:run
9.700,0.0167,0.00,3.16,run,Idle,npc.ashen_hollow.kera_voss=0.00:idle;npc.ashen_hollow.renn_vale=0.00:idle;npc.ashen_hollow.sel_arien=0.00:idle;npc.ashen_hollow.tavar_orr=2.75:run
9.717,0.0167,0.33,3.18,run,Idle,npc.ashen_hollow.kera_voss=0.00:idle;npc.ashen_hollow.renn_vale=0.00:idle;npc.ashen_hollow.sel_arien=0.00:idle;npc.ashen_hollow.tavar_orr=2.75:run
9.733,0.0167,0.67,3.16,run,Idle,npc.ashen_hollow.kera_voss=0.00:idle;npc.ashen_hollow.renn_vale=0.00:idle;npc.ashen_hollow.sel_arien=0.00:idle;npc.ashen_hollow.tavar_orr=2.75:run
9.750,0.0167,0.00,3.16,run,Idle,npc.ashen_hollow.kera_voss=0.00:idle;npc.ashen_hollow.renn_vale=0.00:idle;npc.ashen_hollow.sel_arien=0.00:idle;npc.ashen_hollow.tavar_orr=2.82:run
9.767,0.0167,0.33,3.18,run,Idle,npc.ashen_hollow.kera_voss=0.00:idle;npc.ashen_hollow.renn_vale=0.00:idle;npc.ashen_hollow.sel_arien=0.00:idle;npc.ashen_hollow.tavar_orr=2.82:run
9.783,0.0167,0.67,3.16,run,Idle,npc.ashen_hollow.kera_voss=0.00:idle;npc.ashen_hollow.renn_vale=0.00:idle;npc.ashen_hollow.sel_arien=0.00:idle;npc.ashen_hollow.tavar_orr=2.82:run
9.800,0.0167,0.00,3.16,run,Idle,npc.ashen_hollow.kera_voss=0.00:idle;npc.ashen_hollow.renn_vale=0.00:idle;npc.ashen_hollow.sel_arien=0.00:idle;npc.ashen_hollow.tavar_orr=2.88:run
9.817,0.0167,0.33,3.18,run,Idle,npc.ashen_hollow.kera_voss=0.00:idle;npc.ashen_hollow.renn_vale=0.00:idle;npc.ashen_hollow.sel_arien=0.00:idle;npc.ashen_hollow.tavar_orr=2.88:run
9.833,0.0167,0.67,3.16,run,Idle,npc.ashen_hollow.kera_voss=0.00:idle;npc.ashen_hollow.renn_vale=0.00:idle;npc.ashen_hollow.sel_arien=0.00:idle;npc.ashen_hollow.tavar_orr=2.88:run
9.850,0.0167,0.00,3.16,run,Idle,npc.ashen_hollow.kera_voss=0.00:idle;npc.ashen_hollow.renn_vale=0.00:idle;npc.ashen_hollow.sel_arien=0.00:idle;npc.ashen_hollow.tavar_orr=2.93:run
9.867,0.0167,0.33,3.18,run,Idle,npc.ashen_hollow.kera_voss=0.00:idle;npc.ashen_hollow.renn_vale=0.00:idle;npc.ashen_hollow.sel_arien=0.00:idle;npc.ashen_hollow.tavar_orr=2.93:run
9.883,0.0167,0.67,3.16,run,Idle,npc.ashen_hollow.kera_voss=0.00:idle;npc.ashen_hollow.renn_vale=0.00:idle;npc.ashen_hollow.sel_arien=0.00:idle;npc.ashen_hollow.tavar_orr=2.93:run
9.900,0.0167,0.00,3.16,run,Idle,npc.ashen_hollow.kera_voss=0.00:idle;npc.ashen_hollow.renn_vale=0.00:idle;npc.ashen_hollow.sel_arien=0.00:idle;npc.ashen_hollow.tavar_orr=2.97:run
9.917,0.0167,0.33,3.18,run,Idle,npc.ashen_hollow.kera_voss=0.00:idle;npc.ashen_hollow.renn_vale=0.00:idle;npc.ashen_hollow.sel_arien=0.00:idle;npc.ashen_hollow.tavar_orr=2.97:run
9.933,0.0167,0.67,3.16,run,Idle,npc.ashen_hollow.kera_voss=0.00:idle;npc.ashen_hollow.renn_vale=0.00:idle;npc.ashen_hollow.sel_arien=0.00:idle;npc.ashen_hollow.tavar_orr=2.97:run
9.950,0.0167,0.00,3.16,run,Idle,npc.ashen_hollow.kera_voss=0.00:idle;npc.ashen_hollow.renn_vale=0.00:idle;npc.ashen_hollow.sel_arien=0.00:idle;npc.ashen_hollow.tavar_orr=3.01:run
9.967,0.0167,0.33,3.18,run,Idle,npc.ashen_hollow.kera_voss=0.00:idle;npc.ashen_hollow.renn_vale=0.00:idle;npc.ashen_hollow.sel_arien=0.00:idle;npc.ashen_hollow.tavar_orr=3.01:run
9.983,0.0167,0.67,3.16,run,Idle,npc.ashen_hollow.kera_voss=0.00:idle;npc.ashen_hollow.renn_vale=0.00:idle;npc.ashen_hollow.sel_arien=0.00:idle;npc.ashen_hollow.tavar_orr=3.01:run
10.000,0.0167,0.00,3.16,run,Idle,npc.ashen_hollow.kera_voss=0.00:idle;npc.ashen_hollow.renn_vale=0.00:idle;npc.ashen_hollow.sel_arien=0.00:idle;npc.ashen_hollow.tavar_orr=3.04:run
10.017,0.0167,0.33,3.18,run,Idle,npc.ashen_hollow.kera_voss=0.00:idle;npc.ashen_hollow.renn_vale=0.00:idle;npc.ashen_hollow.sel_arien=0.00:idle;npc.ashen_hollow.tavar_orr=3.04:run
10.033,0.0167,0.67,3.16,run,Idle,npc.ashen_hollow.kera_voss=0.00:idle;npc.ashen_hollow.renn_vale=0.00:idle;npc.ashen_hollow.sel_arien=0.00:idle;npc.ashen_hollow.tavar_orr=3.04:run
10.050,0.0167,0.00,3.16,run,Idle,npc.ashen_hollow.kera_voss=0.00:idle;npc.ashen_hollow.renn_vale=0.00:idle;npc.ashen_hollow.sel_arien=0.00:idle;npc.ashen_hollow.tavar_orr=3.06:run
10.067,0.0167,0.33,3.18,run,Idle,npc.ashen_hollow.kera_voss=0.00:idle;npc.ashen_hollow.renn_vale=0.00:idle;npc.ashen_hollow.sel_arien=0.00:idle;npc.ashen_hollow.tavar_orr=3.06:run
10.083,0.0167,0.67,3.16,run,Idle,npc.ashen_hollow.kera_voss=0.00:idle;npc.ashen_hollow.renn_vale=0.00:idle;npc.ashen_hollow.sel_arien=0.00:idle;npc.ashen_hollow.tavar_orr=3.06:run
10.100,0.0167,0.00,3.16,run,Idle,npc.ashen_hollow.kera_voss=0.00:idle;npc.ashen_hollow.renn_vale=0.00:idle;npc.ashen_hollow.sel_arien=0.00:idle;npc.ashen_hollow.tavar_orr=3.08:run
10.117,0.0167,0.33,3.18,run,Idle,npc.ashen_hollow.kera_voss=0.00:idle;npc.ashen_hollow.renn_vale=0.00:idle;npc.ashen_hollow.sel_arien=0.00:idle;npc.ashen_hollow.tavar_orr=3.08:run
10.133,0.0167,0.67,3.16,run,Idle,npc.ashen_hollow.kera_voss=0.00:idle;npc.ashen_hollow.renn_vale=0.00:idle;npc.ashen_hollow.sel_arien=0.00:idle;npc.ashen_hollow.tavar_orr=3.08:run
10.150,0.0167,0.00,3.16,run,Idle,npc.ashen_hollow.kera_voss=0.00:idle;npc.ashen_hollow.renn_vale=0.00:idle;npc.ashen_hollow.sel_arien=0.00:idle;npc.ashen_hollow.tavar_orr=3.10:run
10.167,0.0167,0.33,3.18,run,Idle,npc.ashen_hollow.kera_voss=0.00:idle;npc.ashen_hollow.renn_vale=0.00:idle;npc.ashen_hollow.sel_arien=0.00:idle;npc.ashen_hollow.tavar_orr=3.10:run
10.183,0.0167,0.67,3.16,run,Idle,npc.ashen_hollow.kera_voss=0.00:idle;npc.ashen_hollow.renn_vale=0.00:idle;npc.ashen_hollow.sel_arien=0.00:idle;npc.ashen_hollow.tavar_orr=3.10:run
10.200,0.0167,0.00,3.16,run,Idle,npc.ashen_hollow.kera_voss=0.00:idle;npc.ashen_hollow.renn_vale=0.00:idle;npc.ashen_hollow.sel_arien=0.00:idle;npc.ashen_hollow.tavar_orr=3.12:run
10.217,0.0167,0.33,3.18,run,Idle,npc.ashen_hollow.kera_voss=0.00:idle;npc.ashen_hollow.renn_vale=0.00:idle;npc.ashen_hollow.sel_arien=0.00:idle;npc.ashen_hollow.tavar_orr=3.12:run
10.233,0.0167,0.67,3.16,run,Idle,npc.ashen_hollow.kera_voss=0.00:idle;npc.ashen_hollow.renn_vale=0.00:idle;npc.ashen_hollow.sel_arien=0.00:idle;npc.ashen_hollow.tavar_orr=3.12:run
10.250,0.0167,0.00,3.16,run,Idle,npc.ashen_hollow.kera_voss=0.00:idle;npc.ashen_hollow.renn_vale=0.00:idle;npc.ashen_hollow.sel_arien=0.00:idle;npc.ashen_hollow.tavar_orr=3.13:run
10.267,0.0167,0.33,3.18,run,Idle,npc.ashen_hollow.kera_voss=0.00:idle;npc.ashen_hollow.renn_vale=0.00:idle;npc.ashen_hollow.sel_arien=0.00:idle;npc.ashen_hollow.tavar_orr=3.13:run
10.283,0.0167,0.67,3.16,run,Idle,npc.ashen_hollow.kera_voss=0.00:idle;npc.ashen_hollow.renn_vale=0.00:idle;npc.ashen_hollow.sel_arien=0.00:idle;npc.ashen_hollow.tavar_orr=3.13:run
10.300,0.0167,0.00,3.16,run,Idle,npc.ashen_hollow.kera_voss=0.00:idle;npc.ashen_hollow.renn_vale=0.00:idle;npc.ashen_hollow.sel_arien=0.00:idle;npc.ashen_hollow.tavar_orr=3.14:run
10.317,0.0167,0.33,3.18,run,Idle,npc.ashen_hollow.kera_voss=0.00:idle;npc.ashen_hollow.renn_vale=0.00:idle;npc.ashen_hollow.sel_arien=0.00:idle;npc.ashen_hollow.tavar_orr=3.14:run
10.333,0.0167,0.67,3.16,run,Idle,npc.ashen_hollow.kera_voss=0.00:idle;npc.ashen_hollow.renn_vale=0.00:idle;npc.ashen_hollow.sel_arien=0.00:idle;npc.ashen_hollow.tavar_orr=3.14:run
10.350,0.0167,0.00,3.16,run,Idle,npc.ashen_hollow.kera_voss=0.00:idle;npc.ashen_hollow.renn_vale=0.00:idle;npc.ashen_hollow.sel_arien=0.00:idle;npc.ashen_hollow.tavar_orr=3.15:run
10.367,0.0167,0.33,3.18,run,Idle,npc.ashen_hollow.kera_voss=0.00:idle;npc.ashen_hollow.renn_vale=0.00:idle;npc.ashen_hollow.sel_arien=0.00:idle;npc.ashen_hollow.tavar_orr=3.15:run
10.383,0.0167,0.67,3.16,run,Idle,npc.ashen_hollow.kera_voss=0.00:idle;npc.ashen_hollow.renn_vale=0.00:idle;npc.ashen_hollow.sel_arien=0.00:idle;npc.ashen_hollow.tavar_orr=3.15:run
10.400,0.0167,0.00,3.16,run,Idle,npc.ashen_hollow.kera_voss=0.00:idle;npc.ashen_hollow.renn_vale=0.00:idle;npc.ashen_hollow.sel_arien=0.00:idle;npc.ashen_hollow.tavar_orr=3.15:run
10.417,0.0167,0.33,3.18,run,Idle,npc.ashen_hollow.kera_voss=0.00:idle;npc.ashen_hollow.renn_vale=0.00:idle;npc.ashen_hollow.sel_arien=0.00:idle;npc.ashen_hollow.tavar_orr=3.15:run
10.433,0.0167,0.67,3.16,run,Idle,npc.ashen_hollow.kera_voss=0.00:idle;npc.ashen_hollow.renn_vale=0.00:idle;npc.ashen_hollow.sel_arien=0.00:idle;npc.ashen_hollow.tavar_orr=3.15:run
10.450,0.0167,0.00,3.16,run,Idle,npc.ashen_hollow.kera_voss=0.00:idle;npc.ashen_hollow.renn_vale=0.00:idle;npc.ashen_hollow.sel_arien=0.00:idle;npc.ashen_hollow.tavar_orr=3.16:run
10.467,0.0167,0.33,3.18,run,Idle,npc.ashen_hollow.kera_voss=0.00:idle;npc.ashen_hollow.renn_vale=0.00:idle;npc.ashen_hollow.sel_arien=0.00:idle;npc.ashen_hollow.tavar_orr=3.16:run
10.483,0.0167,0.67,3.16,run,Idle,npc.ashen_hollow.kera_voss=0.00:idle;npc.ashen_hollow.renn_vale=0.00:idle;npc.ashen_hollow.sel_arien=0.00:idle;npc.ashen_hollow.tavar_orr=3.16:run
10.500,0.0167,0.00,3.16,run,Idle,npc.ashen_hollow.kera_voss=0.00:idle;npc.ashen_hollow.renn_vale=0.00:idle;npc.ashen_hollow.sel_arien=0.00:idle;npc.ashen_hollow.tavar_orr=3.16:run
10.517,0.0167,0.33,3.18,run,Idle,npc.ashen_hollow.kera_voss=0.00:idle;npc.ashen_hollow.renn_vale=0.00:idle;npc.ashen_hollow.sel_arien=0.00:idle;npc.ashen_hollow.tavar_orr=3.16:run
10.533,0.0167,0.67,3.16,run,Idle,npc.ashen_hollow.kera_voss=0.00:idle;npc.ashen_hollow.renn_vale=0.00:idle;npc.ashen_hollow.sel_arien=0.00:idle;npc.ashen_hollow.tavar_orr=3.16:run
10.550,0.0167,0.00,3.16,run,Idle,npc.ashen_hollow.kera_voss=0.00:idle;npc.ashen_hollow.renn_vale=0.00:idle;npc.ashen_hollow.sel_arien=0.00:idle;npc.ashen_hollow.tavar_orr=3.17:run
10.567,0.0167,0.33,3.18,run,Idle,npc.ashen_hollow.kera_voss=0.00:idle;npc.ashen_hollow.renn_vale=0.00:idle;npc.ashen_hollow.sel_arien=0.00:idle;npc.ashen_hollow.tavar_orr=3.17:run
10.583,0.0167,0.67,3.16,run,Idle,npc.ashen_hollow.kera_voss=0.00:idle;npc.ashen_hollow.renn_vale=0.00:idle;npc.ashen_hollow.sel_arien=0.00:idle;npc.ashen_hollow.tavar_orr=3.17:run
10.600,0.0167,0.00,3.16,run,Idle,npc.ashen_hollow.kera_voss=0.00:idle;npc.ashen_hollow.renn_vale=0.00:idle;npc.ashen_hollow.sel_arien=0.00:idle;npc.ashen_hollow.tavar_orr=3.17:run
10.617,0.0167,0.33,3.18,run,Idle,npc.ashen_hollow.kera_voss=0.00:idle;npc.ashen_hollow.renn_vale=0.00:idle;npc.ashen_hollow.sel_arien=0.00:idle;npc.ashen_hollow.tavar_orr=3.17:run
10.633,0.0167,0.67,3.16,run,Idle,npc.ashen_hollow.kera_voss=0.00:idle;npc.ashen_hollow.renn_vale=0.00:idle;npc.ashen_hollow.sel_arien=0.00:idle;npc.ashen_hollow.tavar_orr=3.17:run
10.650,0.0167,0.00,3.16,run,Idle,npc.ashen_hollow.kera_voss=0.00:idle;npc.ashen_hollow.renn_vale=0.00:idle;npc.ashen_hollow.sel_arien=0.00:idle;npc.ashen_hollow.tavar_orr=3.17:run
10.667,0.0167,0.33,3.18,run,Idle,npc.ashen_hollow.kera_voss=0.00:idle;npc.ashen_hollow.renn_vale=0.00:idle;npc.ashen_hollow.sel_arien=0.00:idle;npc.ashen_hollow.tavar_orr=3.17:run
10.683,0.0167,0.67,3.16,run,Idle,npc.ashen_hollow.kera_voss=0.00:idle;npc.ashen_hollow.renn_vale=0.00:idle;npc.ashen_hollow.sel_arien=0.00:idle;npc.ashen_hollow.tavar_orr=3.17:run
10.700,0.0167,0.00,3.16,run,Idle,npc.ashen_hollow.kera_voss=0.00:idle;npc.ashen_hollow.renn_vale=0.00:idle;npc.ashen_hollow.sel_arien=0.00:idle;npc.ashen_hollow.tavar_orr=3.17:run
10.717,0.0167,0.33,3.18,run,Idle,npc.ashen_hollow.kera_voss=0.00:idle;npc.ashen_hollow.renn_vale=0.00:idle;npc.ashen_hollow.sel_arien=0.00:idle;npc.ashen_hollow.tavar_orr=3.17:run
10.733,0.0167,0.67,3.16,run,Idle,npc.ashen_hollow.kera_voss=0.00:idle;npc.ashen_hollow.renn_vale=0.00:idle;npc.ashen_hollow.sel_arien=0.00:idle;npc.ashen_hollow.tavar_orr=3.17:run
10.750,0.0167,0.00,3.16,run,Idle,npc.ashen_hollow.kera_voss=0.00:idle;npc.ashen_hollow.renn_vale=0.00:idle;npc.ashen_hollow.sel_arien=0.00:idle;npc.ashen_hollow.tavar_orr=3.18:run
10.767,0.0167,0.33,3.18,run,Idle,npc.ashen_hollow.kera_voss=0.00:idle;npc.ashen_hollow.renn_vale=0.00:idle;npc.ashen_hollow.sel_arien=0.00:idle;npc.ashen_hollow.tavar_orr=3.18:run
10.783,0.0167,0.67,3.16,run,Idle,npc.ashen_hollow.kera_voss=0.00:idle;npc.ashen_hollow.renn_vale=0.00:idle;npc.ashen_hollow.sel_arien=0.00:idle;npc.ashen_hollow.tavar_orr=3.18:run
10.800,0.0167,0.00,3.16,run,Idle,npc.ashen_hollow.kera_voss=0.00:idle;npc.ashen_hollow.renn_vale=0.00:idle;npc.ashen_hollow.sel_arien=0.00:idle;npc.ashen_hollow.tavar_orr=3.18:run
10.817,0.0167,0.33,3.18,run,Idle,npc.ashen_hollow.kera_voss=0.00:idle;npc.ashen_hollow.renn_vale=0.00:idle;npc.ashen_hollow.sel_arien=0.00:idle;npc.ashen_hollow.tavar_orr=3.18:run
10.833,0.0167,0.67,3.16,run,Idle,npc.ashen_hollow.kera_voss=0.00:idle;npc.ashen_hollow.renn_vale=0.00:idle;npc.ashen_hollow.sel_arien=0.00:idle;npc.ashen_hollow.tavar_orr=3.18:run
10.850,0.0167,0.00,3.16,run,Idle,npc.ashen_hollow.kera_voss=0.00:idle;npc.ashen_hollow.renn_vale=0.00:idle;npc.ashen_hollow.sel_arien=0.00:idle;npc.ashen_hollow.tavar_orr=3.18:run
10.867,0.0167,0.33,3.18,run,Idle,npc.ashen_hollow.kera_voss=0.00:idle;npc.ashen_hollow.renn_vale=0.00:idle;npc.ashen_hollow.sel_arien=0.00:idle;npc.ashen_hollow.tavar_orr=3.18:run
10.883,0.0167,0.67,3.16,run,Idle,npc.ashen_hollow.kera_voss=0.00:idle;npc.ashen_hollow.renn_vale=0.00:idle;npc.ashen_hollow.sel_arien=0.00:idle;npc.ashen_hollow.tavar_orr=3.18:run
10.900,0.0167,0.00,3.16,run,Idle,npc.ashen_hollow.kera_voss=0.00:idle;npc.ashen_hollow.renn_vale=0.00:idle;npc.ashen_hollow.sel_arien=0.00:idle;npc.ashen_hollow.tavar_orr=3.18:run
10.917,0.0167,0.33,3.18,run,Idle,npc.ashen_hollow.kera_voss=0.00:idle;npc.ashen_hollow.renn_vale=0.00:idle;npc.ashen_hollow.sel_arien=0.00:idle;npc.ashen_hollow.tavar_orr=3.18:run
10.933,0.0167,0.67,3.16,run,Idle,npc.ashen_hollow.kera_voss=0.00:idle;npc.ashen_hollow.renn_vale=0.00:idle;npc.ashen_hollow.sel_arien=0.00:idle;npc.ashen_hollow.tavar_orr=3.18:run
10.950,0.0167,0.00,3.16,run,Idle,npc.ashen_hollow.kera_voss=0.00:idle;npc.ashen_hollow.renn_vale=0.00:idle;npc.ashen_hollow.sel_arien=0.00:idle;npc.ashen_hollow.tavar_orr=3.18:run
10.967,0.0167,0.33,3.18,run,Idle,npc.ashen_hollow.kera_voss=0.00:idle;npc.ashen_hollow.renn_vale=0.00:idle;npc.ashen_hollow.sel_arien=0.00:idle;npc.ashen_hollow.tavar_orr=3.18:run
10.983,0.0167,0.67,3.16,run,Idle,npc.ashen_hollow.kera_voss=0.00:idle;npc.ashen_hollow.renn_vale=0.00:idle;npc.ashen_hollow.sel_arien=0.00:idle;npc.ashen_hollow.tavar_orr=3.18:run
11.000,0.0167,0.00,3.16,run,Idle,npc.ashen_hollow.kera_voss=0.00:idle;npc.ashen_hollow.renn_vale=0.00:idle;npc.ashen_hollow.sel_arien=0.00:idle;npc.ashen_hollow.tavar_orr=3.18:run
11.017,0.0167,0.33,3.18,run,Idle,npc.ashen_hollow.kera_voss=0.00:idle;npc.ashen_hollow.renn_vale=0.00:idle;npc.ashen_hollow.sel_arien=0.00:idle;npc.ashen_hollow.tavar_orr=3.18:run
11.033,0.0167,0.67,3.16,run,Idle,npc.ashen_hollow.kera_voss=0.00:idle;npc.ashen_hollow.renn_vale=0.00:idle;npc.ashen_hollow.sel_arien=0.00:idle;npc.ashen_hollow.tavar_orr=3.18:run
11.050,0.0167,0.00,3.16,run,Idle,npc.ashen_hollow.kera_voss=0.00:idle;npc.ashen_hollow.renn_vale=0.00:idle;npc.ashen_hollow.sel_arien=0.00:idle;npc.ashen_hollow.tavar_orr=3.18:run
11.067,0.0167,0.33,3.18,run,Idle,npc.ashen_hollow.kera_voss=0.00:idle;npc.ashen_hollow.renn_vale=0.00:idle;npc.ashen_hollow.sel_arien=0.00:idle;npc.ashen_hollow.tavar_orr=3.18:run
11.083,0.0167,0.67,3.16,run,Idle,npc.ashen_hollow.kera_voss=0.00:idle;npc.ashen_hollow.renn_vale=0.00:idle;npc.ashen_hollow.sel_arien=0.00:idle;npc.ashen_hollow.tavar_orr=3.18:run
11.100,0.0167,0.00,3.16,run,Idle,npc.ashen_hollow.kera_voss=0.00:idle;npc.ashen_hollow.renn_vale=0.00:idle;npc.ashen_hollow.sel_arien=0.00:idle;npc.ashen_hollow.tavar_orr=3.18:run
11.117,0.0167,0.33,3.18,run,Idle,npc.ashen_hollow.kera_voss=0.00:idle;npc.ashen_hollow.renn_vale=0.00:idle;npc.ashen_hollow.sel_arien=0.00:idle;npc.ashen_hollow.tavar_orr=3.18:run
11.133,0.0167,0.67,3.16,run,Idle,npc.ashen_hollow.kera_voss=0.00:idle;npc.ashen_hollow.renn_vale=0.00:idle;npc.ashen_hollow.sel_arien=0.00:idle;npc.ashen_hollow.tavar_orr=3.18:run
11.150,0.0167,0.00,3.16,run,Idle,npc.ashen_hollow.kera_voss=0.00:idle;npc.ashen_hollow.renn_vale=0.00:idle;npc.ashen_hollow.sel_arien=0.00:idle;npc.ashen_hollow.tavar_orr=3.18:run
11.167,0.0167,0.33,3.18,run,Idle,npc.ashen_hollow.kera_voss=0.00:idle;npc.ashen_hollow.renn_vale=0.00:idle;npc.ashen_hollow.sel_arien=0.00:idle;npc.ashen_hollow.tavar_orr=3.18:run
11.183,0.0167,0.67,3.16,run,Idle,npc.ashen_hollow.kera_voss=0.00:idle;npc.ashen_hollow.renn_vale=0.00:idle;npc.ashen_hollow.sel_arien=0.00:idle;npc.ashen_hollow.tavar_orr=3.18:run
11.200,0.0167,0.00,3.16,run,Idle,npc.ashen_hollow.kera_voss=0.00:idle;npc.ashen_hollow.renn_vale=0.00:idle;npc.ashen_hollow.sel_arien=0.00:idle;npc.ashen_hollow.tavar_orr=3.18:run
11.217,0.0167,0.33,3.18,run,Idle,npc.ashen_hollow.kera_voss=0.00:idle;npc.ashen_hollow.renn_vale=0.00:idle;npc.ashen_hollow.sel_arien=0.00:idle;npc.ashen_hollow.tavar_orr=3.18:run
11.233,0.0167,0.67,3.16,run,Idle,npc.ashen_hollow.kera_voss=0.00:idle;npc.ashen_hollow.renn_vale=0.00:idle;npc.ashen_hollow.sel_arien=0.00:idle;npc.ashen_hollow.tavar_orr=3.18:run
11.250,0.0167,0.00,3.16,run,Idle,npc.ashen_hollow.kera_voss=0.00:idle;npc.ashen_hollow.renn_vale=0.00:idle;npc.ashen_hollow.sel_arien=0.00:idle;npc.ashen_hollow.tavar_orr=3.18:run
11.267,0.0167,0.33,3.18,run,Idle,npc.ashen_hollow.kera_voss=0.00:idle;npc.ashen_hollow.renn_vale=0.00:idle;npc.ashen_hollow.sel_arien=0.00:idle;npc.ashen_hollow.tavar_orr=3.18:run
11.283,0.0167,0.67,3.16,run,Idle,npc.ashen_hollow.kera_voss=0.00:idle;npc.ashen_hollow.renn_vale=0.00:idle;npc.ashen_hollow.sel_arien=0.00:idle;npc.ashen_hollow.tavar_orr=3.18:run
11.300,0.0167,0.00,3.16,run,Idle,npc.ashen_hollow.kera_voss=0.00:idle;npc.ashen_hollow.renn_vale=0.00:idle;npc.ashen_hollow.sel_arien=0.00:idle;npc.ashen_hollow.tavar_orr=3.18:run
11.317,0.0167,0.33,3.18,run,Idle,npc.ashen_hollow.kera_voss=0.00:idle;npc.ashen_hollow.renn_vale=0.00:idle;npc.ashen_hollow.sel_arien=0.00:idle;npc.ashen_hollow.tavar_orr=3.18:run
11.333,0.0167,0.67,3.16,run,Idle,npc.ashen_hollow.kera_voss=0.00:idle;npc.ashen_hollow.renn_vale=0.00:idle;npc.ashen_hollow.sel_arien=0.00:idle;npc.ashen_hollow.tavar_orr=3.18:run
11.350,0.0167,0.00,3.16,run,Idle,npc.ashen_hollow.kera_voss=0.00:idle;npc.ashen_hollow.renn_vale=0.00:idle;npc.ashen_hollow.sel_arien=0.00:idle;npc.ashen_hollow.tavar_orr=3.18:run
11.367,0.0167,0.33,3.18,run,Idle,npc.ashen_hollow.kera_voss=0.00:idle;npc.ashen_hollow.renn_vale=0.00:idle;npc.ashen_hollow.sel_arien=0.00:idle;npc.ashen_hollow.tavar_orr=3.18:run
11.383,0.0167,0.67,3.16,run,Idle,npc.ashen_hollow.kera_voss=0.00:idle;npc.ashen_hollow.renn_vale=0.00:idle;npc.ashen_hollow.sel_arien=0.00:idle;npc.ashen_hollow.tavar_orr=3.18:run
11.400,0.0167,0.00,3.16,run,Idle,npc.ashen_hollow.kera_voss=0.00:idle;npc.ashen_hollow.renn_vale=0.00:idle;npc.ashen_hollow.sel_arien=0.00:idle;npc.ashen_hollow.tavar_orr=3.18:run
11.417,0.0167,0.33,3.18,run,Idle,npc.ashen_hollow.kera_voss=0.00:idle;npc.ashen_hollow.renn_vale=0.00:idle;npc.ashen_hollow.sel_arien=0.00:idle;npc.ashen_hollow.tavar_orr=3.18:run
11.433,0.0167,0.67,3.16,run,Idle,npc.ashen_hollow.kera_voss=0.00:idle;npc.ashen_hollow.renn_vale=0.00:idle;npc.ashen_hollow.sel_arien=0.00:idle;npc.ashen_hollow.tavar_orr=3.18:run
11.450,0.0167,0.00,3.16,run,Idle,npc.ashen_hollow.kera_voss=0.00:idle;npc.ashen_hollow.renn_vale=0.00:idle;npc.ashen_hollow.sel_arien=0.00:idle;npc.ashen_hollow.tavar_orr=3.18:run
11.467,0.0167,0.33,3.18,run,Idle,npc.ashen_hollow.kera_voss=0.00:idle;npc.ashen_hollow.renn_vale=0.00:idle;npc.ashen_hollow.sel_arien=0.00:idle;npc.ashen_hollow.tavar_orr=3.18:run
11.483,0.0167,0.67,3.16,run,Idle,npc.ashen_hollow.kera_voss=0.00:idle;npc.ashen_hollow.renn_vale=0.00:idle;npc.ashen_hollow.sel_arien=0.00:idle;npc.ashen_hollow.tavar_orr=3.18:run
11.500,0.0167,0.00,3.16,run,Idle,npc.ashen_hollow.kera_voss=0.00:idle;npc.ashen_hollow.renn_vale=0.00:idle;npc.ashen_hollow.sel_arien=0.00:idle;npc.ashen_hollow.tavar_orr=3.19:run
11.517,0.0167,0.33,3.18,run,Idle,npc.ashen_hollow.kera_voss=0.00:idle;npc.ashen_hollow.renn_vale=0.00:idle;npc.ashen_hollow.sel_arien=0.00:idle;npc.ashen_hollow.tavar_orr=3.19:run
11.533,0.0167,0.67,3.16,run,Idle,npc.ashen_hollow.kera_voss=0.00:idle;npc.ashen_hollow.renn_vale=0.00:idle;npc.ashen_hollow.sel_arien=0.00:idle;npc.ashen_hollow.tavar_orr=3.19:run
11.550,0.0167,0.00,3.16,run,Idle,npc.ashen_hollow.kera_voss=0.00:idle;npc.ashen_hollow.renn_vale=0.00:idle;npc.ashen_hollow.sel_arien=0.00:idle;npc.ashen_hollow.tavar_orr=3.19:run
11.567,0.0167,0.33,2.57,run,Idle,npc.ashen_hollow.kera_voss=0.00:idle;npc.ashen_hollow.renn_vale=0.00:idle;npc.ashen_hollow.sel_arien=0.00:idle;npc.ashen_hollow.tavar_orr=3.19:run
11.583,0.0167,0.67,2.08,run,Idle,npc.ashen_hollow.kera_voss=0.00:idle;npc.ashen_hollow.renn_vale=0.00:idle;npc.ashen_hollow.sel_arien=0.00:idle;npc.ashen_hollow.tavar_orr=3.19:run
11.600,0.0167,0.00,2.08,run,Idle,npc.ashen_hollow.kera_voss=0.00:idle;npc.ashen_hollow.renn_vale=0.00:idle;npc.ashen_hollow.sel_arien=0.00:idle;npc.ashen_hollow.tavar_orr=3.19:run
11.617,0.0167,0.33,1.69,walk,Idle,npc.ashen_hollow.kera_voss=0.00:idle;npc.ashen_hollow.renn_vale=0.00:idle;npc.ashen_hollow.sel_arien=0.00:idle;npc.ashen_hollow.tavar_orr=3.19:run
11.633,0.0167,0.67,1.37,walk,Idle,npc.ashen_hollow.kera_voss=0.00:idle;npc.ashen_hollow.renn_vale=0.00:idle;npc.ashen_hollow.sel_arien=0.00:idle;npc.ashen_hollow.tavar_orr=3.19:run
11.650,0.0167,0.00,1.37,walk,Idle,npc.ashen_hollow.kera_voss=0.00:idle;npc.ashen_hollow.renn_vale=0.00:idle;npc.ashen_hollow.sel_arien=0.00:idle;npc.ashen_hollow.tavar_orr=2.94:run
11.667,0.0167,0.33,1.12,walk,Idle,npc.ashen_hollow.kera_voss=0.00:idle;npc.ashen_hollow.renn_vale=0.00:idle;npc.ashen_hollow.sel_arien=0.00:idle;npc.ashen_hollow.tavar_orr=2.94:run
11.683,0.0167,0.67,0.91,walk,Idle,npc.ashen_hollow.kera_voss=0.00:idle;npc.ashen_hollow.renn_vale=0.00:idle;npc.ashen_hollow.sel_arien=0.00:idle;npc.ashen_hollow.tavar_orr=2.94:run
11.700,0.0167,0.00,0.91,walk,Idle,npc.ashen_hollow.kera_voss=0.00:idle;npc.ashen_hollow.renn_vale=0.00:idle;npc.ashen_hollow.sel_arien=0.00:idle;npc.ashen_hollow.tavar_orr=2.73:run
11.717,0.0167,0.33,0.74,walk,Idle,npc.ashen_hollow.kera_voss=0.00:idle;npc.ashen_hollow.renn_vale=0.00:idle;npc.ashen_hollow.sel_arien=0.00:idle;npc.ashen_hollow.tavar_orr=2.73:run
11.733,0.0167,0.67,0.60,walk,Idle,npc.ashen_hollow.kera_voss=0.00:idle;npc.ashen_hollow.renn_vale=0.00:idle;npc.ashen_hollow.sel_arien=0.00:idle;npc.ashen_hollow.tavar_orr=2.73:run
11.750,0.0167,0.00,0.60,walk,Idle,npc.ashen_hollow.kera_voss=0.00:idle;npc.ashen_hollow.renn_vale=0.00:idle;npc.ashen_hollow.sel_arien=0.00:idle;npc.ashen_hollow.tavar_orr=2.56:run
11.767,0.0167,0.33,0.48,walk,Idle,npc.ashen_hollow.kera_voss=0.00:idle;npc.ashen_hollow.renn_vale=0.00:idle;npc.ashen_hollow.sel_arien=0.00:idle;npc.ashen_hollow.tavar_orr=2.56:run
11.783,0.0167,0.67,0.39,walk,Idle,npc.ashen_hollow.kera_voss=0.00:idle;npc.ashen_hollow.renn_vale=0.00:idle;npc.ashen_hollow.sel_arien=0.00:idle;npc.ashen_hollow.tavar_orr=2.56:run
11.800,0.0167,0.00,0.39,walk,Idle,npc.ashen_hollow.kera_voss=0.00:idle;npc.ashen_hollow.renn_vale=0.00:idle;npc.ashen_hollow.sel_arien=0.00:idle;npc.ashen_hollow.tavar_orr=2.41:run
11.817,0.0167,0.33,0.32,walk,Idle,npc.ashen_hollow.kera_voss=0.00:idle;npc.ashen_hollow.renn_vale=0.00:idle;npc.ashen_hollow.sel_arien=0.00:idle;npc.ashen_hollow.tavar_orr=2.41:run
11.833,0.0167,0.67,0.26,walk,Idle,npc.ashen_hollow.kera_voss=0.00:idle;npc.ashen_hollow.renn_vale=0.00:idle;npc.ashen_hollow.sel_arien=0.00:idle;npc.ashen_hollow.tavar_orr=2.41:run
11.850,0.0167,0.00,0.26,walk,Idle,npc.ashen_hollow.kera_voss=0.00:idle;npc.ashen_hollow.renn_vale=0.00:idle;npc.ashen_hollow.sel_arien=0.00:idle;npc.ashen_hollow.tavar_orr=2.29:run
11.867,0.0167,0.33,0.21,spear_ready,Idle,npc.ashen_hollow.kera_voss=0.00:idle;npc.ashen_hollow.renn_vale=0.00:idle;npc.ashen_hollow.sel_arien=0.00:idle;npc.ashen_hollow.tavar_orr=2.29:run
11.883,0.0167,0.67,0.17,spear_ready,Idle,npc.ashen_hollow.kera_voss=0.00:idle;npc.ashen_hollow.renn_vale=0.00:idle;npc.ashen_hollow.sel_arien=0.00:idle;npc.ashen_hollow.tavar_orr=2.29:run
11.900,0.0167,0.00,0.17,spear_ready,Idle,npc.ashen_hollow.kera_voss=0.00:idle;npc.ashen_hollow.renn_vale=0.00:idle;npc.ashen_hollow.sel_arien=0.00:idle;npc.ashen_hollow.tavar_orr=2.18:run
11.917,0.0167,0.33,0.14,spear_ready,Idle,npc.ashen_hollow.kera_voss=0.00:idle;npc.ashen_hollow.renn_vale=0.00:idle;npc.ashen_hollow.sel_arien=0.00:idle;npc.ashen_hollow.tavar_orr=2.18:run
11.933,0.0167,0.67,0.11,spear_ready,Idle,npc.ashen_hollow.kera_voss=0.00:idle;npc.ashen_hollow.renn_vale=0.00:idle;npc.ashen_hollow.sel_arien=0.00:idle;npc.ashen_hollow.tavar_orr=2.18:run
11.950,0.0167,0.00,0.11,spear_ready,Idle,npc.ashen_hollow.kera_voss=0.00:idle;npc.ashen_hollow.renn_vale=0.00:idle;npc.ashen_hollow.sel_arien=0.00:idle;npc.ashen_hollow.tavar_orr=2.09:run
11.967,0.0167,0.33,0.09,spear_ready,Idle,npc.ashen_hollow.kera_voss=0.00:idle;npc.ashen_hollow.renn_vale=0.00:idle;npc.ashen_hollow.sel_arien=0.00:idle;npc.ashen_hollow.tavar_orr=2.09:run
11.983,0.0167,0.67,0.07,spear_ready,Idle,npc.ashen_hollow.kera_voss=0.00:idle;npc.ashen_hollow.renn_vale=0.00:idle;npc.ashen_hollow.sel_arien=0.00:idle;npc.ashen_hollow.tavar_orr=2.09:run
12.000,0.0167,0.00,0.07,spear_ready,Idle,npc.ashen_hollow.kera_voss=0.00:idle;npc.ashen_hollow.renn_vale=0.00:idle;npc.ashen_hollow.sel_arien=0.00:idle;npc.ashen_hollow.tavar_orr=2.01:run
12.017,0.0167,0.33,0.06,spear_ready,Idle,npc.ashen_hollow.kera_voss=0.00:idle;npc.ashen_hollow.renn_vale=0.00:idle;npc.ashen_hollow.sel_arien=0.00:idle;npc.ashen_hollow.tavar_orr=2.01:run
12.033,0.0167,0.67,0.05,spear_ready,Idle,npc.ashen_hollow.kera_voss=0.00:idle;npc.ashen_hollow.renn_vale=0.00:idle;npc.ashen_hollow.sel_arien=0.00:idle;npc.ashen_hollow.tavar_orr=2.01:run
12.050,0.0167,0.00,0.05,spear_ready,Idle,npc.ashen_hollow.kera_voss=0.00:idle;npc.ashen_hollow.renn_vale=0.00:idle;npc.ashen_hollow.sel_arien=0.00:idle;npc.ashen_hollow.tavar_orr=1.95:walk
12.067,0.0167,0.33,0.04,spear_ready,Idle,npc.ashen_hollow.kera_voss=0.00:idle;npc.ashen_hollow.renn_vale=0.00:idle;npc.ashen_hollow.sel_arien=0.00:idle;npc.ashen_hollow.tavar_orr=1.95:walk
12.083,0.0167,0.67,0.03,spear_ready,Idle,npc.ashen_hollow.kera_voss=0.00:idle;npc.ashen_hollow.renn_vale=0.00:idle;npc.ashen_hollow.sel_arien=0.00:idle;npc.ashen_hollow.tavar_orr=1.95:walk
12.100,0.0167,0.00,0.03,spear_ready,Idle,npc.ashen_hollow.kera_voss=0.00:idle;npc.ashen_hollow.renn_vale=0.00:idle;npc.ashen_hollow.sel_arien=0.00:idle;npc.ashen_hollow.tavar_orr=1.89:walk
12.117,0.0167,0.33,0.03,spear_ready,Idle,npc.ashen_hollow.kera_voss=0.00:idle;npc.ashen_hollow.renn_vale=0.00:idle;npc.ashen_hollow.sel_arien=0.00:idle;npc.ashen_hollow.tavar_orr=1.89:walk
12.133,0.0167,0.67,0.02,spear_ready,Idle,npc.ashen_hollow.kera_voss=0.00:idle;npc.ashen_hollow.renn_vale=0.00:idle;npc.ashen_hollow.sel_arien=0.00:idle;npc.ashen_hollow.tavar_orr=1.89:walk
12.150,0.0167,0.00,0.02,spear_ready,Idle,npc.ashen_hollow.kera_voss=0.00:idle;npc.ashen_hollow.renn_vale=0.00:idle;npc.ashen_hollow.sel_arien=0.00:idle;npc.ashen_hollow.tavar_orr=1.85:walk
12.167,0.0167,0.33,0.02,spear_ready,Idle,npc.ashen_hollow.kera_voss=0.00:idle;npc.ashen_hollow.renn_vale=0.00:idle;npc.ashen_hollow.sel_arien=0.00:idle;npc.ashen_hollow.tavar_orr=1.85:walk
12.183,0.0167,0.67,0.01,spear_ready,Idle,npc.ashen_hollow.kera_voss=0.00:idle;npc.ashen_hollow.renn_vale=0.00:idle;npc.ashen_hollow.sel_arien=0.00:idle;npc.ashen_hollow.tavar_orr=1.85:walk
12.200,0.0167,0.00,0.01,spear_ready,Idle,npc.ashen_hollow.kera_voss=0.00:idle;npc.ashen_hollow.renn_vale=0.00:idle;npc.ashen_hollow.sel_arien=0.00:idle;npc.ashen_hollow.tavar_orr=1.81:walk
12.217,0.0167,0.33,0.01,spear_ready,Idle,npc.ashen_hollow.kera_voss=0.00:idle;npc.ashen_hollow.renn_vale=0.00:idle;npc.ashen_hollow.sel_arien=0.00:idle;npc.ashen_hollow.tavar_orr=1.81:walk
12.233,0.0167,0.67,0.01,spear_ready,Idle,npc.ashen_hollow.kera_voss=0.00:idle;npc.ashen_hollow.renn_vale=0.00:idle;npc.ashen_hollow.sel_arien=0.00:idle;npc.ashen_hollow.tavar_orr=1.81:walk
12.250,0.0167,0.00,0.01,spear_ready,Idle,npc.ashen_hollow.kera_voss=0.00:idle;npc.ashen_hollow.renn_vale=0.00:idle;npc.ashen_hollow.sel_arien=0.00:idle;npc.ashen_hollow.tavar_orr=1.78:walk
12.267,0.0167,0.33,0.01,spear_ready,Idle,npc.ashen_hollow.kera_voss=0.00:idle;npc.ashen_hollow.renn_vale=0.00:idle;npc.ashen_hollow.sel_arien=0.00:idle;npc.ashen_hollow.tavar_orr=1.78:walk
12.283,0.0167,0.67,0.01,spear_ready,Idle,npc.ashen_hollow.kera_voss=0.00:idle;npc.ashen_hollow.renn_vale=0.00:idle;npc.ashen_hollow.sel_arien=0.00:idle;npc.ashen_hollow.tavar_orr=1.78:walk
12.300,0.0167,0.00,0.01,spear_ready,Idle,npc.ashen_hollow.kera_voss=0.00:idle;npc.ashen_hollow.renn_vale=0.00:idle;npc.ashen_hollow.sel_arien=0.00:idle;npc.ashen_hollow.tavar_orr=1.75:walk
12.317,0.0167,0.33,0.00,spear_ready,Idle,npc.ashen_hollow.kera_voss=0.00:idle;npc.ashen_hollow.renn_vale=0.00:idle;npc.ashen_hollow.sel_arien=0.00:idle;npc.ashen_hollow.tavar_orr=1.75:walk
12.333,0.0167,0.67,0.00,spear_ready,Idle,npc.ashen_hollow.kera_voss=0.00:idle;npc.ashen_hollow.renn_vale=0.00:idle;npc.ashen_hollow.sel_arien=0.00:idle;npc.ashen_hollow.tavar_orr=1.75:walk
12.350,0.0167,0.00,0.00,spear_ready,Idle,npc.ashen_hollow.kera_voss=0.00:idle;npc.ashen_hollow.renn_vale=0.00:idle;npc.ashen_hollow.sel_arien=0.00:idle;npc.ashen_hollow.tavar_orr=1.72:walk
12.367,0.0167,0.33,0.00,spear_ready,Idle,npc.ashen_hollow.kera_voss=0.00:idle;npc.ashen_hollow.renn_vale=0.00:idle;npc.ashen_hollow.sel_arien=0.00:idle;npc.ashen_hollow.tavar_orr=1.72:walk
12.383,0.0167,0.67,0.00,spear_ready,Idle,npc.ashen_hollow.kera_voss=0.00:idle;npc.ashen_hollow.renn_vale=0.00:idle;npc.ashen_hollow.sel_arien=0.00:idle;npc.ashen_hollow.tavar_orr=1.72:walk
12.400,0.0167,0.00,0.00,spear_ready,Idle,npc.ashen_hollow.kera_voss=0.00:idle;npc.ashen_hollow.renn_vale=0.00:idle;npc.ashen_hollow.sel_arien=0.00:idle;npc.ashen_hollow.tavar_orr=1.70:walk
12.417,0.0167,0.33,0.00,spear_ready,Idle,npc.ashen_hollow.kera_voss=0.00:idle;npc.ashen_hollow.renn_vale=0.00:idle;npc.ashen_hollow.sel_arien=0.00:idle;npc.ashen_hollow.tavar_orr=1.70:walk
12.433,0.0167,0.67,0.00,spear_ready,Idle,npc.ashen_hollow.kera_voss=0.00:idle;npc.ashen_hollow.renn_vale=0.00:idle;npc.ashen_hollow.sel_arien=0.00:idle;npc.ashen_hollow.tavar_orr=1.70:walk
12.450,0.0167,0.00,0.00,spear_ready,Idle,npc.ashen_hollow.kera_voss=0.00:idle;npc.ashen_hollow.renn_vale=0.00:idle;npc.ashen_hollow.sel_arien=0.00:idle;npc.ashen_hollow.tavar_orr=1.69:walk
12.467,0.0167,0.33,0.00,spear_ready,Idle,npc.ashen_hollow.kera_voss=0.00:idle;npc.ashen_hollow.renn_vale=0.00:idle;npc.ashen_hollow.sel_arien=0.00:idle;npc.ashen_hollow.tavar_orr=1.69:walk
12.483,0.0167,0.67,0.00,spear_ready,Idle,npc.ashen_hollow.kera_voss=0.00:idle;npc.ashen_hollow.renn_vale=0.00:idle;npc.ashen_hollow.sel_arien=0.00:idle;npc.ashen_hollow.tavar_orr=1.69:walk
12.500,0.0167,0.00,0.00,spear_ready,Idle,npc.ashen_hollow.kera_voss=0.00:idle;npc.ashen_hollow.renn_vale=0.00:idle;npc.ashen_hollow.sel_arien=0.00:idle;npc.ashen_hollow.tavar_orr=1.67:walk
12.517,0.0167,0.33,0.00,spear_ready,Idle,npc.ashen_hollow.kera_voss=0.00:idle;npc.ashen_hollow.renn_vale=0.00:idle;npc.ashen_hollow.sel_arien=0.00:idle;npc.ashen_hollow.tavar_orr=1.67:walk
12.533,0.0167,0.67,0.00,spear_ready,Idle,npc.ashen_hollow.kera_voss=0.00:idle;npc.ashen_hollow.renn_vale=0.00:idle;npc.ashen_hollow.sel_arien=0.00:idle;npc.ashen_hollow.tavar_orr=1.67:walk
12.550,0.0167,0.00,0.00,spear_ready,Idle,npc.ashen_hollow.kera_voss=0.00:idle;npc.ashen_hollow.renn_vale=0.00:idle;npc.ashen_hollow.sel_arien=0.00:idle;npc.ashen_hollow.tavar_orr=1.67:walk
12.567,0.0167,0.33,0.00,spear_ready,Idle,npc.ashen_hollow.kera_voss=0.00:idle;npc.ashen_hollow.renn_vale=0.00:idle;npc.ashen_hollow.sel_arien=0.00:idle;npc.ashen_hollow.tavar_orr=1.67:walk
12.583,0.0167,0.67,0.00,spear_ready,Idle,npc.ashen_hollow.kera_voss=0.00:idle;npc.ashen_hollow.renn_vale=0.00:idle;npc.ashen_hollow.sel_arien=0.00:idle;npc.ashen_hollow.tavar_orr=1.42:walk
12.600,0.0167,0.00,0.00,spear_ready,Idle,npc.ashen_hollow.kera_voss=0.00:idle;npc.ashen_hollow.renn_vale=0.00:idle;npc.ashen_hollow.sel_arien=0.00:idle;npc.ashen_hollow.tavar_orr=1.20:walk
12.617,0.0167,0.33,0.00,spear_ready,Idle,npc.ashen_hollow.kera_voss=0.00:idle;npc.ashen_hollow.renn_vale=0.00:idle;npc.ashen_hollow.sel_arien=0.00:idle;npc.ashen_hollow.tavar_orr=1.01:walk
12.633,0.0167,0.67,0.00,spear_ready,Idle,npc.ashen_hollow.kera_voss=0.00:idle;npc.ashen_hollow.renn_vale=0.00:idle;npc.ashen_hollow.sel_arien=0.00:idle;npc.ashen_hollow.tavar_orr=0.86:walk
12.650,0.0167,0.00,0.00,spear_ready,Idle,npc.ashen_hollow.kera_voss=0.00:idle;npc.ashen_hollow.renn_vale=0.00:idle;npc.ashen_hollow.sel_arien=0.00:idle;npc.ashen_hollow.tavar_orr=0.73:walk
12.667,0.0167,0.33,0.00,spear_ready,Idle,npc.ashen_hollow.kera_voss=0.00:idle;npc.ashen_hollow.renn_vale=0.00:idle;npc.ashen_hollow.sel_arien=0.00:idle;npc.ashen_hollow.tavar_orr=0.00:idle
12.683,0.0167,0.67,0.00,spear_ready,Idle,npc.ashen_hollow.kera_voss=0.00:idle;npc.ashen_hollow.renn_vale=0.00:idle;npc.ashen_hollow.sel_arien=0.00:idle;npc.ashen_hollow.tavar_orr=0.00:idle
12.700,0.0167,0.00,0.00,spear_ready,Idle,npc.ashen_hollow.kera_voss=0.00:idle;npc.ashen_hollow.renn_vale=0.00:idle;npc.ashen_hollow.sel_arien=0.00:idle;npc.ashen_hollow.tavar_orr=0.00:idle
12.717,0.0167,0.33,0.00,spear_ready,Idle,npc.ashen_hollow.kera_voss=0.00:idle;npc.ashen_hollow.renn_vale=0.00:idle;npc.ashen_hollow.sel_arien=0.00:idle;npc.ashen_hollow.tavar_orr=0.00:idle
12.733,0.0167,0.67,0.00,spear_ready,Idle,npc.ashen_hollow.kera_voss=0.00:idle;npc.ashen_hollow.renn_vale=0.00:idle;npc.ashen_hollow.sel_arien=0.00:idle;npc.ashen_hollow.tavar_orr=0.00:idle
12.750,0.0167,0.00,0.00,spear_ready,Idle,npc.ashen_hollow.kera_voss=0.00:idle;npc.ashen_hollow.renn_vale=0.00:idle;npc.ashen_hollow.sel_arien=0.00:idle;npc.ashen_hollow.tavar_orr=0.00:idle
12.767,0.0167,0.33,0.00,spear_ready,Idle,npc.ashen_hollow.kera_voss=0.00:idle;npc.ashen_hollow.renn_vale=0.00:idle;npc.ashen_hollow.sel_arien=0.00:idle;npc.ashen_hollow.tavar_orr=0.00:idle
12.783,0.0167,0.67,0.00,spear_ready,Idle,npc.ashen_hollow.kera_voss=0.00:idle;npc.ashen_hollow.renn_vale=0.00:idle;npc.ashen_hollow.sel_arien=0.00:idle;npc.ashen_hollow.tavar_orr=0.00:idle
12.800,0.0167,0.00,0.00,spear_ready,Idle,npc.ashen_hollow.kera_voss=0.00:idle;npc.ashen_hollow.renn_vale=0.00:idle;npc.ashen_hollow.sel_arien=0.00:idle;npc.ashen_hollow.tavar_orr=0.00:idle
12.817,0.0167,0.33,0.00,spear_ready,Idle,npc.ashen_hollow.kera_voss=0.00:idle;npc.ashen_hollow.renn_vale=0.00:idle;npc.ashen_hollow.sel_arien=0.00:idle;npc.ashen_hollow.tavar_orr=0.00:idle
12.833,0.0167,0.67,0.00,spear_ready,Idle,npc.ashen_hollow.kera_voss=0.00:idle;npc.ashen_hollow.renn_vale=0.00:idle;npc.ashen_hollow.sel_arien=0.00:idle;npc.ashen_hollow.tavar_orr=0.00:idle
12.850,0.0167,0.00,0.00,spear_ready,Idle,npc.ashen_hollow.kera_voss=0.00:idle;npc.ashen_hollow.renn_vale=0.00:idle;npc.ashen_hollow.sel_arien=0.00:idle;npc.ashen_hollow.tavar_orr=0.00:idle
12.867,0.0167,0.33,0.00,spear_ready,Idle,npc.ashen_hollow.kera_voss=0.00:idle;npc.ashen_hollow.renn_vale=0.00:idle;npc.ashen_hollow.sel_arien=0.00:idle;npc.ashen_hollow.tavar_orr=0.00:idle
12.883,0.0167,0.67,0.00,spear_ready,Idle,npc.ashen_hollow.kera_voss=0.00:idle;npc.ashen_hollow.renn_vale=0.00:idle;npc.ashen_hollow.sel_arien=0.00:idle;npc.ashen_hollow.tavar_orr=0.00:idle
12.900,0.0167,0.00,0.00,spear_ready,Idle,npc.ashen_hollow.kera_voss=0.00:idle;npc.ashen_hollow.renn_vale=0.00:idle;npc.ashen_hollow.sel_arien=0.00:idle;npc.ashen_hollow.tavar_orr=0.00:idle
12.917,0.0167,0.33,0.00,spear_ready,Idle,npc.ashen_hollow.kera_voss=0.00:idle;npc.ashen_hollow.renn_vale=0.00:idle;npc.ashen_hollow.sel_arien=0.00:idle;npc.ashen_hollow.tavar_orr=0.00:idle
12.933,0.0167,0.67,0.00,spear_ready,Idle,npc.ashen_hollow.kera_voss=0.00:idle;npc.ashen_hollow.renn_vale=0.00:idle;npc.ashen_hollow.sel_arien=0.00:idle;npc.ashen_hollow.tavar_orr=0.00:idle
12.950,0.0167,0.00,0.00,spear_ready,Idle,npc.ashen_hollow.kera_voss=0.00:idle;npc.ashen_hollow.renn_vale=0.00:idle;npc.ashen_hollow.sel_arien=0.00:idle;npc.ashen_hollow.tavar_orr=0.00:idle
12.967,0.0167,0.33,0.00,spear_ready,Idle,npc.ashen_hollow.kera_voss=0.00:idle;npc.ashen_hollow.renn_vale=0.00:idle;npc.ashen_hollow.sel_arien=0.00:idle;npc.ashen_hollow.tavar_orr=0.00:idle
12.983,0.0167,0.67,0.00,spear_ready,Idle,npc.ashen_hollow.kera_voss=0.00:idle;npc.ashen_hollow.renn_vale=0.00:idle;npc.ashen_hollow.sel_arien=0.00:idle;npc.ashen_hollow.tavar_orr=0.00:idle
13.000,0.0167,0.00,0.00,spear_ready,Idle,npc.ashen_hollow.kera_voss=0.00:idle;npc.ashen_hollow.renn_vale=0.00:idle;npc.ashen_hollow.sel_arien=0.00:idle;npc.ashen_hollow.tavar_orr=0.00:idle
13.017,0.0167,0.33,0.00,spear_ready,Idle,npc.ashen_hollow.kera_voss=0.00:idle;npc.ashen_hollow.renn_vale=0.00:idle;npc.ashen_hollow.sel_arien=0.00:idle;npc.ashen_hollow.tavar_orr=0.00:idle
13.033,0.0167,0.67,0.00,spear_ready,Idle,npc.ashen_hollow.kera_voss=0.00:idle;npc.ashen_hollow.renn_vale=0.00:idle;npc.ashen_hollow.sel_arien=0.00:idle;npc.ashen_hollow.tavar_orr=0.00:idle
13.050,0.0167,0.00,0.00,spear_ready,Idle,npc.ashen_hollow.kera_voss=0.00:idle;npc.ashen_hollow.renn_vale=0.00:idle;npc.ashen_hollow.sel_arien=0.00:idle;npc.ashen_hollow.tavar_orr=0.00:idle
13.067,0.0167,0.33,0.00,spear_ready,Idle,npc.ashen_hollow.kera_voss=0.00:idle;npc.ashen_hollow.renn_vale=0.00:idle;npc.ashen_hollow.sel_arien=0.00:idle;npc.ashen_hollow.tavar_orr=0.00:idle
13.083,0.0167,0.67,0.00,spear_ready,Idle,npc.ashen_hollow.kera_voss=0.00:idle;npc.ashen_hollow.renn_vale=0.00:idle;npc.ashen_hollow.sel_arien=0.00:idle;npc.ashen_hollow.tavar_orr=0.00:idle
13.100,0.0167,0.00,0.00,spear_ready,Idle,npc.ashen_hollow.kera_voss=0.00:idle;npc.ashen_hollow.renn_vale=0.00:idle;npc.ashen_hollow.sel_arien=0.00:idle;npc.ashen_hollow.tavar_orr=0.00:idle
13.117,0.0167,0.33,0.00,spear_ready,Idle,npc.ashen_hollow.kera_voss=0.00:idle;npc.ashen_hollow.renn_vale=0.00:idle;npc.ashen_hollow.sel_arien=0.00:idle;npc.ashen_hollow.tavar_orr=0.00:idle
13.133,0.0167,0.67,0.00,spear_ready,Idle,npc.ashen_hollow.kera_voss=0.00:idle;npc.ashen_hollow.renn_vale=0.00:idle;npc.ashen_hollow.sel_arien=0.00:idle;npc.ashen_hollow.tavar_orr=0.00:idle
13.150,0.0167,0.00,0.00,spear_ready,Idle,npc.ashen_hollow.kera_voss=0.00:idle;npc.ashen_hollow.renn_vale=0.00:idle;npc.ashen_hollow.sel_arien=0.00:idle;npc.ashen_hollow.tavar_orr=0.00:idle
13.167,0.0167,0.33,0.00,spear_ready,Idle,npc.ashen_hollow.kera_voss=0.00:idle;npc.ashen_hollow.renn_vale=0.00:idle;npc.ashen_hollow.sel_arien=0.00:idle;npc.ashen_hollow.tavar_orr=0.00:idle
13.183,0.0167,0.67,0.00,spear_ready,Idle,npc.ashen_hollow.kera_voss=0.00:idle;npc.ashen_hollow.renn_vale=0.00:idle;npc.ashen_hollow.sel_arien=0.00:idle;npc.ashen_hollow.tavar_orr=0.00:idle
13.200,0.0167,0.00,0.00,spear_ready,Idle,npc.ashen_hollow.kera_voss=0.00:idle;npc.ashen_hollow.renn_vale=0.00:idle;npc.ashen_hollow.sel_arien=0.00:idle;npc.ashen_hollow.tavar_orr=0.00:idle
13.217,0.0167,0.33,0.00,spear_ready,Idle,npc.ashen_hollow.kera_voss=0.00:idle;npc.ashen_hollow.renn_vale=0.00:idle;npc.ashen_hollow.sel_arien=0.00:idle;npc.ashen_hollow.tavar_orr=0.00:idle
13.233,0.0167,0.67,0.00,spear_ready,Idle,npc.ashen_hollow.kera_voss=0.00:idle;npc.ashen_hollow.renn_vale=0.00:idle;npc.ashen_hollow.sel_arien=0.00:idle;npc.ashen_hollow.tavar_orr=0.00:idle
13.250,0.0167,0.00,0.00,spear_ready,Idle,npc.ashen_hollow.kera_voss=0.00:idle;npc.ashen_hollow.renn_vale=0.00:idle;npc.ashen_hollow.sel_arien=0.00:idle;npc.ashen_hollow.tavar_orr=0.00:idle
13.267,0.0167,0.33,0.00,spear_ready,Idle,npc.ashen_hollow.kera_voss=0.00:idle;npc.ashen_hollow.renn_vale=0.00:idle;npc.ashen_hollow.sel_arien=0.00:idle;npc.ashen_hollow.tavar_orr=0.00:idle
13.283,0.0167,0.67,0.00,spear_ready,Idle,npc.ashen_hollow.kera_voss=0.00:idle;npc.ashen_hollow.renn_vale=0.00:idle;npc.ashen_hollow.sel_arien=0.00:idle;npc.ashen_hollow.tavar_orr=0.00:idle
13.300,0.0167,0.00,0.00,spear_ready,Idle,npc.ashen_hollow.kera_voss=0.00:idle;npc.ashen_hollow.renn_vale=0.00:idle;npc.ashen_hollow.sel_arien=0.00:idle;npc.ashen_hollow.tavar_orr=0.00:idle
13.317,0.0167,0.33,0.00,spear_ready,Idle,npc.ashen_hollow.kera_voss=0.00:idle;npc.ashen_hollow.renn_vale=0.00:idle;npc.ashen_hollow.sel_arien=0.00:idle;npc.ashen_hollow.tavar_orr=0.00:idle
13.333,0.0167,0.67,0.00,spear_ready,Idle,npc.ashen_hollow.kera_voss=0.00:idle;npc.ashen_hollow.renn_vale=0.00:idle;npc.ashen_hollow.sel_arien=0.00:idle;npc.ashen_hollow.tavar_orr=0.00:idle
13.350,0.0167,0.00,0.00,spear_ready,Idle,npc.ashen_hollow.kera_voss=0.00:idle;npc.ashen_hollow.renn_vale=0.00:idle;npc.ashen_hollow.sel_arien=0.00:idle;npc.ashen_hollow.tavar_orr=0.00:idle
13.367,0.0167,0.33,0.00,spear_ready,Idle,npc.ashen_hollow.kera_voss=0.00:idle;npc.ashen_hollow.renn_vale=0.00:idle;npc.ashen_hollow.sel_arien=0.00:idle;npc.ashen_hollow.tavar_orr=0.00:idle
13.383,0.0167,0.67,0.00,spear_ready,Idle,npc.ashen_hollow.kera_voss=0.00:idle;npc.ashen_hollow.renn_vale=0.00:idle;npc.ashen_hollow.sel_arien=0.00:idle;npc.ashen_hollow.tavar_orr=0.00:idle
13.400,0.0167,0.00,0.00,spear_ready,Idle,npc.ashen_hollow.kera_voss=0.00:idle;npc.ashen_hollow.renn_vale=0.00:idle;npc.ashen_hollow.sel_arien=0.00:idle;npc.ashen_hollow.tavar_orr=0.00:idle
13.417,0.0167,0.33,0.00,spear_ready,Idle,npc.ashen_hollow.kera_voss=0.00:idle;npc.ashen_hollow.renn_vale=0.00:idle;npc.ashen_hollow.sel_arien=0.00:idle;npc.ashen_hollow.tavar_orr=0.00:idle
13.433,0.0167,0.67,0.00,spear_ready,Idle,npc.ashen_hollow.kera_voss=0.00:idle;npc.ashen_hollow.renn_vale=0.00:idle;npc.ashen_hollow.sel_arien=0.00:idle;npc.ashen_hollow.tavar_orr=0.00:idle
13.450,0.0167,0.00,0.00,spear_ready,Idle,npc.ashen_hollow.kera_voss=0.00:idle;npc.ashen_hollow.renn_vale=0.00:idle;npc.ashen_hollow.sel_arien=0.00:idle;npc.ashen_hollow.tavar_orr=0.00:idle
13.467,0.0167,0.33,0.00,spear_ready,Idle,npc.ashen_hollow.kera_voss=0.00:idle;npc.ashen_hollow.renn_vale=0.00:idle;npc.ashen_hollow.sel_arien=0.00:idle;npc.ashen_hollow.tavar_orr=0.00:idle
13.483,0.0167,0.67,0.00,spear_ready,Idle,npc.ashen_hollow.kera_voss=0.00:idle;npc.ashen_hollow.renn_vale=0.00:idle;npc.ashen_hollow.sel_arien=0.00:idle;npc.ashen_hollow.tavar_orr=0.00:idle
13.500,0.0167,0.00,0.00,spear_ready,Idle,npc.ashen_hollow.kera_voss=0.00:idle;npc.ashen_hollow.renn_vale=0.00:idle;npc.ashen_hollow.sel_arien=0.00:idle;npc.ashen_hollow.tavar_orr=0.00:idle
13.517,0.0167,0.33,0.00,spear_ready,Idle,npc.ashen_hollow.kera_voss=0.00:idle;npc.ashen_hollow.renn_vale=0.00:idle;npc.ashen_hollow.sel_arien=0.00:idle;npc.ashen_hollow.tavar_orr=0.00:idle
13.533,0.0167,0.67,0.00,spear_ready,Idle,npc.ashen_hollow.kera_voss=0.00:idle;npc.ashen_hollow.renn_vale=0.00:idle;npc.ashen_hollow.sel_arien=0.00:idle;npc.ashen_hollow.tavar_orr=0.00:idle
13.550,0.0167,0.00,0.00,spear_ready,Idle,npc.ashen_hollow.kera_voss=0.00:idle;npc.ashen_hollow.renn_vale=0.00:idle;npc.ashen_hollow.sel_arien=0.00:idle;npc.ashen_hollow.tavar_orr=0.00:idle
13.567,0.0167,0.33,0.00,spear_ready,Idle,npc.ashen_hollow.kera_voss=0.00:idle;npc.ashen_hollow.renn_vale=0.00:idle;npc.ashen_hollow.sel_arien=0.00:idle;npc.ashen_hollow.tavar_orr=0.00:idle
13.583,0.0167,0.67,0.00,spear_ready,Idle,npc.ashen_hollow.kera_voss=0.00:idle;npc.ashen_hollow.renn_vale=0.00:idle;npc.ashen_hollow.sel_arien=0.00:idle;npc.ashen_hollow.tavar_orr=0.00:idle
13.600,0.0167,0.00,0.00,spear_ready,Idle,npc.ashen_hollow.kera_voss=0.00:idle;npc.ashen_hollow.renn_vale=0.00:idle;npc.ashen_hollow.sel_arien=0.00:idle;npc.ashen_hollow.tavar_orr=0.00:idle
13.617,0.0167,0.33,0.00,spear_ready,Idle,npc.ashen_hollow.kera_voss=0.00:idle;npc.ashen_hollow.renn_vale=0.00:idle;npc.ashen_hollow.sel_arien=0.00:idle;npc.ashen_hollow.tavar_orr=0.00:idle
13.633,0.0167,0.67,0.00,spear_ready,Idle,npc.ashen_hollow.kera_voss=0.00:idle;npc.ashen_hollow.renn_vale=0.00:idle;npc.ashen_hollow.sel_arien=0.00:idle;npc.ashen_hollow.tavar_orr=0.00:idle
13.650,0.0167,0.00,0.00,spear_ready,Idle,npc.ashen_hollow.kera_voss=0.00:idle;npc.ashen_hollow.renn_vale=0.00:idle;npc.ashen_hollow.sel_arien=0.00:idle;npc.ashen_hollow.tavar_orr=0.00:idle
13.667,0.0167,0.33,0.00,spear_ready,Idle,npc.ashen_hollow.kera_voss=0.00:idle;npc.ashen_hollow.renn_vale=0.00:idle;npc.ashen_hollow.sel_arien=0.00:idle;npc.ashen_hollow.tavar_orr=0.00:idle
13.683,0.0167,0.67,0.00,spear_ready,Idle,npc.ashen_hollow.kera_voss=0.00:idle;npc.ashen_hollow.renn_vale=0.00:idle;npc.ashen_hollow.sel_arien=0.00:idle;npc.ashen_hollow.tavar_orr=0.00:idle
13.700,0.0167,0.00,0.00,spear_ready,Idle,npc.ashen_hollow.kera_voss=0.00:idle;npc.ashen_hollow.renn_vale=0.00:idle;npc.ashen_hollow.sel_arien=0.00:idle;npc.ashen_hollow.tavar_orr=0.00:idle
13.717,0.0167,0.33,0.00,spear_ready,Idle,npc.ashen_hollow.kera_voss=0.00:idle;npc.ashen_hollow.renn_vale=0.00:idle;npc.ashen_hollow.sel_arien=0.00:idle;npc.ashen_hollow.tavar_orr=0.00:idle
13.733,0.0167,0.67,0.00,spear_ready,Idle,npc.ashen_hollow.kera_voss=0.00:idle;npc.ashen_hollow.renn_vale=0.00:idle;npc.ashen_hollow.sel_arien=0.00:idle;npc.ashen_hollow.tavar_orr=0.00:idle
13.750,0.0167,0.00,0.00,spear_ready,Idle,npc.ashen_hollow.kera_voss=0.00:idle;npc.ashen_hollow.renn_vale=0.00:idle;npc.ashen_hollow.sel_arien=0.00:idle;npc.ashen_hollow.tavar_orr=0.00:idle
13.767,0.0167,0.33,0.00,spear_ready,Idle,npc.ashen_hollow.kera_voss=0.00:idle;npc.ashen_hollow.renn_vale=0.00:idle;npc.ashen_hollow.sel_arien=0.00:idle;npc.ashen_hollow.tavar_orr=0.00:idle
13.783,0.0167,0.67,0.00,spear_ready,Idle,npc.ashen_hollow.kera_voss=0.00:idle;npc.ashen_hollow.renn_vale=0.00:idle;npc.ashen_hollow.sel_arien=0.00:idle;npc.ashen_hollow.tavar_orr=0.00:idle
13.800,0.0167,0.00,0.00,spear_ready,Idle,npc.ashen_hollow.kera_voss=0.00:idle;npc.ashen_hollow.renn_vale=0.00:idle;npc.ashen_hollow.sel_arien=0.00:idle;npc.ashen_hollow.tavar_orr=0.00:idle
13.817,0.0167,0.33,0.00,spear_ready,Idle,npc.ashen_hollow.kera_voss=0.00:idle;npc.ashen_hollow.renn_vale=0.00:idle;npc.ashen_hollow.sel_arien=0.00:idle;npc.ashen_hollow.tavar_orr=0.00:idle
13.833,0.0167,0.67,0.00,spear_ready,Idle,npc.ashen_hollow.kera_voss=0.00:idle;npc.ashen_hollow.renn_vale=0.00:idle;npc.ashen_hollow.sel_arien=0.00:idle;npc.ashen_hollow.tavar_orr=0.00:idle
13.850,0.0167,0.00,0.00,spear_ready,Idle,npc.ashen_hollow.kera_voss=0.00:idle;npc.ashen_hollow.renn_vale=0.00:idle;npc.ashen_hollow.sel_arien=0.00:idle;npc.ashen_hollow.tavar_orr=0.00:idle
13.867,0.0167,0.33,0.00,spear_ready,Idle,npc.ashen_hollow.kera_voss=0.00:idle;npc.ashen_hollow.renn_vale=0.00:idle;npc.ashen_hollow.sel_arien=0.00:idle;npc.ashen_hollow.tavar_orr=0.00:idle
13.883,0.0167,0.67,0.00,spear_ready,Idle,npc.ashen_hollow.kera_voss=0.00:idle;npc.ashen_hollow.renn_vale=0.00:idle;npc.ashen_hollow.sel_arien=0.00:idle;npc.ashen_hollow.tavar_orr=0.00:idle
13.900,0.0167,0.00,0.00,spear_ready,Idle,npc.ashen_hollow.kera_voss=0.00:idle;npc.ashen_hollow.renn_vale=0.00:idle;npc.ashen_hollow.sel_arien=0.00:idle;npc.ashen_hollow.tavar_orr=0.00:idle
13.917,0.0167,0.33,0.00,spear_ready,Idle,npc.ashen_hollow.kera_voss=0.00:idle;npc.ashen_hollow.renn_vale=0.00:idle;npc.ashen_hollow.sel_arien=0.00:idle;npc.ashen_hollow.tavar_orr=0.00:idle
13.933,0.0167,0.67,0.00,spear_ready,Idle,npc.ashen_hollow.kera_voss=0.00:idle;npc.ashen_hollow.renn_vale=0.00:idle;npc.ashen_hollow.sel_arien=0.00:idle;npc.ashen_hollow.tavar_orr=0.00:idle
13.950,0.0167,0.00,0.00,spear_ready,Idle,npc.ashen_hollow.kera_voss=0.00:idle;npc.ashen_hollow.renn_vale=0.00:idle;npc.ashen_hollow.sel_arien=0.00:idle;npc.ashen_hollow.tavar_orr=0.00:idle
13.967,0.0167,0.33,0.00,spear_ready,Idle,npc.ashen_hollow.kera_voss=0.00:idle;npc.ashen_hollow.renn_vale=0.00:idle;npc.ashen_hollow.sel_arien=0.00:idle;npc.ashen_hollow.tavar_orr=0.00:idle
13.983,0.0167,0.67,0.00,spear_ready,Idle,npc.ashen_hollow.kera_voss=0.00:idle;npc.ashen_hollow.renn_vale=0.00:idle;npc.ashen_hollow.sel_arien=0.00:idle;npc.ashen_hollow.tavar_orr=0.00:idle
14.000,0.0167,0.00,0.00,spear_ready,Idle,npc.ashen_hollow.kera_voss=0.00:idle;npc.ashen_hollow.renn_vale=0.00:idle;npc.ashen_hollow.sel_arien=0.00:idle;npc.ashen_hollow.tavar_orr=0.00:idle
14.017,0.0167,0.33,0.00,spear_ready,Idle,npc.ashen_hollow.kera_voss=0.00:idle;npc.ashen_hollow.renn_vale=0.00:idle;npc.ashen_hollow.sel_arien=0.00:idle;npc.ashen_hollow.tavar_orr=0.00:idle
14.033,0.0167,0.67,0.00,spear_ready,Idle,npc.ashen_hollow.kera_voss=0.00:idle;npc.ashen_hollow.renn_vale=0.00:idle;npc.ashen_hollow.sel_arien=0.00:idle;npc.ashen_hollow.tavar_orr=0.00:idle
14.050,0.0167,0.00,0.00,spear_ready,Idle,npc.ashen_hollow.kera_voss=0.00:idle;npc.ashen_hollow.renn_vale=0.00:idle;npc.ashen_hollow.sel_arien=0.00:idle;npc.ashen_hollow.tavar_orr=0.00:idle
14.067,0.0167,0.33,0.62,walk,Idle,npc.ashen_hollow.kera_voss=0.00:idle;npc.ashen_hollow.renn_vale=0.00:idle;npc.ashen_hollow.sel_arien=0.00:idle;npc.ashen_hollow.tavar_orr=0.00:idle
14.083,0.0167,0.67,1.08,walk,Idle,npc.ashen_hollow.kera_voss=0.00:idle;npc.ashen_hollow.renn_vale=0.00:idle;npc.ashen_hollow.sel_arien=0.00:idle;npc.ashen_hollow.tavar_orr=0.00:idle
14.100,0.0167,0.00,1.08,walk,Idle,npc.ashen_hollow.kera_voss=0.00:idle;npc.ashen_hollow.renn_vale=0.00:idle;npc.ashen_hollow.sel_arien=0.00:idle;npc.ashen_hollow.tavar_orr=0.01:idle
14.117,0.0167,0.33,1.49,walk,Idle,npc.ashen_hollow.kera_voss=0.00:idle;npc.ashen_hollow.renn_vale=0.00:idle;npc.ashen_hollow.sel_arien=0.00:idle;npc.ashen_hollow.tavar_orr=0.01:idle
14.133,0.0167,0.67,1.78,walk,Idle,npc.ashen_hollow.kera_voss=0.00:idle;npc.ashen_hollow.renn_vale=0.00:idle;npc.ashen_hollow.sel_arien=0.00:idle;npc.ashen_hollow.tavar_orr=0.01:idle
14.150,0.0167,0.00,1.78,walk,Idle,npc.ashen_hollow.kera_voss=0.00:idle;npc.ashen_hollow.renn_vale=0.00:idle;npc.ashen_hollow.sel_arien=0.00:idle;npc.ashen_hollow.tavar_orr=0.25:walk
14.167,0.0167,0.33,2.07,walk,Idle,npc.ashen_hollow.kera_voss=0.00:idle;npc.ashen_hollow.renn_vale=0.00:idle;npc.ashen_hollow.sel_arien=0.00:idle;npc.ashen_hollow.tavar_orr=0.25:walk
14.183,0.0167,0.67,2.26,walk,Idle,npc.ashen_hollow.kera_voss=0.00:idle;npc.ashen_hollow.renn_vale=0.00:idle;npc.ashen_hollow.sel_arien=0.00:idle;npc.ashen_hollow.tavar_orr=0.25:walk
14.200,0.0167,0.00,2.26,walk,Idle,npc.ashen_hollow.kera_voss=0.00:idle;npc.ashen_hollow.renn_vale=0.00:idle;npc.ashen_hollow.sel_arien=0.00:idle;npc.ashen_hollow.tavar_orr=0.46:walk
14.217,0.0167,0.33,2.45,run,Idle,npc.ashen_hollow.kera_voss=0.00:idle;npc.ashen_hollow.renn_vale=0.00:idle;npc.ashen_hollow.sel_arien=0.00:idle;npc.ashen_hollow.tavar_orr=0.46:walk
14.233,0.0167,0.67,2.56,run,Idle,npc.ashen_hollow.kera_voss=0.00:idle;npc.ashen_hollow.renn_vale=0.00:idle;npc.ashen_hollow.sel_arien=0.00:idle;npc.ashen_hollow.tavar_orr=0.46:walk
14.250,0.0167,0.00,2.56,run,Idle,npc.ashen_hollow.kera_voss=0.00:idle;npc.ashen_hollow.renn_vale=0.00:idle;npc.ashen_hollow.sel_arien=0.00:idle;npc.ashen_hollow.tavar_orr=0.63:walk
14.267,0.0167,0.33,2.70,run,Idle,npc.ashen_hollow.kera_voss=0.00:idle;npc.ashen_hollow.renn_vale=0.00:idle;npc.ashen_hollow.sel_arien=0.00:idle;npc.ashen_hollow.tavar_orr=0.63:walk
14.283,0.0167,0.67,2.77,run,Idle,npc.ashen_hollow.kera_voss=0.00:idle;npc.ashen_hollow.renn_vale=0.00:idle;npc.ashen_hollow.sel_arien=0.00:idle;npc.ashen_hollow.tavar_orr=0.63:walk
14.300,0.0167,0.00,2.77,run,Idle,npc.ashen_hollow.kera_voss=0.00:idle;npc.ashen_hollow.renn_vale=0.00:idle;npc.ashen_hollow.sel_arien=0.00:idle;npc.ashen_hollow.tavar_orr=0.78:walk
14.317,0.0167,0.33,2.86,run,Idle,npc.ashen_hollow.kera_voss=0.00:idle;npc.ashen_hollow.renn_vale=0.00:idle;npc.ashen_hollow.sel_arien=0.00:idle;npc.ashen_hollow.tavar_orr=0.78:walk
14.333,0.0167,0.67,2.90,run,Idle,npc.ashen_hollow.kera_voss=0.00:idle;npc.ashen_hollow.renn_vale=0.00:idle;npc.ashen_hollow.sel_arien=0.00:idle;npc.ashen_hollow.tavar_orr=0.78:walk
14.350,0.0167,0.00,2.90,run,Idle,npc.ashen_hollow.kera_voss=0.00:idle;npc.ashen_hollow.renn_vale=0.00:idle;npc.ashen_hollow.sel_arien=0.00:idle;npc.ashen_hollow.tavar_orr=0.90:walk
14.367,0.0167,0.33,2.97,run,Idle,npc.ashen_hollow.kera_voss=0.00:idle;npc.ashen_hollow.renn_vale=0.00:idle;npc.ashen_hollow.sel_arien=0.00:idle;npc.ashen_hollow.tavar_orr=0.90:walk
14.383,0.0167,0.67,2.99,run,Idle,npc.ashen_hollow.kera_voss=0.00:idle;npc.ashen_hollow.renn_vale=0.00:idle;npc.ashen_hollow.sel_arien=0.00:idle;npc.ashen_hollow.tavar_orr=0.90:walk
14.400,0.0167,0.00,2.99,run,Idle,npc.ashen_hollow.kera_voss=0.00:idle;npc.ashen_hollow.renn_vale=0.00:idle;npc.ashen_hollow.sel_arien=0.00:idle;npc.ashen_hollow.tavar_orr=1.01:walk
14.417,0.0167,0.33,3.05,run,Idle,npc.ashen_hollow.kera_voss=0.00:idle;npc.ashen_hollow.renn_vale=0.00:idle;npc.ashen_hollow.sel_arien=0.00:idle;npc.ashen_hollow.tavar_orr=1.01:walk
14.433,0.0167,0.67,3.05,run,Idle,npc.ashen_hollow.kera_voss=0.00:idle;npc.ashen_hollow.renn_vale=0.00:idle;npc.ashen_hollow.sel_arien=0.00:idle;npc.ashen_hollow.tavar_orr=1.01:walk
14.450,0.0167,0.00,3.05,run,Idle,npc.ashen_hollow.kera_voss=0.00:idle;npc.ashen_hollow.renn_vale=0.00:idle;npc.ashen_hollow.sel_arien=0.00:idle;npc.ashen_hollow.tavar_orr=1.10:walk
14.467,0.0167,0.33,3.09,run,Idle,npc.ashen_hollow.kera_voss=0.00:idle;npc.ashen_hollow.renn_vale=0.00:idle;npc.ashen_hollow.sel_arien=0.00:idle;npc.ashen_hollow.tavar_orr=1.10:walk
14.483,0.0167,0.67,3.09,run,Idle,npc.ashen_hollow.kera_voss=0.00:idle;npc.ashen_hollow.renn_vale=0.00:idle;npc.ashen_hollow.sel_arien=0.00:idle;npc.ashen_hollow.tavar_orr=1.10:walk
14.500,0.0167,0.00,3.09,run,Idle,npc.ashen_hollow.kera_voss=0.00:idle;npc.ashen_hollow.renn_vale=0.00:idle;npc.ashen_hollow.sel_arien=0.00:idle;npc.ashen_hollow.tavar_orr=1.18:walk
14.517,0.0167,0.33,3.12,run,Idle,npc.ashen_hollow.kera_voss=0.00:idle;npc.ashen_hollow.renn_vale=0.00:idle;npc.ashen_hollow.sel_arien=0.00:idle;npc.ashen_hollow.tavar_orr=1.18:walk
14.533,0.0167,0.67,3.11,run,Idle,npc.ashen_hollow.kera_voss=0.00:idle;npc.ashen_hollow.renn_vale=0.00:idle;npc.ashen_hollow.sel_arien=0.00:idle;npc.ashen_hollow.tavar_orr=1.18:walk
14.550,0.0167,0.00,3.11,run,Idle,npc.ashen_hollow.kera_voss=0.00:idle;npc.ashen_hollow.renn_vale=0.00:idle;npc.ashen_hollow.sel_arien=0.00:idle;npc.ashen_hollow.tavar_orr=1.24:walk
14.567,0.0167,0.33,3.14,run,Idle,npc.ashen_hollow.kera_voss=0.00:idle;npc.ashen_hollow.renn_vale=0.00:idle;npc.ashen_hollow.sel_arien=0.00:idle;npc.ashen_hollow.tavar_orr=1.24:walk
14.583,0.0167,0.67,3.13,run,Idle,npc.ashen_hollow.kera_voss=0.00:idle;npc.ashen_hollow.renn_vale=0.00:idle;npc.ashen_hollow.sel_arien=0.00:idle;npc.ashen_hollow.tavar_orr=1.24:walk
14.600,0.0167,0.00,3.13,run,Idle,npc.ashen_hollow.kera_voss=0.00:idle;npc.ashen_hollow.renn_vale=0.00:idle;npc.ashen_hollow.sel_arien=0.00:idle;npc.ashen_hollow.tavar_orr=1.29:walk
14.617,0.0167,0.33,3.16,run,Idle,npc.ashen_hollow.kera_voss=0.00:idle;npc.ashen_hollow.renn_vale=0.00:idle;npc.ashen_hollow.sel_arien=0.00:idle;npc.ashen_hollow.tavar_orr=1.29:walk
14.633,0.0167,0.67,3.14,run,Idle,npc.ashen_hollow.kera_voss=0.00:idle;npc.ashen_hollow.renn_vale=0.00:idle;npc.ashen_hollow.sel_arien=0.00:idle;npc.ashen_hollow.tavar_orr=1.29:walk
14.650,0.0167,0.00,3.14,run,Idle,npc.ashen_hollow.kera_voss=0.00:idle;npc.ashen_hollow.renn_vale=0.00:idle;npc.ashen_hollow.sel_arien=0.00:idle;npc.ashen_hollow.tavar_orr=1.34:walk
14.667,0.0167,0.33,3.16,run,Idle,npc.ashen_hollow.kera_voss=0.00:idle;npc.ashen_hollow.renn_vale=0.00:idle;npc.ashen_hollow.sel_arien=0.00:idle;npc.ashen_hollow.tavar_orr=1.34:walk
14.683,0.0167,0.67,3.14,run,Idle,npc.ashen_hollow.kera_voss=0.00:idle;npc.ashen_hollow.renn_vale=0.00:idle;npc.ashen_hollow.sel_arien=0.00:idle;npc.ashen_hollow.tavar_orr=1.34:walk
14.700,0.0167,0.00,3.14,run,Idle,npc.ashen_hollow.kera_voss=0.00:idle;npc.ashen_hollow.renn_vale=0.00:idle;npc.ashen_hollow.sel_arien=0.00:idle;npc.ashen_hollow.tavar_orr=1.38:walk
14.717,0.0167,0.33,3.17,run,Idle,npc.ashen_hollow.kera_voss=0.00:idle;npc.ashen_hollow.renn_vale=0.00:idle;npc.ashen_hollow.sel_arien=0.00:idle;npc.ashen_hollow.tavar_orr=1.38:walk
14.733,0.0167,0.67,3.15,run,Idle,npc.ashen_hollow.kera_voss=0.00:idle;npc.ashen_hollow.renn_vale=0.00:idle;npc.ashen_hollow.sel_arien=0.00:idle;npc.ashen_hollow.tavar_orr=1.38:walk
14.750,0.0167,0.00,3.15,run,Idle,npc.ashen_hollow.kera_voss=0.00:idle;npc.ashen_hollow.renn_vale=0.00:idle;npc.ashen_hollow.sel_arien=0.00:idle;npc.ashen_hollow.tavar_orr=1.41:walk
14.767,0.0167,0.33,3.18,run,Idle,npc.ashen_hollow.kera_voss=0.00:idle;npc.ashen_hollow.renn_vale=0.00:idle;npc.ashen_hollow.sel_arien=0.00:idle;npc.ashen_hollow.tavar_orr=1.41:walk
14.783,0.0167,0.67,3.15,run,Idle,npc.ashen_hollow.kera_voss=0.00:idle;npc.ashen_hollow.renn_vale=0.00:idle;npc.ashen_hollow.sel_arien=0.00:idle;npc.ashen_hollow.tavar_orr=1.41:walk
14.800,0.0167,0.00,3.15,run,Idle,npc.ashen_hollow.kera_voss=0.00:idle;npc.ashen_hollow.renn_vale=0.00:idle;npc.ashen_hollow.sel_arien=0.00:idle;npc.ashen_hollow.tavar_orr=1.44:walk
14.817,0.0167,0.33,3.18,run,Idle,npc.ashen_hollow.kera_voss=0.00:idle;npc.ashen_hollow.renn_vale=0.00:idle;npc.ashen_hollow.sel_arien=0.00:idle;npc.ashen_hollow.tavar_orr=1.44:walk
14.833,0.0167,0.67,3.16,run,Idle,npc.ashen_hollow.kera_voss=0.00:idle;npc.ashen_hollow.renn_vale=0.00:idle;npc.ashen_hollow.sel_arien=0.00:idle;npc.ashen_hollow.tavar_orr=1.44:walk
14.850,0.0167,0.00,3.16,run,Idle,npc.ashen_hollow.kera_voss=0.00:idle;npc.ashen_hollow.renn_vale=0.00:idle;npc.ashen_hollow.sel_arien=0.00:idle;npc.ashen_hollow.tavar_orr=1.46:walk
14.867,0.0167,0.33,3.18,run,Idle,npc.ashen_hollow.kera_voss=0.00:idle;npc.ashen_hollow.renn_vale=0.00:idle;npc.ashen_hollow.sel_arien=0.00:idle;npc.ashen_hollow.tavar_orr=1.46:walk
14.883,0.0167,0.67,3.16,run,Idle,npc.ashen_hollow.kera_voss=0.00:idle;npc.ashen_hollow.renn_vale=0.00:idle;npc.ashen_hollow.sel_arien=0.00:idle;npc.ashen_hollow.tavar_orr=1.46:walk
14.900,0.0167,0.00,3.16,run,Idle,npc.ashen_hollow.kera_voss=0.00:idle;npc.ashen_hollow.renn_vale=0.00:idle;npc.ashen_hollow.sel_arien=0.00:idle;npc.ashen_hollow.tavar_orr=1.48:walk
14.917,0.0167,0.33,3.18,run,Idle,npc.ashen_hollow.kera_voss=0.00:idle;npc.ashen_hollow.renn_vale=0.00:idle;npc.ashen_hollow.sel_arien=0.00:idle;npc.ashen_hollow.tavar_orr=1.48:walk
14.933,0.0167,0.67,3.16,run,Idle,npc.ashen_hollow.kera_voss=0.00:idle;npc.ashen_hollow.renn_vale=0.00:idle;npc.ashen_hollow.sel_arien=0.00:idle;npc.ashen_hollow.tavar_orr=1.48:walk
14.950,0.0167,0.00,3.16,run,Idle,npc.ashen_hollow.kera_voss=0.00:idle;npc.ashen_hollow.renn_vale=0.00:idle;npc.ashen_hollow.sel_arien=0.00:idle;npc.ashen_hollow.tavar_orr=1.50:walk
14.967,0.0167,0.33,3.18,run,Idle,npc.ashen_hollow.kera_voss=0.00:idle;npc.ashen_hollow.renn_vale=0.00:idle;npc.ashen_hollow.sel_arien=0.00:idle;npc.ashen_hollow.tavar_orr=1.50:walk
14.983,0.0167,0.67,3.16,run,Idle,npc.ashen_hollow.kera_voss=0.00:idle;npc.ashen_hollow.renn_vale=0.00:idle;npc.ashen_hollow.sel_arien=0.00:idle;npc.ashen_hollow.tavar_orr=1.50:walk
15.000,0.0167,0.00,3.16,run,Idle,npc.ashen_hollow.kera_voss=0.00:idle;npc.ashen_hollow.renn_vale=0.00:idle;npc.ashen_hollow.sel_arien=0.00:idle;npc.ashen_hollow.tavar_orr=1.76:walk
15.017,0.0167,0.33,3.18,run,Idle,npc.ashen_hollow.kera_voss=0.00:idle;npc.ashen_hollow.renn_vale=0.00:idle;npc.ashen_hollow.sel_arien=0.00:idle;npc.ashen_hollow.tavar_orr=1.76:walk
15.033,0.0167,0.67,3.16,run,Idle,npc.ashen_hollow.kera_voss=0.00:idle;npc.ashen_hollow.renn_vale=0.00:idle;npc.ashen_hollow.sel_arien=0.00:idle;npc.ashen_hollow.tavar_orr=1.76:walk
15.050,0.0167,0.00,3.16,run,Idle,npc.ashen_hollow.kera_voss=0.00:idle;npc.ashen_hollow.renn_vale=0.00:idle;npc.ashen_hollow.sel_arien=0.00:idle;npc.ashen_hollow.tavar_orr=1.98:walk
15.067,0.0167,0.33,3.18,run,Idle,npc.ashen_hollow.kera_voss=0.00:idle;npc.ashen_hollow.renn_vale=0.00:idle;npc.ashen_hollow.sel_arien=0.00:idle;npc.ashen_hollow.tavar_orr=1.98:walk
15.083,0.0167,0.67,3.16,run,Idle,npc.ashen_hollow.kera_voss=0.00:idle;npc.ashen_hollow.renn_vale=0.00:idle;npc.ashen_hollow.sel_arien=0.00:idle;npc.ashen_hollow.tavar_orr=1.98:walk
15.100,0.0167,0.00,3.16,run,Idle,npc.ashen_hollow.kera_voss=0.00:idle;npc.ashen_hollow.renn_vale=0.00:idle;npc.ashen_hollow.sel_arien=0.00:idle;npc.ashen_hollow.tavar_orr=2.17:walk
15.117,0.0167,0.33,3.18,run,Idle,npc.ashen_hollow.kera_voss=0.00:idle;npc.ashen_hollow.renn_vale=0.00:idle;npc.ashen_hollow.sel_arien=0.00:idle;npc.ashen_hollow.tavar_orr=2.17:walk
15.133,0.0167,0.67,3.16,run,Idle,npc.ashen_hollow.kera_voss=0.00:idle;npc.ashen_hollow.renn_vale=0.00:idle;npc.ashen_hollow.sel_arien=0.00:idle;npc.ashen_hollow.tavar_orr=2.17:walk
15.150,0.0167,0.00,3.16,run,Idle,npc.ashen_hollow.kera_voss=0.00:idle;npc.ashen_hollow.renn_vale=0.00:idle;npc.ashen_hollow.sel_arien=0.00:idle;npc.ashen_hollow.tavar_orr=2.32:walk
15.167,0.0167,0.33,3.18,run,Idle,npc.ashen_hollow.kera_voss=0.00:idle;npc.ashen_hollow.renn_vale=0.00:idle;npc.ashen_hollow.sel_arien=0.00:idle;npc.ashen_hollow.tavar_orr=2.32:walk
15.183,0.0167,0.67,3.16,run,Idle,npc.ashen_hollow.kera_voss=0.00:idle;npc.ashen_hollow.renn_vale=0.00:idle;npc.ashen_hollow.sel_arien=0.00:idle;npc.ashen_hollow.tavar_orr=2.32:walk
15.200,0.0167,0.00,3.16,run,Idle,npc.ashen_hollow.kera_voss=0.00:idle;npc.ashen_hollow.renn_vale=0.00:idle;npc.ashen_hollow.sel_arien=0.00:idle;npc.ashen_hollow.tavar_orr=2.46:run
15.217,0.0167,0.33,3.18,run,Idle,npc.ashen_hollow.kera_voss=0.00:idle;npc.ashen_hollow.renn_vale=0.00:idle;npc.ashen_hollow.sel_arien=0.00:idle;npc.ashen_hollow.tavar_orr=2.46:run
15.233,0.0167,0.67,3.16,run,Idle,npc.ashen_hollow.kera_voss=0.00:idle;npc.ashen_hollow.renn_vale=0.00:idle;npc.ashen_hollow.sel_arien=0.00:idle;npc.ashen_hollow.tavar_orr=2.46:run
15.250,0.0167,0.00,3.16,run,Idle,npc.ashen_hollow.kera_voss=0.00:idle;npc.ashen_hollow.renn_vale=0.00:idle;npc.ashen_hollow.sel_arien=0.00:idle;npc.ashen_hollow.tavar_orr=2.57:run
15.267,0.0167,0.33,3.18,run,Idle,npc.ashen_hollow.kera_voss=0.00:idle;npc.ashen_hollow.renn_vale=0.00:idle;npc.ashen_hollow.sel_arien=0.00:idle;npc.ashen_hollow.tavar_orr=2.57:run
15.283,0.0167,0.67,3.16,run,Idle,npc.ashen_hollow.kera_voss=0.00:idle;npc.ashen_hollow.renn_vale=0.00:idle;npc.ashen_hollow.sel_arien=0.00:idle;npc.ashen_hollow.tavar_orr=2.57:run
15.300,0.0167,0.00,3.16,run,Idle,npc.ashen_hollow.kera_voss=0.00:idle;npc.ashen_hollow.renn_vale=0.00:idle;npc.ashen_hollow.sel_arien=0.00:idle;npc.ashen_hollow.tavar_orr=2.66:run
15.317,0.0167,0.33,3.18,run,Idle,npc.ashen_hollow.kera_voss=0.00:idle;npc.ashen_hollow.renn_vale=0.00:idle;npc.ashen_hollow.sel_arien=0.00:idle;npc.ashen_hollow.tavar_orr=2.66:run
15.333,0.0167,0.67,3.16,run,Idle,npc.ashen_hollow.kera_voss=0.00:idle;npc.ashen_hollow.renn_vale=0.00:idle;npc.ashen_hollow.sel_arien=0.00:idle;npc.ashen_hollow.tavar_orr=2.66:run
15.350,0.0167,0.00,3.16,run,Idle,npc.ashen_hollow.kera_voss=0.00:idle;npc.ashen_hollow.renn_vale=0.00:idle;npc.ashen_hollow.sel_arien=0.00:idle;npc.ashen_hollow.tavar_orr=2.74:run
15.367,0.0167,0.33,3.18,run,Idle,npc.ashen_hollow.kera_voss=0.00:idle;npc.ashen_hollow.renn_vale=0.00:idle;npc.ashen_hollow.sel_arien=0.00:idle;npc.ashen_hollow.tavar_orr=2.74:run
15.383,0.0167,0.67,3.16,run,Idle,npc.ashen_hollow.kera_voss=0.00:idle;npc.ashen_hollow.renn_vale=0.00:idle;npc.ashen_hollow.sel_arien=0.00:idle;npc.ashen_hollow.tavar_orr=2.74:run
15.400,0.0167,0.00,3.16,run,Idle,npc.ashen_hollow.kera_voss=0.00:idle;npc.ashen_hollow.renn_vale=0.00:idle;npc.ashen_hollow.sel_arien=0.00:idle;npc.ashen_hollow.tavar_orr=2.81:run
15.417,0.0167,0.33,3.18,run,Idle,npc.ashen_hollow.kera_voss=0.00:idle;npc.ashen_hollow.renn_vale=0.00:idle;npc.ashen_hollow.sel_arien=0.00:idle;npc.ashen_hollow.tavar_orr=2.81:run
15.433,0.0167,0.67,3.16,run,Idle,npc.ashen_hollow.kera_voss=0.00:idle;npc.ashen_hollow.renn_vale=0.00:idle;npc.ashen_hollow.sel_arien=0.00:idle;npc.ashen_hollow.tavar_orr=2.81:run
15.450,0.0167,0.00,3.16,run,Idle,npc.ashen_hollow.kera_voss=0.00:idle;npc.ashen_hollow.renn_vale=0.00:idle;npc.ashen_hollow.sel_arien=0.00:idle;npc.ashen_hollow.tavar_orr=2.87:run
15.467,0.0167,0.33,3.18,run,Idle,npc.ashen_hollow.kera_voss=0.00:idle;npc.ashen_hollow.renn_vale=0.00:idle;npc.ashen_hollow.sel_arien=0.00:idle;npc.ashen_hollow.tavar_orr=2.87:run
15.483,0.0167,0.67,3.16,run,Idle,npc.ashen_hollow.kera_voss=0.00:idle;npc.ashen_hollow.renn_vale=0.00:idle;npc.ashen_hollow.sel_arien=0.00:idle;npc.ashen_hollow.tavar_orr=2.87:run
15.500,0.0167,0.00,3.16,run,Idle,npc.ashen_hollow.kera_voss=0.00:idle;npc.ashen_hollow.renn_vale=0.00:idle;npc.ashen_hollow.sel_arien=0.00:idle;npc.ashen_hollow.tavar_orr=2.92:run
15.517,0.0167,0.33,3.18,run,Idle,npc.ashen_hollow.kera_voss=0.00:idle;npc.ashen_hollow.renn_vale=0.00:idle;npc.ashen_hollow.sel_arien=0.00:idle;npc.ashen_hollow.tavar_orr=2.92:run
15.533,0.0167,0.67,3.16,run,Idle,npc.ashen_hollow.kera_voss=0.00:idle;npc.ashen_hollow.renn_vale=0.00:idle;npc.ashen_hollow.sel_arien=0.00:idle;npc.ashen_hollow.tavar_orr=2.92:run
15.550,0.0167,0.00,3.16,run,Idle,npc.ashen_hollow.kera_voss=0.00:idle;npc.ashen_hollow.renn_vale=0.00:idle;npc.ashen_hollow.sel_arien=0.00:idle;npc.ashen_hollow.tavar_orr=2.72:run
15.567,0.0167,0.33,3.18,run,Idle,npc.ashen_hollow.kera_voss=0.00:idle;npc.ashen_hollow.renn_vale=0.00:idle;npc.ashen_hollow.sel_arien=0.00:idle;npc.ashen_hollow.tavar_orr=2.72:run
15.583,0.0167,0.67,3.15,run,Idle,npc.ashen_hollow.kera_voss=0.00:idle;npc.ashen_hollow.renn_vale=0.00:idle;npc.ashen_hollow.sel_arien=0.00:idle;npc.ashen_hollow.tavar_orr=2.72:run
15.600,0.0167,0.00,3.15,run,Idle,npc.ashen_hollow.kera_voss=0.00:idle;npc.ashen_hollow.renn_vale=0.00:idle;npc.ashen_hollow.sel_arien=0.00:idle;npc.ashen_hollow.tavar_orr=2.55:run
15.617,0.0167,0.33,3.18,run,Idle,npc.ashen_hollow.kera_voss=0.00:idle;npc.ashen_hollow.renn_vale=0.00:idle;npc.ashen_hollow.sel_arien=0.00:idle;npc.ashen_hollow.tavar_orr=2.55:run
15.633,0.0167,0.67,3.15,run,Idle,npc.ashen_hollow.kera_voss=0.00:idle;npc.ashen_hollow.renn_vale=0.00:idle;npc.ashen_hollow.sel_arien=0.00:idle;npc.ashen_hollow.tavar_orr=2.55:run
15.650,0.0167,0.00,3.15,run,Idle,npc.ashen_hollow.kera_voss=0.00:idle;npc.ashen_hollow.renn_vale=0.00:idle;npc.ashen_hollow.sel_arien=0.00:idle;npc.ashen_hollow.tavar_orr=2.40:run
15.667,0.0167,0.33,3.18,run,Idle,npc.ashen_hollow.kera_voss=0.00:idle;npc.ashen_hollow.renn_vale=0.00:idle;npc.ashen_hollow.sel_arien=0.00:idle;npc.ashen_hollow.tavar_orr=2.40:run
15.683,0.0167,0.67,3.15,run,Idle,npc.ashen_hollow.kera_voss=0.00:idle;npc.ashen_hollow.renn_vale=0.00:idle;npc.ashen_hollow.sel_arien=0.00:idle;npc.ashen_hollow.tavar_orr=2.40:run
15.700,0.0167,0.00,3.15,run,Idle,npc.ashen_hollow.kera_voss=0.00:idle;npc.ashen_hollow.renn_vale=0.00:idle;npc.ashen_hollow.sel_arien=0.00:idle;npc.ashen_hollow.tavar_orr=2.28:run
15.717,0.0167,0.33,3.18,run,Idle,npc.ashen_hollow.kera_voss=0.00:idle;npc.ashen_hollow.renn_vale=0.00:idle;npc.ashen_hollow.sel_arien=0.00:idle;npc.ashen_hollow.tavar_orr=2.28:run
15.733,0.0167,0.67,3.15,run,Idle,npc.ashen_hollow.kera_voss=0.00:idle;npc.ashen_hollow.renn_vale=0.00:idle;npc.ashen_hollow.sel_arien=0.00:idle;npc.ashen_hollow.tavar_orr=2.28:run
15.750,0.0167,0.00,3.15,run,Idle,npc.ashen_hollow.kera_voss=0.00:idle;npc.ashen_hollow.renn_vale=0.00:idle;npc.ashen_hollow.sel_arien=0.00:idle;npc.ashen_hollow.tavar_orr=2.17:run
15.767,0.0167,0.33,3.18,run,Idle,npc.ashen_hollow.kera_voss=0.00:idle;npc.ashen_hollow.renn_vale=0.00:idle;npc.ashen_hollow.sel_arien=0.00:idle;npc.ashen_hollow.tavar_orr=2.17:run
15.783,0.0167,0.67,3.15,run,Idle,npc.ashen_hollow.kera_voss=0.00:idle;npc.ashen_hollow.renn_vale=0.00:idle;npc.ashen_hollow.sel_arien=0.00:idle;npc.ashen_hollow.tavar_orr=2.17:run
15.800,0.0167,0.00,3.15,run,Idle,npc.ashen_hollow.kera_voss=0.00:idle;npc.ashen_hollow.renn_vale=0.00:idle;npc.ashen_hollow.sel_arien=0.00:idle;npc.ashen_hollow.tavar_orr=2.08:run
15.817,0.0167,0.33,3.18,run,Idle,npc.ashen_hollow.kera_voss=0.00:idle;npc.ashen_hollow.renn_vale=0.00:idle;npc.ashen_hollow.sel_arien=0.00:idle;npc.ashen_hollow.tavar_orr=2.08:run
15.833,0.0167,0.67,3.15,run,Idle,npc.ashen_hollow.kera_voss=0.00:idle;npc.ashen_hollow.renn_vale=0.00:idle;npc.ashen_hollow.sel_arien=0.00:idle;npc.ashen_hollow.tavar_orr=2.08:run
15.850,0.0167,0.00,3.15,run,Idle,npc.ashen_hollow.kera_voss=0.00:idle;npc.ashen_hollow.renn_vale=0.00:idle;npc.ashen_hollow.sel_arien=0.00:idle;npc.ashen_hollow.tavar_orr=2.01:run
15.867,0.0167,0.33,3.18,run,Idle,npc.ashen_hollow.kera_voss=0.00:idle;npc.ashen_hollow.renn_vale=0.00:idle;npc.ashen_hollow.sel_arien=0.00:idle;npc.ashen_hollow.tavar_orr=2.01:run
15.883,0.0167,0.67,3.15,run,Idle,npc.ashen_hollow.kera_voss=0.00:idle;npc.ashen_hollow.renn_vale=0.00:idle;npc.ashen_hollow.sel_arien=0.00:idle;npc.ashen_hollow.tavar_orr=2.01:run
15.900,0.0167,0.00,3.15,run,Idle,npc.ashen_hollow.kera_voss=0.00:idle;npc.ashen_hollow.renn_vale=0.00:idle;npc.ashen_hollow.sel_arien=0.00:idle;npc.ashen_hollow.tavar_orr=1.95:walk
15.917,0.0167,0.33,3.18,run,Idle,npc.ashen_hollow.kera_voss=0.00:idle;npc.ashen_hollow.renn_vale=0.00:idle;npc.ashen_hollow.sel_arien=0.00:idle;npc.ashen_hollow.tavar_orr=1.95:walk
15.933,0.0167,0.67,3.15,run,Idle,npc.ashen_hollow.kera_voss=0.00:idle;npc.ashen_hollow.renn_vale=0.00:idle;npc.ashen_hollow.sel_arien=0.00:idle;npc.ashen_hollow.tavar_orr=1.95:walk
15.950,0.0167,0.00,3.15,run,Idle,npc.ashen_hollow.kera_voss=0.00:idle;npc.ashen_hollow.renn_vale=0.00:idle;npc.ashen_hollow.sel_arien=0.00:idle;npc.ashen_hollow.tavar_orr=1.89:walk
15.967,0.0167,0.33,3.18,run,Idle,npc.ashen_hollow.kera_voss=0.00:idle;npc.ashen_hollow.renn_vale=0.00:idle;npc.ashen_hollow.sel_arien=0.00:idle;npc.ashen_hollow.tavar_orr=1.89:walk
15.983,0.0167,0.67,3.15,run,Idle,npc.ashen_hollow.kera_voss=0.00:idle;npc.ashen_hollow.renn_vale=0.00:idle;npc.ashen_hollow.sel_arien=0.00:idle;npc.ashen_hollow.tavar_orr=1.89:walk
16.000,0.0167,0.00,3.15,run,Idle,npc.ashen_hollow.kera_voss=0.00:idle;npc.ashen_hollow.renn_vale=0.00:idle;npc.ashen_hollow.sel_arien=0.00:idle;npc.ashen_hollow.tavar_orr=1.85:walk
16.017,0.0167,0.33,3.18,run,Idle,npc.ashen_hollow.kera_voss=0.00:idle;npc.ashen_hollow.renn_vale=0.00:idle;npc.ashen_hollow.sel_arien=0.00:idle;npc.ashen_hollow.tavar_orr=1.85:walk
16.033,0.0167,0.67,3.15,run,Idle,npc.ashen_hollow.kera_voss=0.00:idle;npc.ashen_hollow.renn_vale=0.00:idle;npc.ashen_hollow.sel_arien=0.00:idle;npc.ashen_hollow.tavar_orr=1.85:walk
16.050,0.0167,0.00,3.15,run,Idle,npc.ashen_hollow.kera_voss=0.00:idle;npc.ashen_hollow.renn_vale=0.00:idle;npc.ashen_hollow.sel_arien=0.00:idle;npc.ashen_hollow.tavar_orr=1.81:walk
16.067,0.0167,0.33,3.18,run,Idle,npc.ashen_hollow.kera_voss=0.00:idle;npc.ashen_hollow.renn_vale=0.00:idle;npc.ashen_hollow.sel_arien=0.00:idle;npc.ashen_hollow.tavar_orr=1.81:walk
16.083,0.0167,0.67,3.15,run,Idle,npc.ashen_hollow.kera_voss=0.00:idle;npc.ashen_hollow.renn_vale=0.00:idle;npc.ashen_hollow.sel_arien=0.00:idle;npc.ashen_hollow.tavar_orr=1.81:walk
16.100,0.0167,0.00,3.15,run,Idle,npc.ashen_hollow.kera_voss=0.00:idle;npc.ashen_hollow.renn_vale=0.00:idle;npc.ashen_hollow.sel_arien=0.00:idle;npc.ashen_hollow.tavar_orr=1.78:walk
16.117,0.0167,0.33,3.18,run,Idle,npc.ashen_hollow.kera_voss=0.00:idle;npc.ashen_hollow.renn_vale=0.00:idle;npc.ashen_hollow.sel_arien=0.00:idle;npc.ashen_hollow.tavar_orr=1.78:walk
16.133,0.0167,0.67,3.15,run,Idle,npc.ashen_hollow.kera_voss=0.00:idle;npc.ashen_hollow.renn_vale=0.00:idle;npc.ashen_hollow.sel_arien=0.00:idle;npc.ashen_hollow.tavar_orr=1.78:walk
16.150,0.0167,0.00,3.15,run,Idle,npc.ashen_hollow.kera_voss=0.00:idle;npc.ashen_hollow.renn_vale=0.00:idle;npc.ashen_hollow.sel_arien=0.00:idle;npc.ashen_hollow.tavar_orr=1.75:walk
16.167,0.0167,0.33,3.18,run,Idle,npc.ashen_hollow.kera_voss=0.00:idle;npc.ashen_hollow.renn_vale=0.00:idle;npc.ashen_hollow.sel_arien=0.00:idle;npc.ashen_hollow.tavar_orr=1.75:walk
16.183,0.0167,0.67,3.15,run,Idle,npc.ashen_hollow.kera_voss=0.00:idle;npc.ashen_hollow.renn_vale=0.00:idle;npc.ashen_hollow.sel_arien=0.00:idle;npc.ashen_hollow.tavar_orr=1.75:walk
16.200,0.0167,0.00,3.15,run,Idle,npc.ashen_hollow.kera_voss=0.00:idle;npc.ashen_hollow.renn_vale=0.00:idle;npc.ashen_hollow.sel_arien=0.00:idle;npc.ashen_hollow.tavar_orr=1.73:walk
16.217,0.0167,0.33,3.18,run,Idle,npc.ashen_hollow.kera_voss=0.00:idle;npc.ashen_hollow.renn_vale=0.00:idle;npc.ashen_hollow.sel_arien=0.00:idle;npc.ashen_hollow.tavar_orr=1.73:walk
16.233,0.0167,0.67,3.15,run,Idle,npc.ashen_hollow.kera_voss=0.00:idle;npc.ashen_hollow.renn_vale=0.00:idle;npc.ashen_hollow.sel_arien=0.00:idle;npc.ashen_hollow.tavar_orr=1.73:walk
16.250,0.0167,0.00,3.15,run,Idle,npc.ashen_hollow.kera_voss=0.00:idle;npc.ashen_hollow.renn_vale=0.00:idle;npc.ashen_hollow.sel_arien=0.00:idle;npc.ashen_hollow.tavar_orr=1.71:walk
16.267,0.0167,0.33,3.18,run,Idle,npc.ashen_hollow.kera_voss=0.00:idle;npc.ashen_hollow.renn_vale=0.00:idle;npc.ashen_hollow.sel_arien=0.00:idle;npc.ashen_hollow.tavar_orr=1.71:walk
16.283,0.0167,0.67,3.15,run,Idle,npc.ashen_hollow.kera_voss=0.00:idle;npc.ashen_hollow.renn_vale=0.00:idle;npc.ashen_hollow.sel_arien=0.00:idle;npc.ashen_hollow.tavar_orr=1.71:walk
16.300,0.0167,0.00,3.15,run,Idle,npc.ashen_hollow.kera_voss=0.00:idle;npc.ashen_hollow.renn_vale=0.00:idle;npc.ashen_hollow.sel_arien=0.00:idle;npc.ashen_hollow.tavar_orr=1.69:walk
16.317,0.0167,0.33,3.18,run,Idle,npc.ashen_hollow.kera_voss=0.00:idle;npc.ashen_hollow.renn_vale=0.00:idle;npc.ashen_hollow.sel_arien=0.00:idle;npc.ashen_hollow.tavar_orr=1.69:walk
16.333,0.0167,0.67,3.15,run,Idle,npc.ashen_hollow.kera_voss=0.00:idle;npc.ashen_hollow.renn_vale=0.00:idle;npc.ashen_hollow.sel_arien=0.00:idle;npc.ashen_hollow.tavar_orr=1.69:walk
16.350,0.0167,0.00,3.15,run,Idle,npc.ashen_hollow.kera_voss=0.00:idle;npc.ashen_hollow.renn_vale=0.00:idle;npc.ashen_hollow.sel_arien=0.00:idle;npc.ashen_hollow.tavar_orr=1.68:walk
16.367,0.0167,0.33,3.18,run,Idle,npc.ashen_hollow.kera_voss=0.00:idle;npc.ashen_hollow.renn_vale=0.00:idle;npc.ashen_hollow.sel_arien=0.00:idle;npc.ashen_hollow.tavar_orr=1.68:walk
16.383,0.0167,0.67,3.15,run,Idle,npc.ashen_hollow.kera_voss=0.00:idle;npc.ashen_hollow.renn_vale=0.00:idle;npc.ashen_hollow.sel_arien=0.00:idle;npc.ashen_hollow.tavar_orr=1.68:walk
16.400,0.0167,0.00,3.15,run,Idle,npc.ashen_hollow.kera_voss=0.00:idle;npc.ashen_hollow.renn_vale=0.00:idle;npc.ashen_hollow.sel_arien=0.00:idle;npc.ashen_hollow.tavar_orr=1.67:walk
16.417,0.0167,0.33,3.18,run,Idle,npc.ashen_hollow.kera_voss=0.00:idle;npc.ashen_hollow.renn_vale=0.00:idle;npc.ashen_hollow.sel_arien=0.00:idle;npc.ashen_hollow.tavar_orr=1.67:walk
16.433,0.0167,0.67,3.15,run,Idle,npc.ashen_hollow.kera_voss=0.00:idle;npc.ashen_hollow.renn_vale=0.00:idle;npc.ashen_hollow.sel_arien=0.00:idle;npc.ashen_hollow.tavar_orr=1.67:walk
16.450,0.0167,0.00,3.15,run,Idle,npc.ashen_hollow.kera_voss=0.00:idle;npc.ashen_hollow.renn_vale=0.00:idle;npc.ashen_hollow.sel_arien=0.00:idle;npc.ashen_hollow.tavar_orr=1.66:walk
16.467,0.0167,0.33,3.18,run,Idle,npc.ashen_hollow.kera_voss=0.00:idle;npc.ashen_hollow.renn_vale=0.00:idle;npc.ashen_hollow.sel_arien=0.00:idle;npc.ashen_hollow.tavar_orr=1.66:walk
16.483,0.0167,0.67,3.15,run,Idle,npc.ashen_hollow.kera_voss=0.00:idle;npc.ashen_hollow.renn_vale=0.00:idle;npc.ashen_hollow.sel_arien=0.00:idle;npc.ashen_hollow.tavar_orr=1.66:walk
16.500,0.0167,0.00,3.15,run,Idle,npc.ashen_hollow.kera_voss=0.00:idle;npc.ashen_hollow.renn_vale=0.00:idle;npc.ashen_hollow.sel_arien=0.00:idle;npc.ashen_hollow.tavar_orr=1.89:walk
16.517,0.0167,0.33,3.18,run,Idle,npc.ashen_hollow.kera_voss=0.00:idle;npc.ashen_hollow.renn_vale=0.00:idle;npc.ashen_hollow.sel_arien=0.00:idle;npc.ashen_hollow.tavar_orr=1.89:walk
16.533,0.0167,0.67,3.15,run,Idle,npc.ashen_hollow.kera_voss=0.00:idle;npc.ashen_hollow.renn_vale=0.00:idle;npc.ashen_hollow.sel_arien=0.00:idle;npc.ashen_hollow.tavar_orr=1.89:walk
16.550,0.0167,0.00,3.15,run,Idle,npc.ashen_hollow.kera_voss=0.00:idle;npc.ashen_hollow.renn_vale=0.00:idle;npc.ashen_hollow.sel_arien=0.00:idle;npc.ashen_hollow.tavar_orr=1.85:walk
16.567,0.0167,0.33,3.18,run,Idle,npc.ashen_hollow.kera_voss=0.00:idle;npc.ashen_hollow.renn_vale=0.00:idle;npc.ashen_hollow.sel_arien=0.00:idle;npc.ashen_hollow.tavar_orr=1.85:walk
16.583,0.0167,0.67,3.15,run,Idle,npc.ashen_hollow.kera_voss=0.00:idle;npc.ashen_hollow.renn_vale=0.00:idle;npc.ashen_hollow.sel_arien=0.00:idle;npc.ashen_hollow.tavar_orr=1.85:walk
16.600,0.0167,0.00,3.15,run,Idle,npc.ashen_hollow.kera_voss=0.00:idle;npc.ashen_hollow.renn_vale=0.00:idle;npc.ashen_hollow.sel_arien=0.00:idle;npc.ashen_hollow.tavar_orr=2.06:walk
16.617,0.0167,0.33,3.18,run,Idle,npc.ashen_hollow.kera_voss=0.00:idle;npc.ashen_hollow.renn_vale=0.00:idle;npc.ashen_hollow.sel_arien=0.00:idle;npc.ashen_hollow.tavar_orr=2.06:walk
16.633,0.0167,0.67,3.15,run,Idle,npc.ashen_hollow.kera_voss=0.00:idle;npc.ashen_hollow.renn_vale=0.00:idle;npc.ashen_hollow.sel_arien=0.00:idle;npc.ashen_hollow.tavar_orr=2.06:walk
16.650,0.0167,0.00,3.15,run,Idle,npc.ashen_hollow.kera_voss=0.00:idle;npc.ashen_hollow.renn_vale=0.00:idle;npc.ashen_hollow.sel_arien=0.00:idle;npc.ashen_hollow.tavar_orr=1.99:walk
16.667,0.0167,0.33,3.18,run,Idle,npc.ashen_hollow.kera_voss=0.00:idle;npc.ashen_hollow.renn_vale=0.00:idle;npc.ashen_hollow.sel_arien=0.00:idle;npc.ashen_hollow.tavar_orr=1.99:walk
16.683,0.0167,0.67,3.15,run,Idle,npc.ashen_hollow.kera_voss=0.00:idle;npc.ashen_hollow.renn_vale=0.00:idle;npc.ashen_hollow.sel_arien=0.00:idle;npc.ashen_hollow.tavar_orr=1.99:walk
16.700,0.0167,0.00,3.15,run,Idle,npc.ashen_hollow.kera_voss=0.00:idle;npc.ashen_hollow.renn_vale=0.00:idle;npc.ashen_hollow.sel_arien=0.00:idle;npc.ashen_hollow.tavar_orr=2.17:walk
16.717,0.0167,0.33,3.18,run,Idle,npc.ashen_hollow.kera_voss=0.00:idle;npc.ashen_hollow.renn_vale=0.00:idle;npc.ashen_hollow.sel_arien=0.00:idle;npc.ashen_hollow.tavar_orr=2.17:walk
16.733,0.0167,0.67,3.15,run,Idle,npc.ashen_hollow.kera_voss=0.00:idle;npc.ashen_hollow.renn_vale=0.00:idle;npc.ashen_hollow.sel_arien=0.00:idle;npc.ashen_hollow.tavar_orr=2.17:walk
16.750,0.0167,0.00,3.15,run,Idle,npc.ashen_hollow.kera_voss=0.00:idle;npc.ashen_hollow.renn_vale=0.00:idle;npc.ashen_hollow.sel_arien=0.00:idle;npc.ashen_hollow.tavar_orr=2.33:walk
16.767,0.0167,0.33,3.18,run,Idle,npc.ashen_hollow.kera_voss=0.00:idle;npc.ashen_hollow.renn_vale=0.00:idle;npc.ashen_hollow.sel_arien=0.00:idle;npc.ashen_hollow.tavar_orr=2.33:walk
16.783,0.0167,0.67,3.15,run,Idle,npc.ashen_hollow.kera_voss=0.00:idle;npc.ashen_hollow.renn_vale=0.00:idle;npc.ashen_hollow.sel_arien=0.00:idle;npc.ashen_hollow.tavar_orr=2.33:walk
16.800,0.0167,0.00,3.15,run,Idle,npc.ashen_hollow.kera_voss=0.00:idle;npc.ashen_hollow.renn_vale=0.00:idle;npc.ashen_hollow.sel_arien=0.00:idle;npc.ashen_hollow.tavar_orr=2.22:walk
16.817,0.0167,0.33,3.18,run,Idle,npc.ashen_hollow.kera_voss=0.00:idle;npc.ashen_hollow.renn_vale=0.00:idle;npc.ashen_hollow.sel_arien=0.00:idle;npc.ashen_hollow.tavar_orr=2.22:walk
16.833,0.0167,0.67,3.15,run,Idle,npc.ashen_hollow.kera_voss=0.00:idle;npc.ashen_hollow.renn_vale=0.00:idle;npc.ashen_hollow.sel_arien=0.00:idle;npc.ashen_hollow.tavar_orr=2.22:walk
16.850,0.0167,0.00,3.15,run,Idle,npc.ashen_hollow.kera_voss=0.00:idle;npc.ashen_hollow.renn_vale=0.00:idle;npc.ashen_hollow.sel_arien=0.00:idle;npc.ashen_hollow.tavar_orr=2.37:walk
16.867,0.0167,0.33,3.18,run,Idle,npc.ashen_hollow.kera_voss=0.00:idle;npc.ashen_hollow.renn_vale=0.00:idle;npc.ashen_hollow.sel_arien=0.00:idle;npc.ashen_hollow.tavar_orr=2.37:walk
16.883,0.0167,0.67,3.15,run,Idle,npc.ashen_hollow.kera_voss=0.00:idle;npc.ashen_hollow.renn_vale=0.00:idle;npc.ashen_hollow.sel_arien=0.00:idle;npc.ashen_hollow.tavar_orr=2.37:walk
16.900,0.0167,0.00,3.15,run,Idle,npc.ashen_hollow.kera_voss=0.00:idle;npc.ashen_hollow.renn_vale=0.00:idle;npc.ashen_hollow.sel_arien=0.00:idle;npc.ashen_hollow.tavar_orr=2.50:run
16.917,0.0167,0.33,3.18,run,Idle,npc.ashen_hollow.kera_voss=0.00:idle;npc.ashen_hollow.renn_vale=0.00:idle;npc.ashen_hollow.sel_arien=0.00:idle;npc.ashen_hollow.tavar_orr=2.50:run
16.933,0.0167,0.67,3.15,run,Idle,npc.ashen_hollow.kera_voss=0.00:idle;npc.ashen_hollow.renn_vale=0.00:idle;npc.ashen_hollow.sel_arien=0.00:idle;npc.ashen_hollow.tavar_orr=2.50:run
16.950,0.0167,0.00,3.15,run,Idle,npc.ashen_hollow.kera_voss=0.00:idle;npc.ashen_hollow.renn_vale=0.00:idle;npc.ashen_hollow.sel_arien=0.00:idle;npc.ashen_hollow.tavar_orr=2.36:run
16.967,0.0167,0.33,3.18,run,Idle,npc.ashen_hollow.kera_voss=0.00:idle;npc.ashen_hollow.renn_vale=0.00:idle;npc.ashen_hollow.sel_arien=0.00:idle;npc.ashen_hollow.tavar_orr=2.36:run
16.983,0.0167,0.67,3.15,run,Idle,npc.ashen_hollow.kera_voss=0.00:idle;npc.ashen_hollow.renn_vale=0.00:idle;npc.ashen_hollow.sel_arien=0.00:idle;npc.ashen_hollow.tavar_orr=2.36:run
17.000,0.0167,0.00,3.15,run,Idle,npc.ashen_hollow.kera_voss=0.00:idle;npc.ashen_hollow.renn_vale=0.00:idle;npc.ashen_hollow.sel_arien=0.00:idle;npc.ashen_hollow.tavar_orr=2.49:run
17.017,0.0167,0.33,3.18,run,Idle,npc.ashen_hollow.kera_voss=0.00:idle;npc.ashen_hollow.renn_vale=0.00:idle;npc.ashen_hollow.sel_arien=0.00:idle;npc.ashen_hollow.tavar_orr=2.49:run
17.033,0.0167,0.67,3.15,run,Idle,npc.ashen_hollow.kera_voss=0.00:idle;npc.ashen_hollow.renn_vale=0.00:idle;npc.ashen_hollow.sel_arien=0.00:idle;npc.ashen_hollow.tavar_orr=2.49:run
17.050,0.0167,0.00,3.15,run,Idle,npc.ashen_hollow.kera_voss=0.00:idle;npc.ashen_hollow.renn_vale=0.00:idle;npc.ashen_hollow.sel_arien=0.00:idle;npc.ashen_hollow.tavar_orr=2.60:run
17.067,0.0167,0.33,3.18,run,Idle,npc.ashen_hollow.kera_voss=0.00:idle;npc.ashen_hollow.renn_vale=0.00:idle;npc.ashen_hollow.sel_arien=0.00:idle;npc.ashen_hollow.tavar_orr=2.60:run
17.083,0.0167,0.67,3.15,run,Idle,npc.ashen_hollow.kera_voss=0.00:idle;npc.ashen_hollow.renn_vale=0.00:idle;npc.ashen_hollow.sel_arien=0.00:idle;npc.ashen_hollow.tavar_orr=2.60:run
17.100,0.0167,0.00,3.15,run,Idle,npc.ashen_hollow.kera_voss=0.00:idle;npc.ashen_hollow.renn_vale=0.00:idle;npc.ashen_hollow.sel_arien=0.00:idle;npc.ashen_hollow.tavar_orr=2.69:run
17.117,0.0167,0.33,3.18,run,Idle,npc.ashen_hollow.kera_voss=0.00:idle;npc.ashen_hollow.renn_vale=0.00:idle;npc.ashen_hollow.sel_arien=0.00:idle;npc.ashen_hollow.tavar_orr=2.69:run
17.133,0.0167,0.67,3.15,run,Idle,npc.ashen_hollow.kera_voss=0.00:idle;npc.ashen_hollow.renn_vale=0.00:idle;npc.ashen_hollow.sel_arien=0.00:idle;npc.ashen_hollow.tavar_orr=2.69:run
17.150,0.0167,0.00,3.15,run,Idle,npc.ashen_hollow.kera_voss=0.00:idle;npc.ashen_hollow.renn_vale=0.00:idle;npc.ashen_hollow.sel_arien=0.00:idle;npc.ashen_hollow.tavar_orr=2.77:run
17.167,0.0167,0.33,3.18,run,Idle,npc.ashen_hollow.kera_voss=0.00:idle;npc.ashen_hollow.renn_vale=0.00:idle;npc.ashen_hollow.sel_arien=0.00:idle;npc.ashen_hollow.tavar_orr=2.77:run
17.183,0.0167,0.67,3.15,run,Idle,npc.ashen_hollow.kera_voss=0.00:idle;npc.ashen_hollow.renn_vale=0.00:idle;npc.ashen_hollow.sel_arien=0.00:idle;npc.ashen_hollow.tavar_orr=2.77:run
17.200,0.0167,0.00,3.15,run,Idle,npc.ashen_hollow.kera_voss=0.00:idle;npc.ashen_hollow.renn_vale=0.00:idle;npc.ashen_hollow.sel_arien=0.00:idle;npc.ashen_hollow.tavar_orr=2.59:run
17.217,0.0167,0.33,3.18,run,Idle,npc.ashen_hollow.kera_voss=0.00:idle;npc.ashen_hollow.renn_vale=0.00:idle;npc.ashen_hollow.sel_arien=0.00:idle;npc.ashen_hollow.tavar_orr=2.59:run
17.233,0.0167,0.67,3.15,run,Idle,npc.ashen_hollow.kera_voss=0.00:idle;npc.ashen_hollow.renn_vale=0.00:idle;npc.ashen_hollow.sel_arien=0.00:idle;npc.ashen_hollow.tavar_orr=2.59:run
17.250,0.0167,0.00,3.15,run,Idle,npc.ashen_hollow.kera_voss=0.00:idle;npc.ashen_hollow.renn_vale=0.00:idle;npc.ashen_hollow.sel_arien=0.00:idle;npc.ashen_hollow.tavar_orr=2.68:run
17.267,0.0167,0.33,3.18,run,Idle,npc.ashen_hollow.kera_voss=0.00:idle;npc.ashen_hollow.renn_vale=0.00:idle;npc.ashen_hollow.sel_arien=0.00:idle;npc.ashen_hollow.tavar_orr=2.68:run
17.283,0.0167,0.67,3.15,run,Idle,npc.ashen_hollow.kera_voss=0.00:idle;npc.ashen_hollow.renn_vale=0.00:idle;npc.ashen_hollow.sel_arien=0.00:idle;npc.ashen_hollow.tavar_orr=2.68:run
17.300,0.0167,0.00,3.15,run,Idle,npc.ashen_hollow.kera_voss=0.00:idle;npc.ashen_hollow.renn_vale=0.00:idle;npc.ashen_hollow.sel_arien=0.00:idle;npc.ashen_hollow.tavar_orr=2.76:run
17.317,0.0167,0.33,3.18,run,Idle,npc.ashen_hollow.kera_voss=0.00:idle;npc.ashen_hollow.renn_vale=0.00:idle;npc.ashen_hollow.sel_arien=0.00:idle;npc.ashen_hollow.tavar_orr=2.76:run
17.333,0.0167,0.67,3.15,run,Idle,npc.ashen_hollow.kera_voss=0.00:idle;npc.ashen_hollow.renn_vale=0.00:idle;npc.ashen_hollow.sel_arien=0.00:idle;npc.ashen_hollow.tavar_orr=2.76:run
17.350,0.0167,0.00,3.15,run,Idle,npc.ashen_hollow.kera_voss=0.00:idle;npc.ashen_hollow.renn_vale=0.00:idle;npc.ashen_hollow.sel_arien=0.00:idle;npc.ashen_hollow.tavar_orr=2.83:run
17.367,0.0167,0.33,3.18,run,Idle,npc.ashen_hollow.kera_voss=0.00:idle;npc.ashen_hollow.renn_vale=0.00:idle;npc.ashen_hollow.sel_arien=0.00:idle;npc.ashen_hollow.tavar_orr=2.83:run
17.383,0.0167,0.67,3.15,run,Idle,npc.ashen_hollow.kera_voss=0.00:idle;npc.ashen_hollow.renn_vale=0.00:idle;npc.ashen_hollow.sel_arien=0.00:idle;npc.ashen_hollow.tavar_orr=2.83:run
17.400,0.0167,0.00,3.15,run,Idle,npc.ashen_hollow.kera_voss=0.00:idle;npc.ashen_hollow.renn_vale=0.00:idle;npc.ashen_hollow.sel_arien=0.00:idle;npc.ashen_hollow.tavar_orr=2.88:run
17.417,0.0167,0.33,3.18,run,Idle,npc.ashen_hollow.kera_voss=0.00:idle;npc.ashen_hollow.renn_vale=0.00:idle;npc.ashen_hollow.sel_arien=0.00:idle;npc.ashen_hollow.tavar_orr=2.88:run
17.433,0.0167,0.67,3.15,run,Idle,npc.ashen_hollow.kera_voss=0.00:idle;npc.ashen_hollow.renn_vale=0.00:idle;npc.ashen_hollow.sel_arien=0.00:idle;npc.ashen_hollow.tavar_orr=2.88:run
17.450,0.0167,0.00,3.15,run,Idle,npc.ashen_hollow.kera_voss=0.00:idle;npc.ashen_hollow.renn_vale=0.00:idle;npc.ashen_hollow.sel_arien=0.00:idle;npc.ashen_hollow.tavar_orr=2.93:run
17.467,0.0167,0.33,3.18,run,Idle,npc.ashen_hollow.kera_voss=0.00:idle;npc.ashen_hollow.renn_vale=0.00:idle;npc.ashen_hollow.sel_arien=0.00:idle;npc.ashen_hollow.tavar_orr=2.93:run
17.483,0.0167,0.67,3.15,run,Idle,npc.ashen_hollow.kera_voss=0.00:idle;npc.ashen_hollow.renn_vale=0.00:idle;npc.ashen_hollow.sel_arien=0.00:idle;npc.ashen_hollow.tavar_orr=2.93:run
17.500,0.0167,0.00,3.15,run,Idle,npc.ashen_hollow.kera_voss=0.00:idle;npc.ashen_hollow.renn_vale=0.00:idle;npc.ashen_hollow.sel_arien=0.00:idle;npc.ashen_hollow.tavar_orr=2.97:run
17.517,0.0167,0.33,3.18,run,Idle,npc.ashen_hollow.kera_voss=0.00:idle;npc.ashen_hollow.renn_vale=0.00:idle;npc.ashen_hollow.sel_arien=0.00:idle;npc.ashen_hollow.tavar_orr=2.97:run
17.533,0.0167,0.67,3.15,run,Idle,npc.ashen_hollow.kera_voss=0.00:idle;npc.ashen_hollow.renn_vale=0.00:idle;npc.ashen_hollow.sel_arien=0.00:idle;npc.ashen_hollow.tavar_orr=2.97:run
17.550,0.0167,0.00,3.15,run,Idle,npc.ashen_hollow.kera_voss=0.00:idle;npc.ashen_hollow.renn_vale=0.00:idle;npc.ashen_hollow.sel_arien=0.00:idle;npc.ashen_hollow.tavar_orr=3.01:run
17.567,0.0167,0.33,3.18,run,Idle,npc.ashen_hollow.kera_voss=0.00:idle;npc.ashen_hollow.renn_vale=0.00:idle;npc.ashen_hollow.sel_arien=0.00:idle;npc.ashen_hollow.tavar_orr=3.01:run
17.583,0.0167,0.67,3.15,run,Idle,npc.ashen_hollow.kera_voss=0.00:idle;npc.ashen_hollow.renn_vale=0.00:idle;npc.ashen_hollow.sel_arien=0.00:idle;npc.ashen_hollow.tavar_orr=3.01:run
17.600,0.0167,0.00,3.15,run,Idle,npc.ashen_hollow.kera_voss=0.00:idle;npc.ashen_hollow.renn_vale=0.00:idle;npc.ashen_hollow.sel_arien=0.00:idle;npc.ashen_hollow.tavar_orr=2.79:run
17.617,0.0167,0.33,3.18,run,Idle,npc.ashen_hollow.kera_voss=0.00:idle;npc.ashen_hollow.renn_vale=0.00:idle;npc.ashen_hollow.sel_arien=0.00:idle;npc.ashen_hollow.tavar_orr=2.79:run
17.633,0.0167,0.67,3.15,run,Idle,npc.ashen_hollow.kera_voss=0.00:idle;npc.ashen_hollow.renn_vale=0.00:idle;npc.ashen_hollow.sel_arien=0.00:idle;npc.ashen_hollow.tavar_orr=2.79:run
17.650,0.0167,0.00,3.15,run,Idle,npc.ashen_hollow.kera_voss=0.00:idle;npc.ashen_hollow.renn_vale=0.00:idle;npc.ashen_hollow.sel_arien=0.00:idle;npc.ashen_hollow.tavar_orr=2.86:run
17.667,0.0167,0.33,3.18,run,Idle,npc.ashen_hollow.kera_voss=0.00:idle;npc.ashen_hollow.renn_vale=0.00:idle;npc.ashen_hollow.sel_arien=0.00:idle;npc.ashen_hollow.tavar_orr=2.86:run
17.683,0.0167,0.67,3.15,run,Idle,npc.ashen_hollow.kera_voss=0.00:idle;npc.ashen_hollow.renn_vale=0.00:idle;npc.ashen_hollow.sel_arien=0.00:idle;npc.ashen_hollow.tavar_orr=2.86:run
17.700,0.0167,0.00,3.15,run,Idle,npc.ashen_hollow.kera_voss=0.00:idle;npc.ashen_hollow.renn_vale=0.00:idle;npc.ashen_hollow.sel_arien=0.00:idle;npc.ashen_hollow.tavar_orr=2.91:run
17.717,0.0167,0.33,3.18,run,Idle,npc.ashen_hollow.kera_voss=0.00:idle;npc.ashen_hollow.renn_vale=0.00:idle;npc.ashen_hollow.sel_arien=0.00:idle;npc.ashen_hollow.tavar_orr=2.91:run
17.733,0.0167,0.67,3.15,run,Idle,npc.ashen_hollow.kera_voss=0.00:idle;npc.ashen_hollow.renn_vale=0.00:idle;npc.ashen_hollow.sel_arien=0.00:idle;npc.ashen_hollow.tavar_orr=2.91:run
17.750,0.0167,0.00,3.15,run,Idle,npc.ashen_hollow.kera_voss=0.00:idle;npc.ashen_hollow.renn_vale=0.00:idle;npc.ashen_hollow.sel_arien=0.00:idle;npc.ashen_hollow.tavar_orr=2.95:run
17.767,0.0167,0.33,3.18,run,Idle,npc.ashen_hollow.kera_voss=0.00:idle;npc.ashen_hollow.renn_vale=0.00:idle;npc.ashen_hollow.sel_arien=0.00:idle;npc.ashen_hollow.tavar_orr=2.95:run
17.783,0.0167,0.67,3.15,run,Idle,npc.ashen_hollow.kera_voss=0.00:idle;npc.ashen_hollow.renn_vale=0.00:idle;npc.ashen_hollow.sel_arien=0.00:idle;npc.ashen_hollow.tavar_orr=2.95:run
17.800,0.0167,0.00,3.15,run,Idle,npc.ashen_hollow.kera_voss=0.00:idle;npc.ashen_hollow.renn_vale=0.00:idle;npc.ashen_hollow.sel_arien=0.00:idle;npc.ashen_hollow.tavar_orr=2.99:run
17.817,0.0167,0.33,3.18,run,Idle,npc.ashen_hollow.kera_voss=0.00:idle;npc.ashen_hollow.renn_vale=0.00:idle;npc.ashen_hollow.sel_arien=0.00:idle;npc.ashen_hollow.tavar_orr=2.99:run
17.833,0.0167,0.67,3.15,run,Idle,npc.ashen_hollow.kera_voss=0.00:idle;npc.ashen_hollow.renn_vale=0.00:idle;npc.ashen_hollow.sel_arien=0.00:idle;npc.ashen_hollow.tavar_orr=2.99:run
17.850,0.0167,0.00,3.15,run,Idle,npc.ashen_hollow.kera_voss=0.00:idle;npc.ashen_hollow.renn_vale=0.00:idle;npc.ashen_hollow.sel_arien=0.00:idle;npc.ashen_hollow.tavar_orr=3.02:run
17.867,0.0167,0.33,3.18,run,Idle,npc.ashen_hollow.kera_voss=0.00:idle;npc.ashen_hollow.renn_vale=0.00:idle;npc.ashen_hollow.sel_arien=0.00:idle;npc.ashen_hollow.tavar_orr=3.02:run
17.883,0.0167,0.67,3.15,run,Idle,npc.ashen_hollow.kera_voss=0.00:idle;npc.ashen_hollow.renn_vale=0.00:idle;npc.ashen_hollow.sel_arien=0.00:idle;npc.ashen_hollow.tavar_orr=3.02:run
17.900,0.0167,0.00,3.15,run,Idle,npc.ashen_hollow.kera_voss=0.00:idle;npc.ashen_hollow.renn_vale=0.00:idle;npc.ashen_hollow.sel_arien=0.00:idle;npc.ashen_hollow.tavar_orr=3.05:run
17.917,0.0167,0.33,3.18,run,Idle,npc.ashen_hollow.kera_voss=0.00:idle;npc.ashen_hollow.renn_vale=0.00:idle;npc.ashen_hollow.sel_arien=0.00:idle;npc.ashen_hollow.tavar_orr=3.05:run
17.933,0.0167,0.67,3.15,run,Idle,npc.ashen_hollow.kera_voss=0.00:idle;npc.ashen_hollow.renn_vale=0.00:idle;npc.ashen_hollow.sel_arien=0.00:idle;npc.ashen_hollow.tavar_orr=3.05:run
17.950,0.0167,0.00,3.15,run,Idle,npc.ashen_hollow.kera_voss=0.00:idle;npc.ashen_hollow.renn_vale=0.00:idle;npc.ashen_hollow.sel_arien=0.00:idle;npc.ashen_hollow.tavar_orr=3.08:run
17.967,0.0167,0.33,3.18,run,Idle,npc.ashen_hollow.kera_voss=0.00:idle;npc.ashen_hollow.renn_vale=0.00:idle;npc.ashen_hollow.sel_arien=0.00:idle;npc.ashen_hollow.tavar_orr=3.08:run
17.983,0.0167,0.67,3.15,run,Idle,npc.ashen_hollow.kera_voss=0.00:idle;npc.ashen_hollow.renn_vale=0.00:idle;npc.ashen_hollow.sel_arien=0.00:idle;npc.ashen_hollow.tavar_orr=3.08:run
18.000,0.0167,0.00,3.15,run,Idle,npc.ashen_hollow.kera_voss=0.00:idle;npc.ashen_hollow.renn_vale=0.00:idle;npc.ashen_hollow.sel_arien=0.00:idle;npc.ashen_hollow.tavar_orr=3.09:run
18.017,0.0167,0.33,3.18,run,Idle,npc.ashen_hollow.kera_voss=0.00:idle;npc.ashen_hollow.renn_vale=0.00:idle;npc.ashen_hollow.sel_arien=0.00:idle;npc.ashen_hollow.tavar_orr=3.09:run
18.033,0.0167,0.67,3.15,run,Idle,npc.ashen_hollow.kera_voss=0.00:idle;npc.ashen_hollow.renn_vale=0.00:idle;npc.ashen_hollow.sel_arien=0.00:idle;npc.ashen_hollow.tavar_orr=3.09:run
18.050,0.0167,0.00,3.15,run,Idle,npc.ashen_hollow.kera_voss=0.00:idle;npc.ashen_hollow.renn_vale=0.00:idle;npc.ashen_hollow.sel_arien=0.00:idle;npc.ashen_hollow.tavar_orr=3.11:run
18.067,0.0167,0.33,3.18,run,Idle,npc.ashen_hollow.kera_voss=0.00:idle;npc.ashen_hollow.renn_vale=0.00:idle;npc.ashen_hollow.sel_arien=0.00:idle;npc.ashen_hollow.tavar_orr=3.11:run
18.083,0.0167,0.67,3.86,run,Idle,npc.ashen_hollow.kera_voss=0.00:idle;npc.ashen_hollow.renn_vale=0.00:idle;npc.ashen_hollow.sel_arien=0.00:idle;npc.ashen_hollow.tavar_orr=3.11:run
18.100,0.0167,0.00,3.86,run,Idle,npc.ashen_hollow.kera_voss=0.00:idle;npc.ashen_hollow.renn_vale=0.00:idle;npc.ashen_hollow.sel_arien=0.00:idle;npc.ashen_hollow.tavar_orr=3.12:run
18.117,0.0167,0.33,4.12,run,Idle,npc.ashen_hollow.kera_voss=0.00:idle;npc.ashen_hollow.renn_vale=0.00:idle;npc.ashen_hollow.sel_arien=0.00:idle;npc.ashen_hollow.tavar_orr=3.12:run
18.133,0.0167,0.67,4.27,run,Idle,npc.ashen_hollow.kera_voss=0.00:idle;npc.ashen_hollow.renn_vale=0.00:idle;npc.ashen_hollow.sel_arien=0.00:idle;npc.ashen_hollow.tavar_orr=3.12:run
18.150,0.0167,0.00,4.27,run,Idle,npc.ashen_hollow.kera_voss=0.00:idle;npc.ashen_hollow.renn_vale=0.00:idle;npc.ashen_hollow.sel_arien=0.00:idle;npc.ashen_hollow.tavar_orr=3.13:run
18.167,0.0167,0.33,4.44,sprint,Idle,npc.ashen_hollow.kera_voss=0.00:idle;npc.ashen_hollow.renn_vale=0.00:idle;npc.ashen_hollow.sel_arien=0.00:idle;npc.ashen_hollow.tavar_orr=3.13:run
18.183,0.0167,0.67,4.54,sprint,Idle,npc.ashen_hollow.kera_voss=0.00:idle;npc.ashen_hollow.renn_vale=0.00:idle;npc.ashen_hollow.sel_arien=0.00:idle;npc.ashen_hollow.tavar_orr=3.13:run
18.200,0.0167,0.00,4.54,sprint,Idle,npc.ashen_hollow.kera_voss=0.00:idle;npc.ashen_hollow.renn_vale=0.00:idle;npc.ashen_hollow.sel_arien=0.00:idle;npc.ashen_hollow.tavar_orr=3.14:run
18.217,0.0167,0.33,4.67,sprint,Idle,npc.ashen_hollow.kera_voss=0.00:idle;npc.ashen_hollow.renn_vale=0.00:idle;npc.ashen_hollow.sel_arien=0.00:idle;npc.ashen_hollow.tavar_orr=3.14:run
18.233,0.0167,0.67,4.72,sprint,Idle,npc.ashen_hollow.kera_voss=0.00:idle;npc.ashen_hollow.renn_vale=0.00:idle;npc.ashen_hollow.sel_arien=0.00:idle;npc.ashen_hollow.tavar_orr=3.14:run
18.250,0.0167,0.00,4.72,sprint,Idle,npc.ashen_hollow.kera_voss=0.00:idle;npc.ashen_hollow.renn_vale=0.00:idle;npc.ashen_hollow.sel_arien=0.00:idle;npc.ashen_hollow.tavar_orr=3.15:run
18.267,0.0167,0.33,4.81,sprint,Idle,npc.ashen_hollow.kera_voss=0.00:idle;npc.ashen_hollow.renn_vale=0.00:idle;npc.ashen_hollow.sel_arien=0.00:idle;npc.ashen_hollow.tavar_orr=3.15:run
18.283,0.0167,0.67,4.84,sprint,Idle,npc.ashen_hollow.kera_voss=0.00:idle;npc.ashen_hollow.renn_vale=0.00:idle;npc.ashen_hollow.sel_arien=0.00:idle;npc.ashen_hollow.tavar_orr=3.15:run
18.300,0.0167,0.00,4.84,sprint,Idle,npc.ashen_hollow.kera_voss=0.00:idle;npc.ashen_hollow.renn_vale=0.00:idle;npc.ashen_hollow.sel_arien=0.00:idle;npc.ashen_hollow.tavar_orr=3.16:run
18.317,0.0167,0.33,4.91,sprint,Idle,npc.ashen_hollow.kera_voss=0.00:idle;npc.ashen_hollow.renn_vale=0.00:idle;npc.ashen_hollow.sel_arien=0.00:idle;npc.ashen_hollow.tavar_orr=3.16:run
18.333,0.0167,0.67,4.92,sprint,Idle,npc.ashen_hollow.kera_voss=0.00:idle;npc.ashen_hollow.renn_vale=0.00:idle;npc.ashen_hollow.sel_arien=0.00:idle;npc.ashen_hollow.tavar_orr=3.16:run
18.350,0.0167,0.00,4.92,sprint,Idle,npc.ashen_hollow.kera_voss=0.00:idle;npc.ashen_hollow.renn_vale=0.00:idle;npc.ashen_hollow.sel_arien=0.00:idle;npc.ashen_hollow.tavar_orr=3.17:run
18.367,0.0167,0.33,4.97,sprint,Idle,npc.ashen_hollow.kera_voss=0.00:idle;npc.ashen_hollow.renn_vale=0.00:idle;npc.ashen_hollow.sel_arien=0.00:idle;npc.ashen_hollow.tavar_orr=3.17:run
18.383,0.0167,0.67,4.97,sprint,Idle,npc.ashen_hollow.kera_voss=0.00:idle;npc.ashen_hollow.renn_vale=0.00:idle;npc.ashen_hollow.sel_arien=0.00:idle;npc.ashen_hollow.tavar_orr=3.17:run
18.400,0.0167,0.00,4.97,sprint,Idle,npc.ashen_hollow.kera_voss=0.00:idle;npc.ashen_hollow.renn_vale=0.00:idle;npc.ashen_hollow.sel_arien=0.00:idle;npc.ashen_hollow.tavar_orr=3.17:run
18.417,0.0167,0.33,5.02,sprint,Idle,npc.ashen_hollow.kera_voss=0.00:idle;npc.ashen_hollow.renn_vale=0.00:idle;npc.ashen_hollow.sel_arien=0.00:idle;npc.ashen_hollow.tavar_orr=3.17:run
18.433,0.0167,0.67,5.00,sprint,Idle,npc.ashen_hollow.kera_voss=0.00:idle;npc.ashen_hollow.renn_vale=0.00:idle;npc.ashen_hollow.sel_arien=0.00:idle;npc.ashen_hollow.tavar_orr=3.17:run
18.450,0.0167,0.00,5.00,sprint,Idle,npc.ashen_hollow.kera_voss=0.00:idle;npc.ashen_hollow.renn_vale=0.00:idle;npc.ashen_hollow.sel_arien=0.00:idle;npc.ashen_hollow.tavar_orr=3.18:run
18.467,0.0167,0.33,5.04,sprint,Idle,npc.ashen_hollow.kera_voss=0.00:idle;npc.ashen_hollow.renn_vale=0.00:idle;npc.ashen_hollow.sel_arien=0.00:idle;npc.ashen_hollow.tavar_orr=3.18:run
18.483,0.0167,0.67,5.03,sprint,Idle,npc.ashen_hollow.kera_voss=0.00:idle;npc.ashen_hollow.renn_vale=0.00:idle;npc.ashen_hollow.sel_arien=0.00:idle;npc.ashen_hollow.tavar_orr=3.18:run
18.500,0.0167,0.00,5.03,sprint,Idle,npc.ashen_hollow.kera_voss=0.00:idle;npc.ashen_hollow.renn_vale=0.00:idle;npc.ashen_hollow.sel_arien=0.00:idle;npc.ashen_hollow.tavar_orr=3.18:run
18.517,0.0167,0.33,5.06,sprint,Idle,npc.ashen_hollow.kera_voss=0.00:idle;npc.ashen_hollow.renn_vale=0.00:idle;npc.ashen_hollow.sel_arien=0.00:idle;npc.ashen_hollow.tavar_orr=3.18:run
18.533,0.0167,0.67,5.04,sprint,Idle,npc.ashen_hollow.kera_voss=0.00:idle;npc.ashen_hollow.renn_vale=0.00:idle;npc.ashen_hollow.sel_arien=0.00:idle;npc.ashen_hollow.tavar_orr=3.18:run
18.550,0.0167,0.00,5.04,sprint,Idle,npc.ashen_hollow.kera_voss=0.00:idle;npc.ashen_hollow.renn_vale=0.00:idle;npc.ashen_hollow.sel_arien=0.00:idle;npc.ashen_hollow.tavar_orr=3.18:run
18.567,0.0167,0.33,5.07,sprint,Idle,npc.ashen_hollow.kera_voss=0.00:idle;npc.ashen_hollow.renn_vale=0.00:idle;npc.ashen_hollow.sel_arien=0.00:idle;npc.ashen_hollow.tavar_orr=3.18:run
18.583,0.0167,0.67,5.05,sprint,Idle,npc.ashen_hollow.kera_voss=0.00:idle;npc.ashen_hollow.renn_vale=0.00:idle;npc.ashen_hollow.sel_arien=0.00:idle;npc.ashen_hollow.tavar_orr=3.18:run
18.600,0.0167,0.00,5.05,sprint,Idle,npc.ashen_hollow.kera_voss=0.00:idle;npc.ashen_hollow.renn_vale=0.00:idle;npc.ashen_hollow.sel_arien=0.00:idle;npc.ashen_hollow.tavar_orr=3.18:run
18.617,0.0167,0.33,5.08,sprint,Idle,npc.ashen_hollow.kera_voss=0.00:idle;npc.ashen_hollow.renn_vale=0.00:idle;npc.ashen_hollow.sel_arien=0.00:idle;npc.ashen_hollow.tavar_orr=3.18:run
18.633,0.0167,0.67,5.06,sprint,Idle,npc.ashen_hollow.kera_voss=0.00:idle;npc.ashen_hollow.renn_vale=0.00:idle;npc.ashen_hollow.sel_arien=0.00:idle;npc.ashen_hollow.tavar_orr=3.18:run
18.650,0.0167,0.00,5.06,sprint,Idle,npc.ashen_hollow.kera_voss=0.00:idle;npc.ashen_hollow.renn_vale=0.00:idle;npc.ashen_hollow.sel_arien=0.00:idle;npc.ashen_hollow.tavar_orr=3.19:run
18.667,0.0167,0.33,5.09,sprint,Idle,npc.ashen_hollow.kera_voss=0.00:idle;npc.ashen_hollow.renn_vale=0.00:idle;npc.ashen_hollow.sel_arien=0.00:idle;npc.ashen_hollow.tavar_orr=3.19:run
18.683,0.0167,0.67,5.06,sprint,Idle,npc.ashen_hollow.kera_voss=0.00:idle;npc.ashen_hollow.renn_vale=0.00:idle;npc.ashen_hollow.sel_arien=0.00:idle;npc.ashen_hollow.tavar_orr=3.19:run
18.700,0.0167,0.00,5.06,sprint,Idle,npc.ashen_hollow.kera_voss=0.00:idle;npc.ashen_hollow.renn_vale=0.00:idle;npc.ashen_hollow.sel_arien=0.00:idle;npc.ashen_hollow.tavar_orr=3.19:run
18.717,0.0167,0.33,5.09,sprint,Idle,npc.ashen_hollow.kera_voss=0.00:idle;npc.ashen_hollow.renn_vale=0.00:idle;npc.ashen_hollow.sel_arien=0.00:idle;npc.ashen_hollow.tavar_orr=3.19:run
18.733,0.0167,0.67,5.07,sprint,Idle,npc.ashen_hollow.kera_voss=0.00:idle;npc.ashen_hollow.renn_vale=0.00:idle;npc.ashen_hollow.sel_arien=0.00:idle;npc.ashen_hollow.tavar_orr=3.19:run
18.750,0.0167,0.00,5.07,sprint,Idle,npc.ashen_hollow.kera_voss=0.00:idle;npc.ashen_hollow.renn_vale=0.00:idle;npc.ashen_hollow.sel_arien=0.00:idle;npc.ashen_hollow.tavar_orr=3.19:run
18.767,0.0167,0.33,5.09,sprint,Idle,npc.ashen_hollow.kera_voss=0.00:idle;npc.ashen_hollow.renn_vale=0.00:idle;npc.ashen_hollow.sel_arien=0.00:idle;npc.ashen_hollow.tavar_orr=3.19:run
18.783,0.0167,0.67,5.07,sprint,Idle,npc.ashen_hollow.kera_voss=0.00:idle;npc.ashen_hollow.renn_vale=0.00:idle;npc.ashen_hollow.sel_arien=0.00:idle;npc.ashen_hollow.tavar_orr=3.19:run
18.800,0.0167,0.00,5.07,sprint,Idle,npc.ashen_hollow.kera_voss=0.00:idle;npc.ashen_hollow.renn_vale=0.00:idle;npc.ashen_hollow.sel_arien=0.00:idle;npc.ashen_hollow.tavar_orr=3.19:run
18.817,0.0167,0.33,5.09,sprint,Idle,npc.ashen_hollow.kera_voss=0.00:idle;npc.ashen_hollow.renn_vale=0.00:idle;npc.ashen_hollow.sel_arien=0.00:idle;npc.ashen_hollow.tavar_orr=3.19:run
18.833,0.0167,0.67,5.07,sprint,Idle,npc.ashen_hollow.kera_voss=0.00:idle;npc.ashen_hollow.renn_vale=0.00:idle;npc.ashen_hollow.sel_arien=0.00:idle;npc.ashen_hollow.tavar_orr=3.19:run
18.850,0.0167,0.00,5.07,sprint,Idle,npc.ashen_hollow.kera_voss=0.00:idle;npc.ashen_hollow.renn_vale=0.00:idle;npc.ashen_hollow.sel_arien=0.00:idle;npc.ashen_hollow.tavar_orr=3.19:run
18.867,0.0167,0.33,5.09,sprint,Idle,npc.ashen_hollow.kera_voss=0.00:idle;npc.ashen_hollow.renn_vale=0.00:idle;npc.ashen_hollow.sel_arien=0.00:idle;npc.ashen_hollow.tavar_orr=3.19:run
18.883,0.0167,0.67,5.07,sprint,Idle,npc.ashen_hollow.kera_voss=0.00:idle;npc.ashen_hollow.renn_vale=0.00:idle;npc.ashen_hollow.sel_arien=0.00:idle;npc.ashen_hollow.tavar_orr=3.19:run
18.900,0.0167,0.00,5.07,sprint,Idle,npc.ashen_hollow.kera_voss=0.00:idle;npc.ashen_hollow.renn_vale=0.00:idle;npc.ashen_hollow.sel_arien=0.00:idle;npc.ashen_hollow.tavar_orr=3.19:run
18.917,0.0167,0.33,5.10,sprint,Idle,npc.ashen_hollow.kera_voss=0.00:idle;npc.ashen_hollow.renn_vale=0.00:idle;npc.ashen_hollow.sel_arien=0.00:idle;npc.ashen_hollow.tavar_orr=3.19:run
18.933,0.0167,0.67,5.07,sprint,Idle,npc.ashen_hollow.kera_voss=0.00:idle;npc.ashen_hollow.renn_vale=0.00:idle;npc.ashen_hollow.sel_arien=0.00:idle;npc.ashen_hollow.tavar_orr=3.19:run
18.950,0.0167,0.00,5.07,sprint,Idle,npc.ashen_hollow.kera_voss=0.00:idle;npc.ashen_hollow.renn_vale=0.00:idle;npc.ashen_hollow.sel_arien=0.00:idle;npc.ashen_hollow.tavar_orr=3.19:run
18.967,0.0167,0.33,5.10,sprint,Idle,npc.ashen_hollow.kera_voss=0.00:idle;npc.ashen_hollow.renn_vale=0.00:idle;npc.ashen_hollow.sel_arien=0.00:idle;npc.ashen_hollow.tavar_orr=3.19:run
18.983,0.0167,0.67,5.07,sprint,Idle,npc.ashen_hollow.kera_voss=0.00:idle;npc.ashen_hollow.renn_vale=0.00:idle;npc.ashen_hollow.sel_arien=0.00:idle;npc.ashen_hollow.tavar_orr=3.19:run
19.000,0.0167,0.00,5.07,sprint,Idle,npc.ashen_hollow.kera_voss=0.00:idle;npc.ashen_hollow.renn_vale=0.00:idle;npc.ashen_hollow.sel_arien=0.00:idle;npc.ashen_hollow.tavar_orr=3.20:run
19.017,0.0167,0.33,5.10,sprint,Idle,npc.ashen_hollow.kera_voss=0.00:idle;npc.ashen_hollow.renn_vale=0.00:idle;npc.ashen_hollow.sel_arien=0.00:idle;npc.ashen_hollow.tavar_orr=3.20:run
19.033,0.0167,0.67,5.07,sprint,Idle,npc.ashen_hollow.kera_voss=0.00:idle;npc.ashen_hollow.renn_vale=0.00:idle;npc.ashen_hollow.sel_arien=0.00:idle;npc.ashen_hollow.tavar_orr=3.20:run
19.050,0.0167,0.00,5.07,sprint,Idle,npc.ashen_hollow.kera_voss=0.00:idle;npc.ashen_hollow.renn_vale=0.00:idle;npc.ashen_hollow.sel_arien=0.00:idle;npc.ashen_hollow.tavar_orr=3.20:run
19.067,0.0167,0.33,5.10,sprint,Idle,npc.ashen_hollow.kera_voss=0.00:idle;npc.ashen_hollow.renn_vale=0.00:idle;npc.ashen_hollow.sel_arien=0.00:idle;npc.ashen_hollow.tavar_orr=3.20:run
19.083,0.0167,0.67,5.07,sprint,Idle,npc.ashen_hollow.kera_voss=0.00:idle;npc.ashen_hollow.renn_vale=0.00:idle;npc.ashen_hollow.sel_arien=0.00:idle;npc.ashen_hollow.tavar_orr=3.20:run
19.100,0.0167,0.00,5.07,sprint,Idle,npc.ashen_hollow.kera_voss=0.00:idle;npc.ashen_hollow.renn_vale=0.00:idle;npc.ashen_hollow.sel_arien=0.00:idle;npc.ashen_hollow.tavar_orr=3.20:run
19.117,0.0167,0.33,5.10,sprint,Idle,npc.ashen_hollow.kera_voss=0.00:idle;npc.ashen_hollow.renn_vale=0.00:idle;npc.ashen_hollow.sel_arien=0.00:idle;npc.ashen_hollow.tavar_orr=3.20:run
19.133,0.0167,0.67,5.07,sprint,Idle,npc.ashen_hollow.kera_voss=0.00:idle;npc.ashen_hollow.renn_vale=0.00:idle;npc.ashen_hollow.sel_arien=0.00:idle;npc.ashen_hollow.tavar_orr=3.20:run
19.150,0.0167,0.00,5.07,sprint,Idle,npc.ashen_hollow.kera_voss=0.00:idle;npc.ashen_hollow.renn_vale=0.00:idle;npc.ashen_hollow.sel_arien=0.00:idle;npc.ashen_hollow.tavar_orr=3.20:run
19.167,0.0167,0.33,5.10,sprint,Idle,npc.ashen_hollow.kera_voss=0.00:idle;npc.ashen_hollow.renn_vale=0.00:idle;npc.ashen_hollow.sel_arien=0.00:idle;npc.ashen_hollow.tavar_orr=3.20:run
19.183,0.0167,0.67,5.07,sprint,Idle,npc.ashen_hollow.kera_voss=0.00:idle;npc.ashen_hollow.renn_vale=0.00:idle;npc.ashen_hollow.sel_arien=0.00:idle;npc.ashen_hollow.tavar_orr=3.20:run
19.200,0.0167,0.00,5.07,sprint,Idle,npc.ashen_hollow.kera_voss=0.00:idle;npc.ashen_hollow.renn_vale=0.00:idle;npc.ashen_hollow.sel_arien=0.00:idle;npc.ashen_hollow.tavar_orr=3.20:run
19.217,0.0167,0.33,5.10,sprint,Idle,npc.ashen_hollow.kera_voss=0.00:idle;npc.ashen_hollow.renn_vale=0.00:idle;npc.ashen_hollow.sel_arien=0.00:idle;npc.ashen_hollow.tavar_orr=3.20:run
19.233,0.0167,0.67,5.07,sprint,Idle,npc.ashen_hollow.kera_voss=0.00:idle;npc.ashen_hollow.renn_vale=0.00:idle;npc.ashen_hollow.sel_arien=0.00:idle;npc.ashen_hollow.tavar_orr=3.20:run
19.250,0.0167,0.00,5.07,sprint,Idle,npc.ashen_hollow.kera_voss=0.00:idle;npc.ashen_hollow.renn_vale=0.00:idle;npc.ashen_hollow.sel_arien=0.00:idle;npc.ashen_hollow.tavar_orr=3.20:run
19.267,0.0167,0.33,5.10,sprint,Idle,npc.ashen_hollow.kera_voss=0.00:idle;npc.ashen_hollow.renn_vale=0.00:idle;npc.ashen_hollow.sel_arien=0.00:idle;npc.ashen_hollow.tavar_orr=3.20:run
19.283,0.0167,0.67,5.07,sprint,Idle,npc.ashen_hollow.kera_voss=0.00:idle;npc.ashen_hollow.renn_vale=0.00:idle;npc.ashen_hollow.sel_arien=0.00:idle;npc.ashen_hollow.tavar_orr=3.20:run
19.300,0.0167,0.00,5.07,sprint,Idle,npc.ashen_hollow.kera_voss=0.00:idle;npc.ashen_hollow.renn_vale=0.00:idle;npc.ashen_hollow.sel_arien=0.00:idle;npc.ashen_hollow.tavar_orr=3.20:run
19.317,0.0167,0.33,5.10,sprint,Idle,npc.ashen_hollow.kera_voss=0.00:idle;npc.ashen_hollow.renn_vale=0.00:idle;npc.ashen_hollow.sel_arien=0.00:idle;npc.ashen_hollow.tavar_orr=3.20:run
19.333,0.0167,0.67,5.07,sprint,Idle,npc.ashen_hollow.kera_voss=0.00:idle;npc.ashen_hollow.renn_vale=0.00:idle;npc.ashen_hollow.sel_arien=0.00:idle;npc.ashen_hollow.tavar_orr=3.20:run
19.350,0.0167,0.00,5.07,sprint,Idle,npc.ashen_hollow.kera_voss=0.00:idle;npc.ashen_hollow.renn_vale=0.00:idle;npc.ashen_hollow.sel_arien=0.00:idle;npc.ashen_hollow.tavar_orr=3.20:run
19.367,0.0167,0.33,5.10,sprint,Idle,npc.ashen_hollow.kera_voss=0.00:idle;npc.ashen_hollow.renn_vale=0.00:idle;npc.ashen_hollow.sel_arien=0.00:idle;npc.ashen_hollow.tavar_orr=3.20:run
19.383,0.0167,0.67,5.07,sprint,Idle,npc.ashen_hollow.kera_voss=0.00:idle;npc.ashen_hollow.renn_vale=0.00:idle;npc.ashen_hollow.sel_arien=0.00:idle;npc.ashen_hollow.tavar_orr=3.20:run
19.400,0.0167,0.00,5.07,sprint,Idle,npc.ashen_hollow.kera_voss=0.00:idle;npc.ashen_hollow.renn_vale=0.00:idle;npc.ashen_hollow.sel_arien=0.00:idle;npc.ashen_hollow.tavar_orr=3.20:run
19.417,0.0167,0.33,5.10,sprint,Idle,npc.ashen_hollow.kera_voss=0.00:idle;npc.ashen_hollow.renn_vale=0.00:idle;npc.ashen_hollow.sel_arien=0.00:idle;npc.ashen_hollow.tavar_orr=3.20:run
19.433,0.0167,0.67,5.07,sprint,Idle,npc.ashen_hollow.kera_voss=0.00:idle;npc.ashen_hollow.renn_vale=0.00:idle;npc.ashen_hollow.sel_arien=0.00:idle;npc.ashen_hollow.tavar_orr=3.20:run
19.450,0.0167,0.00,5.07,sprint,Idle,npc.ashen_hollow.kera_voss=0.00:idle;npc.ashen_hollow.renn_vale=0.00:idle;npc.ashen_hollow.sel_arien=0.00:idle;npc.ashen_hollow.tavar_orr=3.20:run
19.467,0.0167,0.33,5.10,sprint,Idle,npc.ashen_hollow.kera_voss=0.00:idle;npc.ashen_hollow.renn_vale=0.00:idle;npc.ashen_hollow.sel_arien=0.00:idle;npc.ashen_hollow.tavar_orr=3.20:run
19.483,0.0167,0.67,5.07,sprint,Idle,npc.ashen_hollow.kera_voss=0.00:idle;npc.ashen_hollow.renn_vale=0.00:idle;npc.ashen_hollow.sel_arien=0.00:idle;npc.ashen_hollow.tavar_orr=3.20:run
19.500,0.0167,0.00,5.07,sprint,Idle,npc.ashen_hollow.kera_voss=0.00:idle;npc.ashen_hollow.renn_vale=0.00:idle;npc.ashen_hollow.sel_arien=0.00:idle;npc.ashen_hollow.tavar_orr=3.20:run
19.517,0.0167,0.33,5.10,sprint,Idle,npc.ashen_hollow.kera_voss=0.00:idle;npc.ashen_hollow.renn_vale=0.00:idle;npc.ashen_hollow.sel_arien=0.00:idle;npc.ashen_hollow.tavar_orr=3.20:run
19.533,0.0167,0.67,5.07,sprint,Idle,npc.ashen_hollow.kera_voss=0.00:idle;npc.ashen_hollow.renn_vale=0.00:idle;npc.ashen_hollow.sel_arien=0.00:idle;npc.ashen_hollow.tavar_orr=3.20:run
19.550,0.0167,0.00,5.07,sprint,Idle,npc.ashen_hollow.kera_voss=0.00:idle;npc.ashen_hollow.renn_vale=0.00:idle;npc.ashen_hollow.sel_arien=0.00:idle;npc.ashen_hollow.tavar_orr=3.20:run
19.567,0.0167,0.33,5.10,sprint,Idle,npc.ashen_hollow.kera_voss=0.00:idle;npc.ashen_hollow.renn_vale=0.00:idle;npc.ashen_hollow.sel_arien=0.00:idle;npc.ashen_hollow.tavar_orr=3.20:run
19.583,0.0167,0.67,5.07,sprint,Idle,npc.ashen_hollow.kera_voss=0.00:idle;npc.ashen_hollow.renn_vale=0.00:idle;npc.ashen_hollow.sel_arien=0.00:idle;npc.ashen_hollow.tavar_orr=3.20:run
19.600,0.0167,0.00,5.07,sprint,Idle,npc.ashen_hollow.kera_voss=0.00:idle;npc.ashen_hollow.renn_vale=0.00:idle;npc.ashen_hollow.sel_arien=0.00:idle;npc.ashen_hollow.tavar_orr=3.20:run
19.617,0.0167,0.33,5.10,sprint,Idle,npc.ashen_hollow.kera_voss=0.00:idle;npc.ashen_hollow.renn_vale=0.00:idle;npc.ashen_hollow.sel_arien=0.00:idle;npc.ashen_hollow.tavar_orr=3.20:run
19.633,0.0167,0.67,5.07,sprint,Idle,npc.ashen_hollow.kera_voss=0.00:idle;npc.ashen_hollow.renn_vale=0.00:idle;npc.ashen_hollow.sel_arien=0.00:idle;npc.ashen_hollow.tavar_orr=3.20:run
19.650,0.0167,0.00,5.07,sprint,Idle,npc.ashen_hollow.kera_voss=0.00:idle;npc.ashen_hollow.renn_vale=0.00:idle;npc.ashen_hollow.sel_arien=0.00:idle;npc.ashen_hollow.tavar_orr=3.20:run
19.667,0.0167,0.33,5.10,sprint,Idle,npc.ashen_hollow.kera_voss=0.00:idle;npc.ashen_hollow.renn_vale=0.00:idle;npc.ashen_hollow.sel_arien=0.00:idle;npc.ashen_hollow.tavar_orr=3.20:run
19.683,0.0167,0.67,5.07,sprint,Idle,npc.ashen_hollow.kera_voss=0.00:idle;npc.ashen_hollow.renn_vale=0.00:idle;npc.ashen_hollow.sel_arien=0.00:idle;npc.ashen_hollow.tavar_orr=3.20:run
19.700,0.0167,0.00,5.07,sprint,Idle,npc.ashen_hollow.kera_voss=0.00:idle;npc.ashen_hollow.renn_vale=0.00:idle;npc.ashen_hollow.sel_arien=0.00:idle;npc.ashen_hollow.tavar_orr=3.20:run
19.717,0.0167,0.33,5.10,sprint,Idle,npc.ashen_hollow.kera_voss=0.00:idle;npc.ashen_hollow.renn_vale=0.00:idle;npc.ashen_hollow.sel_arien=0.00:idle;npc.ashen_hollow.tavar_orr=3.20:run
19.733,0.0167,0.67,5.07,sprint,Idle,npc.ashen_hollow.kera_voss=0.00:idle;npc.ashen_hollow.renn_vale=0.00:idle;npc.ashen_hollow.sel_arien=0.00:idle;npc.ashen_hollow.tavar_orr=3.20:run
19.750,0.0167,0.00,5.07,sprint,Idle,npc.ashen_hollow.kera_voss=0.00:idle;npc.ashen_hollow.renn_vale=0.00:idle;npc.ashen_hollow.sel_arien=0.00:idle;npc.ashen_hollow.tavar_orr=3.20:run
19.767,0.0167,0.33,5.10,sprint,Idle,npc.ashen_hollow.kera_voss=0.00:idle;npc.ashen_hollow.renn_vale=0.00:idle;npc.ashen_hollow.sel_arien=0.00:idle;npc.ashen_hollow.tavar_orr=3.20:run
19.783,0.0167,0.67,5.07,sprint,Idle,npc.ashen_hollow.kera_voss=0.00:idle;npc.ashen_hollow.renn_vale=0.00:idle;npc.ashen_hollow.sel_arien=0.00:idle;npc.ashen_hollow.tavar_orr=3.20:run
19.800,0.0167,0.00,5.07,sprint,Idle,npc.ashen_hollow.kera_voss=0.00:idle;npc.ashen_hollow.renn_vale=0.00:idle;npc.ashen_hollow.sel_arien=0.00:idle;npc.ashen_hollow.tavar_orr=3.20:run
19.817,0.0167,0.33,5.10,sprint,Idle,npc.ashen_hollow.kera_voss=0.00:idle;npc.ashen_hollow.renn_vale=0.00:idle;npc.ashen_hollow.sel_arien=0.00:idle;npc.ashen_hollow.tavar_orr=3.20:run
19.833,0.0167,0.67,5.07,sprint,Idle,npc.ashen_hollow.kera_voss=0.00:idle;npc.ashen_hollow.renn_vale=0.00:idle;npc.ashen_hollow.sel_arien=0.00:idle;npc.ashen_hollow.tavar_orr=3.20:run
19.850,0.0167,0.00,5.07,sprint,Idle,npc.ashen_hollow.kera_voss=0.00:idle;npc.ashen_hollow.renn_vale=0.00:idle;npc.ashen_hollow.sel_arien=0.00:idle;npc.ashen_hollow.tavar_orr=3.20:run
19.867,0.0167,0.33,5.10,sprint,Idle,npc.ashen_hollow.kera_voss=0.00:idle;npc.ashen_hollow.renn_vale=0.00:idle;npc.ashen_hollow.sel_arien=0.00:idle;npc.ashen_hollow.tavar_orr=3.20:run
19.883,0.0167,0.67,5.07,sprint,Idle,npc.ashen_hollow.kera_voss=0.00:idle;npc.ashen_hollow.renn_vale=0.00:idle;npc.ashen_hollow.sel_arien=0.00:idle;npc.ashen_hollow.tavar_orr=3.20:run
19.900,0.0167,0.00,5.07,sprint,Idle,npc.ashen_hollow.kera_voss=0.00:idle;npc.ashen_hollow.renn_vale=0.00:idle;npc.ashen_hollow.sel_arien=0.00:idle;npc.ashen_hollow.tavar_orr=3.20:run
19.917,0.0167,0.33,5.10,sprint,Idle,npc.ashen_hollow.kera_voss=0.00:idle;npc.ashen_hollow.renn_vale=0.00:idle;npc.ashen_hollow.sel_arien=0.00:idle;npc.ashen_hollow.tavar_orr=3.20:run
19.933,0.0167,0.67,5.07,sprint,Idle,npc.ashen_hollow.kera_voss=0.00:idle;npc.ashen_hollow.renn_vale=0.00:idle;npc.ashen_hollow.sel_arien=0.00:idle;npc.ashen_hollow.tavar_orr=3.20:run
19.950,0.0167,0.00,5.07,sprint,Idle,npc.ashen_hollow.kera_voss=0.00:idle;npc.ashen_hollow.renn_vale=0.00:idle;npc.ashen_hollow.sel_arien=0.00:idle;npc.ashen_hollow.tavar_orr=3.20:run
19.967,0.0167,0.33,5.10,sprint,Idle,npc.ashen_hollow.kera_voss=0.00:idle;npc.ashen_hollow.renn_vale=0.00:idle;npc.ashen_hollow.sel_arien=0.00:idle;npc.ashen_hollow.tavar_orr=3.20:run
19.983,0.0167,0.67,5.07,sprint,Idle,npc.ashen_hollow.kera_voss=0.00:idle;npc.ashen_hollow.renn_vale=0.00:idle;npc.ashen_hollow.sel_arien=0.00:idle;npc.ashen_hollow.tavar_orr=3.20:run
20.000,0.0167,0.00,5.07,sprint,Idle,npc.ashen_hollow.kera_voss=0.00:idle;npc.ashen_hollow.renn_vale=0.00:idle;npc.ashen_hollow.sel_arien=0.00:idle;npc.ashen_hollow.tavar_orr=3.20:run
20.017,0.0167,0.33,5.10,sprint,Idle,npc.ashen_hollow.kera_voss=0.00:idle;npc.ashen_hollow.renn_vale=0.00:idle;npc.ashen_hollow.sel_arien=0.00:idle;npc.ashen_hollow.tavar_orr=3.20:run
20.033,0.0167,0.67,5.07,sprint,Idle,npc.ashen_hollow.kera_voss=0.00:idle;npc.ashen_hollow.renn_vale=0.00:idle;npc.ashen_hollow.sel_arien=0.00:idle;npc.ashen_hollow.tavar_orr=3.20:run
20.050,0.0167,0.00,5.07,sprint,Idle,npc.ashen_hollow.kera_voss=0.00:idle;npc.ashen_hollow.renn_vale=0.00:idle;npc.ashen_hollow.sel_arien=0.00:idle;npc.ashen_hollow.tavar_orr=3.20:run
20.067,0.0167,0.33,5.10,sprint,Idle,npc.ashen_hollow.kera_voss=0.00:idle;npc.ashen_hollow.renn_vale=0.00:idle;npc.ashen_hollow.sel_arien=0.00:idle;npc.ashen_hollow.tavar_orr=3.20:run
20.083,0.0167,0.67,5.07,sprint,Idle,npc.ashen_hollow.kera_voss=0.00:idle;npc.ashen_hollow.renn_vale=0.00:idle;npc.ashen_hollow.sel_arien=0.00:idle;npc.ashen_hollow.tavar_orr=3.20:run
20.100,0.0167,0.00,5.07,sprint,Idle,npc.ashen_hollow.kera_voss=0.00:idle;npc.ashen_hollow.renn_vale=0.00:idle;npc.ashen_hollow.sel_arien=0.00:idle;npc.ashen_hollow.tavar_orr=3.20:run
20.117,0.0167,0.33,5.10,sprint,Idle,npc.ashen_hollow.kera_voss=0.00:idle;npc.ashen_hollow.renn_vale=0.00:idle;npc.ashen_hollow.sel_arien=0.00:idle;npc.ashen_hollow.tavar_orr=3.20:run
20.133,0.0167,0.67,5.07,sprint,Idle,npc.ashen_hollow.kera_voss=0.00:idle;npc.ashen_hollow.renn_vale=0.00:idle;npc.ashen_hollow.sel_arien=0.00:idle;npc.ashen_hollow.tavar_orr=3.20:run
20.150,0.0167,0.00,5.07,sprint,Idle,npc.ashen_hollow.kera_voss=0.00:idle;npc.ashen_hollow.renn_vale=0.00:idle;npc.ashen_hollow.sel_arien=0.00:idle;npc.ashen_hollow.tavar_orr=3.49:run
20.167,0.0167,0.33,5.10,sprint,Idle,npc.ashen_hollow.kera_voss=0.00:idle;npc.ashen_hollow.renn_vale=0.00:idle;npc.ashen_hollow.sel_arien=0.00:idle;npc.ashen_hollow.tavar_orr=3.49:run
20.183,0.0167,0.67,5.07,sprint,Idle,npc.ashen_hollow.kera_voss=0.00:idle;npc.ashen_hollow.renn_vale=0.00:idle;npc.ashen_hollow.sel_arien=0.00:idle;npc.ashen_hollow.tavar_orr=3.49:run
20.200,0.0167,0.00,5.07,sprint,Idle,npc.ashen_hollow.kera_voss=0.00:idle;npc.ashen_hollow.renn_vale=0.00:idle;npc.ashen_hollow.sel_arien=0.00:idle;npc.ashen_hollow.tavar_orr=3.74:run
20.217,0.0167,0.33,5.10,sprint,Idle,npc.ashen_hollow.kera_voss=0.00:idle;npc.ashen_hollow.renn_vale=0.00:idle;npc.ashen_hollow.sel_arien=0.00:idle;npc.ashen_hollow.tavar_orr=3.74:run
20.233,0.0167,0.67,5.07,sprint,Idle,npc.ashen_hollow.kera_voss=0.00:idle;npc.ashen_hollow.renn_vale=0.00:idle;npc.ashen_hollow.sel_arien=0.00:idle;npc.ashen_hollow.tavar_orr=3.74:run
20.250,0.0167,0.00,5.07,sprint,Idle,npc.ashen_hollow.kera_voss=0.00:idle;npc.ashen_hollow.renn_vale=0.00:idle;npc.ashen_hollow.sel_arien=0.00:idle;npc.ashen_hollow.tavar_orr=3.96:run
20.267,0.0167,0.33,5.10,sprint,Idle,npc.ashen_hollow.kera_voss=0.00:idle;npc.ashen_hollow.renn_vale=0.00:idle;npc.ashen_hollow.sel_arien=0.00:idle;npc.ashen_hollow.tavar_orr=3.96:run
20.283,0.0167,0.67,5.07,sprint,Idle,npc.ashen_hollow.kera_voss=0.00:idle;npc.ashen_hollow.renn_vale=0.00:idle;npc.ashen_hollow.sel_arien=0.00:idle;npc.ashen_hollow.tavar_orr=3.96:run
20.300,0.0167,0.00,5.07,sprint,Idle,npc.ashen_hollow.kera_voss=0.00:idle;npc.ashen_hollow.renn_vale=0.00:idle;npc.ashen_hollow.sel_arien=0.00:idle;npc.ashen_hollow.tavar_orr=4.14:run
20.317,0.0167,0.33,5.10,sprint,Idle,npc.ashen_hollow.kera_voss=0.00:idle;npc.ashen_hollow.renn_vale=0.00:idle;npc.ashen_hollow.sel_arien=0.00:idle;npc.ashen_hollow.tavar_orr=4.14:run
20.333,0.0167,0.67,5.07,sprint,Idle,npc.ashen_hollow.kera_voss=0.00:idle;npc.ashen_hollow.renn_vale=0.00:idle;npc.ashen_hollow.sel_arien=0.00:idle;npc.ashen_hollow.tavar_orr=4.14:run
20.350,0.0167,0.00,5.07,sprint,Idle,npc.ashen_hollow.kera_voss=0.00:idle;npc.ashen_hollow.renn_vale=0.00:idle;npc.ashen_hollow.sel_arien=0.00:idle;npc.ashen_hollow.tavar_orr=4.29:run
20.367,0.0167,0.33,5.10,sprint,Idle,npc.ashen_hollow.kera_voss=0.00:idle;npc.ashen_hollow.renn_vale=0.00:idle;npc.ashen_hollow.sel_arien=0.00:idle;npc.ashen_hollow.tavar_orr=4.29:run
20.383,0.0167,0.67,5.07,sprint,Idle,npc.ashen_hollow.kera_voss=0.00:idle;npc.ashen_hollow.renn_vale=0.00:idle;npc.ashen_hollow.sel_arien=0.00:idle;npc.ashen_hollow.tavar_orr=4.29:run
20.400,0.0167,0.00,5.07,sprint,Idle,npc.ashen_hollow.kera_voss=0.00:idle;npc.ashen_hollow.renn_vale=0.00:idle;npc.ashen_hollow.sel_arien=0.00:idle;npc.ashen_hollow.tavar_orr=4.41:run
20.417,0.0167,0.33,5.10,sprint,Idle,npc.ashen_hollow.kera_voss=0.00:idle;npc.ashen_hollow.renn_vale=0.00:idle;npc.ashen_hollow.sel_arien=0.00:idle;npc.ashen_hollow.tavar_orr=4.41:run
20.433,0.0167,0.67,5.07,sprint,Idle,npc.ashen_hollow.kera_voss=0.00:idle;npc.ashen_hollow.renn_vale=0.00:idle;npc.ashen_hollow.sel_arien=0.00:idle;npc.ashen_hollow.tavar_orr=4.41:run
20.450,0.0167,0.00,5.07,sprint,Idle,npc.ashen_hollow.kera_voss=0.00:idle;npc.ashen_hollow.renn_vale=0.00:idle;npc.ashen_hollow.sel_arien=0.00:idle;npc.ashen_hollow.tavar_orr=4.52:run
20.467,0.0167,0.33,5.10,sprint,Idle,npc.ashen_hollow.kera_voss=0.00:idle;npc.ashen_hollow.renn_vale=0.00:idle;npc.ashen_hollow.sel_arien=0.00:idle;npc.ashen_hollow.tavar_orr=4.52:run
20.483,0.0167,0.67,5.07,sprint,Idle,npc.ashen_hollow.kera_voss=0.00:idle;npc.ashen_hollow.renn_vale=0.00:idle;npc.ashen_hollow.sel_arien=0.00:idle;npc.ashen_hollow.tavar_orr=4.52:run
20.500,0.0167,0.00,5.07,sprint,Idle,npc.ashen_hollow.kera_voss=0.00:idle;npc.ashen_hollow.renn_vale=0.00:idle;npc.ashen_hollow.sel_arien=0.00:idle;npc.ashen_hollow.tavar_orr=4.62:run
20.517,0.0167,0.33,5.10,sprint,Idle,npc.ashen_hollow.kera_voss=0.00:idle;npc.ashen_hollow.renn_vale=0.00:idle;npc.ashen_hollow.sel_arien=0.00:idle;npc.ashen_hollow.tavar_orr=4.62:run
20.533,0.0167,0.67,5.07,sprint,Idle,npc.ashen_hollow.kera_voss=0.00:idle;npc.ashen_hollow.renn_vale=0.00:idle;npc.ashen_hollow.sel_arien=0.00:idle;npc.ashen_hollow.tavar_orr=4.62:run
20.550,0.0167,0.00,5.07,sprint,Idle,npc.ashen_hollow.kera_voss=0.00:idle;npc.ashen_hollow.renn_vale=0.00:idle;npc.ashen_hollow.sel_arien=0.00:idle;npc.ashen_hollow.tavar_orr=4.69:run
20.567,0.0167,0.33,5.10,sprint,Idle,npc.ashen_hollow.kera_voss=0.00:idle;npc.ashen_hollow.renn_vale=0.00:idle;npc.ashen_hollow.sel_arien=0.00:idle;npc.ashen_hollow.tavar_orr=4.69:run
20.583,0.0167,0.67,5.07,sprint,Idle,npc.ashen_hollow.kera_voss=0.00:idle;npc.ashen_hollow.renn_vale=0.00:idle;npc.ashen_hollow.sel_arien=0.00:idle;npc.ashen_hollow.tavar_orr=4.69:run
20.600,0.0167,0.00,5.07,sprint,Idle,npc.ashen_hollow.kera_voss=0.00:idle;npc.ashen_hollow.renn_vale=0.00:idle;npc.ashen_hollow.sel_arien=0.00:idle;npc.ashen_hollow.tavar_orr=4.76:run
20.617,0.0167,0.33,5.10,sprint,Idle,npc.ashen_hollow.kera_voss=0.00:idle;npc.ashen_hollow.renn_vale=0.00:idle;npc.ashen_hollow.sel_arien=0.00:idle;npc.ashen_hollow.tavar_orr=4.76:run
20.633,0.0167,0.67,5.07,sprint,Idle,npc.ashen_hollow.kera_voss=0.00:idle;npc.ashen_hollow.renn_vale=0.00:idle;npc.ashen_hollow.sel_arien=0.00:idle;npc.ashen_hollow.tavar_orr=4.76:run
20.650,0.0167,0.00,5.07,sprint,Idle,npc.ashen_hollow.kera_voss=0.00:idle;npc.ashen_hollow.renn_vale=0.00:idle;npc.ashen_hollow.sel_arien=0.00:idle;npc.ashen_hollow.tavar_orr=4.81:run
20.667,0.0167,0.33,5.10,sprint,Idle,npc.ashen_hollow.kera_voss=0.00:idle;npc.ashen_hollow.renn_vale=0.00:idle;npc.ashen_hollow.sel_arien=0.00:idle;npc.ashen_hollow.tavar_orr=4.81:run
20.683,0.0167,0.67,5.07,sprint,Idle,npc.ashen_hollow.kera_voss=0.00:idle;npc.ashen_hollow.renn_vale=0.00:idle;npc.ashen_hollow.sel_arien=0.00:idle;npc.ashen_hollow.tavar_orr=4.81:run
20.700,0.0167,0.00,5.07,sprint,Idle,npc.ashen_hollow.kera_voss=0.00:idle;npc.ashen_hollow.renn_vale=0.00:idle;npc.ashen_hollow.sel_arien=0.00:idle;npc.ashen_hollow.tavar_orr=4.86:run
20.717,0.0167,0.33,5.10,sprint,Idle,npc.ashen_hollow.kera_voss=0.00:idle;npc.ashen_hollow.renn_vale=0.00:idle;npc.ashen_hollow.sel_arien=0.00:idle;npc.ashen_hollow.tavar_orr=4.86:run
20.733,0.0167,0.67,5.07,sprint,Idle,npc.ashen_hollow.kera_voss=0.00:idle;npc.ashen_hollow.renn_vale=0.00:idle;npc.ashen_hollow.sel_arien=0.00:idle;npc.ashen_hollow.tavar_orr=4.86:run
20.750,0.0167,0.00,5.07,sprint,Idle,npc.ashen_hollow.kera_voss=0.00:idle;npc.ashen_hollow.renn_vale=0.00:idle;npc.ashen_hollow.sel_arien=0.00:idle;npc.ashen_hollow.tavar_orr=4.90:run
20.767,0.0167,0.33,5.10,sprint,Idle,npc.ashen_hollow.kera_voss=0.00:idle;npc.ashen_hollow.renn_vale=0.00:idle;npc.ashen_hollow.sel_arien=0.00:idle;npc.ashen_hollow.tavar_orr=4.90:run
20.783,0.0167,0.67,5.07,sprint,Idle,npc.ashen_hollow.kera_voss=0.00:idle;npc.ashen_hollow.renn_vale=0.00:idle;npc.ashen_hollow.sel_arien=0.00:idle;npc.ashen_hollow.tavar_orr=4.90:run
20.800,0.0167,0.00,5.07,sprint,Idle,npc.ashen_hollow.kera_voss=0.00:idle;npc.ashen_hollow.renn_vale=0.00:idle;npc.ashen_hollow.sel_arien=0.00:idle;npc.ashen_hollow.tavar_orr=4.93:run
20.817,0.0167,0.33,5.10,sprint,Idle,npc.ashen_hollow.kera_voss=0.00:idle;npc.ashen_hollow.renn_vale=0.00:idle;npc.ashen_hollow.sel_arien=0.00:idle;npc.ashen_hollow.tavar_orr=4.93:run
20.833,0.0167,0.67,5.07,sprint,Idle,npc.ashen_hollow.kera_voss=0.00:idle;npc.ashen_hollow.renn_vale=0.00:idle;npc.ashen_hollow.sel_arien=0.00:idle;npc.ashen_hollow.tavar_orr=4.93:run
20.850,0.0167,0.00,5.07,sprint,Idle,npc.ashen_hollow.kera_voss=0.00:idle;npc.ashen_hollow.renn_vale=0.00:idle;npc.ashen_hollow.sel_arien=0.00:idle;npc.ashen_hollow.tavar_orr=4.96:run
20.867,0.0167,0.33,5.10,sprint,Idle,npc.ashen_hollow.kera_voss=0.00:idle;npc.ashen_hollow.renn_vale=0.00:idle;npc.ashen_hollow.sel_arien=0.00:idle;npc.ashen_hollow.tavar_orr=4.96:run
20.883,0.0167,0.67,5.07,sprint,Idle,npc.ashen_hollow.kera_voss=0.00:idle;npc.ashen_hollow.renn_vale=0.00:idle;npc.ashen_hollow.sel_arien=0.00:idle;npc.ashen_hollow.tavar_orr=4.96:run
20.900,0.0167,0.00,5.07,sprint,Idle,npc.ashen_hollow.kera_voss=0.00:idle;npc.ashen_hollow.renn_vale=0.00:idle;npc.ashen_hollow.sel_arien=0.00:idle;npc.ashen_hollow.tavar_orr=4.99:run
20.917,0.0167,0.33,5.10,sprint,Idle,npc.ashen_hollow.kera_voss=0.00:idle;npc.ashen_hollow.renn_vale=0.00:idle;npc.ashen_hollow.sel_arien=0.00:idle;npc.ashen_hollow.tavar_orr=4.99:run
20.933,0.0167,0.67,5.07,sprint,Idle,npc.ashen_hollow.kera_voss=0.00:idle;npc.ashen_hollow.renn_vale=0.00:idle;npc.ashen_hollow.sel_arien=0.00:idle;npc.ashen_hollow.tavar_orr=4.99:run
20.950,0.0167,0.00,5.07,sprint,Idle,npc.ashen_hollow.kera_voss=0.00:idle;npc.ashen_hollow.renn_vale=0.00:idle;npc.ashen_hollow.sel_arien=0.00:idle;npc.ashen_hollow.tavar_orr=5.01:run
20.967,0.0167,0.33,5.10,sprint,Idle,npc.ashen_hollow.kera_voss=0.00:idle;npc.ashen_hollow.renn_vale=0.00:idle;npc.ashen_hollow.sel_arien=0.00:idle;npc.ashen_hollow.tavar_orr=5.01:run
20.983,0.0167,0.67,5.07,sprint,Idle,npc.ashen_hollow.kera_voss=0.00:idle;npc.ashen_hollow.renn_vale=0.00:idle;npc.ashen_hollow.sel_arien=0.00:idle;npc.ashen_hollow.tavar_orr=5.01:run
21.000,0.0167,0.00,5.07,sprint,Idle,npc.ashen_hollow.kera_voss=0.00:idle;npc.ashen_hollow.renn_vale=0.00:idle;npc.ashen_hollow.sel_arien=0.00:idle;npc.ashen_hollow.tavar_orr=5.03:run
21.017,0.0167,0.33,5.10,sprint,Idle,npc.ashen_hollow.kera_voss=0.00:idle;npc.ashen_hollow.renn_vale=0.00:idle;npc.ashen_hollow.sel_arien=0.00:idle;npc.ashen_hollow.tavar_orr=5.03:run
21.033,0.0167,0.67,5.06,sprint,Idle,npc.ashen_hollow.kera_voss=0.00:idle;npc.ashen_hollow.renn_vale=0.00:idle;npc.ashen_hollow.sel_arien=0.00:idle;npc.ashen_hollow.tavar_orr=5.03:run
21.050,0.0167,0.00,5.06,sprint,Idle,npc.ashen_hollow.kera_voss=0.00:idle;npc.ashen_hollow.renn_vale=0.00:idle;npc.ashen_hollow.sel_arien=0.00:idle;npc.ashen_hollow.tavar_orr=4.74:run
21.067,0.0167,0.33,5.09,sprint,Idle,npc.ashen_hollow.kera_voss=0.00:idle;npc.ashen_hollow.renn_vale=0.00:idle;npc.ashen_hollow.sel_arien=0.00:idle;npc.ashen_hollow.tavar_orr=4.74:run
21.083,0.0167,0.67,5.06,sprint,Idle,npc.ashen_hollow.kera_voss=0.00:idle;npc.ashen_hollow.renn_vale=0.00:idle;npc.ashen_hollow.sel_arien=0.00:idle;npc.ashen_hollow.tavar_orr=4.74:run
21.100,0.0167,0.00,5.06,sprint,Idle,npc.ashen_hollow.kera_voss=0.00:idle;npc.ashen_hollow.renn_vale=0.00:idle;npc.ashen_hollow.sel_arien=0.00:idle;npc.ashen_hollow.tavar_orr=4.51:run
21.117,0.0167,0.33,4.11,sprint,Idle,npc.ashen_hollow.kera_voss=0.00:idle;npc.ashen_hollow.renn_vale=0.00:idle;npc.ashen_hollow.sel_arien=0.00:idle;npc.ashen_hollow.tavar_orr=4.51:run
21.133,0.0167,0.67,3.33,run,Idle,npc.ashen_hollow.kera_voss=0.00:idle;npc.ashen_hollow.renn_vale=0.00:idle;npc.ashen_hollow.sel_arien=0.00:idle;npc.ashen_hollow.tavar_orr=4.51:run
21.150,0.0167,0.00,3.33,run,Idle,npc.ashen_hollow.kera_voss=0.00:idle;npc.ashen_hollow.renn_vale=0.00:idle;npc.ashen_hollow.sel_arien=0.00:idle;npc.ashen_hollow.tavar_orr=4.30:run
21.167,0.0167,0.33,2.71,run,Idle,npc.ashen_hollow.kera_voss=0.00:idle;npc.ashen_hollow.renn_vale=0.00:idle;npc.ashen_hollow.sel_arien=0.00:idle;npc.ashen_hollow.tavar_orr=4.30:run
21.183,0.0167,0.67,2.20,run,Idle,npc.ashen_hollow.kera_voss=0.00:idle;npc.ashen_hollow.renn_vale=0.00:idle;npc.ashen_hollow.sel_arien=0.00:idle;npc.ashen_hollow.tavar_orr=4.30:run
21.200,0.0167,0.00,2.20,run,Idle,npc.ashen_hollow.kera_voss=0.00:idle;npc.ashen_hollow.renn_vale=0.00:idle;npc.ashen_hollow.sel_arien=0.00:idle;npc.ashen_hollow.tavar_orr=4.13:run
21.217,0.0167,0.33,1.78,walk,Idle,npc.ashen_hollow.kera_voss=0.00:idle;npc.ashen_hollow.renn_vale=0.00:idle;npc.ashen_hollow.sel_arien=0.00:idle;npc.ashen_hollow.tavar_orr=4.13:run
21.233,0.0167,0.67,1.45,walk,Idle,npc.ashen_hollow.kera_voss=0.00:idle;npc.ashen_hollow.renn_vale=0.00:idle;npc.ashen_hollow.sel_arien=0.00:idle;npc.ashen_hollow.tavar_orr=4.13:run
21.250,0.0167,0.00,1.45,walk,Idle,npc.ashen_hollow.kera_voss=0.00:idle;npc.ashen_hollow.renn_vale=0.00:idle;npc.ashen_hollow.sel_arien=0.00:idle;npc.ashen_hollow.tavar_orr=3.99:run
21.267,0.0167,0.33,1.18,walk,Idle,npc.ashen_hollow.kera_voss=0.00:idle;npc.ashen_hollow.renn_vale=0.00:idle;npc.ashen_hollow.sel_arien=0.00:idle;npc.ashen_hollow.tavar_orr=3.99:run
21.283,0.0167,0.67,0.96,walk,Idle,npc.ashen_hollow.kera_voss=0.00:idle;npc.ashen_hollow.renn_vale=0.00:idle;npc.ashen_hollow.sel_arien=0.00:idle;npc.ashen_hollow.tavar_orr=3.99:run
21.300,0.0167,0.00,0.96,walk,Idle,npc.ashen_hollow.kera_voss=0.00:idle;npc.ashen_hollow.renn_vale=0.00:idle;npc.ashen_hollow.sel_arien=0.00:idle;npc.ashen_hollow.tavar_orr=3.87:run
21.317,0.0167,0.33,0.78,walk,Idle,npc.ashen_hollow.kera_voss=0.00:idle;npc.ashen_hollow.renn_vale=0.00:idle;npc.ashen_hollow.sel_arien=0.00:idle;npc.ashen_hollow.tavar_orr=3.87:run
21.333,0.0167,0.67,0.63,walk,Idle,npc.ashen_hollow.kera_voss=0.00:idle;npc.ashen_hollow.renn_vale=0.00:idle;npc.ashen_hollow.sel_arien=0.00:idle;npc.ashen_hollow.tavar_orr=3.87:run
21.350,0.0167,0.00,0.63,walk,Idle,npc.ashen_hollow.kera_voss=0.00:idle;npc.ashen_hollow.renn_vale=0.00:idle;npc.ashen_hollow.sel_arien=0.00:idle;npc.ashen_hollow.tavar_orr=3.76:run
21.367,0.0167,0.33,0.51,walk,Idle,npc.ashen_hollow.kera_voss=0.00:idle;npc.ashen_hollow.renn_vale=0.00:idle;npc.ashen_hollow.sel_arien=0.00:idle;npc.ashen_hollow.tavar_orr=3.76:run
21.383,0.0167,0.67,0.42,walk,Idle,npc.ashen_hollow.kera_voss=0.00:idle;npc.ashen_hollow.renn_vale=0.00:idle;npc.ashen_hollow.sel_arien=0.00:idle;npc.ashen_hollow.tavar_orr=3.76:run
21.400,0.0167,0.00,0.42,walk,Idle,npc.ashen_hollow.kera_voss=0.00:idle;npc.ashen_hollow.renn_vale=0.00:idle;npc.ashen_hollow.sel_arien=0.00:idle;npc.ashen_hollow.tavar_orr=3.68:run
21.417,0.0167,0.33,0.34,walk,Idle,npc.ashen_hollow.kera_voss=0.00:idle;npc.ashen_hollow.renn_vale=0.00:idle;npc.ashen_hollow.sel_arien=0.00:idle;npc.ashen_hollow.tavar_orr=3.68:run
21.433,0.0167,0.67,0.27,walk,Idle,npc.ashen_hollow.kera_voss=0.00:idle;npc.ashen_hollow.renn_vale=0.00:idle;npc.ashen_hollow.sel_arien=0.00:idle;npc.ashen_hollow.tavar_orr=3.68:run
21.450,0.0167,0.00,0.27,walk,Idle,npc.ashen_hollow.kera_voss=0.00:idle;npc.ashen_hollow.renn_vale=0.00:idle;npc.ashen_hollow.sel_arien=0.00:idle;npc.ashen_hollow.tavar_orr=3.60:run
21.467,0.0167,0.33,0.22,spear_ready,Idle,npc.ashen_hollow.kera_voss=0.00:idle;npc.ashen_hollow.renn_vale=0.00:idle;npc.ashen_hollow.sel_arien=0.00:idle;npc.ashen_hollow.tavar_orr=3.60:run
21.483,0.0167,0.67,0.18,spear_ready,Idle,npc.ashen_hollow.kera_voss=0.00:idle;npc.ashen_hollow.renn_vale=0.00:idle;npc.ashen_hollow.sel_arien=0.00:idle;npc.ashen_hollow.tavar_orr=3.60:run
21.500,0.0167,0.00,0.18,spear_ready,Idle,npc.ashen_hollow.kera_voss=0.00:idle;npc.ashen_hollow.renn_vale=0.00:idle;npc.ashen_hollow.sel_arien=0.00:idle;npc.ashen_hollow.tavar_orr=3.54:run
21.517,0.0167,0.33,0.15,spear_ready,Idle,npc.ashen_hollow.kera_voss=0.00:idle;npc.ashen_hollow.renn_vale=0.00:idle;npc.ashen_hollow.sel_arien=0.00:idle;npc.ashen_hollow.tavar_orr=3.54:run
21.533,0.0167,0.67,0.12,spear_ready,Idle,npc.ashen_hollow.kera_voss=0.00:idle;npc.ashen_hollow.renn_vale=0.00:idle;npc.ashen_hollow.sel_arien=0.00:idle;npc.ashen_hollow.tavar_orr=3.54:run
21.550,0.0167,0.00,0.12,spear_ready,Idle,npc.ashen_hollow.kera_voss=0.00:idle;npc.ashen_hollow.renn_vale=0.00:idle;npc.ashen_hollow.sel_arien=0.00:idle;npc.ashen_hollow.tavar_orr=3.49:run
21.567,0.0167,0.33,0.10,spear_ready,Idle,npc.ashen_hollow.kera_voss=0.00:idle;npc.ashen_hollow.renn_vale=0.00:idle;npc.ashen_hollow.sel_arien=0.00:idle;npc.ashen_hollow.tavar_orr=3.49:run
21.583,0.0167,0.67,0.08,spear_ready,Idle,npc.ashen_hollow.kera_voss=0.00:idle;npc.ashen_hollow.renn_vale=0.00:idle;npc.ashen_hollow.sel_arien=0.00:idle;npc.ashen_hollow.tavar_orr=3.49:run
21.600,0.0167,0.00,0.08,spear_ready,Idle,npc.ashen_hollow.kera_voss=0.00:idle;npc.ashen_hollow.renn_vale=0.00:idle;npc.ashen_hollow.sel_arien=0.00:idle;npc.ashen_hollow.tavar_orr=3.44:run
21.617,0.0167,0.33,0.06,spear_ready,Idle,npc.ashen_hollow.kera_voss=0.00:idle;npc.ashen_hollow.renn_vale=0.00:idle;npc.ashen_hollow.sel_arien=0.00:idle;npc.ashen_hollow.tavar_orr=3.44:run
21.633,0.0167,0.67,0.05,spear_ready,Idle,npc.ashen_hollow.kera_voss=0.00:idle;npc.ashen_hollow.renn_vale=0.00:idle;npc.ashen_hollow.sel_arien=0.00:idle;npc.ashen_hollow.tavar_orr=3.44:run
21.650,0.0167,0.00,0.05,spear_ready,Idle,npc.ashen_hollow.kera_voss=0.00:idle;npc.ashen_hollow.renn_vale=0.00:idle;npc.ashen_hollow.sel_arien=0.00:idle;npc.ashen_hollow.tavar_orr=3.40:run
21.667,0.0167,0.33,0.04,spear_ready,Idle,npc.ashen_hollow.kera_voss=0.00:idle;npc.ashen_hollow.renn_vale=0.00:idle;npc.ashen_hollow.sel_arien=0.00:idle;npc.ashen_hollow.tavar_orr=3.40:run
21.683,0.0167,0.67,0.03,spear_ready,Idle,npc.ashen_hollow.kera_voss=0.00:idle;npc.ashen_hollow.renn_vale=0.00:idle;npc.ashen_hollow.sel_arien=0.00:idle;npc.ashen_hollow.tavar_orr=3.40:run
21.700,0.0167,0.00,0.03,spear_ready,Idle,npc.ashen_hollow.kera_voss=0.00:idle;npc.ashen_hollow.renn_vale=0.00:idle;npc.ashen_hollow.sel_arien=0.00:idle;npc.ashen_hollow.tavar_orr=3.37:run
21.717,0.0167,0.33,0.03,spear_ready,Idle,npc.ashen_hollow.kera_voss=0.00:idle;npc.ashen_hollow.renn_vale=0.00:idle;npc.ashen_hollow.sel_arien=0.00:idle;npc.ashen_hollow.tavar_orr=3.37:run
21.733,0.0167,0.67,0.02,spear_ready,Idle,npc.ashen_hollow.kera_voss=0.00:idle;npc.ashen_hollow.renn_vale=0.00:idle;npc.ashen_hollow.sel_arien=0.00:idle;npc.ashen_hollow.tavar_orr=3.37:run
21.750,0.0167,0.00,0.02,spear_ready,Idle,npc.ashen_hollow.kera_voss=0.00:idle;npc.ashen_hollow.renn_vale=0.00:idle;npc.ashen_hollow.sel_arien=0.00:idle;npc.ashen_hollow.tavar_orr=3.34:run
21.767,0.0167,0.33,0.02,spear_ready,Idle,npc.ashen_hollow.kera_voss=0.00:idle;npc.ashen_hollow.renn_vale=0.00:idle;npc.ashen_hollow.sel_arien=0.00:idle;npc.ashen_hollow.tavar_orr=3.34:run
21.783,0.0167,0.67,0.01,spear_ready,Idle,npc.ashen_hollow.kera_voss=0.00:idle;npc.ashen_hollow.renn_vale=0.00:idle;npc.ashen_hollow.sel_arien=0.00:idle;npc.ashen_hollow.tavar_orr=3.34:run
21.800,0.0167,0.00,0.01,spear_ready,Idle,npc.ashen_hollow.kera_voss=0.00:idle;npc.ashen_hollow.renn_vale=0.00:idle;npc.ashen_hollow.sel_arien=0.00:idle;npc.ashen_hollow.tavar_orr=3.32:run
21.817,0.0167,0.33,0.01,spear_ready,Idle,npc.ashen_hollow.kera_voss=0.00:idle;npc.ashen_hollow.renn_vale=0.00:idle;npc.ashen_hollow.sel_arien=0.00:idle;npc.ashen_hollow.tavar_orr=3.32:run
21.833,0.0167,0.67,0.01,spear_ready,Idle,npc.ashen_hollow.kera_voss=0.00:idle;npc.ashen_hollow.renn_vale=0.00:idle;npc.ashen_hollow.sel_arien=0.00:idle;npc.ashen_hollow.tavar_orr=3.32:run
21.850,0.0167,0.00,0.01,spear_ready,Idle,npc.ashen_hollow.kera_voss=0.00:idle;npc.ashen_hollow.renn_vale=0.00:idle;npc.ashen_hollow.sel_arien=0.00:idle;npc.ashen_hollow.tavar_orr=3.30:run
21.867,0.0167,0.33,0.01,spear_ready,Idle,npc.ashen_hollow.kera_voss=0.00:idle;npc.ashen_hollow.renn_vale=0.00:idle;npc.ashen_hollow.sel_arien=0.00:idle;npc.ashen_hollow.tavar_orr=3.30:run
21.883,0.0167,0.67,0.01,spear_ready,Idle,npc.ashen_hollow.kera_voss=0.00:idle;npc.ashen_hollow.renn_vale=0.00:idle;npc.ashen_hollow.sel_arien=0.00:idle;npc.ashen_hollow.tavar_orr=3.30:run
21.900,0.0167,0.00,0.01,spear_ready,Idle,npc.ashen_hollow.kera_voss=0.00:idle;npc.ashen_hollow.renn_vale=0.00:idle;npc.ashen_hollow.sel_arien=0.00:idle;npc.ashen_hollow.tavar_orr=3.28:run
21.917,0.0167,0.33,0.01,spear_ready,Idle,npc.ashen_hollow.kera_voss=0.00:idle;npc.ashen_hollow.renn_vale=0.00:idle;npc.ashen_hollow.sel_arien=0.00:idle;npc.ashen_hollow.tavar_orr=3.28:run
21.933,0.0167,0.67,0.00,spear_ready,Idle,npc.ashen_hollow.kera_voss=0.00:idle;npc.ashen_hollow.renn_vale=0.00:idle;npc.ashen_hollow.sel_arien=0.00:idle;npc.ashen_hollow.tavar_orr=3.28:run
21.950,0.0167,0.00,0.00,spear_ready,Idle,npc.ashen_hollow.kera_voss=0.00:idle;npc.ashen_hollow.renn_vale=0.00:idle;npc.ashen_hollow.sel_arien=0.00:idle;npc.ashen_hollow.tavar_orr=3.27:run
21.967,0.0167,0.33,0.00,spear_ready,Idle,npc.ashen_hollow.kera_voss=0.00:idle;npc.ashen_hollow.renn_vale=0.00:idle;npc.ashen_hollow.sel_arien=0.00:idle;npc.ashen_hollow.tavar_orr=3.27:run
21.983,0.0167,0.67,0.00,spear_ready,Idle,npc.ashen_hollow.kera_voss=0.00:idle;npc.ashen_hollow.renn_vale=0.00:idle;npc.ashen_hollow.sel_arien=0.00:idle;npc.ashen_hollow.tavar_orr=3.27:run
22.000,0.0167,0.00,0.00,spear_ready,Idle,npc.ashen_hollow.kera_voss=0.00:idle;npc.ashen_hollow.renn_vale=0.00:idle;npc.ashen_hollow.sel_arien=0.00:idle;npc.ashen_hollow.tavar_orr=3.26:run
22.017,0.0167,0.33,0.00,spear_ready,Idle,npc.ashen_hollow.kera_voss=0.00:idle;npc.ashen_hollow.renn_vale=0.00:idle;npc.ashen_hollow.sel_arien=0.00:idle;npc.ashen_hollow.tavar_orr=3.26:run
22.033,0.0167,0.67,0.00,spear_ready,Idle,npc.ashen_hollow.kera_voss=0.00:idle;npc.ashen_hollow.renn_vale=0.00:idle;npc.ashen_hollow.sel_arien=0.00:idle;npc.ashen_hollow.tavar_orr=3.26:run
22.050,0.0167,0.00,0.00,spear_ready,Idle,npc.ashen_hollow.kera_voss=0.00:idle;npc.ashen_hollow.renn_vale=0.00:idle;npc.ashen_hollow.sel_arien=0.00:idle;npc.ashen_hollow.tavar_orr=3.25:run
22.067,0.0167,0.33,0.00,spear_ready,Idle,npc.ashen_hollow.kera_voss=0.00:idle;npc.ashen_hollow.renn_vale=0.00:idle;npc.ashen_hollow.sel_arien=0.00:idle;npc.ashen_hollow.tavar_orr=3.25:run
22.083,0.0167,0.67,0.00,spear_ready,Idle,npc.ashen_hollow.kera_voss=0.00:idle;npc.ashen_hollow.renn_vale=0.00:idle;npc.ashen_hollow.sel_arien=0.00:idle;npc.ashen_hollow.tavar_orr=3.25:run
22.100,0.0167,0.00,0.00,spear_ready,Idle,npc.ashen_hollow.kera_voss=0.00:idle;npc.ashen_hollow.renn_vale=0.00:idle;npc.ashen_hollow.sel_arien=0.00:idle;npc.ashen_hollow.tavar_orr=3.24:run
22.117,0.0167,0.33,0.00,spear_ready,Idle,npc.ashen_hollow.kera_voss=0.00:idle;npc.ashen_hollow.renn_vale=0.00:idle;npc.ashen_hollow.sel_arien=0.00:idle;npc.ashen_hollow.tavar_orr=3.24:run
22.133,0.0167,0.67,0.00,spear_ready,Idle,npc.ashen_hollow.kera_voss=0.00:idle;npc.ashen_hollow.renn_vale=0.00:idle;npc.ashen_hollow.sel_arien=0.00:idle;npc.ashen_hollow.tavar_orr=3.24:run
22.150,0.0167,0.00,0.00,spear_ready,Idle,npc.ashen_hollow.kera_voss=0.00:idle;npc.ashen_hollow.renn_vale=0.00:idle;npc.ashen_hollow.sel_arien=0.00:idle;npc.ashen_hollow.tavar_orr=3.24:run
22.167,0.0167,0.33,0.00,spear_ready,Idle,npc.ashen_hollow.kera_voss=0.00:idle;npc.ashen_hollow.renn_vale=0.00:idle;npc.ashen_hollow.sel_arien=0.00:idle;npc.ashen_hollow.tavar_orr=3.24:run
22.183,0.0167,0.67,0.00,spear_ready,Idle,npc.ashen_hollow.kera_voss=0.00:idle;npc.ashen_hollow.renn_vale=0.00:idle;npc.ashen_hollow.sel_arien=0.00:idle;npc.ashen_hollow.tavar_orr=3.24:run
22.200,0.0167,0.00,0.00,spear_ready,Idle,npc.ashen_hollow.kera_voss=0.00:idle;npc.ashen_hollow.renn_vale=0.00:idle;npc.ashen_hollow.sel_arien=0.00:idle;npc.ashen_hollow.tavar_orr=3.23:run
22.217,0.0167,0.33,0.00,spear_ready,Idle,npc.ashen_hollow.kera_voss=0.00:idle;npc.ashen_hollow.renn_vale=0.00:idle;npc.ashen_hollow.sel_arien=0.00:idle;npc.ashen_hollow.tavar_orr=3.23:run
22.233,0.0167,0.67,0.00,spear_ready,Idle,npc.ashen_hollow.kera_voss=0.00:idle;npc.ashen_hollow.renn_vale=0.00:idle;npc.ashen_hollow.sel_arien=0.00:idle;npc.ashen_hollow.tavar_orr=3.23:run
22.250,0.0167,0.00,0.00,spear_ready,Idle,npc.ashen_hollow.kera_voss=0.00:idle;npc.ashen_hollow.renn_vale=0.00:idle;npc.ashen_hollow.sel_arien=0.00:idle;npc.ashen_hollow.tavar_orr=3.23:run
22.267,0.0167,0.33,0.00,spear_ready,Idle,npc.ashen_hollow.kera_voss=0.00:idle;npc.ashen_hollow.renn_vale=0.00:idle;npc.ashen_hollow.sel_arien=0.00:idle;npc.ashen_hollow.tavar_orr=3.23:run
22.283,0.0167,0.67,0.00,spear_ready,Idle,npc.ashen_hollow.kera_voss=0.00:idle;npc.ashen_hollow.renn_vale=0.00:idle;npc.ashen_hollow.sel_arien=0.00:idle;npc.ashen_hollow.tavar_orr=3.23:run
22.300,0.0167,0.00,0.00,spear_ready,Idle,npc.ashen_hollow.kera_voss=0.00:idle;npc.ashen_hollow.renn_vale=0.00:idle;npc.ashen_hollow.sel_arien=0.00:idle;npc.ashen_hollow.tavar_orr=2.98:run
22.317,0.0167,0.33,0.00,spear_ready,Idle,npc.ashen_hollow.kera_voss=0.00:idle;npc.ashen_hollow.renn_vale=0.00:idle;npc.ashen_hollow.sel_arien=0.00:idle;npc.ashen_hollow.tavar_orr=2.98:run
22.333,0.0167,0.67,0.00,spear_ready,Idle,npc.ashen_hollow.kera_voss=0.00:idle;npc.ashen_hollow.renn_vale=0.00:idle;npc.ashen_hollow.sel_arien=0.00:idle;npc.ashen_hollow.tavar_orr=2.98:run
22.350,0.0167,0.00,0.00,spear_ready,Idle,npc.ashen_hollow.kera_voss=0.00:idle;npc.ashen_hollow.renn_vale=0.00:idle;npc.ashen_hollow.sel_arien=0.00:idle;npc.ashen_hollow.tavar_orr=2.77:run
22.367,0.0167,0.33,0.00,spear_ready,Idle,npc.ashen_hollow.kera_voss=0.00:idle;npc.ashen_hollow.renn_vale=0.00:idle;npc.ashen_hollow.sel_arien=0.00:idle;npc.ashen_hollow.tavar_orr=2.77:run
22.383,0.0167,0.67,0.00,spear_ready,Idle,npc.ashen_hollow.kera_voss=0.00:idle;npc.ashen_hollow.renn_vale=0.00:idle;npc.ashen_hollow.sel_arien=0.00:idle;npc.ashen_hollow.tavar_orr=2.77:run
22.400,0.0167,0.00,0.00,spear_ready,Idle,npc.ashen_hollow.kera_voss=0.00:idle;npc.ashen_hollow.renn_vale=0.00:idle;npc.ashen_hollow.sel_arien=0.00:idle;npc.ashen_hollow.tavar_orr=2.59:run
22.417,0.0167,0.33,0.00,spear_ready,Idle,npc.ashen_hollow.kera_voss=0.00:idle;npc.ashen_hollow.renn_vale=0.00:idle;npc.ashen_hollow.sel_arien=0.00:idle;npc.ashen_hollow.tavar_orr=2.59:run
22.433,0.0167,0.67,0.00,spear_ready,Idle,npc.ashen_hollow.kera_voss=0.00:idle;npc.ashen_hollow.renn_vale=0.00:idle;npc.ashen_hollow.sel_arien=0.00:idle;npc.ashen_hollow.tavar_orr=2.59:run
22.450,0.0167,0.00,0.00,spear_ready,Idle,npc.ashen_hollow.kera_voss=0.00:idle;npc.ashen_hollow.renn_vale=0.00:idle;npc.ashen_hollow.sel_arien=0.00:idle;npc.ashen_hollow.tavar_orr=2.44:run
22.467,0.0167,0.33,0.00,spear_ready,Idle,npc.ashen_hollow.kera_voss=0.00:idle;npc.ashen_hollow.renn_vale=0.00:idle;npc.ashen_hollow.sel_arien=0.00:idle;npc.ashen_hollow.tavar_orr=2.44:run
22.483,0.0167,0.67,0.00,spear_ready,Idle,npc.ashen_hollow.kera_voss=0.00:idle;npc.ashen_hollow.renn_vale=0.00:idle;npc.ashen_hollow.sel_arien=0.00:idle;npc.ashen_hollow.tavar_orr=2.44:run
22.500,0.0167,0.00,0.00,spear_ready,Idle,npc.ashen_hollow.kera_voss=0.00:idle;npc.ashen_hollow.renn_vale=0.00:idle;npc.ashen_hollow.sel_arien=0.00:idle;npc.ashen_hollow.tavar_orr=2.31:run
22.517,0.0167,0.33,0.00,spear_ready,Idle,npc.ashen_hollow.kera_voss=0.00:idle;npc.ashen_hollow.renn_vale=0.00:idle;npc.ashen_hollow.sel_arien=0.00:idle;npc.ashen_hollow.tavar_orr=2.31:run
22.533,0.0167,0.67,0.00,spear_ready,Idle,npc.ashen_hollow.kera_voss=0.00:idle;npc.ashen_hollow.renn_vale=0.00:idle;npc.ashen_hollow.sel_arien=0.00:idle;npc.ashen_hollow.tavar_orr=2.31:run
22.550,0.0167,0.00,0.00,spear_ready,Idle,npc.ashen_hollow.kera_voss=0.00:idle;npc.ashen_hollow.renn_vale=0.00:idle;npc.ashen_hollow.sel_arien=0.00:idle;npc.ashen_hollow.tavar_orr=2.20:run
22.567,0.0167,0.33,0.00,spear_ready,Idle,npc.ashen_hollow.kera_voss=0.00:idle;npc.ashen_hollow.renn_vale=0.00:idle;npc.ashen_hollow.sel_arien=0.00:idle;npc.ashen_hollow.tavar_orr=2.20:run
22.583,0.0167,0.67,0.00,spear_ready,Idle,npc.ashen_hollow.kera_voss=0.00:idle;npc.ashen_hollow.renn_vale=0.00:idle;npc.ashen_hollow.sel_arien=0.00:idle;npc.ashen_hollow.tavar_orr=2.20:run
22.600,0.0167,0.00,0.00,spear_ready,Idle,npc.ashen_hollow.kera_voss=0.00:idle;npc.ashen_hollow.renn_vale=0.00:idle;npc.ashen_hollow.sel_arien=0.00:idle;npc.ashen_hollow.tavar_orr=2.11:run
22.617,0.0167,0.33,0.00,spear_ready,Idle,npc.ashen_hollow.kera_voss=0.00:idle;npc.ashen_hollow.renn_vale=0.00:idle;npc.ashen_hollow.sel_arien=0.00:idle;npc.ashen_hollow.tavar_orr=2.11:run
22.633,0.0167,0.67,0.00,spear_ready,Idle,npc.ashen_hollow.kera_voss=0.00:idle;npc.ashen_hollow.renn_vale=0.00:idle;npc.ashen_hollow.sel_arien=0.00:idle;npc.ashen_hollow.tavar_orr=2.11:run
22.650,0.0167,0.00,0.00,spear_ready,Idle,npc.ashen_hollow.kera_voss=0.00:idle;npc.ashen_hollow.renn_vale=0.00:idle;npc.ashen_hollow.sel_arien=0.00:idle;npc.ashen_hollow.tavar_orr=2.03:run
22.667,0.0167,0.33,0.00,spear_ready,Idle,npc.ashen_hollow.kera_voss=0.00:idle;npc.ashen_hollow.renn_vale=0.00:idle;npc.ashen_hollow.sel_arien=0.00:idle;npc.ashen_hollow.tavar_orr=2.03:run
22.683,0.0167,0.67,0.00,spear_ready,Idle,npc.ashen_hollow.kera_voss=0.00:idle;npc.ashen_hollow.renn_vale=0.00:idle;npc.ashen_hollow.sel_arien=0.00:idle;npc.ashen_hollow.tavar_orr=2.03:run
22.700,0.0167,0.00,0.00,spear_ready,Idle,npc.ashen_hollow.kera_voss=0.00:idle;npc.ashen_hollow.renn_vale=0.00:idle;npc.ashen_hollow.sel_arien=0.00:idle;npc.ashen_hollow.tavar_orr=1.97:walk
22.717,0.0167,0.33,0.00,spear_ready,Idle,npc.ashen_hollow.kera_voss=0.00:idle;npc.ashen_hollow.renn_vale=0.00:idle;npc.ashen_hollow.sel_arien=0.00:idle;npc.ashen_hollow.tavar_orr=1.97:walk
22.733,0.0167,0.67,0.00,spear_ready,Idle,npc.ashen_hollow.kera_voss=0.00:idle;npc.ashen_hollow.renn_vale=0.00:idle;npc.ashen_hollow.sel_arien=0.00:idle;npc.ashen_hollow.tavar_orr=1.97:walk
22.750,0.0167,0.00,0.00,spear_ready,Idle,npc.ashen_hollow.kera_voss=0.00:idle;npc.ashen_hollow.renn_vale=0.00:idle;npc.ashen_hollow.sel_arien=0.00:idle;npc.ashen_hollow.tavar_orr=1.91:walk
22.767,0.0167,0.33,0.00,spear_ready,Idle,npc.ashen_hollow.kera_voss=0.00:idle;npc.ashen_hollow.renn_vale=0.00:idle;npc.ashen_hollow.sel_arien=0.00:idle;npc.ashen_hollow.tavar_orr=1.91:walk
22.783,0.0167,0.67,0.00,spear_ready,Idle,npc.ashen_hollow.kera_voss=0.00:idle;npc.ashen_hollow.renn_vale=0.00:idle;npc.ashen_hollow.sel_arien=0.00:idle;npc.ashen_hollow.tavar_orr=1.91:walk
22.800,0.0167,0.00,0.00,spear_ready,Idle,npc.ashen_hollow.kera_voss=0.00:idle;npc.ashen_hollow.renn_vale=0.00:idle;npc.ashen_hollow.sel_arien=0.00:idle;npc.ashen_hollow.tavar_orr=1.86:walk
22.817,0.0167,0.33,0.00,spear_ready,Idle,npc.ashen_hollow.kera_voss=0.00:idle;npc.ashen_hollow.renn_vale=0.00:idle;npc.ashen_hollow.sel_arien=0.00:idle;npc.ashen_hollow.tavar_orr=1.86:walk
22.833,0.0167,0.67,0.00,spear_ready,Idle,npc.ashen_hollow.kera_voss=0.00:idle;npc.ashen_hollow.renn_vale=0.00:idle;npc.ashen_hollow.sel_arien=0.00:idle;npc.ashen_hollow.tavar_orr=1.86:walk
22.850,0.0167,0.00,0.00,spear_ready,Idle,npc.ashen_hollow.kera_voss=0.00:idle;npc.ashen_hollow.renn_vale=0.00:idle;npc.ashen_hollow.sel_arien=0.00:idle;npc.ashen_hollow.tavar_orr=1.82:walk
22.867,0.0167,0.33,0.00,spear_ready,Idle,npc.ashen_hollow.kera_voss=0.00:idle;npc.ashen_hollow.renn_vale=0.00:idle;npc.ashen_hollow.sel_arien=0.00:idle;npc.ashen_hollow.tavar_orr=1.82:walk
22.883,0.0167,0.67,0.00,spear_ready,Idle,npc.ashen_hollow.kera_voss=0.00:idle;npc.ashen_hollow.renn_vale=0.00:idle;npc.ashen_hollow.sel_arien=0.00:idle;npc.ashen_hollow.tavar_orr=1.82:walk
22.900,0.0167,0.00,0.00,spear_ready,Idle,npc.ashen_hollow.kera_voss=0.00:idle;npc.ashen_hollow.renn_vale=0.00:idle;npc.ashen_hollow.sel_arien=0.00:idle;npc.ashen_hollow.tavar_orr=1.79:walk
22.917,0.0167,0.33,0.00,spear_ready,Idle,npc.ashen_hollow.kera_voss=0.00:idle;npc.ashen_hollow.renn_vale=0.00:idle;npc.ashen_hollow.sel_arien=0.00:idle;npc.ashen_hollow.tavar_orr=1.79:walk
22.933,0.0167,0.67,0.00,spear_ready,Idle,npc.ashen_hollow.kera_voss=0.00:idle;npc.ashen_hollow.renn_vale=0.00:idle;npc.ashen_hollow.sel_arien=0.00:idle;npc.ashen_hollow.tavar_orr=1.79:walk
22.950,0.0167,0.00,0.00,spear_ready,Idle,npc.ashen_hollow.kera_voss=0.00:idle;npc.ashen_hollow.renn_vale=0.00:idle;npc.ashen_hollow.sel_arien=0.00:idle;npc.ashen_hollow.tavar_orr=1.76:walk
22.967,0.0167,0.33,0.00,spear_ready,Idle,npc.ashen_hollow.kera_voss=0.00:idle;npc.ashen_hollow.renn_vale=0.00:idle;npc.ashen_hollow.sel_arien=0.00:idle;npc.ashen_hollow.tavar_orr=1.76:walk
22.983,0.0167,0.67,0.00,spear_ready,Idle,npc.ashen_hollow.kera_voss=0.00:idle;npc.ashen_hollow.renn_vale=0.00:idle;npc.ashen_hollow.sel_arien=0.00:idle;npc.ashen_hollow.tavar_orr=1.76:walk
23.000,0.0167,0.00,0.00,spear_ready,Idle,npc.ashen_hollow.kera_voss=0.00:idle;npc.ashen_hollow.renn_vale=0.00:idle;npc.ashen_hollow.sel_arien=0.00:idle;npc.ashen_hollow.tavar_orr=1.74:walk
23.017,0.0167,0.33,0.00,spear_ready,Idle,npc.ashen_hollow.kera_voss=0.00:idle;npc.ashen_hollow.renn_vale=0.00:idle;npc.ashen_hollow.sel_arien=0.00:idle;npc.ashen_hollow.tavar_orr=1.74:walk
23.033,0.0167,0.67,0.00,spear_ready,Idle,npc.ashen_hollow.kera_voss=0.00:idle;npc.ashen_hollow.renn_vale=0.00:idle;npc.ashen_hollow.sel_arien=0.00:idle;npc.ashen_hollow.tavar_orr=1.74:walk
23.050,0.0167,0.00,0.00,spear_ready,Idle,npc.ashen_hollow.kera_voss=0.00:idle;npc.ashen_hollow.renn_vale=0.00:idle;npc.ashen_hollow.sel_arien=0.00:idle;npc.ashen_hollow.tavar_orr=1.72:walk
23.067,0.0167,0.33,0.00,spear_ready,Idle,npc.ashen_hollow.kera_voss=0.00:idle;npc.ashen_hollow.renn_vale=0.00:idle;npc.ashen_hollow.sel_arien=0.00:idle;npc.ashen_hollow.tavar_orr=1.72:walk
23.083,0.0167,0.67,0.00,spear_ready,Idle,npc.ashen_hollow.kera_voss=0.00:idle;npc.ashen_hollow.renn_vale=0.00:idle;npc.ashen_hollow.sel_arien=0.00:idle;npc.ashen_hollow.tavar_orr=1.72:walk
23.100,0.0167,0.00,0.00,spear_ready,Idle,npc.ashen_hollow.kera_voss=0.00:idle;npc.ashen_hollow.renn_vale=0.00:idle;npc.ashen_hollow.sel_arien=0.00:idle;npc.ashen_hollow.tavar_orr=1.70:walk
23.117,0.0167,0.33,0.00,spear_ready,Idle,npc.ashen_hollow.kera_voss=0.00:idle;npc.ashen_hollow.renn_vale=0.00:idle;npc.ashen_hollow.sel_arien=0.00:idle;npc.ashen_hollow.tavar_orr=1.70:walk
23.133,0.0167,0.67,0.00,spear_ready,Idle,npc.ashen_hollow.kera_voss=0.00:idle;npc.ashen_hollow.renn_vale=0.00:idle;npc.ashen_hollow.sel_arien=0.00:idle;npc.ashen_hollow.tavar_orr=1.70:walk
23.150,0.0167,0.00,0.00,spear_ready,Idle,npc.ashen_hollow.kera_voss=0.00:idle;npc.ashen_hollow.renn_vale=0.00:idle;npc.ashen_hollow.sel_arien=0.00:idle;npc.ashen_hollow.tavar_orr=1.68:walk
23.167,0.0167,0.33,0.00,spear_ready,Idle,npc.ashen_hollow.kera_voss=0.00:idle;npc.ashen_hollow.renn_vale=0.00:idle;npc.ashen_hollow.sel_arien=0.00:idle;npc.ashen_hollow.tavar_orr=1.68:walk
23.183,0.0167,0.67,0.00,spear_ready,Idle,npc.ashen_hollow.kera_voss=0.00:idle;npc.ashen_hollow.renn_vale=0.00:idle;npc.ashen_hollow.sel_arien=0.00:idle;npc.ashen_hollow.tavar_orr=1.68:walk
23.200,0.0167,0.00,0.00,spear_ready,Idle,npc.ashen_hollow.kera_voss=0.00:idle;npc.ashen_hollow.renn_vale=0.00:idle;npc.ashen_hollow.sel_arien=0.00:idle;npc.ashen_hollow.tavar_orr=1.67:walk
23.217,0.0167,0.33,0.00,spear_ready,Idle,npc.ashen_hollow.kera_voss=0.00:idle;npc.ashen_hollow.renn_vale=0.00:idle;npc.ashen_hollow.sel_arien=0.00:idle;npc.ashen_hollow.tavar_orr=1.67:walk
23.233,0.0167,0.67,0.00,spear_ready,Idle,npc.ashen_hollow.kera_voss=0.00:idle;npc.ashen_hollow.renn_vale=0.00:idle;npc.ashen_hollow.sel_arien=0.00:idle;npc.ashen_hollow.tavar_orr=1.67:walk
23.250,0.0167,0.00,0.00,spear_ready,Idle,npc.ashen_hollow.kera_voss=0.00:idle;npc.ashen_hollow.renn_vale=0.00:idle;npc.ashen_hollow.sel_arien=0.00:idle;npc.ashen_hollow.tavar_orr=1.67:walk
23.267,0.0167,0.33,0.00,spear_ready,Idle,npc.ashen_hollow.kera_voss=0.00:idle;npc.ashen_hollow.renn_vale=0.00:idle;npc.ashen_hollow.sel_arien=0.00:idle;npc.ashen_hollow.tavar_orr=1.67:walk
23.283,0.0167,0.67,0.00,spear_ready,Idle,npc.ashen_hollow.kera_voss=0.00:idle;npc.ashen_hollow.renn_vale=0.00:idle;npc.ashen_hollow.sel_arien=0.00:idle;npc.ashen_hollow.tavar_orr=1.41:walk
23.300,0.0167,0.00,0.00,spear_ready,Idle,npc.ashen_hollow.kera_voss=0.00:idle;npc.ashen_hollow.renn_vale=0.00:idle;npc.ashen_hollow.sel_arien=0.00:idle;npc.ashen_hollow.tavar_orr=1.20:walk
23.317,0.0167,0.33,0.00,spear_ready,Idle,npc.ashen_hollow.kera_voss=0.00:idle;npc.ashen_hollow.renn_vale=0.00:idle;npc.ashen_hollow.sel_arien=0.00:idle;npc.ashen_hollow.tavar_orr=1.01:walk
23.333,0.0167,0.67,0.00,spear_ready,Idle,npc.ashen_hollow.kera_voss=0.00:idle;npc.ashen_hollow.renn_vale=0.00:idle;npc.ashen_hollow.sel_arien=0.00:idle;npc.ashen_hollow.tavar_orr=0.86:walk
23.350,0.0167,0.00,0.00,spear_ready,Idle,npc.ashen_hollow.kera_voss=0.00:idle;npc.ashen_hollow.renn_vale=0.00:idle;npc.ashen_hollow.sel_arien=0.00:idle;npc.ashen_hollow.tavar_orr=0.73:walk
23.367,0.0167,0.33,0.00,spear_ready,Idle,npc.ashen_hollow.kera_voss=0.00:idle;npc.ashen_hollow.renn_vale=0.00:idle;npc.ashen_hollow.sel_arien=0.00:idle;npc.ashen_hollow.tavar_orr=0.00:idle
23.383,0.0167,0.67,0.00,spear_ready,Idle,npc.ashen_hollow.kera_voss=0.00:idle;npc.ashen_hollow.renn_vale=0.00:idle;npc.ashen_hollow.sel_arien=0.00:idle;npc.ashen_hollow.tavar_orr=0.00:idle
23.400,0.0167,0.00,0.00,spear_ready,Idle,npc.ashen_hollow.kera_voss=0.00:idle;npc.ashen_hollow.renn_vale=0.00:idle;npc.ashen_hollow.sel_arien=0.00:idle;npc.ashen_hollow.tavar_orr=0.00:idle
23.417,0.0167,0.33,0.00,spear_ready,Idle,npc.ashen_hollow.kera_voss=0.00:idle;npc.ashen_hollow.renn_vale=0.00:idle;npc.ashen_hollow.sel_arien=0.00:idle;npc.ashen_hollow.tavar_orr=0.00:idle
23.433,0.0167,0.67,0.00,spear_ready,Idle,npc.ashen_hollow.kera_voss=0.00:idle;npc.ashen_hollow.renn_vale=0.00:idle;npc.ashen_hollow.sel_arien=0.00:idle;npc.ashen_hollow.tavar_orr=0.00:idle
23.450,0.0167,0.00,0.00,spear_ready,Idle,npc.ashen_hollow.kera_voss=0.00:idle;npc.ashen_hollow.renn_vale=0.00:idle;npc.ashen_hollow.sel_arien=0.00:idle;npc.ashen_hollow.tavar_orr=0.00:idle
23.467,0.0167,0.33,0.00,spear_ready,Idle,npc.ashen_hollow.kera_voss=0.00:idle;npc.ashen_hollow.renn_vale=0.00:idle;npc.ashen_hollow.sel_arien=0.00:idle;npc.ashen_hollow.tavar_orr=0.00:idle
23.483,0.0167,0.67,0.00,spear_ready,Idle,npc.ashen_hollow.kera_voss=0.00:idle;npc.ashen_hollow.renn_vale=0.00:idle;npc.ashen_hollow.sel_arien=0.00:idle;npc.ashen_hollow.tavar_orr=0.00:idle
23.500,0.0167,0.00,0.00,spear_ready,Idle,npc.ashen_hollow.kera_voss=0.00:idle;npc.ashen_hollow.renn_vale=0.00:idle;npc.ashen_hollow.sel_arien=0.00:idle;npc.ashen_hollow.tavar_orr=0.00:idle
23.517,0.0167,0.33,0.00,spear_ready,Idle,npc.ashen_hollow.kera_voss=0.00:idle;npc.ashen_hollow.renn_vale=0.00:idle;npc.ashen_hollow.sel_arien=0.00:idle;npc.ashen_hollow.tavar_orr=0.00:idle
23.533,0.0167,0.67,0.00,spear_ready,Idle,npc.ashen_hollow.kera_voss=0.00:idle;npc.ashen_hollow.renn_vale=0.00:idle;npc.ashen_hollow.sel_arien=0.00:idle;npc.ashen_hollow.tavar_orr=0.00:idle
23.550,0.0167,0.00,0.00,spear_ready,Idle,npc.ashen_hollow.kera_voss=0.00:idle;npc.ashen_hollow.renn_vale=0.00:idle;npc.ashen_hollow.sel_arien=0.00:idle;npc.ashen_hollow.tavar_orr=0.00:idle
23.567,0.0167,0.33,0.00,spear_ready,Idle,npc.ashen_hollow.kera_voss=0.00:idle;npc.ashen_hollow.renn_vale=0.00:idle;npc.ashen_hollow.sel_arien=0.00:idle;npc.ashen_hollow.tavar_orr=0.00:idle
23.583,0.0167,0.67,0.00,spear_ready,Idle,npc.ashen_hollow.kera_voss=0.00:idle;npc.ashen_hollow.renn_vale=0.00:idle;npc.ashen_hollow.sel_arien=0.00:idle;npc.ashen_hollow.tavar_orr=0.00:idle
23.600,0.0167,0.00,0.00,spear_ready,Idle,npc.ashen_hollow.kera_voss=0.00:idle;npc.ashen_hollow.renn_vale=0.00:idle;npc.ashen_hollow.sel_arien=0.00:idle;npc.ashen_hollow.tavar_orr=0.00:idle
23.617,0.0167,0.33,0.62,walk,Idle,npc.ashen_hollow.kera_voss=0.00:idle;npc.ashen_hollow.renn_vale=0.00:idle;npc.ashen_hollow.sel_arien=0.00:idle;npc.ashen_hollow.tavar_orr=0.00:idle
23.633,0.0167,0.67,1.07,walk,Idle,npc.ashen_hollow.kera_voss=0.00:idle;npc.ashen_hollow.renn_vale=0.00:idle;npc.ashen_hollow.sel_arien=0.00:idle;npc.ashen_hollow.tavar_orr=0.00:idle
23.650,0.0167,0.00,1.07,walk,Idle,npc.ashen_hollow.kera_voss=0.00:idle;npc.ashen_hollow.renn_vale=0.00:idle;npc.ashen_hollow.sel_arien=0.00:idle;npc.ashen_hollow.tavar_orr=0.03:idle
23.667,0.0167,0.33,1.49,walk,Idle,npc.ashen_hollow.kera_voss=0.00:idle;npc.ashen_hollow.renn_vale=0.00:idle;npc.ashen_hollow.sel_arien=0.00:idle;npc.ashen_hollow.tavar_orr=0.03:idle
23.683,0.0167,0.67,1.78,walk,Idle,npc.ashen_hollow.kera_voss=0.00:idle;npc.ashen_hollow.renn_vale=0.00:idle;npc.ashen_hollow.sel_arien=0.00:idle;npc.ashen_hollow.tavar_orr=0.03:idle
23.700,0.0167,0.00,1.78,walk,Idle,npc.ashen_hollow.kera_voss=0.00:idle;npc.ashen_hollow.renn_vale=0.00:idle;npc.ashen_hollow.sel_arien=0.00:idle;npc.ashen_hollow.tavar_orr=0.27:walk
23.717,0.0167,0.33,2.06,walk,Idle,npc.ashen_hollow.kera_voss=0.00:idle;npc.ashen_hollow.renn_vale=0.00:idle;npc.ashen_hollow.sel_arien=0.00:idle;npc.ashen_hollow.tavar_orr=0.27:walk
23.733,0.0167,0.67,2.25,walk,Idle,npc.ashen_hollow.kera_voss=0.00:idle;npc.ashen_hollow.renn_vale=0.00:idle;npc.ashen_hollow.sel_arien=0.00:idle;npc.ashen_hollow.tavar_orr=0.27:walk
23.750,0.0167,0.00,2.25,walk,Idle,npc.ashen_hollow.kera_voss=0.00:idle;npc.ashen_hollow.renn_vale=0.00:idle;npc.ashen_hollow.sel_arien=0.00:idle;npc.ashen_hollow.tavar_orr=0.47:walk
23.767,0.0167,0.33,2.44,run,Idle,npc.ashen_hollow.kera_voss=0.00:idle;npc.ashen_hollow.renn_vale=0.00:idle;npc.ashen_hollow.sel_arien=0.00:idle;npc.ashen_hollow.tavar_orr=0.47:walk
23.783,0.0167,0.67,2.56,run,Idle,npc.ashen_hollow.kera_voss=0.00:idle;npc.ashen_hollow.renn_vale=0.00:idle;npc.ashen_hollow.sel_arien=0.00:idle;npc.ashen_hollow.tavar_orr=0.47:walk
23.800,0.0167,0.00,2.56,run,Idle,npc.ashen_hollow.kera_voss=0.00:idle;npc.ashen_hollow.renn_vale=0.00:idle;npc.ashen_hollow.sel_arien=0.00:idle;npc.ashen_hollow.tavar_orr=0.65:walk
23.817,0.0167,0.33,2.69,run,Idle,npc.ashen_hollow.kera_voss=0.00:idle;npc.ashen_hollow.renn_vale=0.00:idle;npc.ashen_hollow.sel_arien=0.00:idle;npc.ashen_hollow.tavar_orr=0.65:walk
23.833,0.0167,0.67,2.76,run,Idle,npc.ashen_hollow.kera_voss=0.00:idle;npc.ashen_hollow.renn_vale=0.00:idle;npc.ashen_hollow.sel_arien=0.00:idle;npc.ashen_hollow.tavar_orr=0.65:walk
23.850,0.0167,0.00,2.76,run,Idle,npc.ashen_hollow.kera_voss=0.00:idle;npc.ashen_hollow.renn_vale=0.00:idle;npc.ashen_hollow.sel_arien=0.00:idle;npc.ashen_hollow.tavar_orr=0.79:walk
23.867,0.0167,0.33,2.86,run,Idle,npc.ashen_hollow.kera_voss=0.00:idle;npc.ashen_hollow.renn_vale=0.00:idle;npc.ashen_hollow.sel_arien=0.00:idle;npc.ashen_hollow.tavar_orr=0.79:walk
23.883,0.0167,0.67,2.89,run,Idle,npc.ashen_hollow.kera_voss=0.00:idle;npc.ashen_hollow.renn_vale=0.00:idle;npc.ashen_hollow.sel_arien=0.00:idle;npc.ashen_hollow.tavar_orr=0.79:walk
23.900,0.0167,0.00,2.89,run,Idle,npc.ashen_hollow.kera_voss=0.00:idle;npc.ashen_hollow.renn_vale=0.00:idle;npc.ashen_hollow.sel_arien=0.00:idle;npc.ashen_hollow.tavar_orr=0.92:walk
23.917,0.0167,0.33,2.97,run,Idle,npc.ashen_hollow.kera_voss=0.00:idle;npc.ashen_hollow.renn_vale=0.00:idle;npc.ashen_hollow.sel_arien=0.00:idle;npc.ashen_hollow.tavar_orr=0.92:walk
23.933,0.0167,0.67,2.98,run,Idle,npc.ashen_hollow.kera_voss=0.00:idle;npc.ashen_hollow.renn_vale=0.00:idle;npc.ashen_hollow.sel_arien=0.00:idle;npc.ashen_hollow.tavar_orr=0.92:walk
23.950,0.0167,0.00,2.98,run,Idle,npc.ashen_hollow.kera_voss=0.00:idle;npc.ashen_hollow.renn_vale=0.00:idle;npc.ashen_hollow.sel_arien=0.00:idle;npc.ashen_hollow.tavar_orr=1.02:walk
23.967,0.0167,0.33,3.04,run,Idle,npc.ashen_hollow.kera_voss=0.00:idle;npc.ashen_hollow.renn_vale=0.00:idle;npc.ashen_hollow.sel_arien=0.00:idle;npc.ashen_hollow.tavar_orr=1.02:walk
23.983,0.0167,0.67,3.04,run,Idle,npc.ashen_hollow.kera_voss=0.00:idle;npc.ashen_hollow.renn_vale=0.00:idle;npc.ashen_hollow.sel_arien=0.00:idle;npc.ashen_hollow.tavar_orr=1.02:walk
24.000,0.0167,0.00,3.04,run,Idle,npc.ashen_hollow.kera_voss=0.00:idle;npc.ashen_hollow.renn_vale=0.00:idle;npc.ashen_hollow.sel_arien=0.00:idle;npc.ashen_hollow.tavar_orr=1.11:walk
24.017,0.0167,0.33,3.09,run,Idle,npc.ashen_hollow.kera_voss=0.00:idle;npc.ashen_hollow.renn_vale=0.00:idle;npc.ashen_hollow.sel_arien=0.00:idle;npc.ashen_hollow.tavar_orr=1.11:walk
24.033,0.0167,0.67,3.08,run,Idle,npc.ashen_hollow.kera_voss=0.00:idle;npc.ashen_hollow.renn_vale=0.00:idle;npc.ashen_hollow.sel_arien=0.00:idle;npc.ashen_hollow.tavar_orr=1.11:walk
24.050,0.0167,0.00,3.08,run,Idle,npc.ashen_hollow.kera_voss=0.00:idle;npc.ashen_hollow.renn_vale=0.00:idle;npc.ashen_hollow.sel_arien=0.00:idle;npc.ashen_hollow.tavar_orr=1.19:walk
24.067,0.0167,0.33,3.12,run,Idle,npc.ashen_hollow.kera_voss=0.00:idle;npc.ashen_hollow.renn_vale=0.00:idle;npc.ashen_hollow.sel_arien=0.00:idle;npc.ashen_hollow.tavar_orr=1.19:walk
24.083,0.0167,0.67,3.10,run,Idle,npc.ashen_hollow.kera_voss=0.00:idle;npc.ashen_hollow.renn_vale=0.00:idle;npc.ashen_hollow.sel_arien=0.00:idle;npc.ashen_hollow.tavar_orr=1.19:walk
24.100,0.0167,0.00,3.10,run,Idle,npc.ashen_hollow.kera_voss=0.00:idle;npc.ashen_hollow.renn_vale=0.00:idle;npc.ashen_hollow.sel_arien=0.00:idle;npc.ashen_hollow.tavar_orr=1.25:walk
24.117,0.0167,0.33,3.14,run,Idle,npc.ashen_hollow.kera_voss=0.00:idle;npc.ashen_hollow.renn_vale=0.00:idle;npc.ashen_hollow.sel_arien=0.00:idle;npc.ashen_hollow.tavar_orr=1.25:walk
24.133,0.0167,0.67,3.12,run,Idle,npc.ashen_hollow.kera_voss=0.00:idle;npc.ashen_hollow.renn_vale=0.00:idle;npc.ashen_hollow.sel_arien=0.00:idle;npc.ashen_hollow.tavar_orr=1.25:walk
24.150,0.0167,0.00,3.12,run,Idle,npc.ashen_hollow.kera_voss=0.00:idle;npc.ashen_hollow.renn_vale=0.00:idle;npc.ashen_hollow.sel_arien=0.00:idle;npc.ashen_hollow.tavar_orr=1.30:walk
24.167,0.0167,0.33,3.15,run,Idle,npc.ashen_hollow.kera_voss=0.00:idle;npc.ashen_hollow.renn_vale=0.00:idle;npc.ashen_hollow.sel_arien=0.00:idle;npc.ashen_hollow.tavar_orr=1.30:walk
24.183,0.0167,0.67,3.13,run,Idle,npc.ashen_hollow.kera_voss=0.00:idle;npc.ashen_hollow.renn_vale=0.00:idle;npc.ashen_hollow.sel_arien=0.00:idle;npc.ashen_hollow.tavar_orr=1.30:walk
24.200,0.0167,0.00,3.13,run,Idle,npc.ashen_hollow.kera_voss=0.00:idle;npc.ashen_hollow.renn_vale=0.00:idle;npc.ashen_hollow.sel_arien=0.00:idle;npc.ashen_hollow.tavar_orr=1.35:walk
24.217,0.0167,0.33,3.16,run,Idle,npc.ashen_hollow.kera_voss=0.00:idle;npc.ashen_hollow.renn_vale=0.00:idle;npc.ashen_hollow.sel_arien=0.00:idle;npc.ashen_hollow.tavar_orr=1.35:walk
24.233,0.0167,0.67,3.14,run,Idle,npc.ashen_hollow.kera_voss=0.00:idle;npc.ashen_hollow.renn_vale=0.00:idle;npc.ashen_hollow.sel_arien=0.00:idle;npc.ashen_hollow.tavar_orr=1.35:walk
24.250,0.0167,0.00,3.14,run,Idle,npc.ashen_hollow.kera_voss=0.00:idle;npc.ashen_hollow.renn_vale=0.00:idle;npc.ashen_hollow.sel_arien=0.00:idle;npc.ashen_hollow.tavar_orr=1.39:walk
24.267,0.0167,0.33,3.17,run,Idle,npc.ashen_hollow.kera_voss=0.00:idle;npc.ashen_hollow.renn_vale=0.00:idle;npc.ashen_hollow.sel_arien=0.00:idle;npc.ashen_hollow.tavar_orr=1.39:walk
24.283,0.0167,0.67,3.14,run,Idle,npc.ashen_hollow.kera_voss=0.00:idle;npc.ashen_hollow.renn_vale=0.00:idle;npc.ashen_hollow.sel_arien=0.00:idle;npc.ashen_hollow.tavar_orr=1.39:walk
24.300,0.0167,0.00,3.14,run,Idle,npc.ashen_hollow.kera_voss=0.00:idle;npc.ashen_hollow.renn_vale=0.00:idle;npc.ashen_hollow.sel_arien=0.00:idle;npc.ashen_hollow.tavar_orr=1.42:walk
24.317,0.0167,0.33,3.17,run,Idle,npc.ashen_hollow.kera_voss=0.00:idle;npc.ashen_hollow.renn_vale=0.00:idle;npc.ashen_hollow.sel_arien=0.00:idle;npc.ashen_hollow.tavar_orr=1.42:walk
24.333,0.0167,0.67,3.15,run,Idle,npc.ashen_hollow.kera_voss=0.00:idle;npc.ashen_hollow.renn_vale=0.00:idle;npc.ashen_hollow.sel_arien=0.00:idle;npc.ashen_hollow.tavar_orr=1.42:walk
24.350,0.0167,0.00,3.15,run,Idle,npc.ashen_hollow.kera_voss=0.00:idle;npc.ashen_hollow.renn_vale=0.00:idle;npc.ashen_hollow.sel_arien=0.00:idle;npc.ashen_hollow.tavar_orr=1.45:walk
24.367,0.0167,0.33,3.17,run,Idle,npc.ashen_hollow.kera_voss=0.00:idle;npc.ashen_hollow.renn_vale=0.00:idle;npc.ashen_hollow.sel_arien=0.00:idle;npc.ashen_hollow.tavar_orr=1.45:walk
24.383,0.0167,0.67,3.15,run,Idle,npc.ashen_hollow.kera_voss=0.00:idle;npc.ashen_hollow.renn_vale=0.00:idle;npc.ashen_hollow.sel_arien=0.00:idle;npc.ashen_hollow.tavar_orr=1.45:walk
24.400,0.0167,0.00,3.15,run,Idle,npc.ashen_hollow.kera_voss=0.00:idle;npc.ashen_hollow.renn_vale=0.00:idle;npc.ashen_hollow.sel_arien=0.00:idle;npc.ashen_hollow.tavar_orr=1.47:walk
24.417,0.0167,0.33,3.17,run,Idle,npc.ashen_hollow.kera_voss=0.00:idle;npc.ashen_hollow.renn_vale=0.00:idle;npc.ashen_hollow.sel_arien=0.00:idle;npc.ashen_hollow.tavar_orr=1.47:walk
24.433,0.0167,0.67,3.15,run,Idle,npc.ashen_hollow.kera_voss=0.00:idle;npc.ashen_hollow.renn_vale=0.00:idle;npc.ashen_hollow.sel_arien=0.00:idle;npc.ashen_hollow.tavar_orr=1.47:walk
24.450,0.0167,0.00,3.15,run,Idle,npc.ashen_hollow.kera_voss=0.00:idle;npc.ashen_hollow.renn_vale=0.00:idle;npc.ashen_hollow.sel_arien=0.00:idle;npc.ashen_hollow.tavar_orr=1.49:walk
24.467,0.0167,0.33,3.17,run,Idle,npc.ashen_hollow.kera_voss=0.00:idle;npc.ashen_hollow.renn_vale=0.00:idle;npc.ashen_hollow.sel_arien=0.00:idle;npc.ashen_hollow.tavar_orr=1.49:walk
24.483,0.0167,0.67,3.15,run,Idle,npc.ashen_hollow.kera_voss=0.00:idle;npc.ashen_hollow.renn_vale=0.00:idle;npc.ashen_hollow.sel_arien=0.00:idle;npc.ashen_hollow.tavar_orr=1.49:walk
24.500,0.0167,0.00,3.15,run,Idle,npc.ashen_hollow.kera_voss=0.00:idle;npc.ashen_hollow.renn_vale=0.00:idle;npc.ashen_hollow.sel_arien=0.00:idle;npc.ashen_hollow.tavar_orr=1.51:walk
24.517,0.0167,0.33,3.18,run,Idle,npc.ashen_hollow.kera_voss=0.00:idle;npc.ashen_hollow.renn_vale=0.00:idle;npc.ashen_hollow.sel_arien=0.00:idle;npc.ashen_hollow.tavar_orr=1.51:walk
24.533,0.0167,0.67,3.15,run,Idle,npc.ashen_hollow.kera_voss=0.00:idle;npc.ashen_hollow.renn_vale=0.00:idle;npc.ashen_hollow.sel_arien=0.00:idle;npc.ashen_hollow.tavar_orr=1.51:walk
24.550,0.0167,0.00,3.15,run,Idle,npc.ashen_hollow.kera_voss=0.00:idle;npc.ashen_hollow.renn_vale=0.00:idle;npc.ashen_hollow.sel_arien=0.00:idle;npc.ashen_hollow.tavar_orr=1.52:walk
24.567,0.0167,0.33,3.18,run,Idle,npc.ashen_hollow.kera_voss=0.00:idle;npc.ashen_hollow.renn_vale=0.00:idle;npc.ashen_hollow.sel_arien=0.00:idle;npc.ashen_hollow.tavar_orr=1.52:walk
24.583,0.0167,0.67,3.15,run,Idle,npc.ashen_hollow.kera_voss=0.00:idle;npc.ashen_hollow.renn_vale=0.00:idle;npc.ashen_hollow.sel_arien=0.00:idle;npc.ashen_hollow.tavar_orr=1.52:walk
24.600,0.0167,0.00,3.15,run,Idle,npc.ashen_hollow.kera_voss=0.00:idle;npc.ashen_hollow.renn_vale=0.00:idle;npc.ashen_hollow.sel_arien=0.00:idle;npc.ashen_hollow.tavar_orr=1.78:walk
24.617,0.0167,0.33,3.18,run,Idle,npc.ashen_hollow.kera_voss=0.00:idle;npc.ashen_hollow.renn_vale=0.00:idle;npc.ashen_hollow.sel_arien=0.00:idle;npc.ashen_hollow.tavar_orr=1.78:walk
24.633,0.0167,0.67,3.15,run,Idle,npc.ashen_hollow.kera_voss=0.00:idle;npc.ashen_hollow.renn_vale=0.00:idle;npc.ashen_hollow.sel_arien=0.00:idle;npc.ashen_hollow.tavar_orr=1.78:walk
24.650,0.0167,0.00,3.15,run,Idle,npc.ashen_hollow.kera_voss=0.00:idle;npc.ashen_hollow.renn_vale=0.00:idle;npc.ashen_hollow.sel_arien=0.00:idle;npc.ashen_hollow.tavar_orr=2.00:walk
24.667,0.0167,0.33,3.18,run,Idle,npc.ashen_hollow.kera_voss=0.00:idle;npc.ashen_hollow.renn_vale=0.00:idle;npc.ashen_hollow.sel_arien=0.00:idle;npc.ashen_hollow.tavar_orr=2.00:walk
24.683,0.0167,0.67,3.15,run,Idle,npc.ashen_hollow.kera_voss=0.00:idle;npc.ashen_hollow.renn_vale=0.00:idle;npc.ashen_hollow.sel_arien=0.00:idle;npc.ashen_hollow.tavar_orr=2.00:walk
24.700,0.0167,0.00,3.15,run,Idle,npc.ashen_hollow.kera_voss=0.00:idle;npc.ashen_hollow.renn_vale=0.00:idle;npc.ashen_hollow.sel_arien=0.00:idle;npc.ashen_hollow.tavar_orr=2.18:walk
24.717,0.0167,0.33,3.18,run,Idle,npc.ashen_hollow.kera_voss=0.00:idle;npc.ashen_hollow.renn_vale=0.00:idle;npc.ashen_hollow.sel_arien=0.00:idle;npc.ashen_hollow.tavar_orr=2.18:walk
24.733,0.0167,0.67,3.15,run,Idle,npc.ashen_hollow.kera_voss=0.00:idle;npc.ashen_hollow.renn_vale=0.00:idle;npc.ashen_hollow.sel_arien=0.00:idle;npc.ashen_hollow.tavar_orr=2.18:walk
24.750,0.0167,0.00,3.15,run,Idle,npc.ashen_hollow.kera_voss=0.00:idle;npc.ashen_hollow.renn_vale=0.00:idle;npc.ashen_hollow.sel_arien=0.00:idle;npc.ashen_hollow.tavar_orr=2.09:walk
24.767,0.0167,0.33,3.18,run,Idle,npc.ashen_hollow.kera_voss=0.00:idle;npc.ashen_hollow.renn_vale=0.00:idle;npc.ashen_hollow.sel_arien=0.00:idle;npc.ashen_hollow.tavar_orr=2.09:walk
24.783,0.0167,0.67,3.15,run,Idle,npc.ashen_hollow.kera_voss=0.00:idle;npc.ashen_hollow.renn_vale=0.00:idle;npc.ashen_hollow.sel_arien=0.00:idle;npc.ashen_hollow.tavar_orr=2.09:walk
24.800,0.0167,0.00,3.15,run,Idle,npc.ashen_hollow.kera_voss=0.00:idle;npc.ashen_hollow.renn_vale=0.00:idle;npc.ashen_hollow.sel_arien=0.00:idle;npc.ashen_hollow.tavar_orr=2.26:walk
24.817,0.0167,0.33,3.18,run,Idle,npc.ashen_hollow.kera_voss=0.00:idle;npc.ashen_hollow.renn_vale=0.00:idle;npc.ashen_hollow.sel_arien=0.00:idle;npc.ashen_hollow.tavar_orr=2.26:walk
24.833,0.0167,0.67,3.15,run,Idle,npc.ashen_hollow.kera_voss=0.00:idle;npc.ashen_hollow.renn_vale=0.00:idle;npc.ashen_hollow.sel_arien=0.00:idle;npc.ashen_hollow.tavar_orr=2.26:walk
24.850,0.0167,0.00,3.15,run,Idle,npc.ashen_hollow.kera_voss=0.00:idle;npc.ashen_hollow.renn_vale=0.00:idle;npc.ashen_hollow.sel_arien=0.00:idle;npc.ashen_hollow.tavar_orr=2.41:run
24.867,0.0167,0.33,3.18,run,Idle,npc.ashen_hollow.kera_voss=0.00:idle;npc.ashen_hollow.renn_vale=0.00:idle;npc.ashen_hollow.sel_arien=0.00:idle;npc.ashen_hollow.tavar_orr=2.41:run
24.883,0.0167,0.67,3.15,run,Idle,npc.ashen_hollow.kera_voss=0.00:idle;npc.ashen_hollow.renn_vale=0.00:idle;npc.ashen_hollow.sel_arien=0.00:idle;npc.ashen_hollow.tavar_orr=2.41:run
24.900,0.0167,0.00,3.15,run,Idle,npc.ashen_hollow.kera_voss=0.00:idle;npc.ashen_hollow.renn_vale=0.00:idle;npc.ashen_hollow.sel_arien=0.00:idle;npc.ashen_hollow.tavar_orr=2.53:run
24.917,0.0167,0.33,3.18,run,Idle,npc.ashen_hollow.kera_voss=0.00:idle;npc.ashen_hollow.renn_vale=0.00:idle;npc.ashen_hollow.sel_arien=0.00:idle;npc.ashen_hollow.tavar_orr=2.53:run
24.933,0.0167,0.67,3.15,run,Idle,npc.ashen_hollow.kera_voss=0.00:idle;npc.ashen_hollow.renn_vale=0.00:idle;npc.ashen_hollow.sel_arien=0.00:idle;npc.ashen_hollow.tavar_orr=2.53:run
24.950,0.0167,0.00,3.15,run,Idle,npc.ashen_hollow.kera_voss=0.00:idle;npc.ashen_hollow.renn_vale=0.00:idle;npc.ashen_hollow.sel_arien=0.00:idle;npc.ashen_hollow.tavar_orr=2.63:run
24.967,0.0167,0.33,3.18,run,Idle,npc.ashen_hollow.kera_voss=0.00:idle;npc.ashen_hollow.renn_vale=0.00:idle;npc.ashen_hollow.sel_arien=0.00:idle;npc.ashen_hollow.tavar_orr=2.63:run
24.983,0.0167,0.67,3.15,run,Idle,npc.ashen_hollow.kera_voss=0.00:idle;npc.ashen_hollow.renn_vale=0.00:idle;npc.ashen_hollow.sel_arien=0.00:idle;npc.ashen_hollow.tavar_orr=2.63:run
25.000,0.0167,0.00,3.15,run,Idle,npc.ashen_hollow.kera_voss=0.00:idle;npc.ashen_hollow.renn_vale=0.00:idle;npc.ashen_hollow.sel_arien=0.00:idle;npc.ashen_hollow.tavar_orr=2.72:run
25.017,0.0167,0.33,3.18,run,Idle,npc.ashen_hollow.kera_voss=0.00:idle;npc.ashen_hollow.renn_vale=0.00:idle;npc.ashen_hollow.sel_arien=0.00:idle;npc.ashen_hollow.tavar_orr=2.72:run
25.033,0.0167,0.67,3.15,run,Idle,npc.ashen_hollow.kera_voss=0.00:idle;npc.ashen_hollow.renn_vale=0.00:idle;npc.ashen_hollow.sel_arien=0.00:idle;npc.ashen_hollow.tavar_orr=2.72:run
25.050,0.0167,0.00,3.15,run,Idle,npc.ashen_hollow.kera_voss=0.00:idle;npc.ashen_hollow.renn_vale=0.00:idle;npc.ashen_hollow.sel_arien=0.00:idle;npc.ashen_hollow.tavar_orr=2.79:run
25.067,0.0167,0.33,3.18,run,Idle,npc.ashen_hollow.kera_voss=0.00:idle;npc.ashen_hollow.renn_vale=0.00:idle;npc.ashen_hollow.sel_arien=0.00:idle;npc.ashen_hollow.tavar_orr=2.79:run
25.083,0.0167,0.67,3.15,run,Idle,npc.ashen_hollow.kera_voss=0.00:idle;npc.ashen_hollow.renn_vale=0.00:idle;npc.ashen_hollow.sel_arien=0.00:idle;npc.ashen_hollow.tavar_orr=2.79:run
25.100,0.0167,0.00,3.15,run,Idle,npc.ashen_hollow.kera_voss=0.00:idle;npc.ashen_hollow.renn_vale=0.00:idle;npc.ashen_hollow.sel_arien=0.00:idle;npc.ashen_hollow.tavar_orr=2.85:run
25.117,0.0167,0.33,3.18,run,Idle,npc.ashen_hollow.kera_voss=0.00:idle;npc.ashen_hollow.renn_vale=0.00:idle;npc.ashen_hollow.sel_arien=0.00:idle;npc.ashen_hollow.tavar_orr=2.85:run
25.133,0.0167,0.67,3.15,run,Idle,npc.ashen_hollow.kera_voss=0.00:idle;npc.ashen_hollow.renn_vale=0.00:idle;npc.ashen_hollow.sel_arien=0.00:idle;npc.ashen_hollow.tavar_orr=2.85:run
25.150,0.0167,0.00,3.15,run,Idle,npc.ashen_hollow.kera_voss=0.00:idle;npc.ashen_hollow.renn_vale=0.00:idle;npc.ashen_hollow.sel_arien=0.00:idle;npc.ashen_hollow.tavar_orr=2.91:run
25.167,0.0167,0.33,3.18,run,Idle,npc.ashen_hollow.kera_voss=0.00:idle;npc.ashen_hollow.renn_vale=0.00:idle;npc.ashen_hollow.sel_arien=0.00:idle;npc.ashen_hollow.tavar_orr=2.91:run
25.183,0.0167,0.67,3.15,run,Idle,npc.ashen_hollow.kera_voss=0.00:idle;npc.ashen_hollow.renn_vale=0.00:idle;npc.ashen_hollow.sel_arien=0.00:idle;npc.ashen_hollow.tavar_orr=2.91:run
25.200,0.0167,0.00,3.15,run,Idle,npc.ashen_hollow.kera_voss=0.00:idle;npc.ashen_hollow.renn_vale=0.00:idle;npc.ashen_hollow.sel_arien=0.00:idle;npc.ashen_hollow.tavar_orr=2.95:run
25.217,0.0167,0.33,3.18,run,Idle,npc.ashen_hollow.kera_voss=0.00:idle;npc.ashen_hollow.renn_vale=0.00:idle;npc.ashen_hollow.sel_arien=0.00:idle;npc.ashen_hollow.tavar_orr=2.95:run
25.233,0.0167,0.67,3.15,run,Idle,npc.ashen_hollow.kera_voss=0.00:idle;npc.ashen_hollow.renn_vale=0.00:idle;npc.ashen_hollow.sel_arien=0.00:idle;npc.ashen_hollow.tavar_orr=2.95:run
25.250,0.0167,0.00,3.15,run,Idle,npc.ashen_hollow.kera_voss=0.00:idle;npc.ashen_hollow.renn_vale=0.00:idle;npc.ashen_hollow.sel_arien=0.00:idle;npc.ashen_hollow.tavar_orr=2.99:run
25.267,0.0167,0.33,3.18,run,Idle,npc.ashen_hollow.kera_voss=0.00:idle;npc.ashen_hollow.renn_vale=0.00:idle;npc.ashen_hollow.sel_arien=0.00:idle;npc.ashen_hollow.tavar_orr=2.99:run
25.283,0.0167,0.67,3.15,run,Idle,npc.ashen_hollow.kera_voss=0.00:idle;npc.ashen_hollow.renn_vale=0.00:idle;npc.ashen_hollow.sel_arien=0.00:idle;npc.ashen_hollow.tavar_orr=2.99:run
25.300,0.0167,0.00,3.15,run,Idle,npc.ashen_hollow.kera_voss=0.00:idle;npc.ashen_hollow.renn_vale=0.00:idle;npc.ashen_hollow.sel_arien=0.00:idle;npc.ashen_hollow.tavar_orr=3.02:run
25.317,0.0167,0.33,3.18,run,Idle,npc.ashen_hollow.kera_voss=0.00:idle;npc.ashen_hollow.renn_vale=0.00:idle;npc.ashen_hollow.sel_arien=0.00:idle;npc.ashen_hollow.tavar_orr=3.02:run
25.333,0.0167,0.67,3.15,run,Idle,npc.ashen_hollow.kera_voss=0.00:idle;npc.ashen_hollow.renn_vale=0.00:idle;npc.ashen_hollow.sel_arien=0.00:idle;npc.ashen_hollow.tavar_orr=3.02:run
25.350,0.0167,0.00,3.15,run,Idle,npc.ashen_hollow.kera_voss=0.00:idle;npc.ashen_hollow.renn_vale=0.00:idle;npc.ashen_hollow.sel_arien=0.00:idle;npc.ashen_hollow.tavar_orr=3.05:run
25.367,0.0167,0.33,3.18,run,Idle,npc.ashen_hollow.kera_voss=0.00:idle;npc.ashen_hollow.renn_vale=0.00:idle;npc.ashen_hollow.sel_arien=0.00:idle;npc.ashen_hollow.tavar_orr=3.05:run
25.383,0.0167,0.67,3.15,run,Idle,npc.ashen_hollow.kera_voss=0.00:idle;npc.ashen_hollow.renn_vale=0.00:idle;npc.ashen_hollow.sel_arien=0.00:idle;npc.ashen_hollow.tavar_orr=3.05:run
25.400,0.0167,0.00,3.15,run,Idle,npc.ashen_hollow.kera_voss=0.00:idle;npc.ashen_hollow.renn_vale=0.00:idle;npc.ashen_hollow.sel_arien=0.00:idle;npc.ashen_hollow.tavar_orr=3.07:run
25.417,0.0167,0.33,3.18,run,Idle,npc.ashen_hollow.kera_voss=0.00:idle;npc.ashen_hollow.renn_vale=0.00:idle;npc.ashen_hollow.sel_arien=0.00:idle;npc.ashen_hollow.tavar_orr=3.07:run
25.433,0.0167,0.67,3.15,run,Idle,npc.ashen_hollow.kera_voss=0.00:idle;npc.ashen_hollow.renn_vale=0.00:idle;npc.ashen_hollow.sel_arien=0.00:idle;npc.ashen_hollow.tavar_orr=3.07:run
25.450,0.0167,0.00,3.15,run,Idle,npc.ashen_hollow.kera_voss=0.00:idle;npc.ashen_hollow.renn_vale=0.00:idle;npc.ashen_hollow.sel_arien=0.00:idle;npc.ashen_hollow.tavar_orr=3.09:run
25.467,0.0167,0.33,3.18,run,Idle,npc.ashen_hollow.kera_voss=0.00:idle;npc.ashen_hollow.renn_vale=0.00:idle;npc.ashen_hollow.sel_arien=0.00:idle;npc.ashen_hollow.tavar_orr=3.09:run
25.483,0.0167,0.67,3.15,run,Idle,npc.ashen_hollow.kera_voss=0.00:idle;npc.ashen_hollow.renn_vale=0.00:idle;npc.ashen_hollow.sel_arien=0.00:idle;npc.ashen_hollow.tavar_orr=3.09:run
25.500,0.0167,0.00,3.15,run,Idle,npc.ashen_hollow.kera_voss=0.00:idle;npc.ashen_hollow.renn_vale=0.00:idle;npc.ashen_hollow.sel_arien=0.00:idle;npc.ashen_hollow.tavar_orr=3.11:run
25.517,0.0167,0.33,3.18,run,Idle,npc.ashen_hollow.kera_voss=0.00:idle;npc.ashen_hollow.renn_vale=0.00:idle;npc.ashen_hollow.sel_arien=0.00:idle;npc.ashen_hollow.tavar_orr=3.11:run
25.533,0.0167,0.67,3.15,run,Idle,npc.ashen_hollow.kera_voss=0.00:idle;npc.ashen_hollow.renn_vale=0.00:idle;npc.ashen_hollow.sel_arien=0.00:idle;npc.ashen_hollow.tavar_orr=3.11:run
25.550,0.0167,0.00,3.15,run,Idle,npc.ashen_hollow.kera_voss=0.00:idle;npc.ashen_hollow.renn_vale=0.00:idle;npc.ashen_hollow.sel_arien=0.00:idle;npc.ashen_hollow.tavar_orr=3.12:run
25.567,0.0167,0.33,3.18,run,Idle,npc.ashen_hollow.kera_voss=0.00:idle;npc.ashen_hollow.renn_vale=0.00:idle;npc.ashen_hollow.sel_arien=0.00:idle;npc.ashen_hollow.tavar_orr=3.12:run
25.583,0.0167,0.67,3.15,run,Idle,npc.ashen_hollow.kera_voss=0.00:idle;npc.ashen_hollow.renn_vale=0.00:idle;npc.ashen_hollow.sel_arien=0.00:idle;npc.ashen_hollow.tavar_orr=3.12:run
25.600,0.0167,0.00,3.15,run,Idle,npc.ashen_hollow.kera_voss=0.00:idle;npc.ashen_hollow.renn_vale=0.00:idle;npc.ashen_hollow.sel_arien=0.00:idle;npc.ashen_hollow.tavar_orr=3.14:run
25.617,0.0167,0.33,3.18,run,Idle,npc.ashen_hollow.kera_voss=0.00:idle;npc.ashen_hollow.renn_vale=0.00:idle;npc.ashen_hollow.sel_arien=0.00:idle;npc.ashen_hollow.tavar_orr=3.14:run
25.633,0.0167,0.67,3.15,run,Idle,npc.ashen_hollow.kera_voss=0.00:idle;npc.ashen_hollow.renn_vale=0.00:idle;npc.ashen_hollow.sel_arien=0.00:idle;npc.ashen_hollow.tavar_orr=3.14:run
25.650,0.0167,0.00,3.15,run,Idle,npc.ashen_hollow.kera_voss=0.00:idle;npc.ashen_hollow.renn_vale=0.00:idle;npc.ashen_hollow.sel_arien=0.00:idle;npc.ashen_hollow.tavar_orr=3.15:run
25.667,0.0167,0.33,3.18,run,Idle,npc.ashen_hollow.kera_voss=0.00:idle;npc.ashen_hollow.renn_vale=0.00:idle;npc.ashen_hollow.sel_arien=0.00:idle;npc.ashen_hollow.tavar_orr=3.15:run
25.683,0.0167,0.67,3.15,run,Idle,npc.ashen_hollow.kera_voss=0.00:idle;npc.ashen_hollow.renn_vale=0.00:idle;npc.ashen_hollow.sel_arien=0.00:idle;npc.ashen_hollow.tavar_orr=3.15:run
25.700,0.0167,0.00,3.15,run,Idle,npc.ashen_hollow.kera_voss=0.00:idle;npc.ashen_hollow.renn_vale=0.00:idle;npc.ashen_hollow.sel_arien=0.00:idle;npc.ashen_hollow.tavar_orr=3.15:run
25.717,0.0167,0.33,3.18,run,Idle,npc.ashen_hollow.kera_voss=0.00:idle;npc.ashen_hollow.renn_vale=0.00:idle;npc.ashen_hollow.sel_arien=0.00:idle;npc.ashen_hollow.tavar_orr=3.15:run
25.733,0.0167,0.67,3.15,run,Idle,npc.ashen_hollow.kera_voss=0.00:idle;npc.ashen_hollow.renn_vale=0.00:idle;npc.ashen_hollow.sel_arien=0.00:idle;npc.ashen_hollow.tavar_orr=3.15:run
25.750,0.0167,0.00,3.15,run,Idle,npc.ashen_hollow.kera_voss=0.00:idle;npc.ashen_hollow.renn_vale=0.00:idle;npc.ashen_hollow.sel_arien=0.00:idle;npc.ashen_hollow.tavar_orr=3.16:run
25.767,0.0167,0.33,3.18,run,Idle,npc.ashen_hollow.kera_voss=0.00:idle;npc.ashen_hollow.renn_vale=0.00:idle;npc.ashen_hollow.sel_arien=0.00:idle;npc.ashen_hollow.tavar_orr=3.16:run
25.783,0.0167,0.67,3.15,run,Idle,npc.ashen_hollow.kera_voss=0.00:idle;npc.ashen_hollow.renn_vale=0.00:idle;npc.ashen_hollow.sel_arien=0.00:idle;npc.ashen_hollow.tavar_orr=3.16:run
25.800,0.0167,0.00,3.15,run,Idle,npc.ashen_hollow.kera_voss=0.00:idle;npc.ashen_hollow.renn_vale=0.00:idle;npc.ashen_hollow.sel_arien=0.00:idle;npc.ashen_hollow.tavar_orr=3.17:run
25.817,0.0167,0.33,3.18,run,Idle,npc.ashen_hollow.kera_voss=0.00:idle;npc.ashen_hollow.renn_vale=0.00:idle;npc.ashen_hollow.sel_arien=0.00:idle;npc.ashen_hollow.tavar_orr=3.17:run
25.833,0.0167,0.67,3.15,run,Idle,npc.ashen_hollow.kera_voss=0.00:idle;npc.ashen_hollow.renn_vale=0.00:idle;npc.ashen_hollow.sel_arien=0.00:idle;npc.ashen_hollow.tavar_orr=3.17:run
25.850,0.0167,0.00,3.15,run,Idle,npc.ashen_hollow.kera_voss=0.00:idle;npc.ashen_hollow.renn_vale=0.00:idle;npc.ashen_hollow.sel_arien=0.00:idle;npc.ashen_hollow.tavar_orr=3.17:run
25.867,0.0167,0.33,3.18,run,Idle,npc.ashen_hollow.kera_voss=0.00:idle;npc.ashen_hollow.renn_vale=0.00:idle;npc.ashen_hollow.sel_arien=0.00:idle;npc.ashen_hollow.tavar_orr=3.17:run
25.883,0.0167,0.67,3.15,run,Idle,npc.ashen_hollow.kera_voss=0.00:idle;npc.ashen_hollow.renn_vale=0.00:idle;npc.ashen_hollow.sel_arien=0.00:idle;npc.ashen_hollow.tavar_orr=3.17:run
25.900,0.0167,0.00,3.15,run,Idle,npc.ashen_hollow.kera_voss=0.00:idle;npc.ashen_hollow.renn_vale=0.00:idle;npc.ashen_hollow.sel_arien=0.00:idle;npc.ashen_hollow.tavar_orr=3.17:run
25.917,0.0167,0.33,3.18,run,Idle,npc.ashen_hollow.kera_voss=0.00:idle;npc.ashen_hollow.renn_vale=0.00:idle;npc.ashen_hollow.sel_arien=0.00:idle;npc.ashen_hollow.tavar_orr=3.17:run
25.933,0.0167,0.67,3.15,run,Idle,npc.ashen_hollow.kera_voss=0.00:idle;npc.ashen_hollow.renn_vale=0.00:idle;npc.ashen_hollow.sel_arien=0.00:idle;npc.ashen_hollow.tavar_orr=3.17:run
25.950,0.0167,0.00,3.15,run,Idle,npc.ashen_hollow.kera_voss=0.00:idle;npc.ashen_hollow.renn_vale=0.00:idle;npc.ashen_hollow.sel_arien=0.00:idle;npc.ashen_hollow.tavar_orr=3.18:run
25.967,0.0167,0.33,3.18,run,Idle,npc.ashen_hollow.kera_voss=0.00:idle;npc.ashen_hollow.renn_vale=0.00:idle;npc.ashen_hollow.sel_arien=0.00:idle;npc.ashen_hollow.tavar_orr=3.18:run
25.983,0.0167,0.67,3.15,run,Idle,npc.ashen_hollow.kera_voss=0.00:idle;npc.ashen_hollow.renn_vale=0.00:idle;npc.ashen_hollow.sel_arien=0.00:idle;npc.ashen_hollow.tavar_orr=3.18:run
26.000,0.0167,0.00,3.15,run,Idle,npc.ashen_hollow.kera_voss=0.00:idle;npc.ashen_hollow.renn_vale=0.00:idle;npc.ashen_hollow.sel_arien=0.00:idle;npc.ashen_hollow.tavar_orr=3.18:run
26.017,0.0167,0.33,3.18,run,Idle,npc.ashen_hollow.kera_voss=0.00:idle;npc.ashen_hollow.renn_vale=0.00:idle;npc.ashen_hollow.sel_arien=0.00:idle;npc.ashen_hollow.tavar_orr=3.18:run
26.033,0.0167,0.67,3.15,run,Idle,npc.ashen_hollow.kera_voss=0.00:idle;npc.ashen_hollow.renn_vale=0.00:idle;npc.ashen_hollow.sel_arien=0.00:idle;npc.ashen_hollow.tavar_orr=3.18:run
26.050,0.0167,0.00,3.15,run,Idle,npc.ashen_hollow.kera_voss=0.00:idle;npc.ashen_hollow.renn_vale=0.00:idle;npc.ashen_hollow.sel_arien=0.00:idle;npc.ashen_hollow.tavar_orr=3.18:run
26.067,0.0167,0.33,3.18,run,Idle,npc.ashen_hollow.kera_voss=0.00:idle;npc.ashen_hollow.renn_vale=0.00:idle;npc.ashen_hollow.sel_arien=0.00:idle;npc.ashen_hollow.tavar_orr=3.18:run
26.083,0.0167,0.67,3.15,run,Idle,npc.ashen_hollow.kera_voss=0.00:idle;npc.ashen_hollow.renn_vale=0.00:idle;npc.ashen_hollow.sel_arien=0.00:idle;npc.ashen_hollow.tavar_orr=3.18:run
26.100,0.0167,0.00,3.15,run,Idle,npc.ashen_hollow.kera_voss=0.00:idle;npc.ashen_hollow.renn_vale=0.00:idle;npc.ashen_hollow.sel_arien=0.00:idle;npc.ashen_hollow.tavar_orr=3.19:run
26.117,0.0167,0.33,3.18,run,Idle,npc.ashen_hollow.kera_voss=0.00:idle;npc.ashen_hollow.renn_vale=0.00:idle;npc.ashen_hollow.sel_arien=0.00:idle;npc.ashen_hollow.tavar_orr=3.19:run
26.133,0.0167,0.67,3.15,run,Idle,npc.ashen_hollow.kera_voss=0.00:idle;npc.ashen_hollow.renn_vale=0.00:idle;npc.ashen_hollow.sel_arien=0.00:idle;npc.ashen_hollow.tavar_orr=3.19:run
26.150,0.0167,0.00,3.15,run,Idle,npc.ashen_hollow.kera_voss=0.00:idle;npc.ashen_hollow.renn_vale=0.00:idle;npc.ashen_hollow.sel_arien=0.00:idle;npc.ashen_hollow.tavar_orr=3.19:run
26.167,0.0167,0.33,3.18,run,Idle,npc.ashen_hollow.kera_voss=0.00:idle;npc.ashen_hollow.renn_vale=0.00:idle;npc.ashen_hollow.sel_arien=0.00:idle;npc.ashen_hollow.tavar_orr=3.19:run
26.183,0.0167,0.67,3.15,run,Idle,npc.ashen_hollow.kera_voss=0.00:idle;npc.ashen_hollow.renn_vale=0.00:idle;npc.ashen_hollow.sel_arien=0.00:idle;npc.ashen_hollow.tavar_orr=3.19:run
26.200,0.0167,0.00,3.15,run,Idle,npc.ashen_hollow.kera_voss=0.00:idle;npc.ashen_hollow.renn_vale=0.00:idle;npc.ashen_hollow.sel_arien=0.00:idle;npc.ashen_hollow.tavar_orr=3.19:run
26.217,0.0167,0.33,3.18,run,Idle,npc.ashen_hollow.kera_voss=0.00:idle;npc.ashen_hollow.renn_vale=0.00:idle;npc.ashen_hollow.sel_arien=0.00:idle;npc.ashen_hollow.tavar_orr=3.19:run
26.233,0.0167,0.67,3.15,run,Idle,npc.ashen_hollow.kera_voss=0.00:idle;npc.ashen_hollow.renn_vale=0.00:idle;npc.ashen_hollow.sel_arien=0.00:idle;npc.ashen_hollow.tavar_orr=3.19:run
26.250,0.0167,0.00,3.15,run,Idle,npc.ashen_hollow.kera_voss=0.00:idle;npc.ashen_hollow.renn_vale=0.00:idle;npc.ashen_hollow.sel_arien=0.00:idle;npc.ashen_hollow.tavar_orr=3.19:run
26.267,0.0167,0.33,3.18,run,Idle,npc.ashen_hollow.kera_voss=0.00:idle;npc.ashen_hollow.renn_vale=0.00:idle;npc.ashen_hollow.sel_arien=0.00:idle;npc.ashen_hollow.tavar_orr=3.19:run
26.283,0.0167,0.67,3.15,run,Idle,npc.ashen_hollow.kera_voss=0.00:idle;npc.ashen_hollow.renn_vale=0.00:idle;npc.ashen_hollow.sel_arien=0.00:idle;npc.ashen_hollow.tavar_orr=3.19:run
26.300,0.0167,0.00,3.15,run,Idle,npc.ashen_hollow.kera_voss=0.00:idle;npc.ashen_hollow.renn_vale=0.00:idle;npc.ashen_hollow.sel_arien=0.00:idle;npc.ashen_hollow.tavar_orr=3.19:run
26.317,0.0167,0.33,3.18,run,Idle,npc.ashen_hollow.kera_voss=0.00:idle;npc.ashen_hollow.renn_vale=0.00:idle;npc.ashen_hollow.sel_arien=0.00:idle;npc.ashen_hollow.tavar_orr=3.19:run
26.333,0.0167,0.67,3.15,run,Idle,npc.ashen_hollow.kera_voss=0.00:idle;npc.ashen_hollow.renn_vale=0.00:idle;npc.ashen_hollow.sel_arien=0.00:idle;npc.ashen_hollow.tavar_orr=3.19:run
26.350,0.0167,0.00,3.15,run,Idle,npc.ashen_hollow.kera_voss=0.00:idle;npc.ashen_hollow.renn_vale=0.00:idle;npc.ashen_hollow.sel_arien=0.00:idle;npc.ashen_hollow.tavar_orr=3.19:run
26.367,0.0167,0.33,3.18,run,Idle,npc.ashen_hollow.kera_voss=0.00:idle;npc.ashen_hollow.renn_vale=0.00:idle;npc.ashen_hollow.sel_arien=0.00:idle;npc.ashen_hollow.tavar_orr=3.19:run
26.383,0.0167,0.67,3.15,run,Idle,npc.ashen_hollow.kera_voss=0.00:idle;npc.ashen_hollow.renn_vale=0.00:idle;npc.ashen_hollow.sel_arien=0.00:idle;npc.ashen_hollow.tavar_orr=3.19:run
26.400,0.0167,0.00,3.15,run,Idle,npc.ashen_hollow.kera_voss=0.00:idle;npc.ashen_hollow.renn_vale=0.00:idle;npc.ashen_hollow.sel_arien=0.00:idle;npc.ashen_hollow.tavar_orr=3.19:run
26.417,0.0167,0.33,3.18,run,Idle,npc.ashen_hollow.kera_voss=0.00:idle;npc.ashen_hollow.renn_vale=0.00:idle;npc.ashen_hollow.sel_arien=0.00:idle;npc.ashen_hollow.tavar_orr=3.19:run
26.433,0.0167,0.67,3.15,run,Idle,npc.ashen_hollow.kera_voss=0.00:idle;npc.ashen_hollow.renn_vale=0.00:idle;npc.ashen_hollow.sel_arien=0.00:idle;npc.ashen_hollow.tavar_orr=3.19:run
26.450,0.0167,0.00,3.15,run,Idle,npc.ashen_hollow.kera_voss=0.00:idle;npc.ashen_hollow.renn_vale=0.00:idle;npc.ashen_hollow.sel_arien=0.00:idle;npc.ashen_hollow.tavar_orr=3.20:run
26.467,0.0167,0.33,3.18,run,Idle,npc.ashen_hollow.kera_voss=0.00:idle;npc.ashen_hollow.renn_vale=0.00:idle;npc.ashen_hollow.sel_arien=0.00:idle;npc.ashen_hollow.tavar_orr=3.20:run
26.483,0.0167,0.67,3.15,run,Idle,npc.ashen_hollow.kera_voss=0.00:idle;npc.ashen_hollow.renn_vale=0.00:idle;npc.ashen_hollow.sel_arien=0.00:idle;npc.ashen_hollow.tavar_orr=3.20:run
26.500,0.0167,0.00,3.15,run,Idle,npc.ashen_hollow.kera_voss=0.00:idle;npc.ashen_hollow.renn_vale=0.00:idle;npc.ashen_hollow.sel_arien=0.00:idle;npc.ashen_hollow.tavar_orr=3.20:run
26.517,0.0167,0.33,3.18,run,Idle,npc.ashen_hollow.kera_voss=0.00:idle;npc.ashen_hollow.renn_vale=0.00:idle;npc.ashen_hollow.sel_arien=0.00:idle;npc.ashen_hollow.tavar_orr=3.20:run
26.533,0.0167,0.67,3.15,run,Idle,npc.ashen_hollow.kera_voss=0.00:idle;npc.ashen_hollow.renn_vale=0.00:idle;npc.ashen_hollow.sel_arien=0.00:idle;npc.ashen_hollow.tavar_orr=3.20:run
26.550,0.0167,0.00,3.15,run,Idle,npc.ashen_hollow.kera_voss=0.00:idle;npc.ashen_hollow.renn_vale=0.00:idle;npc.ashen_hollow.sel_arien=0.00:idle;npc.ashen_hollow.tavar_orr=3.19:run
26.567,0.0167,0.33,3.18,run,Idle,npc.ashen_hollow.kera_voss=0.00:idle;npc.ashen_hollow.renn_vale=0.00:idle;npc.ashen_hollow.sel_arien=0.00:idle;npc.ashen_hollow.tavar_orr=3.19:run
26.583,0.0167,0.67,3.15,run,Idle,npc.ashen_hollow.kera_voss=0.00:idle;npc.ashen_hollow.renn_vale=0.00:idle;npc.ashen_hollow.sel_arien=0.00:idle;npc.ashen_hollow.tavar_orr=3.19:run
26.600,0.0167,0.00,3.15,run,Idle,npc.ashen_hollow.kera_voss=0.00:idle;npc.ashen_hollow.renn_vale=0.00:idle;npc.ashen_hollow.sel_arien=0.00:idle;npc.ashen_hollow.tavar_orr=3.20:run
26.617,0.0167,0.33,3.18,run,Idle,npc.ashen_hollow.kera_voss=0.00:idle;npc.ashen_hollow.renn_vale=0.00:idle;npc.ashen_hollow.sel_arien=0.00:idle;npc.ashen_hollow.tavar_orr=3.20:run
26.633,0.0167,0.67,3.15,run,Idle,npc.ashen_hollow.kera_voss=0.00:idle;npc.ashen_hollow.renn_vale=0.00:idle;npc.ashen_hollow.sel_arien=0.00:idle;npc.ashen_hollow.tavar_orr=3.20:run
26.650,0.0167,0.00,3.15,run,Idle,npc.ashen_hollow.kera_voss=0.00:idle;npc.ashen_hollow.renn_vale=0.00:idle;npc.ashen_hollow.sel_arien=0.00:idle;npc.ashen_hollow.tavar_orr=3.20:run
26.667,0.0167,0.33,3.18,run,Idle,npc.ashen_hollow.kera_voss=0.00:idle;npc.ashen_hollow.renn_vale=0.00:idle;npc.ashen_hollow.sel_arien=0.00:idle;npc.ashen_hollow.tavar_orr=3.20:run
26.683,0.0167,0.67,3.15,run,Idle,npc.ashen_hollow.kera_voss=0.00:idle;npc.ashen_hollow.renn_vale=0.00:idle;npc.ashen_hollow.sel_arien=0.00:idle;npc.ashen_hollow.tavar_orr=3.20:run
26.700,0.0167,0.00,3.15,run,Idle,npc.ashen_hollow.kera_voss=0.00:idle;npc.ashen_hollow.renn_vale=0.00:idle;npc.ashen_hollow.sel_arien=0.00:idle;npc.ashen_hollow.tavar_orr=3.20:run
26.717,0.0167,0.33,3.18,run,Idle,npc.ashen_hollow.kera_voss=0.00:idle;npc.ashen_hollow.renn_vale=0.00:idle;npc.ashen_hollow.sel_arien=0.00:idle;npc.ashen_hollow.tavar_orr=3.20:run
26.733,0.0167,0.67,3.15,run,Idle,npc.ashen_hollow.kera_voss=0.00:idle;npc.ashen_hollow.renn_vale=0.00:idle;npc.ashen_hollow.sel_arien=0.00:idle;npc.ashen_hollow.tavar_orr=3.20:run
26.750,0.0167,0.00,3.15,run,Idle,npc.ashen_hollow.kera_voss=0.00:idle;npc.ashen_hollow.renn_vale=0.00:idle;npc.ashen_hollow.sel_arien=0.00:idle;npc.ashen_hollow.tavar_orr=3.20:run
26.767,0.0167,0.33,3.18,run,Idle,npc.ashen_hollow.kera_voss=0.00:idle;npc.ashen_hollow.renn_vale=0.00:idle;npc.ashen_hollow.sel_arien=0.00:idle;npc.ashen_hollow.tavar_orr=3.20:run
26.783,0.0167,0.67,3.15,run,Idle,npc.ashen_hollow.kera_voss=0.00:idle;npc.ashen_hollow.renn_vale=0.00:idle;npc.ashen_hollow.sel_arien=0.00:idle;npc.ashen_hollow.tavar_orr=3.20:run
26.800,0.0167,0.00,3.15,run,Idle,npc.ashen_hollow.kera_voss=0.00:idle;npc.ashen_hollow.renn_vale=0.00:idle;npc.ashen_hollow.sel_arien=0.00:idle;npc.ashen_hollow.tavar_orr=3.20:run
26.817,0.0167,0.33,3.18,run,Idle,npc.ashen_hollow.kera_voss=0.00:idle;npc.ashen_hollow.renn_vale=0.00:idle;npc.ashen_hollow.sel_arien=0.00:idle;npc.ashen_hollow.tavar_orr=3.20:run
26.833,0.0167,0.67,3.15,run,Idle,npc.ashen_hollow.kera_voss=0.00:idle;npc.ashen_hollow.renn_vale=0.00:idle;npc.ashen_hollow.sel_arien=0.00:idle;npc.ashen_hollow.tavar_orr=3.20:run
26.850,0.0167,0.00,3.15,run,Idle,npc.ashen_hollow.kera_voss=0.00:idle;npc.ashen_hollow.renn_vale=0.00:idle;npc.ashen_hollow.sel_arien=0.00:idle;npc.ashen_hollow.tavar_orr=3.20:run
26.867,0.0167,0.33,3.18,run,Idle,npc.ashen_hollow.kera_voss=0.00:idle;npc.ashen_hollow.renn_vale=0.00:idle;npc.ashen_hollow.sel_arien=0.00:idle;npc.ashen_hollow.tavar_orr=3.20:run
26.883,0.0167,0.67,3.15,run,Idle,npc.ashen_hollow.kera_voss=0.00:idle;npc.ashen_hollow.renn_vale=0.00:idle;npc.ashen_hollow.sel_arien=0.00:idle;npc.ashen_hollow.tavar_orr=3.20:run
26.900,0.0167,0.00,3.15,run,Idle,npc.ashen_hollow.kera_voss=0.00:idle;npc.ashen_hollow.renn_vale=0.00:idle;npc.ashen_hollow.sel_arien=0.00:idle;npc.ashen_hollow.tavar_orr=3.20:run
26.917,0.0167,0.33,3.18,run,Idle,npc.ashen_hollow.kera_voss=0.00:idle;npc.ashen_hollow.renn_vale=0.00:idle;npc.ashen_hollow.sel_arien=0.00:idle;npc.ashen_hollow.tavar_orr=3.20:run
26.933,0.0167,0.67,3.15,run,Idle,npc.ashen_hollow.kera_voss=0.00:idle;npc.ashen_hollow.renn_vale=0.00:idle;npc.ashen_hollow.sel_arien=0.00:idle;npc.ashen_hollow.tavar_orr=3.20:run
26.950,0.0167,0.00,3.15,run,Idle,npc.ashen_hollow.kera_voss=0.00:idle;npc.ashen_hollow.renn_vale=0.00:idle;npc.ashen_hollow.sel_arien=0.00:idle;npc.ashen_hollow.tavar_orr=3.20:run
26.967,0.0167,0.33,3.18,run,Idle,npc.ashen_hollow.kera_voss=0.00:idle;npc.ashen_hollow.renn_vale=0.00:idle;npc.ashen_hollow.sel_arien=0.00:idle;npc.ashen_hollow.tavar_orr=3.20:run
26.983,0.0167,0.67,3.15,run,Idle,npc.ashen_hollow.kera_voss=0.00:idle;npc.ashen_hollow.renn_vale=0.00:idle;npc.ashen_hollow.sel_arien=0.00:idle;npc.ashen_hollow.tavar_orr=3.20:run
27.000,0.0167,0.00,3.15,run,Idle,npc.ashen_hollow.kera_voss=0.00:idle;npc.ashen_hollow.renn_vale=0.00:idle;npc.ashen_hollow.sel_arien=0.00:idle;npc.ashen_hollow.tavar_orr=3.20:run
27.017,0.0167,0.33,3.18,run,Idle,npc.ashen_hollow.kera_voss=0.00:idle;npc.ashen_hollow.renn_vale=0.00:idle;npc.ashen_hollow.sel_arien=0.00:idle;npc.ashen_hollow.tavar_orr=3.20:run
27.033,0.0167,0.67,3.15,run,Idle,npc.ashen_hollow.kera_voss=0.00:idle;npc.ashen_hollow.renn_vale=0.00:idle;npc.ashen_hollow.sel_arien=0.00:idle;npc.ashen_hollow.tavar_orr=3.20:run
27.050,0.0167,0.00,3.15,run,Idle,npc.ashen_hollow.kera_voss=0.00:idle;npc.ashen_hollow.renn_vale=0.00:idle;npc.ashen_hollow.sel_arien=0.00:idle;npc.ashen_hollow.tavar_orr=3.20:run
27.067,0.0167,0.33,3.18,run,Idle,npc.ashen_hollow.kera_voss=0.00:idle;npc.ashen_hollow.renn_vale=0.00:idle;npc.ashen_hollow.sel_arien=0.00:idle;npc.ashen_hollow.tavar_orr=3.20:run
27.083,0.0167,0.67,3.15,run,Idle,npc.ashen_hollow.kera_voss=0.00:idle;npc.ashen_hollow.renn_vale=0.00:idle;npc.ashen_hollow.sel_arien=0.00:idle;npc.ashen_hollow.tavar_orr=3.20:run
27.100,0.0167,0.00,3.15,run,Idle,npc.ashen_hollow.kera_voss=0.00:idle;npc.ashen_hollow.renn_vale=0.00:idle;npc.ashen_hollow.sel_arien=0.00:idle;npc.ashen_hollow.tavar_orr=3.20:run
27.117,0.0167,0.33,3.18,run,Idle,npc.ashen_hollow.kera_voss=0.00:idle;npc.ashen_hollow.renn_vale=0.00:idle;npc.ashen_hollow.sel_arien=0.00:idle;npc.ashen_hollow.tavar_orr=3.20:run
27.133,0.0167,0.67,3.15,run,Idle,npc.ashen_hollow.kera_voss=0.00:idle;npc.ashen_hollow.renn_vale=0.00:idle;npc.ashen_hollow.sel_arien=0.00:idle;npc.ashen_hollow.tavar_orr=3.20:run
27.150,0.0167,0.00,3.15,run,Idle,npc.ashen_hollow.kera_voss=0.00:idle;npc.ashen_hollow.renn_vale=0.00:idle;npc.ashen_hollow.sel_arien=0.00:idle;npc.ashen_hollow.tavar_orr=3.20:run
27.167,0.0167,0.33,3.18,run,Idle,npc.ashen_hollow.kera_voss=0.00:idle;npc.ashen_hollow.renn_vale=0.00:idle;npc.ashen_hollow.sel_arien=0.00:idle;npc.ashen_hollow.tavar_orr=3.20:run
27.183,0.0167,0.67,3.15,run,Idle,npc.ashen_hollow.kera_voss=0.00:idle;npc.ashen_hollow.renn_vale=0.00:idle;npc.ashen_hollow.sel_arien=0.00:idle;npc.ashen_hollow.tavar_orr=3.20:run
27.200,0.0167,0.00,3.15,run,Idle,npc.ashen_hollow.kera_voss=0.00:idle;npc.ashen_hollow.renn_vale=0.00:idle;npc.ashen_hollow.sel_arien=0.00:idle;npc.ashen_hollow.tavar_orr=3.20:run
27.217,0.0167,0.33,3.18,run,Idle,npc.ashen_hollow.kera_voss=0.00:idle;npc.ashen_hollow.renn_vale=0.00:idle;npc.ashen_hollow.sel_arien=0.00:idle;npc.ashen_hollow.tavar_orr=3.20:run
27.233,0.0167,0.67,3.15,run,Idle,npc.ashen_hollow.kera_voss=0.00:idle;npc.ashen_hollow.renn_vale=0.00:idle;npc.ashen_hollow.sel_arien=0.00:idle;npc.ashen_hollow.tavar_orr=3.20:run
27.250,0.0167,0.00,3.15,run,Idle,npc.ashen_hollow.kera_voss=0.00:idle;npc.ashen_hollow.renn_vale=0.00:idle;npc.ashen_hollow.sel_arien=0.00:idle;npc.ashen_hollow.tavar_orr=3.20:run
27.267,0.0167,0.33,3.18,run,Idle,npc.ashen_hollow.kera_voss=0.00:idle;npc.ashen_hollow.renn_vale=0.00:idle;npc.ashen_hollow.sel_arien=0.00:idle;npc.ashen_hollow.tavar_orr=3.20:run
27.283,0.0167,0.67,3.15,run,Idle,npc.ashen_hollow.kera_voss=0.00:idle;npc.ashen_hollow.renn_vale=0.00:idle;npc.ashen_hollow.sel_arien=0.00:idle;npc.ashen_hollow.tavar_orr=3.20:run
27.300,0.0167,0.00,3.15,run,Idle,npc.ashen_hollow.kera_voss=0.00:idle;npc.ashen_hollow.renn_vale=0.00:idle;npc.ashen_hollow.sel_arien=0.00:idle;npc.ashen_hollow.tavar_orr=3.20:run
27.317,0.0167,0.33,3.18,run,Idle,npc.ashen_hollow.kera_voss=0.00:idle;npc.ashen_hollow.renn_vale=0.00:idle;npc.ashen_hollow.sel_arien=0.00:idle;npc.ashen_hollow.tavar_orr=3.20:run
27.333,0.0167,0.67,3.15,run,Idle,npc.ashen_hollow.kera_voss=0.00:idle;npc.ashen_hollow.renn_vale=0.00:idle;npc.ashen_hollow.sel_arien=0.00:idle;npc.ashen_hollow.tavar_orr=3.20:run
27.350,0.0167,0.00,3.15,run,Idle,npc.ashen_hollow.kera_voss=0.00:idle;npc.ashen_hollow.renn_vale=0.00:idle;npc.ashen_hollow.sel_arien=0.00:idle;npc.ashen_hollow.tavar_orr=3.20:run
27.367,0.0167,0.33,3.18,run,Idle,npc.ashen_hollow.kera_voss=0.00:idle;npc.ashen_hollow.renn_vale=0.00:idle;npc.ashen_hollow.sel_arien=0.00:idle;npc.ashen_hollow.tavar_orr=3.20:run
27.383,0.0167,0.67,3.15,run,Idle,npc.ashen_hollow.kera_voss=0.00:idle;npc.ashen_hollow.renn_vale=0.00:idle;npc.ashen_hollow.sel_arien=0.00:idle;npc.ashen_hollow.tavar_orr=3.20:run
27.400,0.0167,0.00,3.15,run,Idle,npc.ashen_hollow.kera_voss=0.00:idle;npc.ashen_hollow.renn_vale=0.00:idle;npc.ashen_hollow.sel_arien=0.00:idle;npc.ashen_hollow.tavar_orr=3.20:run
27.417,0.0167,0.33,3.17,run,Idle,npc.ashen_hollow.kera_voss=0.00:idle;npc.ashen_hollow.renn_vale=0.00:idle;npc.ashen_hollow.sel_arien=0.00:idle;npc.ashen_hollow.tavar_orr=3.20:run
27.433,0.0167,0.67,3.15,run,Idle,npc.ashen_hollow.kera_voss=0.00:idle;npc.ashen_hollow.renn_vale=0.00:idle;npc.ashen_hollow.sel_arien=0.00:idle;npc.ashen_hollow.tavar_orr=3.20:run
27.450,0.0167,0.00,3.15,run,Idle,npc.ashen_hollow.kera_voss=0.00:idle;npc.ashen_hollow.renn_vale=0.00:idle;npc.ashen_hollow.sel_arien=0.00:idle;npc.ashen_hollow.tavar_orr=3.20:run
27.467,0.0167,0.33,3.17,run,Idle,npc.ashen_hollow.kera_voss=0.00:idle;npc.ashen_hollow.renn_vale=0.00:idle;npc.ashen_hollow.sel_arien=0.00:idle;npc.ashen_hollow.tavar_orr=3.20:run
27.483,0.0167,0.67,3.14,run,Idle,npc.ashen_hollow.kera_voss=0.00:idle;npc.ashen_hollow.renn_vale=0.00:idle;npc.ashen_hollow.sel_arien=0.00:idle;npc.ashen_hollow.tavar_orr=3.20:run
27.500,0.0167,0.00,3.14,run,Idle,npc.ashen_hollow.kera_voss=0.00:idle;npc.ashen_hollow.renn_vale=0.00:idle;npc.ashen_hollow.sel_arien=0.00:idle;npc.ashen_hollow.tavar_orr=3.20:run
27.517,0.0167,0.33,3.16,run,Idle,npc.ashen_hollow.kera_voss=0.00:idle;npc.ashen_hollow.renn_vale=0.00:idle;npc.ashen_hollow.sel_arien=0.00:idle;npc.ashen_hollow.tavar_orr=3.20:run
27.533,0.0167,0.67,3.14,run,Idle,npc.ashen_hollow.kera_voss=0.00:idle;npc.ashen_hollow.renn_vale=0.00:idle;npc.ashen_hollow.sel_arien=0.00:idle;npc.ashen_hollow.tavar_orr=3.20:run
27.550,0.0167,0.00,3.14,run,Idle,npc.ashen_hollow.kera_voss=0.00:idle;npc.ashen_hollow.renn_vale=0.00:idle;npc.ashen_hollow.sel_arien=0.00:idle;npc.ashen_hollow.tavar_orr=3.20:run
27.567,0.0167,0.33,3.16,run,Idle,npc.ashen_hollow.kera_voss=0.00:idle;npc.ashen_hollow.renn_vale=0.00:idle;npc.ashen_hollow.sel_arien=0.00:idle;npc.ashen_hollow.tavar_orr=3.20:run
27.583,0.0167,0.67,3.14,run,Idle,npc.ashen_hollow.kera_voss=0.00:idle;npc.ashen_hollow.renn_vale=0.00:idle;npc.ashen_hollow.sel_arien=0.00:idle;npc.ashen_hollow.tavar_orr=3.20:run
27.600,0.0167,0.00,3.14,run,Idle,npc.ashen_hollow.kera_voss=0.00:idle;npc.ashen_hollow.renn_vale=0.00:idle;npc.ashen_hollow.sel_arien=0.00:idle;npc.ashen_hollow.tavar_orr=3.20:run
27.617,0.0167,0.33,3.16,run,Idle,npc.ashen_hollow.kera_voss=0.00:idle;npc.ashen_hollow.renn_vale=0.00:idle;npc.ashen_hollow.sel_arien=0.00:idle;npc.ashen_hollow.tavar_orr=3.20:run
27.633,0.0167,0.67,3.18,run,Idle,npc.ashen_hollow.kera_voss=0.00:idle;npc.ashen_hollow.renn_vale=0.00:idle;npc.ashen_hollow.sel_arien=0.00:idle;npc.ashen_hollow.tavar_orr=3.20:run
27.650,0.0167,0.00,3.18,run,Idle,npc.ashen_hollow.kera_voss=0.00:idle;npc.ashen_hollow.renn_vale=0.00:idle;npc.ashen_hollow.sel_arien=0.00:idle;npc.ashen_hollow.tavar_orr=2.96:run
27.667,0.0167,0.33,2.58,run,Idle,npc.ashen_hollow.kera_voss=0.00:idle;npc.ashen_hollow.renn_vale=0.00:idle;npc.ashen_hollow.sel_arien=0.00:idle;npc.ashen_hollow.tavar_orr=2.96:run
27.683,0.0167,0.67,2.10,run,Idle,npc.ashen_hollow.kera_voss=0.00:idle;npc.ashen_hollow.renn_vale=0.00:idle;npc.ashen_hollow.sel_arien=0.00:idle;npc.ashen_hollow.tavar_orr=2.96:run
27.700,0.0167,0.00,2.10,run,Idle,npc.ashen_hollow.kera_voss=0.00:idle;npc.ashen_hollow.renn_vale=0.00:idle;npc.ashen_hollow.sel_arien=0.00:idle;npc.ashen_hollow.tavar_orr=2.75:run
27.717,0.0167,0.33,1.70,walk,Idle,npc.ashen_hollow.kera_voss=0.00:idle;npc.ashen_hollow.renn_vale=0.00:idle;npc.ashen_hollow.sel_arien=0.00:idle;npc.ashen_hollow.tavar_orr=2.75:run
27.733,0.0167,0.67,1.38,walk,Idle,npc.ashen_hollow.kera_voss=0.00:idle;npc.ashen_hollow.renn_vale=0.00:idle;npc.ashen_hollow.sel_arien=0.00:idle;npc.ashen_hollow.tavar_orr=2.75:run
27.750,0.0167,0.00,1.38,walk,Idle,npc.ashen_hollow.kera_voss=0.00:idle;npc.ashen_hollow.renn_vale=0.00:idle;npc.ashen_hollow.sel_arien=0.00:idle;npc.ashen_hollow.tavar_orr=2.57:run
27.767,0.0167,0.33,1.12,walk,Idle,npc.ashen_hollow.kera_voss=0.00:idle;npc.ashen_hollow.renn_vale=0.00:idle;npc.ashen_hollow.sel_arien=0.00:idle;npc.ashen_hollow.tavar_orr=2.57:run
27.783,0.0167,0.67,0.91,walk,Idle,npc.ashen_hollow.kera_voss=0.00:idle;npc.ashen_hollow.renn_vale=0.00:idle;npc.ashen_hollow.sel_arien=0.00:idle;npc.ashen_hollow.tavar_orr=2.57:run
27.800,0.0167,0.00,0.91,walk,Idle,npc.ashen_hollow.kera_voss=0.00:idle;npc.ashen_hollow.renn_vale=0.00:idle;npc.ashen_hollow.sel_arien=0.00:idle;npc.ashen_hollow.tavar_orr=2.42:run
27.817,0.0167,0.33,0.74,walk,Idle,npc.ashen_hollow.kera_voss=0.00:idle;npc.ashen_hollow.renn_vale=0.00:idle;npc.ashen_hollow.sel_arien=0.00:idle;npc.ashen_hollow.tavar_orr=2.42:run
27.833,0.0167,0.67,0.60,walk,Idle,npc.ashen_hollow.kera_voss=0.00:idle;npc.ashen_hollow.renn_vale=0.00:idle;npc.ashen_hollow.sel_arien=0.00:idle;npc.ashen_hollow.tavar_orr=2.42:run
27.850,0.0167,0.00,0.60,walk,Idle,npc.ashen_hollow.kera_voss=0.00:idle;npc.ashen_hollow.renn_vale=0.00:idle;npc.ashen_hollow.sel_arien=0.00:idle;npc.ashen_hollow.tavar_orr=2.30:run
27.867,0.0167,0.33,0.49,walk,Idle,npc.ashen_hollow.kera_voss=0.00:idle;npc.ashen_hollow.renn_vale=0.00:idle;npc.ashen_hollow.sel_arien=0.00:idle;npc.ashen_hollow.tavar_orr=2.30:run
27.883,0.0167,0.67,0.40,walk,Idle,npc.ashen_hollow.kera_voss=0.00:idle;npc.ashen_hollow.renn_vale=0.00:idle;npc.ashen_hollow.sel_arien=0.00:idle;npc.ashen_hollow.tavar_orr=2.30:run
27.900,0.0167,0.00,0.40,walk,Idle,npc.ashen_hollow.kera_voss=0.00:idle;npc.ashen_hollow.renn_vale=0.00:idle;npc.ashen_hollow.sel_arien=0.00:idle;npc.ashen_hollow.tavar_orr=2.19:run
27.917,0.0167,0.33,0.32,walk,Idle,npc.ashen_hollow.kera_voss=0.00:idle;npc.ashen_hollow.renn_vale=0.00:idle;npc.ashen_hollow.sel_arien=0.00:idle;npc.ashen_hollow.tavar_orr=2.19:run
27.933,0.0167,0.67,0.26,walk,Idle,npc.ashen_hollow.kera_voss=0.00:idle;npc.ashen_hollow.renn_vale=0.00:idle;npc.ashen_hollow.sel_arien=0.00:idle;npc.ashen_hollow.tavar_orr=2.19:run
27.950,0.0167,0.00,0.26,walk,Idle,npc.ashen_hollow.kera_voss=0.00:idle;npc.ashen_hollow.renn_vale=0.00:idle;npc.ashen_hollow.sel_arien=0.00:idle;npc.ashen_hollow.tavar_orr=2.10:run
27.967,0.0167,0.33,0.21,spear_ready,Idle,npc.ashen_hollow.kera_voss=0.00:idle;npc.ashen_hollow.renn_vale=0.00:idle;npc.ashen_hollow.sel_arien=0.00:idle;npc.ashen_hollow.tavar_orr=2.10:run
27.983,0.0167,0.67,0.17,spear_ready,Idle,npc.ashen_hollow.kera_voss=0.00:idle;npc.ashen_hollow.renn_vale=0.00:idle;npc.ashen_hollow.sel_arien=0.00:idle;npc.ashen_hollow.tavar_orr=2.10:run
28.000,0.0167,0.00,0.17,spear_ready,Idle,npc.ashen_hollow.kera_voss=0.00:idle;npc.ashen_hollow.renn_vale=0.00:idle;npc.ashen_hollow.sel_arien=0.00:idle;npc.ashen_hollow.tavar_orr=2.03:run
28.017,0.0167,0.33,0.14,spear_ready,Idle,npc.ashen_hollow.kera_voss=0.00:idle;npc.ashen_hollow.renn_vale=0.00:idle;npc.ashen_hollow.sel_arien=0.00:idle;npc.ashen_hollow.tavar_orr=2.03:run
28.033,0.0167,0.67,0.11,spear_ready,Idle,npc.ashen_hollow.kera_voss=0.00:idle;npc.ashen_hollow.renn_vale=0.00:idle;npc.ashen_hollow.sel_arien=0.00:idle;npc.ashen_hollow.tavar_orr=2.03:run
28.050,0.0167,0.00,0.11,spear_ready,Idle,npc.ashen_hollow.kera_voss=0.00:idle;npc.ashen_hollow.renn_vale=0.00:idle;npc.ashen_hollow.sel_arien=0.00:idle;npc.ashen_hollow.tavar_orr=1.96:walk
28.067,0.0167,0.33,0.09,spear_ready,Idle,npc.ashen_hollow.kera_voss=0.00:idle;npc.ashen_hollow.renn_vale=0.00:idle;npc.ashen_hollow.sel_arien=0.00:idle;npc.ashen_hollow.tavar_orr=1.96:walk
28.083,0.0167,0.67,0.07,spear_ready,Idle,npc.ashen_hollow.kera_voss=0.00:idle;npc.ashen_hollow.renn_vale=0.00:idle;npc.ashen_hollow.sel_arien=0.00:idle;npc.ashen_hollow.tavar_orr=1.96:walk
28.100,0.0167,0.00,0.07,spear_ready,Idle,npc.ashen_hollow.kera_voss=0.00:idle;npc.ashen_hollow.renn_vale=0.00:idle;npc.ashen_hollow.sel_arien=0.00:idle;npc.ashen_hollow.tavar_orr=1.91:walk
28.117,0.0167,0.33,0.06,spear_ready,Idle,npc.ashen_hollow.kera_voss=0.00:idle;npc.ashen_hollow.renn_vale=0.00:idle;npc.ashen_hollow.sel_arien=0.00:idle;npc.ashen_hollow.tavar_orr=1.91:walk
28.133,0.0167,0.67,0.05,spear_ready,Idle,npc.ashen_hollow.kera_voss=0.00:idle;npc.ashen_hollow.renn_vale=0.00:idle;npc.ashen_hollow.sel_arien=0.00:idle;npc.ashen_hollow.tavar_orr=1.91:walk
28.150,0.0167,0.00,0.05,spear_ready,Idle,npc.ashen_hollow.kera_voss=0.00:idle;npc.ashen_hollow.renn_vale=0.00:idle;npc.ashen_hollow.sel_arien=0.00:idle;npc.ashen_hollow.tavar_orr=1.86:walk
28.167,0.0167,0.33,0.04,spear_ready,Idle,npc.ashen_hollow.kera_voss=0.00:idle;npc.ashen_hollow.renn_vale=0.00:idle;npc.ashen_hollow.sel_arien=0.00:idle;npc.ashen_hollow.tavar_orr=1.86:walk
28.183,0.0167,0.67,0.03,spear_ready,Idle,npc.ashen_hollow.kera_voss=0.00:idle;npc.ashen_hollow.renn_vale=0.00:idle;npc.ashen_hollow.sel_arien=0.00:idle;npc.ashen_hollow.tavar_orr=1.86:walk
28.200,0.0167,0.00,0.03,spear_ready,Idle,npc.ashen_hollow.kera_voss=0.00:idle;npc.ashen_hollow.renn_vale=0.00:idle;npc.ashen_hollow.sel_arien=0.00:idle;npc.ashen_hollow.tavar_orr=1.82:walk
28.217,0.0167,0.33,0.03,spear_ready,Idle,npc.ashen_hollow.kera_voss=0.00:idle;npc.ashen_hollow.renn_vale=0.00:idle;npc.ashen_hollow.sel_arien=0.00:idle;npc.ashen_hollow.tavar_orr=1.82:walk
28.233,0.0167,0.67,0.02,spear_ready,Idle,npc.ashen_hollow.kera_voss=0.00:idle;npc.ashen_hollow.renn_vale=0.00:idle;npc.ashen_hollow.sel_arien=0.00:idle;npc.ashen_hollow.tavar_orr=1.82:walk
28.250,0.0167,0.00,0.02,spear_ready,Idle,npc.ashen_hollow.kera_voss=0.00:idle;npc.ashen_hollow.renn_vale=0.00:idle;npc.ashen_hollow.sel_arien=0.00:idle;npc.ashen_hollow.tavar_orr=1.79:walk
28.267,0.0167,0.33,0.02,spear_ready,Idle,npc.ashen_hollow.kera_voss=0.00:idle;npc.ashen_hollow.renn_vale=0.00:idle;npc.ashen_hollow.sel_arien=0.00:idle;npc.ashen_hollow.tavar_orr=1.79:walk
28.283,0.0167,0.67,0.01,spear_ready,Idle,npc.ashen_hollow.kera_voss=0.00:idle;npc.ashen_hollow.renn_vale=0.00:idle;npc.ashen_hollow.sel_arien=0.00:idle;npc.ashen_hollow.tavar_orr=1.79:walk
28.300,0.0167,0.00,0.01,spear_ready,Idle,npc.ashen_hollow.kera_voss=0.00:idle;npc.ashen_hollow.renn_vale=0.00:idle;npc.ashen_hollow.sel_arien=0.00:idle;npc.ashen_hollow.tavar_orr=1.76:walk
28.317,0.0167,0.33,0.01,spear_ready,Idle,npc.ashen_hollow.kera_voss=0.00:idle;npc.ashen_hollow.renn_vale=0.00:idle;npc.ashen_hollow.sel_arien=0.00:idle;npc.ashen_hollow.tavar_orr=1.76:walk
28.333,0.0167,0.67,0.01,spear_ready,Idle,npc.ashen_hollow.kera_voss=0.00:idle;npc.ashen_hollow.renn_vale=0.00:idle;npc.ashen_hollow.sel_arien=0.00:idle;npc.ashen_hollow.tavar_orr=1.76:walk
28.350,0.0167,0.00,0.01,spear_ready,Idle,npc.ashen_hollow.kera_voss=0.00:idle;npc.ashen_hollow.renn_vale=0.00:idle;npc.ashen_hollow.sel_arien=0.00:idle;npc.ashen_hollow.tavar_orr=1.74:walk
28.367,0.0167,0.33,0.01,spear_ready,Idle,npc.ashen_hollow.kera_voss=0.00:idle;npc.ashen_hollow.renn_vale=0.00:idle;npc.ashen_hollow.sel_arien=0.00:idle;npc.ashen_hollow.tavar_orr=1.74:walk
28.383,0.0167,0.67,0.01,spear_ready,Idle,npc.ashen_hollow.kera_voss=0.00:idle;npc.ashen_hollow.renn_vale=0.00:idle;npc.ashen_hollow.sel_arien=0.00:idle;npc.ashen_hollow.tavar_orr=1.74:walk
28.400,0.0167,0.00,0.01,spear_ready,Idle,npc.ashen_hollow.kera_voss=0.00:idle;npc.ashen_hollow.renn_vale=0.00:idle;npc.ashen_hollow.sel_arien=0.00:idle;npc.ashen_hollow.tavar_orr=1.72:walk
28.417,0.0167,0.33,0.00,spear_ready,Idle,npc.ashen_hollow.kera_voss=0.00:idle;npc.ashen_hollow.renn_vale=0.00:idle;npc.ashen_hollow.sel_arien=0.00:idle;npc.ashen_hollow.tavar_orr=1.72:walk
28.433,0.0167,0.67,0.00,spear_ready,Idle,npc.ashen_hollow.kera_voss=0.00:idle;npc.ashen_hollow.renn_vale=0.00:idle;npc.ashen_hollow.sel_arien=0.00:idle;npc.ashen_hollow.tavar_orr=1.72:walk
28.450,0.0167,0.00,0.00,spear_ready,Idle,npc.ashen_hollow.kera_voss=0.00:idle;npc.ashen_hollow.renn_vale=0.00:idle;npc.ashen_hollow.sel_arien=0.00:idle;npc.ashen_hollow.tavar_orr=1.70:walk
28.467,0.0167,0.33,0.00,spear_ready,Idle,npc.ashen_hollow.kera_voss=0.00:idle;npc.ashen_hollow.renn_vale=0.00:idle;npc.ashen_hollow.sel_arien=0.00:idle;npc.ashen_hollow.tavar_orr=1.70:walk
28.483,0.0167,0.67,0.00,spear_ready,Idle,npc.ashen_hollow.kera_voss=0.00:idle;npc.ashen_hollow.renn_vale=0.00:idle;npc.ashen_hollow.sel_arien=0.00:idle;npc.ashen_hollow.tavar_orr=1.70:walk
28.500,0.0167,0.00,0.00,spear_ready,Idle,npc.ashen_hollow.kera_voss=0.00:idle;npc.ashen_hollow.renn_vale=0.00:idle;npc.ashen_hollow.sel_arien=0.00:idle;npc.ashen_hollow.tavar_orr=1.69:walk
28.517,0.0167,0.33,0.00,spear_ready,Idle,npc.ashen_hollow.kera_voss=0.00:idle;npc.ashen_hollow.renn_vale=0.00:idle;npc.ashen_hollow.sel_arien=0.00:idle;npc.ashen_hollow.tavar_orr=1.69:walk
28.533,0.0167,0.67,0.00,spear_ready,Idle,npc.ashen_hollow.kera_voss=0.00:idle;npc.ashen_hollow.renn_vale=0.00:idle;npc.ashen_hollow.sel_arien=0.00:idle;npc.ashen_hollow.tavar_orr=1.69:walk
28.550,0.0167,0.00,0.00,spear_ready,Idle,npc.ashen_hollow.kera_voss=0.00:idle;npc.ashen_hollow.renn_vale=0.00:idle;npc.ashen_hollow.sel_arien=0.00:idle;npc.ashen_hollow.tavar_orr=1.69:walk
28.567,0.0167,0.33,0.00,spear_ready,Idle,npc.ashen_hollow.kera_voss=0.00:idle;npc.ashen_hollow.renn_vale=0.00:idle;npc.ashen_hollow.sel_arien=0.00:idle;npc.ashen_hollow.tavar_orr=1.69:walk
28.583,0.0167,0.67,0.00,spear_ready,Idle,npc.ashen_hollow.kera_voss=0.00:idle;npc.ashen_hollow.renn_vale=0.00:idle;npc.ashen_hollow.sel_arien=0.00:idle;npc.ashen_hollow.tavar_orr=1.43:walk
28.600,0.0167,0.00,0.00,spear_ready,Idle,npc.ashen_hollow.kera_voss=0.00:idle;npc.ashen_hollow.renn_vale=0.00:idle;npc.ashen_hollow.sel_arien=0.00:idle;npc.ashen_hollow.tavar_orr=1.21:walk
28.617,0.0167,0.33,0.00,spear_ready,Idle,npc.ashen_hollow.kera_voss=0.00:idle;npc.ashen_hollow.renn_vale=0.00:idle;npc.ashen_hollow.sel_arien=0.00:idle;npc.ashen_hollow.tavar_orr=1.02:walk
28.633,0.0167,0.67,0.00,spear_ready,Idle,npc.ashen_hollow.kera_voss=0.00:idle;npc.ashen_hollow.renn_vale=0.00:idle;npc.ashen_hollow.sel_arien=0.00:idle;npc.ashen_hollow.tavar_orr=0.87:walk
28.650,0.0167,0.00,0.00,spear_ready,Idle,npc.ashen_hollow.kera_voss=0.00:idle;npc.ashen_hollow.renn_vale=0.00:idle;npc.ashen_hollow.sel_arien=0.00:idle;npc.ashen_hollow.tavar_orr=0.73:walk
28.667,0.0167,0.33,0.00,spear_ready,Idle,npc.ashen_hollow.kera_voss=0.00:idle;npc.ashen_hollow.renn_vale=0.00:idle;npc.ashen_hollow.sel_arien=0.00:idle;npc.ashen_hollow.tavar_orr=0.00:idle
28.683,0.0167,0.67,0.00,spear_ready,Idle,npc.ashen_hollow.kera_voss=0.00:idle;npc.ashen_hollow.renn_vale=0.00:idle;npc.ashen_hollow.sel_arien=0.00:idle;npc.ashen_hollow.tavar_orr=0.00:idle
28.700,0.0167,0.00,0.00,spear_ready,Idle,npc.ashen_hollow.kera_voss=0.00:idle;npc.ashen_hollow.renn_vale=0.00:idle;npc.ashen_hollow.sel_arien=0.00:idle;npc.ashen_hollow.tavar_orr=0.00:idle
28.717,0.0167,0.33,0.00,spear_ready,Idle,npc.ashen_hollow.kera_voss=0.00:idle;npc.ashen_hollow.renn_vale=0.00:idle;npc.ashen_hollow.sel_arien=0.00:idle;npc.ashen_hollow.tavar_orr=0.00:idle
28.733,0.0167,0.67,0.00,spear_ready,Idle,npc.ashen_hollow.kera_voss=0.00:idle;npc.ashen_hollow.renn_vale=0.00:idle;npc.ashen_hollow.sel_arien=0.00:idle;npc.ashen_hollow.tavar_orr=0.00:idle
28.750,0.0167,0.00,0.00,spear_ready,Idle,npc.ashen_hollow.kera_voss=0.00:idle;npc.ashen_hollow.renn_vale=0.00:idle;npc.ashen_hollow.sel_arien=0.00:idle;npc.ashen_hollow.tavar_orr=0.00:idle
28.767,0.0167,0.33,0.00,spear_ready,Idle,npc.ashen_hollow.kera_voss=0.00:idle;npc.ashen_hollow.renn_vale=0.00:idle;npc.ashen_hollow.sel_arien=0.00:idle;npc.ashen_hollow.tavar_orr=0.00:idle
28.783,0.0167,0.67,0.00,spear_ready,Idle,npc.ashen_hollow.kera_voss=0.00:idle;npc.ashen_hollow.renn_vale=0.00:idle;npc.ashen_hollow.sel_arien=0.00:idle;npc.ashen_hollow.tavar_orr=0.00:idle
28.800,0.0167,0.00,0.00,spear_ready,Idle,npc.ashen_hollow.kera_voss=0.00:idle;npc.ashen_hollow.renn_vale=0.00:idle;npc.ashen_hollow.sel_arien=0.00:idle;npc.ashen_hollow.tavar_orr=0.00:idle
28.817,0.0167,0.33,0.00,spear_ready,Idle,npc.ashen_hollow.kera_voss=0.00:idle;npc.ashen_hollow.renn_vale=0.00:idle;npc.ashen_hollow.sel_arien=0.00:idle;npc.ashen_hollow.tavar_orr=0.00:idle
28.833,0.0167,0.67,0.00,spear_ready,Idle,npc.ashen_hollow.kera_voss=0.00:idle;npc.ashen_hollow.renn_vale=0.00:idle;npc.ashen_hollow.sel_arien=0.00:idle;npc.ashen_hollow.tavar_orr=0.00:idle
28.850,0.0167,0.00,0.00,spear_ready,Idle,npc.ashen_hollow.kera_voss=0.00:idle;npc.ashen_hollow.renn_vale=0.00:idle;npc.ashen_hollow.sel_arien=0.00:idle;npc.ashen_hollow.tavar_orr=0.00:idle
28.867,0.0167,0.33,0.00,spear_ready,Idle,npc.ashen_hollow.kera_voss=0.00:idle;npc.ashen_hollow.renn_vale=0.00:idle;npc.ashen_hollow.sel_arien=0.00:idle;npc.ashen_hollow.tavar_orr=0.00:idle
28.883,0.0167,0.67,0.00,spear_ready,Idle,npc.ashen_hollow.kera_voss=0.00:idle;npc.ashen_hollow.renn_vale=0.00:idle;npc.ashen_hollow.sel_arien=0.00:idle;npc.ashen_hollow.tavar_orr=0.00:idle
28.900,0.0167,0.00,0.00,spear_ready,Idle,npc.ashen_hollow.kera_voss=0.00:idle;npc.ashen_hollow.renn_vale=0.00:idle;npc.ashen_hollow.sel_arien=0.00:idle;npc.ashen_hollow.tavar_orr=0.00:idle
28.917,0.0167,0.33,0.00,spear_ready,Idle,npc.ashen_hollow.kera_voss=0.00:idle;npc.ashen_hollow.renn_vale=0.00:idle;npc.ashen_hollow.sel_arien=0.00:idle;npc.ashen_hollow.tavar_orr=0.00:idle
28.933,0.0167,0.67,0.00,spear_ready,Idle,npc.ashen_hollow.kera_voss=0.00:idle;npc.ashen_hollow.renn_vale=0.00:idle;npc.ashen_hollow.sel_arien=0.00:idle;npc.ashen_hollow.tavar_orr=0.00:idle
28.950,0.0167,0.00,0.00,spear_ready,Idle,npc.ashen_hollow.kera_voss=0.00:idle;npc.ashen_hollow.renn_vale=0.00:idle;npc.ashen_hollow.sel_arien=0.00:idle;npc.ashen_hollow.tavar_orr=0.00:idle
28.967,0.0167,0.33,0.00,spear_ready,Idle,npc.ashen_hollow.kera_voss=0.00:idle;npc.ashen_hollow.renn_vale=0.00:idle;npc.ashen_hollow.sel_arien=0.00:idle;npc.ashen_hollow.tavar_orr=0.00:idle
28.983,0.0167,0.67,0.00,spear_ready,Idle,npc.ashen_hollow.kera_voss=0.00:idle;npc.ashen_hollow.renn_vale=0.00:idle;npc.ashen_hollow.sel_arien=0.00:idle;npc.ashen_hollow.tavar_orr=0.00:idle
29.000,0.0167,0.00,0.00,spear_ready,Idle,npc.ashen_hollow.kera_voss=0.00:idle;npc.ashen_hollow.renn_vale=0.00:idle;npc.ashen_hollow.sel_arien=0.00:idle;npc.ashen_hollow.tavar_orr=0.00:idle
29.017,0.0167,0.33,0.00,spear_ready,Idle,npc.ashen_hollow.kera_voss=0.00:idle;npc.ashen_hollow.renn_vale=0.00:idle;npc.ashen_hollow.sel_arien=0.00:idle;npc.ashen_hollow.tavar_orr=0.00:idle
29.033,0.0167,0.67,0.00,spear_ready,Idle,npc.ashen_hollow.kera_voss=0.00:idle;npc.ashen_hollow.renn_vale=0.00:idle;npc.ashen_hollow.sel_arien=0.00:idle;npc.ashen_hollow.tavar_orr=0.00:idle
29.050,0.0167,0.00,0.00,spear_ready,Idle,npc.ashen_hollow.kera_voss=0.00:idle;npc.ashen_hollow.renn_vale=0.00:idle;npc.ashen_hollow.sel_arien=0.00:idle;npc.ashen_hollow.tavar_orr=0.00:idle
29.067,0.0167,0.33,0.00,spear_ready,Idle,npc.ashen_hollow.kera_voss=0.00:idle;npc.ashen_hollow.renn_vale=0.00:idle;npc.ashen_hollow.sel_arien=0.00:idle;npc.ashen_hollow.tavar_orr=0.00:idle
29.083,0.0167,0.67,0.00,spear_ready,Idle,npc.ashen_hollow.kera_voss=0.00:idle;npc.ashen_hollow.renn_vale=0.00:idle;npc.ashen_hollow.sel_arien=0.00:idle;npc.ashen_hollow.tavar_orr=0.00:idle
29.100,0.0167,0.00,0.00,spear_ready,Idle,npc.ashen_hollow.kera_voss=0.00:idle;npc.ashen_hollow.renn_vale=0.00:idle;npc.ashen_hollow.sel_arien=0.00:idle;npc.ashen_hollow.tavar_orr=0.00:idle
29.117,0.0167,0.33,0.00,spear_ready,Idle,npc.ashen_hollow.kera_voss=0.00:idle;npc.ashen_hollow.renn_vale=0.00:idle;npc.ashen_hollow.sel_arien=0.00:idle;npc.ashen_hollow.tavar_orr=0.00:idle
29.133,0.0167,0.67,0.00,spear_ready,Idle,npc.ashen_hollow.kera_voss=0.00:idle;npc.ashen_hollow.renn_vale=0.00:idle;npc.ashen_hollow.sel_arien=0.00:idle;npc.ashen_hollow.tavar_orr=0.00:idle
29.150,0.0167,0.00,0.00,spear_ready,Idle,npc.ashen_hollow.kera_voss=0.00:idle;npc.ashen_hollow.renn_vale=0.00:idle;npc.ashen_hollow.sel_arien=0.00:idle;npc.ashen_hollow.tavar_orr=0.00:idle
29.167,0.0167,0.33,0.00,spear_ready,Idle,npc.ashen_hollow.kera_voss=0.00:idle;npc.ashen_hollow.renn_vale=0.00:idle;npc.ashen_hollow.sel_arien=0.00:idle;npc.ashen_hollow.tavar_orr=0.00:idle
29.183,0.0167,0.67,0.00,spear_ready,Idle,npc.ashen_hollow.kera_voss=0.00:idle;npc.ashen_hollow.renn_vale=0.00:idle;npc.ashen_hollow.sel_arien=0.00:idle;npc.ashen_hollow.tavar_orr=0.00:idle
29.200,0.0167,0.00,0.00,spear_ready,Idle,npc.ashen_hollow.kera_voss=0.00:idle;npc.ashen_hollow.renn_vale=0.00:idle;npc.ashen_hollow.sel_arien=0.00:idle;npc.ashen_hollow.tavar_orr=0.00:idle
29.217,0.0167,0.33,0.00,spear_ready,Idle,npc.ashen_hollow.kera_voss=0.00:idle;npc.ashen_hollow.renn_vale=0.00:idle;npc.ashen_hollow.sel_arien=0.00:idle;npc.ashen_hollow.tavar_orr=0.00:idle
29.233,0.0167,0.67,0.00,spear_ready,Idle,npc.ashen_hollow.kera_voss=0.00:idle;npc.ashen_hollow.renn_vale=0.00:idle;npc.ashen_hollow.sel_arien=0.00:idle;npc.ashen_hollow.tavar_orr=0.00:idle
29.250,0.0167,0.00,0.00,spear_ready,Idle,npc.ashen_hollow.kera_voss=0.00:idle;npc.ashen_hollow.renn_vale=0.00:idle;npc.ashen_hollow.sel_arien=0.00:idle;npc.ashen_hollow.tavar_orr=0.00:idle
29.267,0.0167,0.33,0.00,spear_ready,Idle,npc.ashen_hollow.kera_voss=0.00:idle;npc.ashen_hollow.renn_vale=0.00:idle;npc.ashen_hollow.sel_arien=0.00:idle;npc.ashen_hollow.tavar_orr=0.00:idle
29.283,0.0167,0.67,0.00,spear_ready,Idle,npc.ashen_hollow.kera_voss=0.00:idle;npc.ashen_hollow.renn_vale=0.00:idle;npc.ashen_hollow.sel_arien=0.00:idle;npc.ashen_hollow.tavar_orr=0.00:idle
29.300,0.0167,0.00,0.00,spear_ready,Idle,npc.ashen_hollow.kera_voss=0.00:idle;npc.ashen_hollow.renn_vale=0.00:idle;npc.ashen_hollow.sel_arien=0.00:idle;npc.ashen_hollow.tavar_orr=0.00:idle
29.317,0.0167,0.33,0.00,spear_ready,Idle,npc.ashen_hollow.kera_voss=0.00:idle;npc.ashen_hollow.renn_vale=0.00:idle;npc.ashen_hollow.sel_arien=0.00:idle;npc.ashen_hollow.tavar_orr=0.00:idle
29.333,0.0167,0.67,0.00,spear_ready,Idle,npc.ashen_hollow.kera_voss=0.00:idle;npc.ashen_hollow.renn_vale=0.00:idle;npc.ashen_hollow.sel_arien=0.00:idle;npc.ashen_hollow.tavar_orr=0.00:idle
29.350,0.0167,0.00,0.00,spear_ready,Idle,npc.ashen_hollow.kera_voss=0.00:idle;npc.ashen_hollow.renn_vale=0.00:idle;npc.ashen_hollow.sel_arien=0.00:idle;npc.ashen_hollow.tavar_orr=0.00:idle
29.367,0.0167,0.33,0.00,spear_ready,Idle,npc.ashen_hollow.kera_voss=0.00:idle;npc.ashen_hollow.renn_vale=0.00:idle;npc.ashen_hollow.sel_arien=0.00:idle;npc.ashen_hollow.tavar_orr=0.00:idle
29.383,0.0167,0.67,0.00,spear_ready,Idle,npc.ashen_hollow.kera_voss=0.00:idle;npc.ashen_hollow.renn_vale=0.00:idle;npc.ashen_hollow.sel_arien=0.00:idle;npc.ashen_hollow.tavar_orr=0.00:idle
29.400,0.0167,0.00,0.00,spear_ready,Idle,npc.ashen_hollow.kera_voss=0.00:idle;npc.ashen_hollow.renn_vale=0.00:idle;npc.ashen_hollow.sel_arien=0.00:idle;npc.ashen_hollow.tavar_orr=0.00:idle
29.417,0.0167,0.33,0.00,spear_ready,Idle,npc.ashen_hollow.kera_voss=0.00:idle;npc.ashen_hollow.renn_vale=0.00:idle;npc.ashen_hollow.sel_arien=0.00:idle;npc.ashen_hollow.tavar_orr=0.00:idle
29.433,0.0167,0.67,0.00,spear_ready,Idle,npc.ashen_hollow.kera_voss=0.00:idle;npc.ashen_hollow.renn_vale=0.00:idle;npc.ashen_hollow.sel_arien=0.00:idle;npc.ashen_hollow.tavar_orr=0.00:idle
29.450,0.0167,0.00,0.00,spear_ready,Idle,npc.ashen_hollow.kera_voss=0.00:idle;npc.ashen_hollow.renn_vale=0.00:idle;npc.ashen_hollow.sel_arien=0.00:idle;npc.ashen_hollow.tavar_orr=0.00:idle
29.467,0.0167,0.33,0.00,spear_ready,Idle,npc.ashen_hollow.kera_voss=0.00:idle;npc.ashen_hollow.renn_vale=0.00:idle;npc.ashen_hollow.sel_arien=0.00:idle;npc.ashen_hollow.tavar_orr=0.00:idle
29.483,0.0167,0.67,0.00,spear_ready,Idle,npc.ashen_hollow.kera_voss=0.00:idle;npc.ashen_hollow.renn_vale=0.00:idle;npc.ashen_hollow.sel_arien=0.00:idle;npc.ashen_hollow.tavar_orr=0.00:idle
29.500,0.0167,0.00,0.00,spear_ready,Idle,npc.ashen_hollow.kera_voss=0.00:idle;npc.ashen_hollow.renn_vale=0.00:idle;npc.ashen_hollow.sel_arien=0.00:idle;npc.ashen_hollow.tavar_orr=0.00:idle
29.517,0.0167,0.33,0.00,spear_ready,Idle,npc.ashen_hollow.kera_voss=0.00:idle;npc.ashen_hollow.renn_vale=0.00:idle;npc.ashen_hollow.sel_arien=0.00:idle;npc.ashen_hollow.tavar_orr=0.00:idle
29.533,0.0167,0.67,0.00,spear_ready,Idle,npc.ashen_hollow.kera_voss=0.00:idle;npc.ashen_hollow.renn_vale=0.00:idle;npc.ashen_hollow.sel_arien=0.00:idle;npc.ashen_hollow.tavar_orr=0.00:idle
29.550,0.0167,0.00,0.00,spear_ready,Idle,npc.ashen_hollow.kera_voss=0.00:idle;npc.ashen_hollow.renn_vale=0.00:idle;npc.ashen_hollow.sel_arien=0.00:idle;npc.ashen_hollow.tavar_orr=0.00:idle
29.567,0.0167,0.33,0.00,spear_ready,Idle,npc.ashen_hollow.kera_voss=0.00:idle;npc.ashen_hollow.renn_vale=0.00:idle;npc.ashen_hollow.sel_arien=0.00:idle;npc.ashen_hollow.tavar_orr=0.00:idle
29.583,0.0167,0.67,0.00,spear_ready,Idle,npc.ashen_hollow.kera_voss=0.00:idle;npc.ashen_hollow.renn_vale=0.00:idle;npc.ashen_hollow.sel_arien=0.00:idle;npc.ashen_hollow.tavar_orr=0.00:idle
29.600,0.0167,0.00,0.00,spear_ready,Idle,npc.ashen_hollow.kera_voss=0.00:idle;npc.ashen_hollow.renn_vale=0.00:idle;npc.ashen_hollow.sel_arien=0.00:idle;npc.ashen_hollow.tavar_orr=0.00:idle
29.617,0.0167,0.33,0.00,spear_ready,Idle,npc.ashen_hollow.kera_voss=0.00:idle;npc.ashen_hollow.renn_vale=0.00:idle;npc.ashen_hollow.sel_arien=0.00:idle;npc.ashen_hollow.tavar_orr=0.00:idle
29.633,0.0167,0.67,0.00,spear_ready,Idle,npc.ashen_hollow.kera_voss=0.00:idle;npc.ashen_hollow.renn_vale=0.00:idle;npc.ashen_hollow.sel_arien=0.00:idle;npc.ashen_hollow.tavar_orr=0.00:idle
29.650,0.0167,0.00,0.00,spear_ready,Idle,npc.ashen_hollow.kera_voss=0.00:idle;npc.ashen_hollow.renn_vale=0.00:idle;npc.ashen_hollow.sel_arien=0.00:idle;npc.ashen_hollow.tavar_orr=0.01:idle
29.667,0.0167,0.33,0.61,walk,Idle,npc.ashen_hollow.kera_voss=0.00:idle;npc.ashen_hollow.renn_vale=0.00:idle;npc.ashen_hollow.sel_arien=0.00:idle;npc.ashen_hollow.tavar_orr=0.01:idle
29.683,0.0167,0.67,1.07,walk,Idle,npc.ashen_hollow.kera_voss=0.00:idle;npc.ashen_hollow.renn_vale=0.00:idle;npc.ashen_hollow.sel_arien=0.00:idle;npc.ashen_hollow.tavar_orr=0.01:idle
29.700,0.0167,0.00,1.07,walk,Idle,npc.ashen_hollow.kera_voss=0.00:idle;npc.ashen_hollow.renn_vale=0.00:idle;npc.ashen_hollow.sel_arien=0.00:idle;npc.ashen_hollow.tavar_orr=0.25:walk
29.717,0.0167,0.33,1.48,walk,Idle,npc.ashen_hollow.kera_voss=0.00:idle;npc.ashen_hollow.renn_vale=0.00:idle;npc.ashen_hollow.sel_arien=0.00:idle;npc.ashen_hollow.tavar_orr=0.25:walk
29.733,0.0167,0.67,1.78,walk,Idle,npc.ashen_hollow.kera_voss=0.00:idle;npc.ashen_hollow.renn_vale=0.00:idle;npc.ashen_hollow.sel_arien=0.00:idle;npc.ashen_hollow.tavar_orr=0.25:walk
29.750,0.0167,0.00,1.78,walk,Idle,npc.ashen_hollow.kera_voss=0.00:idle;npc.ashen_hollow.renn_vale=0.00:idle;npc.ashen_hollow.sel_arien=0.00:idle;npc.ashen_hollow.tavar_orr=0.46:walk
29.767,0.0167,0.33,2.05,walk,Idle,npc.ashen_hollow.kera_voss=0.00:idle;npc.ashen_hollow.renn_vale=0.00:idle;npc.ashen_hollow.sel_arien=0.00:idle;npc.ashen_hollow.tavar_orr=0.46:walk
29.783,0.0167,0.67,2.24,walk,Idle,npc.ashen_hollow.kera_voss=0.00:idle;npc.ashen_hollow.renn_vale=0.00:idle;npc.ashen_hollow.sel_arien=0.00:idle;npc.ashen_hollow.tavar_orr=0.46:walk
29.800,0.0167,0.00,2.24,walk,Idle,npc.ashen_hollow.kera_voss=0.00:idle;npc.ashen_hollow.renn_vale=0.00:idle;npc.ashen_hollow.sel_arien=0.00:idle;npc.ashen_hollow.tavar_orr=0.64:walk
29.817,0.0167,0.33,2.43,run,Idle,npc.ashen_hollow.kera_voss=0.00:idle;npc.ashen_hollow.renn_vale=0.00:idle;npc.ashen_hollow.sel_arien=0.00:idle;npc.ashen_hollow.tavar_orr=0.64:walk
29.833,0.0167,0.67,2.55,run,Idle,npc.ashen_hollow.kera_voss=0.00:idle;npc.ashen_hollow.renn_vale=0.00:idle;npc.ashen_hollow.sel_arien=0.00:idle;npc.ashen_hollow.tavar_orr=0.64:walk
29.850,0.0167,0.00,2.55,run,Idle,npc.ashen_hollow.kera_voss=0.00:idle;npc.ashen_hollow.renn_vale=0.00:idle;npc.ashen_hollow.sel_arien=0.00:idle;npc.ashen_hollow.tavar_orr=0.78:walk
29.867,0.0167,0.33,2.68,run,Idle,npc.ashen_hollow.kera_voss=0.00:idle;npc.ashen_hollow.renn_vale=0.00:idle;npc.ashen_hollow.sel_arien=0.00:idle;npc.ashen_hollow.tavar_orr=0.78:walk
29.883,0.0167,0.67,2.76,run,Idle,npc.ashen_hollow.kera_voss=0.00:idle;npc.ashen_hollow.renn_vale=0.00:idle;npc.ashen_hollow.sel_arien=0.00:idle;npc.ashen_hollow.tavar_orr=0.78:walk
29.900,0.0167,0.00,2.76,run,Idle,npc.ashen_hollow.kera_voss=0.00:idle;npc.ashen_hollow.renn_vale=0.00:idle;npc.ashen_hollow.sel_arien=0.00:idle;npc.ashen_hollow.tavar_orr=0.91:walk
29.917,0.0167,0.33,2.85,run,Idle,npc.ashen_hollow.kera_voss=0.00:idle;npc.ashen_hollow.renn_vale=0.00:idle;npc.ashen_hollow.sel_arien=0.00:idle;npc.ashen_hollow.tavar_orr=0.91:walk
29.933,0.0167,0.67,2.89,run,Idle,npc.ashen_hollow.kera_voss=0.00:idle;npc.ashen_hollow.renn_vale=0.00:idle;npc.ashen_hollow.sel_arien=0.00:idle;npc.ashen_hollow.tavar_orr=0.91:walk
29.950,0.0167,0.00,2.89,run,Idle,npc.ashen_hollow.kera_voss=0.00:idle;npc.ashen_hollow.renn_vale=0.00:idle;npc.ashen_hollow.sel_arien=0.00:idle;npc.ashen_hollow.tavar_orr=1.01:walk
29.967,0.0167,0.33,2.96,run,Idle,npc.ashen_hollow.kera_voss=0.00:idle;npc.ashen_hollow.renn_vale=0.00:idle;npc.ashen_hollow.sel_arien=0.00:idle;npc.ashen_hollow.tavar_orr=1.01:walk
29.983,0.0167,0.67,2.98,run,Idle,npc.ashen_hollow.kera_voss=0.00:idle;npc.ashen_hollow.renn_vale=0.00:idle;npc.ashen_hollow.sel_arien=0.00:idle;npc.ashen_hollow.tavar_orr=1.01:walk
30.000,0.0167,0.00,2.98,run,Idle,npc.ashen_hollow.kera_voss=0.00:idle;npc.ashen_hollow.renn_vale=0.00:idle;npc.ashen_hollow.sel_arien=0.00:idle;npc.ashen_hollow.tavar_orr=1.10:walk
30.017,0.0167,0.33,3.03,run,Idle,npc.ashen_hollow.kera_voss=0.00:idle;npc.ashen_hollow.renn_vale=0.00:idle;npc.ashen_hollow.sel_arien=0.00:idle;npc.ashen_hollow.tavar_orr=1.10:walk
30.033,0.0167,0.67,3.04,run,Idle,npc.ashen_hollow.kera_voss=0.00:idle;npc.ashen_hollow.renn_vale=0.00:idle;npc.ashen_hollow.sel_arien=0.00:idle;npc.ashen_hollow.tavar_orr=1.10:walk
30.050,0.0167,0.00,3.04,run,Idle,npc.ashen_hollow.kera_voss=0.00:idle;npc.ashen_hollow.renn_vale=0.00:idle;npc.ashen_hollow.sel_arien=0.00:idle;npc.ashen_hollow.tavar_orr=1.18:walk
30.067,0.0167,0.33,3.08,run,Idle,npc.ashen_hollow.kera_voss=0.00:idle;npc.ashen_hollow.renn_vale=0.00:idle;npc.ashen_hollow.sel_arien=0.00:idle;npc.ashen_hollow.tavar_orr=1.18:walk
30.083,0.0167,0.67,3.08,run,Idle,npc.ashen_hollow.kera_voss=0.00:idle;npc.ashen_hollow.renn_vale=0.00:idle;npc.ashen_hollow.sel_arien=0.00:idle;npc.ashen_hollow.tavar_orr=1.18:walk
30.100,0.0167,0.00,3.08,run,Idle,npc.ashen_hollow.kera_voss=0.00:idle;npc.ashen_hollow.renn_vale=0.00:idle;npc.ashen_hollow.sel_arien=0.00:idle;npc.ashen_hollow.tavar_orr=1.25:walk
30.117,0.0167,0.33,3.11,run,Idle,npc.ashen_hollow.kera_voss=0.00:idle;npc.ashen_hollow.renn_vale=0.00:idle;npc.ashen_hollow.sel_arien=0.00:idle;npc.ashen_hollow.tavar_orr=1.25:walk
30.133,0.0167,0.67,3.11,run,Idle,npc.ashen_hollow.kera_voss=0.00:idle;npc.ashen_hollow.renn_vale=0.00:idle;npc.ashen_hollow.sel_arien=0.00:idle;npc.ashen_hollow.tavar_orr=1.25:walk
30.150,0.0167,0.00,3.11,run,Idle,npc.ashen_hollow.kera_voss=0.00:idle;npc.ashen_hollow.renn_vale=0.00:idle;npc.ashen_hollow.sel_arien=0.00:idle;npc.ashen_hollow.tavar_orr=1.30:walk
30.167,0.0167,0.33,3.14,run,Idle,npc.ashen_hollow.kera_voss=0.00:idle;npc.ashen_hollow.renn_vale=0.00:idle;npc.ashen_hollow.sel_arien=0.00:idle;npc.ashen_hollow.tavar_orr=1.30:walk
30.183,0.0167,0.67,3.13,run,Idle,npc.ashen_hollow.kera_voss=0.00:idle;npc.ashen_hollow.renn_vale=0.00:idle;npc.ashen_hollow.sel_arien=0.00:idle;npc.ashen_hollow.tavar_orr=1.30:walk
30.200,0.0167,0.00,3.13,run,Idle,npc.ashen_hollow.kera_voss=0.00:idle;npc.ashen_hollow.renn_vale=0.00:idle;npc.ashen_hollow.sel_arien=0.00:idle;npc.ashen_hollow.tavar_orr=1.35:walk
30.217,0.0167,0.33,3.15,run,Idle,npc.ashen_hollow.kera_voss=0.00:idle;npc.ashen_hollow.renn_vale=0.00:idle;npc.ashen_hollow.sel_arien=0.00:idle;npc.ashen_hollow.tavar_orr=1.35:walk
30.233,0.0167,0.67,3.14,run,Idle,npc.ashen_hollow.kera_voss=0.00:idle;npc.ashen_hollow.renn_vale=0.00:idle;npc.ashen_hollow.sel_arien=0.00:idle;npc.ashen_hollow.tavar_orr=1.35:walk
30.250,0.0167,0.00,3.14,run,Idle,npc.ashen_hollow.kera_voss=0.00:idle;npc.ashen_hollow.renn_vale=0.00:idle;npc.ashen_hollow.sel_arien=0.00:idle;npc.ashen_hollow.tavar_orr=1.39:walk
30.267,0.0167,0.33,3.16,run,Idle,npc.ashen_hollow.kera_voss=0.00:idle;npc.ashen_hollow.renn_vale=0.00:idle;npc.ashen_hollow.sel_arien=0.00:idle;npc.ashen_hollow.tavar_orr=1.39:walk
30.283,0.0167,0.67,3.14,run,Idle,npc.ashen_hollow.kera_voss=0.00:idle;npc.ashen_hollow.renn_vale=0.00:idle;npc.ashen_hollow.sel_arien=0.00:idle;npc.ashen_hollow.tavar_orr=1.39:walk
30.300,0.0167,0.00,3.14,run,Idle,npc.ashen_hollow.kera_voss=0.00:idle;npc.ashen_hollow.renn_vale=0.00:idle;npc.ashen_hollow.sel_arien=0.00:idle;npc.ashen_hollow.tavar_orr=1.42:walk
30.317,0.0167,0.33,3.17,run,Idle,npc.ashen_hollow.kera_voss=0.00:idle;npc.ashen_hollow.renn_vale=0.00:idle;npc.ashen_hollow.sel_arien=0.00:idle;npc.ashen_hollow.tavar_orr=1.42:walk
30.333,0.0167,0.67,3.15,run,Idle,npc.ashen_hollow.kera_voss=0.00:idle;npc.ashen_hollow.renn_vale=0.00:idle;npc.ashen_hollow.sel_arien=0.00:idle;npc.ashen_hollow.tavar_orr=1.42:walk
30.350,0.0167,0.00,3.15,run,Idle,npc.ashen_hollow.kera_voss=0.00:idle;npc.ashen_hollow.renn_vale=0.00:idle;npc.ashen_hollow.sel_arien=0.00:idle;npc.ashen_hollow.tavar_orr=1.45:walk
30.367,0.0167,0.33,3.17,run,Idle,npc.ashen_hollow.kera_voss=0.00:idle;npc.ashen_hollow.renn_vale=0.00:idle;npc.ashen_hollow.sel_arien=0.00:idle;npc.ashen_hollow.tavar_orr=1.45:walk
30.383,0.0167,0.67,3.15,run,Idle,npc.ashen_hollow.kera_voss=0.00:idle;npc.ashen_hollow.renn_vale=0.00:idle;npc.ashen_hollow.sel_arien=0.00:idle;npc.ashen_hollow.tavar_orr=1.45:walk
30.400,0.0167,0.00,3.15,run,Idle,npc.ashen_hollow.kera_voss=0.00:idle;npc.ashen_hollow.renn_vale=0.00:idle;npc.ashen_hollow.sel_arien=0.00:idle;npc.ashen_hollow.tavar_orr=1.47:walk
30.417,0.0167,0.33,3.17,run,Idle,npc.ashen_hollow.kera_voss=0.00:idle;npc.ashen_hollow.renn_vale=0.00:idle;npc.ashen_hollow.sel_arien=0.00:idle;npc.ashen_hollow.tavar_orr=1.47:walk
30.433,0.0167,0.67,3.16,run,Idle,npc.ashen_hollow.kera_voss=0.00:idle;npc.ashen_hollow.renn_vale=0.00:idle;npc.ashen_hollow.sel_arien=0.00:idle;npc.ashen_hollow.tavar_orr=1.47:walk
30.450,0.0167,0.00,3.16,run,Idle,npc.ashen_hollow.kera_voss=0.00:idle;npc.ashen_hollow.renn_vale=0.00:idle;npc.ashen_hollow.sel_arien=0.00:idle;npc.ashen_hollow.tavar_orr=1.49:walk
30.467,0.0167,0.33,3.17,run,Idle,npc.ashen_hollow.kera_voss=0.00:idle;npc.ashen_hollow.renn_vale=0.00:idle;npc.ashen_hollow.sel_arien=0.00:idle;npc.ashen_hollow.tavar_orr=1.49:walk
30.483,0.0167,0.67,3.16,run,Idle,npc.ashen_hollow.kera_voss=0.00:idle;npc.ashen_hollow.renn_vale=0.00:idle;npc.ashen_hollow.sel_arien=0.00:idle;npc.ashen_hollow.tavar_orr=1.49:walk
30.500,0.0167,0.00,3.16,run,Idle,npc.ashen_hollow.kera_voss=0.00:idle;npc.ashen_hollow.renn_vale=0.00:idle;npc.ashen_hollow.sel_arien=0.00:idle;npc.ashen_hollow.tavar_orr=1.51:walk
30.517,0.0167,0.33,3.17,run,Idle,npc.ashen_hollow.kera_voss=0.00:idle;npc.ashen_hollow.renn_vale=0.00:idle;npc.ashen_hollow.sel_arien=0.00:idle;npc.ashen_hollow.tavar_orr=1.51:walk
30.533,0.0167,0.67,3.16,run,Idle,npc.ashen_hollow.kera_voss=0.00:idle;npc.ashen_hollow.renn_vale=0.00:idle;npc.ashen_hollow.sel_arien=0.00:idle;npc.ashen_hollow.tavar_orr=1.51:walk
30.550,0.0167,0.00,3.16,run,Idle,npc.ashen_hollow.kera_voss=0.00:idle;npc.ashen_hollow.renn_vale=0.00:idle;npc.ashen_hollow.sel_arien=0.00:idle;npc.ashen_hollow.tavar_orr=1.76:walk
30.567,0.0167,0.33,3.18,run,Idle,npc.ashen_hollow.kera_voss=0.00:idle;npc.ashen_hollow.renn_vale=0.00:idle;npc.ashen_hollow.sel_arien=0.00:idle;npc.ashen_hollow.tavar_orr=1.76:walk
30.583,0.0167,0.67,3.16,run,Idle,npc.ashen_hollow.kera_voss=0.00:idle;npc.ashen_hollow.renn_vale=0.00:idle;npc.ashen_hollow.sel_arien=0.00:idle;npc.ashen_hollow.tavar_orr=1.76:walk
30.600,0.0167,0.00,3.16,run,Idle,npc.ashen_hollow.kera_voss=0.00:idle;npc.ashen_hollow.renn_vale=0.00:idle;npc.ashen_hollow.sel_arien=0.00:idle;npc.ashen_hollow.tavar_orr=1.98:walk
30.617,0.0167,0.33,3.18,run,Idle,npc.ashen_hollow.kera_voss=0.00:idle;npc.ashen_hollow.renn_vale=0.00:idle;npc.ashen_hollow.sel_arien=0.00:idle;npc.ashen_hollow.tavar_orr=1.98:walk
30.633,0.0167,0.67,3.16,run,Idle,npc.ashen_hollow.kera_voss=0.00:idle;npc.ashen_hollow.renn_vale=0.00:idle;npc.ashen_hollow.sel_arien=0.00:idle;npc.ashen_hollow.tavar_orr=1.98:walk
30.650,0.0167,0.00,3.16,jump_start,Idle,npc.ashen_hollow.kera_voss=0.00:idle;npc.ashen_hollow.renn_vale=0.00:idle;npc.ashen_hollow.sel_arien=0.00:idle;npc.ashen_hollow.tavar_orr=2.17:walk
30.667,0.0167,0.33,3.18,jump_start,Idle,npc.ashen_hollow.kera_voss=0.00:idle;npc.ashen_hollow.renn_vale=0.00:idle;npc.ashen_hollow.sel_arien=0.00:idle;npc.ashen_hollow.tavar_orr=2.17:walk
30.683,0.0167,0.67,3.16,jump_start,Idle,npc.ashen_hollow.kera_voss=0.00:idle;npc.ashen_hollow.renn_vale=0.00:idle;npc.ashen_hollow.sel_arien=0.00:idle;npc.ashen_hollow.tavar_orr=2.17:walk
30.700,0.0167,0.00,3.16,jump_start,Idle,npc.ashen_hollow.kera_voss=0.00:idle;npc.ashen_hollow.renn_vale=0.00:idle;npc.ashen_hollow.sel_arien=0.00:idle;npc.ashen_hollow.tavar_orr=2.33:walk
30.717,0.0167,0.33,3.18,jump_start,Idle,npc.ashen_hollow.kera_voss=0.00:idle;npc.ashen_hollow.renn_vale=0.00:idle;npc.ashen_hollow.sel_arien=0.00:idle;npc.ashen_hollow.tavar_orr=2.33:walk
30.733,0.0167,0.67,3.16,jump_start,Idle,npc.ashen_hollow.kera_voss=0.00:idle;npc.ashen_hollow.renn_vale=0.00:idle;npc.ashen_hollow.sel_arien=0.00:idle;npc.ashen_hollow.tavar_orr=2.33:walk
30.750,0.0167,0.00,3.16,jump_start,Idle,npc.ashen_hollow.kera_voss=0.00:idle;npc.ashen_hollow.renn_vale=0.00:idle;npc.ashen_hollow.sel_arien=0.00:idle;npc.ashen_hollow.tavar_orr=2.46:run
30.767,0.0167,0.33,3.18,jump_start,Idle,npc.ashen_hollow.kera_voss=0.00:idle;npc.ashen_hollow.renn_vale=0.00:idle;npc.ashen_hollow.sel_arien=0.00:idle;npc.ashen_hollow.tavar_orr=2.46:run
30.783,0.0167,0.67,3.16,jump_start,Idle,npc.ashen_hollow.kera_voss=0.00:idle;npc.ashen_hollow.renn_vale=0.00:idle;npc.ashen_hollow.sel_arien=0.00:idle;npc.ashen_hollow.tavar_orr=2.46:run
30.800,0.0167,0.00,3.16,jump_start,Idle,npc.ashen_hollow.kera_voss=0.00:idle;npc.ashen_hollow.renn_vale=0.00:idle;npc.ashen_hollow.sel_arien=0.00:idle;npc.ashen_hollow.tavar_orr=2.58:run
30.817,0.0167,0.33,3.18,jump_start,Idle,npc.ashen_hollow.kera_voss=0.00:idle;npc.ashen_hollow.renn_vale=0.00:idle;npc.ashen_hollow.sel_arien=0.00:idle;npc.ashen_hollow.tavar_orr=2.58:run
30.833,0.0167,0.67,3.16,jump_start,Idle,npc.ashen_hollow.kera_voss=0.00:idle;npc.ashen_hollow.renn_vale=0.00:idle;npc.ashen_hollow.sel_arien=0.00:idle;npc.ashen_hollow.tavar_orr=2.58:run
30.850,0.0167,0.00,3.16,jump_start,Idle,npc.ashen_hollow.kera_voss=0.00:idle;npc.ashen_hollow.renn_vale=0.00:idle;npc.ashen_hollow.sel_arien=0.00:idle;npc.ashen_hollow.tavar_orr=2.67:run
30.867,0.0167,0.33,3.18,jump_start,Idle,npc.ashen_hollow.kera_voss=0.00:idle;npc.ashen_hollow.renn_vale=0.00:idle;npc.ashen_hollow.sel_arien=0.00:idle;npc.ashen_hollow.tavar_orr=2.67:run
30.883,0.0167,0.67,3.16,jump_start,Idle,npc.ashen_hollow.kera_voss=0.00:idle;npc.ashen_hollow.renn_vale=0.00:idle;npc.ashen_hollow.sel_arien=0.00:idle;npc.ashen_hollow.tavar_orr=2.67:run
30.900,0.0167,0.00,3.16,jump_start,Idle,npc.ashen_hollow.kera_voss=0.00:idle;npc.ashen_hollow.renn_vale=0.00:idle;npc.ashen_hollow.sel_arien=0.00:idle;npc.ashen_hollow.tavar_orr=2.75:run
30.917,0.0167,0.33,3.18,jump_start,Idle,npc.ashen_hollow.kera_voss=0.00:idle;npc.ashen_hollow.renn_vale=0.00:idle;npc.ashen_hollow.sel_arien=0.00:idle;npc.ashen_hollow.tavar_orr=2.75:run
30.933,0.0167,0.67,3.16,jump_start,Idle,npc.ashen_hollow.kera_voss=0.00:idle;npc.ashen_hollow.renn_vale=0.00:idle;npc.ashen_hollow.sel_arien=0.00:idle;npc.ashen_hollow.tavar_orr=2.75:run
30.950,0.0167,0.00,3.16,jump_start,Idle,npc.ashen_hollow.kera_voss=0.00:idle;npc.ashen_hollow.renn_vale=0.00:idle;npc.ashen_hollow.sel_arien=0.00:idle;npc.ashen_hollow.tavar_orr=2.82:run
30.967,0.0167,0.33,3.18,jump_start,Idle,npc.ashen_hollow.kera_voss=0.00:idle;npc.ashen_hollow.renn_vale=0.00:idle;npc.ashen_hollow.sel_arien=0.00:idle;npc.ashen_hollow.tavar_orr=2.82:run
30.983,0.0167,0.67,3.16,jump_start,Idle,npc.ashen_hollow.kera_voss=0.00:idle;npc.ashen_hollow.renn_vale=0.00:idle;npc.ashen_hollow.sel_arien=0.00:idle;npc.ashen_hollow.tavar_orr=2.82:run
31.000,0.0167,0.00,3.16,fall,Idle,npc.ashen_hollow.kera_voss=0.00:idle;npc.ashen_hollow.renn_vale=0.00:idle;npc.ashen_hollow.sel_arien=0.00:idle;npc.ashen_hollow.tavar_orr=2.88:run
31.017,0.0167,0.33,3.18,fall,Idle,npc.ashen_hollow.kera_voss=0.00:idle;npc.ashen_hollow.renn_vale=0.00:idle;npc.ashen_hollow.sel_arien=0.00:idle;npc.ashen_hollow.tavar_orr=2.88:run
31.033,0.0167,0.67,3.16,fall,Idle,npc.ashen_hollow.kera_voss=0.00:idle;npc.ashen_hollow.renn_vale=0.00:idle;npc.ashen_hollow.sel_arien=0.00:idle;npc.ashen_hollow.tavar_orr=2.88:run
31.050,0.0167,0.00,3.16,fall,Idle,npc.ashen_hollow.kera_voss=0.00:idle;npc.ashen_hollow.renn_vale=0.00:idle;npc.ashen_hollow.sel_arien=0.00:idle;npc.ashen_hollow.tavar_orr=2.93:run
31.067,0.0167,0.33,3.18,fall,Idle,npc.ashen_hollow.kera_voss=0.00:idle;npc.ashen_hollow.renn_vale=0.00:idle;npc.ashen_hollow.sel_arien=0.00:idle;npc.ashen_hollow.tavar_orr=2.93:run
31.083,0.0167,0.67,3.16,fall,Idle,npc.ashen_hollow.kera_voss=0.00:idle;npc.ashen_hollow.renn_vale=0.00:idle;npc.ashen_hollow.sel_arien=0.00:idle;npc.ashen_hollow.tavar_orr=2.93:run
31.100,0.0167,0.00,3.16,fall,Idle,npc.ashen_hollow.kera_voss=0.00:idle;npc.ashen_hollow.renn_vale=0.00:idle;npc.ashen_hollow.sel_arien=0.00:idle;npc.ashen_hollow.tavar_orr=2.97:run
31.117,0.0167,0.33,3.18,fall,Idle,npc.ashen_hollow.kera_voss=0.00:idle;npc.ashen_hollow.renn_vale=0.00:idle;npc.ashen_hollow.sel_arien=0.00:idle;npc.ashen_hollow.tavar_orr=2.97:run
31.133,0.0167,0.67,3.16,fall,Idle,npc.ashen_hollow.kera_voss=0.00:idle;npc.ashen_hollow.renn_vale=0.00:idle;npc.ashen_hollow.sel_arien=0.00:idle;npc.ashen_hollow.tavar_orr=2.97:run
31.150,0.0167,0.00,3.16,fall,Idle,npc.ashen_hollow.kera_voss=0.00:idle;npc.ashen_hollow.renn_vale=0.00:idle;npc.ashen_hollow.sel_arien=0.00:idle;npc.ashen_hollow.tavar_orr=3.01:run
31.167,0.0167,0.33,3.18,fall,Idle,npc.ashen_hollow.kera_voss=0.00:idle;npc.ashen_hollow.renn_vale=0.00:idle;npc.ashen_hollow.sel_arien=0.00:idle;npc.ashen_hollow.tavar_orr=3.01:run
31.183,0.0167,0.67,3.16,fall,Idle,npc.ashen_hollow.kera_voss=0.00:idle;npc.ashen_hollow.renn_vale=0.00:idle;npc.ashen_hollow.sel_arien=0.00:idle;npc.ashen_hollow.tavar_orr=3.01:run
31.200,0.0167,0.00,3.16,fall,Idle,npc.ashen_hollow.kera_voss=0.00:idle;npc.ashen_hollow.renn_vale=0.00:idle;npc.ashen_hollow.sel_arien=0.00:idle;npc.ashen_hollow.tavar_orr=3.04:run
31.217,0.0167,0.33,2.93,fall,Idle,npc.ashen_hollow.kera_voss=0.00:idle;npc.ashen_hollow.renn_vale=0.00:idle;npc.ashen_hollow.sel_arien=0.00:idle;npc.ashen_hollow.tavar_orr=3.04:run
31.233,0.0167,0.67,2.73,fall,Idle,npc.ashen_hollow.kera_voss=0.00:idle;npc.ashen_hollow.renn_vale=0.00:idle;npc.ashen_hollow.sel_arien=0.00:idle;npc.ashen_hollow.tavar_orr=3.04:run
31.250,0.0167,0.00,2.73,fall,Idle,npc.ashen_hollow.kera_voss=0.00:idle;npc.ashen_hollow.renn_vale=0.00:idle;npc.ashen_hollow.sel_arien=0.00:idle;npc.ashen_hollow.tavar_orr=2.82:run
31.267,0.0167,0.33,2.59,fall,Idle,npc.ashen_hollow.kera_voss=0.00:idle;npc.ashen_hollow.renn_vale=0.00:idle;npc.ashen_hollow.sel_arien=0.00:idle;npc.ashen_hollow.tavar_orr=2.82:run
31.283,0.0167,0.67,2.48,fall,Idle,npc.ashen_hollow.kera_voss=0.00:idle;npc.ashen_hollow.renn_vale=0.00:idle;npc.ashen_hollow.sel_arien=0.00:idle;npc.ashen_hollow.tavar_orr=2.82:run
31.300,0.0167,0.00,2.48,fall,Idle,npc.ashen_hollow.kera_voss=0.00:idle;npc.ashen_hollow.renn_vale=0.00:idle;npc.ashen_hollow.sel_arien=0.00:idle;npc.ashen_hollow.tavar_orr=2.63:run
31.317,0.0167,0.33,2.41,fall,Idle,npc.ashen_hollow.kera_voss=0.00:idle;npc.ashen_hollow.renn_vale=0.00:idle;npc.ashen_hollow.sel_arien=0.00:idle;npc.ashen_hollow.tavar_orr=2.63:run
31.333,0.0167,0.67,2.35,fall,Idle,npc.ashen_hollow.kera_voss=0.00:idle;npc.ashen_hollow.renn_vale=0.00:idle;npc.ashen_hollow.sel_arien=0.00:idle;npc.ashen_hollow.tavar_orr=2.63:run
31.350,0.0167,0.00,2.35,fall,Idle,npc.ashen_hollow.kera_voss=0.00:idle;npc.ashen_hollow.renn_vale=0.00:idle;npc.ashen_hollow.sel_arien=0.00:idle;npc.ashen_hollow.tavar_orr=2.47:run
31.367,0.0167,0.33,2.33,fall,Idle,npc.ashen_hollow.kera_voss=0.00:idle;npc.ashen_hollow.renn_vale=0.00:idle;npc.ashen_hollow.sel_arien=0.00:idle;npc.ashen_hollow.tavar_orr=2.47:run
31.383,0.0167,0.67,2.29,fall,Idle,npc.ashen_hollow.kera_voss=0.00:idle;npc.ashen_hollow.renn_vale=0.00:idle;npc.ashen_hollow.sel_arien=0.00:idle;npc.ashen_hollow.tavar_orr=2.47:run
31.400,0.0167,0.00,2.29,fall,Idle,npc.ashen_hollow.kera_voss=0.00:idle;npc.ashen_hollow.renn_vale=0.00:idle;npc.ashen_hollow.sel_arien=0.00:idle;npc.ashen_hollow.tavar_orr=2.34:run
31.417,0.0167,0.33,2.30,fall,Idle,npc.ashen_hollow.kera_voss=0.00:idle;npc.ashen_hollow.renn_vale=0.00:idle;npc.ashen_hollow.sel_arien=0.00:idle;npc.ashen_hollow.tavar_orr=2.34:run
31.433,0.0167,0.67,2.29,fall,Idle,npc.ashen_hollow.kera_voss=0.00:idle;npc.ashen_hollow.renn_vale=0.00:idle;npc.ashen_hollow.sel_arien=0.00:idle;npc.ashen_hollow.tavar_orr=2.34:run
31.450,0.0167,0.00,2.29,run,Idle,npc.ashen_hollow.kera_voss=0.00:idle;npc.ashen_hollow.renn_vale=0.00:idle;npc.ashen_hollow.sel_arien=0.00:idle;npc.ashen_hollow.tavar_orr=2.22:run
31.467,0.0167,0.33,2.32,run,Idle,npc.ashen_hollow.kera_voss=0.00:idle;npc.ashen_hollow.renn_vale=0.00:idle;npc.ashen_hollow.sel_arien=0.00:idle;npc.ashen_hollow.tavar_orr=2.22:run
31.483,0.0167,0.67,2.32,run,Idle,npc.ashen_hollow.kera_voss=0.00:idle;npc.ashen_hollow.renn_vale=0.00:idle;npc.ashen_hollow.sel_arien=0.00:idle;npc.ashen_hollow.tavar_orr=2.22:run
31.500,0.0167,0.00,2.32,run,Idle,npc.ashen_hollow.kera_voss=0.00:idle;npc.ashen_hollow.renn_vale=0.00:idle;npc.ashen_hollow.sel_arien=0.00:idle;npc.ashen_hollow.tavar_orr=2.13:run
31.517,0.0167,0.33,2.37,run,Idle,npc.ashen_hollow.kera_voss=0.00:idle;npc.ashen_hollow.renn_vale=0.00:idle;npc.ashen_hollow.sel_arien=0.00:idle;npc.ashen_hollow.tavar_orr=2.13:run
31.533,0.0167,0.67,2.39,run,Idle,npc.ashen_hollow.kera_voss=0.00:idle;npc.ashen_hollow.renn_vale=0.00:idle;npc.ashen_hollow.sel_arien=0.00:idle;npc.ashen_hollow.tavar_orr=2.13:run
31.550,0.0167,0.00,2.39,run,Idle,npc.ashen_hollow.kera_voss=0.00:idle;npc.ashen_hollow.renn_vale=0.00:idle;npc.ashen_hollow.sel_arien=0.00:idle;npc.ashen_hollow.tavar_orr=2.05:run
31.567,0.0167,0.33,2.44,run,Idle,npc.ashen_hollow.kera_voss=0.00:idle;npc.ashen_hollow.renn_vale=0.00:idle;npc.ashen_hollow.sel_arien=0.00:idle;npc.ashen_hollow.tavar_orr=2.05:run
31.583,0.0167,0.67,2.47,run,Idle,npc.ashen_hollow.kera_voss=0.00:idle;npc.ashen_hollow.renn_vale=0.00:idle;npc.ashen_hollow.sel_arien=0.00:idle;npc.ashen_hollow.tavar_orr=2.05:run
31.600,0.0167,0.00,2.47,run,Idle,npc.ashen_hollow.kera_voss=0.00:idle;npc.ashen_hollow.renn_vale=0.00:idle;npc.ashen_hollow.sel_arien=0.00:idle;npc.ashen_hollow.tavar_orr=2.22:run
31.617,0.0167,0.33,2.53,run,Idle,npc.ashen_hollow.kera_voss=0.00:idle;npc.ashen_hollow.renn_vale=0.00:idle;npc.ashen_hollow.sel_arien=0.00:idle;npc.ashen_hollow.tavar_orr=2.22:run
31.633,0.0167,0.67,2.55,run,Idle,npc.ashen_hollow.kera_voss=0.00:idle;npc.ashen_hollow.renn_vale=0.00:idle;npc.ashen_hollow.sel_arien=0.00:idle;npc.ashen_hollow.tavar_orr=2.22:run
31.650,0.0167,0.00,2.55,run,Idle,npc.ashen_hollow.kera_voss=0.00:idle;npc.ashen_hollow.renn_vale=0.00:idle;npc.ashen_hollow.sel_arien=0.00:idle;npc.ashen_hollow.tavar_orr=2.37:run
31.667,0.0167,0.33,2.61,run,Idle,npc.ashen_hollow.kera_voss=0.00:idle;npc.ashen_hollow.renn_vale=0.00:idle;npc.ashen_hollow.sel_arien=0.00:idle;npc.ashen_hollow.tavar_orr=2.37:run
31.683,0.0167,0.67,2.64,run,Idle,npc.ashen_hollow.kera_voss=0.00:idle;npc.ashen_hollow.renn_vale=0.00:idle;npc.ashen_hollow.sel_arien=0.00:idle;npc.ashen_hollow.tavar_orr=2.37:run
31.700,0.0167,0.00,2.64,run,Idle,npc.ashen_hollow.kera_voss=0.00:idle;npc.ashen_hollow.renn_vale=0.00:idle;npc.ashen_hollow.sel_arien=0.00:idle;npc.ashen_hollow.tavar_orr=2.25:run
31.717,0.0167,0.33,2.71,run,Idle,npc.ashen_hollow.kera_voss=0.00:idle;npc.ashen_hollow.renn_vale=0.00:idle;npc.ashen_hollow.sel_arien=0.00:idle;npc.ashen_hollow.tavar_orr=2.25:run
31.733,0.0167,0.67,2.73,run,Idle,npc.ashen_hollow.kera_voss=0.00:idle;npc.ashen_hollow.renn_vale=0.00:idle;npc.ashen_hollow.sel_arien=0.00:idle;npc.ashen_hollow.tavar_orr=2.25:run
31.750,0.0167,0.00,2.73,run,Idle,npc.ashen_hollow.kera_voss=0.00:idle;npc.ashen_hollow.renn_vale=0.00:idle;npc.ashen_hollow.sel_arien=0.00:idle;npc.ashen_hollow.tavar_orr=2.40:run
31.767,0.0167,0.33,2.78,run,Idle,npc.ashen_hollow.kera_voss=0.00:idle;npc.ashen_hollow.renn_vale=0.00:idle;npc.ashen_hollow.sel_arien=0.00:idle;npc.ashen_hollow.tavar_orr=2.40:run
31.783,0.0167,0.67,2.81,run,Idle,npc.ashen_hollow.kera_voss=0.00:idle;npc.ashen_hollow.renn_vale=0.00:idle;npc.ashen_hollow.sel_arien=0.00:idle;npc.ashen_hollow.tavar_orr=2.40:run
31.800,0.0167,0.00,2.81,run,Idle,npc.ashen_hollow.kera_voss=0.00:idle;npc.ashen_hollow.renn_vale=0.00:idle;npc.ashen_hollow.sel_arien=0.00:idle;npc.ashen_hollow.tavar_orr=2.52:run
31.817,0.0167,0.33,2.87,run,Idle,npc.ashen_hollow.kera_voss=0.00:idle;npc.ashen_hollow.renn_vale=0.00:idle;npc.ashen_hollow.sel_arien=0.00:idle;npc.ashen_hollow.tavar_orr=2.52:run
31.833,0.0167,0.67,2.89,run,Idle,npc.ashen_hollow.kera_voss=0.00:idle;npc.ashen_hollow.renn_vale=0.00:idle;npc.ashen_hollow.sel_arien=0.00:idle;npc.ashen_hollow.tavar_orr=2.52:run
31.850,0.0167,0.00,2.89,run,Idle,npc.ashen_hollow.kera_voss=0.00:idle;npc.ashen_hollow.renn_vale=0.00:idle;npc.ashen_hollow.sel_arien=0.00:idle;npc.ashen_hollow.tavar_orr=2.62:run
31.867,0.0167,0.33,2.94,run,Idle,npc.ashen_hollow.kera_voss=0.00:idle;npc.ashen_hollow.renn_vale=0.00:idle;npc.ashen_hollow.sel_arien=0.00:idle;npc.ashen_hollow.tavar_orr=2.62:run
31.883,0.0167,0.67,2.95,run,Idle,npc.ashen_hollow.kera_voss=0.00:idle;npc.ashen_hollow.renn_vale=0.00:idle;npc.ashen_hollow.sel_arien=0.00:idle;npc.ashen_hollow.tavar_orr=2.62:run
31.900,0.0167,0.00,2.95,run,Idle,npc.ashen_hollow.kera_voss=0.00:idle;npc.ashen_hollow.renn_vale=0.00:idle;npc.ashen_hollow.sel_arien=0.00:idle;npc.ashen_hollow.tavar_orr=2.71:run
31.917,0.0167,0.33,3.01,run,Idle,npc.ashen_hollow.kera_voss=0.00:idle;npc.ashen_hollow.renn_vale=0.00:idle;npc.ashen_hollow.sel_arien=0.00:idle;npc.ashen_hollow.tavar_orr=2.71:run
31.933,0.0167,0.67,3.01,run,Idle,npc.ashen_hollow.kera_voss=0.00:idle;npc.ashen_hollow.renn_vale=0.00:idle;npc.ashen_hollow.sel_arien=0.00:idle;npc.ashen_hollow.tavar_orr=2.71:run
31.950,0.0167,0.00,3.01,run,Idle,npc.ashen_hollow.kera_voss=0.00:idle;npc.ashen_hollow.renn_vale=0.00:idle;npc.ashen_hollow.sel_arien=0.00:idle;npc.ashen_hollow.tavar_orr=2.79:run
31.967,0.0167,0.33,3.05,run,Idle,npc.ashen_hollow.kera_voss=0.00:idle;npc.ashen_hollow.renn_vale=0.00:idle;npc.ashen_hollow.sel_arien=0.00:idle;npc.ashen_hollow.tavar_orr=2.79:run
31.983,0.0167,0.67,3.06,run,Idle,npc.ashen_hollow.kera_voss=0.00:idle;npc.ashen_hollow.renn_vale=0.00:idle;npc.ashen_hollow.sel_arien=0.00:idle;npc.ashen_hollow.tavar_orr=2.79:run
32.000,0.0167,0.00,3.06,run,Idle,npc.ashen_hollow.kera_voss=0.00:idle;npc.ashen_hollow.renn_vale=0.00:idle;npc.ashen_hollow.sel_arien=0.00:idle;npc.ashen_hollow.tavar_orr=2.85:run
32.017,0.0167,0.33,3.09,run,Idle,npc.ashen_hollow.kera_voss=0.00:idle;npc.ashen_hollow.renn_vale=0.00:idle;npc.ashen_hollow.sel_arien=0.00:idle;npc.ashen_hollow.tavar_orr=2.85:run
32.033,0.0167,0.67,3.10,run,Idle,npc.ashen_hollow.kera_voss=0.00:idle;npc.ashen_hollow.renn_vale=0.00:idle;npc.ashen_hollow.sel_arien=0.00:idle;npc.ashen_hollow.tavar_orr=2.85:run
32.050,0.0167,0.00,3.10,run,Idle,npc.ashen_hollow.kera_voss=0.00:idle;npc.ashen_hollow.renn_vale=0.00:idle;npc.ashen_hollow.sel_arien=0.00:idle;npc.ashen_hollow.tavar_orr=2.91:run
32.067,0.0167,0.33,3.13,run,Idle,npc.ashen_hollow.kera_voss=0.00:idle;npc.ashen_hollow.renn_vale=0.00:idle;npc.ashen_hollow.sel_arien=0.00:idle;npc.ashen_hollow.tavar_orr=2.91:run
32.083,0.0167,0.67,3.12,run,Idle,npc.ashen_hollow.kera_voss=0.00:idle;npc.ashen_hollow.renn_vale=0.00:idle;npc.ashen_hollow.sel_arien=0.00:idle;npc.ashen_hollow.tavar_orr=2.91:run
32.100,0.0167,0.00,3.12,run,Idle,npc.ashen_hollow.kera_voss=0.00:idle;npc.ashen_hollow.renn_vale=0.00:idle;npc.ashen_hollow.sel_arien=0.00:idle;npc.ashen_hollow.tavar_orr=2.95:run
32.117,0.0167,0.33,3.15,run,Idle,npc.ashen_hollow.kera_voss=0.00:idle;npc.ashen_hollow.renn_vale=0.00:idle;npc.ashen_hollow.sel_arien=0.00:idle;npc.ashen_hollow.tavar_orr=2.95:run
32.133,0.0167,0.67,3.13,run,Idle,npc.ashen_hollow.kera_voss=0.00:idle;npc.ashen_hollow.renn_vale=0.00:idle;npc.ashen_hollow.sel_arien=0.00:idle;npc.ashen_hollow.tavar_orr=2.95:run
32.150,0.0167,0.00,3.13,run,Idle,npc.ashen_hollow.kera_voss=0.00:idle;npc.ashen_hollow.renn_vale=0.00:idle;npc.ashen_hollow.sel_arien=0.00:idle;npc.ashen_hollow.tavar_orr=2.99:run
32.167,0.0167,0.33,3.16,run,Idle,npc.ashen_hollow.kera_voss=0.00:idle;npc.ashen_hollow.renn_vale=0.00:idle;npc.ashen_hollow.sel_arien=0.00:idle;npc.ashen_hollow.tavar_orr=2.99:run
32.183,0.0167,0.67,3.14,run,Idle,npc.ashen_hollow.kera_voss=0.00:idle;npc.ashen_hollow.renn_vale=0.00:idle;npc.ashen_hollow.sel_arien=0.00:idle;npc.ashen_hollow.tavar_orr=2.99:run
32.200,0.0167,0.00,3.14,run,Idle,npc.ashen_hollow.kera_voss=0.00:idle;npc.ashen_hollow.renn_vale=0.00:idle;npc.ashen_hollow.sel_arien=0.00:idle;npc.ashen_hollow.tavar_orr=3.02:run
32.217,0.0167,0.33,3.16,run,Idle,npc.ashen_hollow.kera_voss=0.00:idle;npc.ashen_hollow.renn_vale=0.00:idle;npc.ashen_hollow.sel_arien=0.00:idle;npc.ashen_hollow.tavar_orr=3.02:run
32.233,0.0167,0.67,3.14,run,Idle,npc.ashen_hollow.kera_voss=0.00:idle;npc.ashen_hollow.renn_vale=0.00:idle;npc.ashen_hollow.sel_arien=0.00:idle;npc.ashen_hollow.tavar_orr=3.02:run
32.250,0.0167,0.00,3.14,run,Idle,npc.ashen_hollow.kera_voss=0.00:idle;npc.ashen_hollow.renn_vale=0.00:idle;npc.ashen_hollow.sel_arien=0.00:idle;npc.ashen_hollow.tavar_orr=3.05:run
32.267,0.0167,0.33,3.17,run,Idle,npc.ashen_hollow.kera_voss=0.00:idle;npc.ashen_hollow.renn_vale=0.00:idle;npc.ashen_hollow.sel_arien=0.00:idle;npc.ashen_hollow.tavar_orr=3.05:run
32.283,0.0167,0.67,3.15,run,Idle,npc.ashen_hollow.kera_voss=0.00:idle;npc.ashen_hollow.renn_vale=0.00:idle;npc.ashen_hollow.sel_arien=0.00:idle;npc.ashen_hollow.tavar_orr=3.05:run
32.300,0.0167,0.00,3.15,run,Idle,npc.ashen_hollow.kera_voss=0.00:idle;npc.ashen_hollow.renn_vale=0.00:idle;npc.ashen_hollow.sel_arien=0.00:idle;npc.ashen_hollow.tavar_orr=3.07:run
32.317,0.0167,0.33,3.17,run,Idle,npc.ashen_hollow.kera_voss=0.00:idle;npc.ashen_hollow.renn_vale=0.00:idle;npc.ashen_hollow.sel_arien=0.00:idle;npc.ashen_hollow.tavar_orr=3.07:run
32.333,0.0167,0.67,3.15,run,Idle,npc.ashen_hollow.kera_voss=0.00:idle;npc.ashen_hollow.renn_vale=0.00:idle;npc.ashen_hollow.sel_arien=0.00:idle;npc.ashen_hollow.tavar_orr=3.07:run
32.350,0.0167,0.00,3.15,run,Idle,npc.ashen_hollow.kera_voss=0.00:idle;npc.ashen_hollow.renn_vale=0.00:idle;npc.ashen_hollow.sel_arien=0.00:idle;npc.ashen_hollow.tavar_orr=3.09:run
32.367,0.0167,0.33,3.17,run,Idle,npc.ashen_hollow.kera_voss=0.00:idle;npc.ashen_hollow.renn_vale=0.00:idle;npc.ashen_hollow.sel_arien=0.00:idle;npc.ashen_hollow.tavar_orr=3.09:run
32.383,0.0167,0.67,3.15,run,Idle,npc.ashen_hollow.kera_voss=0.00:idle;npc.ashen_hollow.renn_vale=0.00:idle;npc.ashen_hollow.sel_arien=0.00:idle;npc.ashen_hollow.tavar_orr=3.09:run
32.400,0.0167,0.00,3.15,run,Idle,npc.ashen_hollow.kera_voss=0.00:idle;npc.ashen_hollow.renn_vale=0.00:idle;npc.ashen_hollow.sel_arien=0.00:idle;npc.ashen_hollow.tavar_orr=3.11:run
32.417,0.0167,0.33,3.18,run,Idle,npc.ashen_hollow.kera_voss=0.00:idle;npc.ashen_hollow.renn_vale=0.00:idle;npc.ashen_hollow.sel_arien=0.00:idle;npc.ashen_hollow.tavar_orr=3.11:run
32.433,0.0167,0.67,3.15,run,Idle,npc.ashen_hollow.kera_voss=0.00:idle;npc.ashen_hollow.renn_vale=0.00:idle;npc.ashen_hollow.sel_arien=0.00:idle;npc.ashen_hollow.tavar_orr=3.11:run
32.450,0.0167,0.00,3.15,run,Idle,npc.ashen_hollow.kera_voss=0.00:idle;npc.ashen_hollow.renn_vale=0.00:idle;npc.ashen_hollow.sel_arien=0.00:idle;npc.ashen_hollow.tavar_orr=2.88:run
32.467,0.0167,0.33,3.18,run,Idle,npc.ashen_hollow.kera_voss=0.00:idle;npc.ashen_hollow.renn_vale=0.00:idle;npc.ashen_hollow.sel_arien=0.00:idle;npc.ashen_hollow.tavar_orr=2.88:run
32.483,0.0167,0.67,3.15,run,Idle,npc.ashen_hollow.kera_voss=0.00:idle;npc.ashen_hollow.renn_vale=0.00:idle;npc.ashen_hollow.sel_arien=0.00:idle;npc.ashen_hollow.tavar_orr=2.88:run
32.500,0.0167,0.00,3.15,run,Idle,npc.ashen_hollow.kera_voss=0.00:idle;npc.ashen_hollow.renn_vale=0.00:idle;npc.ashen_hollow.sel_arien=0.00:idle;npc.ashen_hollow.tavar_orr=2.92:run
32.517,0.0167,0.33,3.18,run,Idle,npc.ashen_hollow.kera_voss=0.00:idle;npc.ashen_hollow.renn_vale=0.00:idle;npc.ashen_hollow.sel_arien=0.00:idle;npc.ashen_hollow.tavar_orr=2.92:run
32.533,0.0167,0.67,3.15,run,Idle,npc.ashen_hollow.kera_voss=0.00:idle;npc.ashen_hollow.renn_vale=0.00:idle;npc.ashen_hollow.sel_arien=0.00:idle;npc.ashen_hollow.tavar_orr=2.92:run
32.550,0.0167,0.00,3.15,run,Idle,npc.ashen_hollow.kera_voss=0.00:idle;npc.ashen_hollow.renn_vale=0.00:idle;npc.ashen_hollow.sel_arien=0.00:idle;npc.ashen_hollow.tavar_orr=2.97:run
32.567,0.0167,0.33,3.18,run,Idle,npc.ashen_hollow.kera_voss=0.00:idle;npc.ashen_hollow.renn_vale=0.00:idle;npc.ashen_hollow.sel_arien=0.00:idle;npc.ashen_hollow.tavar_orr=2.97:run
32.583,0.0167,0.67,3.15,run,Idle,npc.ashen_hollow.kera_voss=0.00:idle;npc.ashen_hollow.renn_vale=0.00:idle;npc.ashen_hollow.sel_arien=0.00:idle;npc.ashen_hollow.tavar_orr=2.97:run
32.600,0.0167,0.00,3.15,run,Idle,npc.ashen_hollow.kera_voss=0.00:idle;npc.ashen_hollow.renn_vale=0.00:idle;npc.ashen_hollow.sel_arien=0.00:idle;npc.ashen_hollow.tavar_orr=3.00:run
32.617,0.0167,0.33,3.18,run,Idle,npc.ashen_hollow.kera_voss=0.00:idle;npc.ashen_hollow.renn_vale=0.00:idle;npc.ashen_hollow.sel_arien=0.00:idle;npc.ashen_hollow.tavar_orr=3.00:run
32.633,0.0167,0.67,3.16,run,Idle,npc.ashen_hollow.kera_voss=0.00:idle;npc.ashen_hollow.renn_vale=0.00:idle;npc.ashen_hollow.sel_arien=0.00:idle;npc.ashen_hollow.tavar_orr=3.00:run
32.650,0.0167,0.00,3.16,run,Idle,npc.ashen_hollow.kera_voss=0.00:idle;npc.ashen_hollow.renn_vale=0.00:idle;npc.ashen_hollow.sel_arien=0.00:idle;npc.ashen_hollow.tavar_orr=3.03:run
32.667,0.0167,0.33,2.56,run,Idle,npc.ashen_hollow.kera_voss=0.00:idle;npc.ashen_hollow.renn_vale=0.00:idle;npc.ashen_hollow.sel_arien=0.00:idle;npc.ashen_hollow.tavar_orr=3.03:run
32.683,0.0167,0.67,2.08,run,Idle,npc.ashen_hollow.kera_voss=0.00:idle;npc.ashen_hollow.renn_vale=0.00:idle;npc.ashen_hollow.sel_arien=0.00:idle;npc.ashen_hollow.tavar_orr=3.03:run
32.700,0.0167,0.00,2.08,run,Idle,npc.ashen_hollow.kera_voss=0.00:idle;npc.ashen_hollow.renn_vale=0.00:idle;npc.ashen_hollow.sel_arien=0.00:idle;npc.ashen_hollow.tavar_orr=2.81:run
32.717,0.0167,0.33,1.69,walk,Idle,npc.ashen_hollow.kera_voss=0.00:idle;npc.ashen_hollow.renn_vale=0.00:idle;npc.ashen_hollow.sel_arien=0.00:idle;npc.ashen_hollow.tavar_orr=2.81:run
32.733,0.0167,0.67,1.37,walk,Idle,npc.ashen_hollow.kera_voss=0.00:idle;npc.ashen_hollow.renn_vale=0.00:idle;npc.ashen_hollow.sel_arien=0.00:idle;npc.ashen_hollow.tavar_orr=2.81:run
32.750,0.0167,0.00,1.37,walk,Idle,npc.ashen_hollow.kera_voss=0.00:idle;npc.ashen_hollow.renn_vale=0.00:idle;npc.ashen_hollow.sel_arien=0.00:idle;npc.ashen_hollow.tavar_orr=2.62:run
32.767,0.0167,0.33,1.11,walk,Idle,npc.ashen_hollow.kera_voss=0.00:idle;npc.ashen_hollow.renn_vale=0.00:idle;npc.ashen_hollow.sel_arien=0.00:idle;npc.ashen_hollow.tavar_orr=2.62:run
32.783,0.0167,0.67,0.90,walk,Idle,npc.ashen_hollow.kera_voss=0.00:idle;npc.ashen_hollow.renn_vale=0.00:idle;npc.ashen_hollow.sel_arien=0.00:idle;npc.ashen_hollow.tavar_orr=2.62:run
32.800,0.0167,0.00,0.90,walk,Idle,npc.ashen_hollow.kera_voss=0.00:idle;npc.ashen_hollow.renn_vale=0.00:idle;npc.ashen_hollow.sel_arien=0.00:idle;npc.ashen_hollow.tavar_orr=2.47:run
32.817,0.0167,0.33,0.73,walk,Idle,npc.ashen_hollow.kera_voss=0.00:idle;npc.ashen_hollow.renn_vale=0.00:idle;npc.ashen_hollow.sel_arien=0.00:idle;npc.ashen_hollow.tavar_orr=2.47:run
32.833,0.0167,0.67,0.60,walk,Idle,npc.ashen_hollow.kera_voss=0.00:idle;npc.ashen_hollow.renn_vale=0.00:idle;npc.ashen_hollow.sel_arien=0.00:idle;npc.ashen_hollow.tavar_orr=2.47:run
32.850,0.0167,0.00,0.60,walk,Idle,npc.ashen_hollow.kera_voss=0.00:idle;npc.ashen_hollow.renn_vale=0.00:idle;npc.ashen_hollow.sel_arien=0.00:idle;npc.ashen_hollow.tavar_orr=2.33:run
32.867,0.0167,0.33,0.48,walk,Idle,npc.ashen_hollow.kera_voss=0.00:idle;npc.ashen_hollow.renn_vale=0.00:idle;npc.ashen_hollow.sel_arien=0.00:idle;npc.ashen_hollow.tavar_orr=2.33:run
32.883,0.0167,0.67,0.39,walk,Idle,npc.ashen_hollow.kera_voss=0.00:idle;npc.ashen_hollow.renn_vale=0.00:idle;npc.ashen_hollow.sel_arien=0.00:idle;npc.ashen_hollow.tavar_orr=2.33:run
32.900,0.0167,0.00,0.39,walk,Idle,npc.ashen_hollow.kera_voss=0.00:idle;npc.ashen_hollow.renn_vale=0.00:idle;npc.ashen_hollow.sel_arien=0.00:idle;npc.ashen_hollow.tavar_orr=2.22:run
32.917,0.0167,0.33,0.32,walk,Idle,npc.ashen_hollow.kera_voss=0.00:idle;npc.ashen_hollow.renn_vale=0.00:idle;npc.ashen_hollow.sel_arien=0.00:idle;npc.ashen_hollow.tavar_orr=2.22:run
32.933,0.0167,0.67,0.26,walk,Idle,npc.ashen_hollow.kera_voss=0.00:idle;npc.ashen_hollow.renn_vale=0.00:idle;npc.ashen_hollow.sel_arien=0.00:idle;npc.ashen_hollow.tavar_orr=2.22:run
32.950,0.0167,0.00,0.26,walk,Idle,npc.ashen_hollow.kera_voss=0.00:idle;npc.ashen_hollow.renn_vale=0.00:idle;npc.ashen_hollow.sel_arien=0.00:idle;npc.ashen_hollow.tavar_orr=2.13:run
32.967,0.0167,0.33,0.21,spear_ready,Idle,npc.ashen_hollow.kera_voss=0.00:idle;npc.ashen_hollow.renn_vale=0.00:idle;npc.ashen_hollow.sel_arien=0.00:idle;npc.ashen_hollow.tavar_orr=2.13:run
32.983,0.0167,0.67,0.17,spear_ready,Idle,npc.ashen_hollow.kera_voss=0.00:idle;npc.ashen_hollow.renn_vale=0.00:idle;npc.ashen_hollow.sel_arien=0.00:idle;npc.ashen_hollow.tavar_orr=2.13:run
33.000,0.0167,0.00,0.17,spear_ready,Idle,npc.ashen_hollow.kera_voss=0.00:idle;npc.ashen_hollow.renn_vale=0.00:idle;npc.ashen_hollow.sel_arien=0.00:idle;npc.ashen_hollow.tavar_orr=2.04:run
33.017,0.0167,0.33,0.14,spear_ready,Idle,npc.ashen_hollow.kera_voss=0.00:idle;npc.ashen_hollow.renn_vale=0.00:idle;npc.ashen_hollow.sel_arien=0.00:idle;npc.ashen_hollow.tavar_orr=2.04:run
33.033,0.0167,0.67,0.11,spear_ready,Idle,npc.ashen_hollow.kera_voss=0.00:idle;npc.ashen_hollow.renn_vale=0.00:idle;npc.ashen_hollow.sel_arien=0.00:idle;npc.ashen_hollow.tavar_orr=2.04:run
33.050,0.0167,0.00,0.11,spear_ready,Idle,npc.ashen_hollow.kera_voss=0.00:idle;npc.ashen_hollow.renn_vale=0.00:idle;npc.ashen_hollow.sel_arien=0.00:idle;npc.ashen_hollow.tavar_orr=1.98:walk
33.067,0.0167,0.33,0.09,spear_ready,Idle,npc.ashen_hollow.kera_voss=0.00:idle;npc.ashen_hollow.renn_vale=0.00:idle;npc.ashen_hollow.sel_arien=0.00:idle;npc.ashen_hollow.tavar_orr=1.98:walk
33.083,0.0167,0.67,0.07,spear_ready,Idle,npc.ashen_hollow.kera_voss=0.00:idle;npc.ashen_hollow.renn_vale=0.00:idle;npc.ashen_hollow.sel_arien=0.00:idle;npc.ashen_hollow.tavar_orr=1.98:walk
33.100,0.0167,0.00,0.07,spear_ready,Idle,npc.ashen_hollow.kera_voss=0.00:idle;npc.ashen_hollow.renn_vale=0.00:idle;npc.ashen_hollow.sel_arien=0.00:idle;npc.ashen_hollow.tavar_orr=1.92:walk
33.117,0.0167,0.33,0.06,spear_ready,Idle,npc.ashen_hollow.kera_voss=0.00:idle;npc.ashen_hollow.renn_vale=0.00:idle;npc.ashen_hollow.sel_arien=0.00:idle;npc.ashen_hollow.tavar_orr=1.92:walk
33.133,0.0167,0.67,0.05,spear_ready,Idle,npc.ashen_hollow.kera_voss=0.00:idle;npc.ashen_hollow.renn_vale=0.00:idle;npc.ashen_hollow.sel_arien=0.00:idle;npc.ashen_hollow.tavar_orr=1.92:walk
33.150,0.0167,0.00,0.05,spear_ready,Idle,npc.ashen_hollow.kera_voss=0.00:idle;npc.ashen_hollow.renn_vale=0.00:idle;npc.ashen_hollow.sel_arien=0.00:idle;npc.ashen_hollow.tavar_orr=1.87:walk
33.167,0.0167,0.33,0.04,jump_start,Idle,npc.ashen_hollow.kera_voss=0.00:idle;npc.ashen_hollow.renn_vale=0.00:idle;npc.ashen_hollow.sel_arien=0.00:idle;npc.ashen_hollow.tavar_orr=1.87:walk
33.183,0.0167,0.67,0.03,jump_start,Idle,npc.ashen_hollow.kera_voss=0.00:idle;npc.ashen_hollow.renn_vale=0.00:idle;npc.ashen_hollow.sel_arien=0.00:idle;npc.ashen_hollow.tavar_orr=1.87:walk
33.200,0.0167,0.00,0.03,jump_start,Idle,npc.ashen_hollow.kera_voss=0.00:idle;npc.ashen_hollow.renn_vale=0.00:idle;npc.ashen_hollow.sel_arien=0.00:idle;npc.ashen_hollow.tavar_orr=1.82:walk
33.217,0.0167,0.33,0.03,jump_start,Idle,npc.ashen_hollow.kera_voss=0.00:idle;npc.ashen_hollow.renn_vale=0.00:idle;npc.ashen_hollow.sel_arien=0.00:idle;npc.ashen_hollow.tavar_orr=1.82:walk
33.233,0.0167,0.67,0.02,jump_start,Idle,npc.ashen_hollow.kera_voss=0.00:idle;npc.ashen_hollow.renn_vale=0.00:idle;npc.ashen_hollow.sel_arien=0.00:idle;npc.ashen_hollow.tavar_orr=1.82:walk
33.250,0.0167,0.00,0.02,jump_start,Idle,npc.ashen_hollow.kera_voss=0.00:idle;npc.ashen_hollow.renn_vale=0.00:idle;npc.ashen_hollow.sel_arien=0.00:idle;npc.ashen_hollow.tavar_orr=1.78:walk
33.267,0.0167,0.33,0.02,jump_start,Idle,npc.ashen_hollow.kera_voss=0.00:idle;npc.ashen_hollow.renn_vale=0.00:idle;npc.ashen_hollow.sel_arien=0.00:idle;npc.ashen_hollow.tavar_orr=1.78:walk
33.283,0.0167,0.67,0.01,jump_start,Idle,npc.ashen_hollow.kera_voss=0.00:idle;npc.ashen_hollow.renn_vale=0.00:idle;npc.ashen_hollow.sel_arien=0.00:idle;npc.ashen_hollow.tavar_orr=1.78:walk
33.300,0.0167,0.00,0.01,jump_start,Idle,npc.ashen_hollow.kera_voss=0.00:idle;npc.ashen_hollow.renn_vale=0.00:idle;npc.ashen_hollow.sel_arien=0.00:idle;npc.ashen_hollow.tavar_orr=1.75:walk
33.317,0.0167,0.33,0.01,jump_start,Idle,npc.ashen_hollow.kera_voss=0.00:idle;npc.ashen_hollow.renn_vale=0.00:idle;npc.ashen_hollow.sel_arien=0.00:idle;npc.ashen_hollow.tavar_orr=1.75:walk
33.333,0.0167,0.67,0.01,jump_start,Idle,npc.ashen_hollow.kera_voss=0.00:idle;npc.ashen_hollow.renn_vale=0.00:idle;npc.ashen_hollow.sel_arien=0.00:idle;npc.ashen_hollow.tavar_orr=1.75:walk
33.350,0.0167,0.00,0.01,jump_start,Idle,npc.ashen_hollow.kera_voss=0.00:idle;npc.ashen_hollow.renn_vale=0.00:idle;npc.ashen_hollow.sel_arien=0.00:idle;npc.ashen_hollow.tavar_orr=1.72:walk
33.367,0.0167,0.33,0.01,jump_start,Idle,npc.ashen_hollow.kera_voss=0.00:idle;npc.ashen_hollow.renn_vale=0.00:idle;npc.ashen_hollow.sel_arien=0.00:idle;npc.ashen_hollow.tavar_orr=1.72:walk
33.383,0.0167,0.67,0.01,jump_start,Idle,npc.ashen_hollow.kera_voss=0.00:idle;npc.ashen_hollow.renn_vale=0.00:idle;npc.ashen_hollow.sel_arien=0.00:idle;npc.ashen_hollow.tavar_orr=1.72:walk
33.400,0.0167,0.00,0.01,jump_start,Idle,npc.ashen_hollow.kera_voss=0.00:idle;npc.ashen_hollow.renn_vale=0.00:idle;npc.ashen_hollow.sel_arien=0.00:idle;npc.ashen_hollow.tavar_orr=1.70:walk
33.417,0.0167,0.33,0.00,jump_start,Idle,npc.ashen_hollow.kera_voss=0.00:idle;npc.ashen_hollow.renn_vale=0.00:idle;npc.ashen_hollow.sel_arien=0.00:idle;npc.ashen_hollow.tavar_orr=1.70:walk
33.433,0.0167,0.67,0.00,jump_start,Idle,npc.ashen_hollow.kera_voss=0.00:idle;npc.ashen_hollow.renn_vale=0.00:idle;npc.ashen_hollow.sel_arien=0.00:idle;npc.ashen_hollow.tavar_orr=1.70:walk
33.450,0.0167,0.00,0.00,jump_start,Idle,npc.ashen_hollow.kera_voss=0.00:idle;npc.ashen_hollow.renn_vale=0.00:idle;npc.ashen_hollow.sel_arien=0.00:idle;npc.ashen_hollow.tavar_orr=1.68:walk
33.467,0.0167,0.33,0.00,jump_start,Idle,npc.ashen_hollow.kera_voss=0.00:idle;npc.ashen_hollow.renn_vale=0.00:idle;npc.ashen_hollow.sel_arien=0.00:idle;npc.ashen_hollow.tavar_orr=1.68:walk
33.483,0.0167,0.67,0.00,jump_start,Idle,npc.ashen_hollow.kera_voss=0.00:idle;npc.ashen_hollow.renn_vale=0.00:idle;npc.ashen_hollow.sel_arien=0.00:idle;npc.ashen_hollow.tavar_orr=1.68:walk
33.500,0.0167,0.00,0.00,jump_start,Idle,npc.ashen_hollow.kera_voss=0.00:idle;npc.ashen_hollow.renn_vale=0.00:idle;npc.ashen_hollow.sel_arien=0.00:idle;npc.ashen_hollow.tavar_orr=1.66:walk
33.517,0.0167,0.33,0.00,fall,Idle,npc.ashen_hollow.kera_voss=0.00:idle;npc.ashen_hollow.renn_vale=0.00:idle;npc.ashen_hollow.sel_arien=0.00:idle;npc.ashen_hollow.tavar_orr=1.66:walk
33.533,0.0167,0.67,0.00,fall,Idle,npc.ashen_hollow.kera_voss=0.00:idle;npc.ashen_hollow.renn_vale=0.00:idle;npc.ashen_hollow.sel_arien=0.00:idle;npc.ashen_hollow.tavar_orr=1.66:walk
33.550,0.0167,0.00,0.00,fall,Idle,npc.ashen_hollow.kera_voss=0.00:idle;npc.ashen_hollow.renn_vale=0.00:idle;npc.ashen_hollow.sel_arien=0.00:idle;npc.ashen_hollow.tavar_orr=1.65:walk
33.567,0.0167,0.33,0.00,fall,Idle,npc.ashen_hollow.kera_voss=0.00:idle;npc.ashen_hollow.renn_vale=0.00:idle;npc.ashen_hollow.sel_arien=0.00:idle;npc.ashen_hollow.tavar_orr=1.65:walk
33.583,0.0167,0.67,0.00,fall,Idle,npc.ashen_hollow.kera_voss=0.00:idle;npc.ashen_hollow.renn_vale=0.00:idle;npc.ashen_hollow.sel_arien=0.00:idle;npc.ashen_hollow.tavar_orr=1.65:walk
33.600,0.0167,0.00,0.00,fall,Idle,npc.ashen_hollow.kera_voss=0.00:idle;npc.ashen_hollow.renn_vale=0.00:idle;npc.ashen_hollow.sel_arien=0.00:idle;npc.ashen_hollow.tavar_orr=1.64:walk
33.617,0.0167,0.33,0.00,fall,Idle,npc.ashen_hollow.kera_voss=0.00:idle;npc.ashen_hollow.renn_vale=0.00:idle;npc.ashen_hollow.sel_arien=0.00:idle;npc.ashen_hollow.tavar_orr=1.64:walk
33.633,0.0167,0.67,0.00,fall,Idle,npc.ashen_hollow.kera_voss=0.00:idle;npc.ashen_hollow.renn_vale=0.00:idle;npc.ashen_hollow.sel_arien=0.00:idle;npc.ashen_hollow.tavar_orr=1.64:walk
33.650,0.0167,0.00,0.00,fall,Idle,npc.ashen_hollow.kera_voss=0.00:idle;npc.ashen_hollow.renn_vale=0.00:idle;npc.ashen_hollow.sel_arien=0.00:idle;npc.ashen_hollow.tavar_orr=1.64:walk
33.667,0.0167,0.33,0.00,fall,Idle,npc.ashen_hollow.kera_voss=0.00:idle;npc.ashen_hollow.renn_vale=0.00:idle;npc.ashen_hollow.sel_arien=0.00:idle;npc.ashen_hollow.tavar_orr=1.64:walk
33.683,0.0167,0.67,0.00,fall,Idle,npc.ashen_hollow.kera_voss=0.00:idle;npc.ashen_hollow.renn_vale=0.00:idle;npc.ashen_hollow.sel_arien=0.00:idle;npc.ashen_hollow.tavar_orr=1.39:walk
33.700,0.0167,0.00,0.00,fall,Idle,npc.ashen_hollow.kera_voss=0.00:idle;npc.ashen_hollow.renn_vale=0.00:idle;npc.ashen_hollow.sel_arien=0.00:idle;npc.ashen_hollow.tavar_orr=1.17:walk
33.717,0.0167,0.33,0.00,fall,Idle,npc.ashen_hollow.kera_voss=0.00:idle;npc.ashen_hollow.renn_vale=0.00:idle;npc.ashen_hollow.sel_arien=0.00:idle;npc.ashen_hollow.tavar_orr=0.99:walk
33.733,0.0167,0.67,0.00,fall,Idle,npc.ashen_hollow.kera_voss=0.00:idle;npc.ashen_hollow.renn_vale=0.00:idle;npc.ashen_hollow.sel_arien=0.00:idle;npc.ashen_hollow.tavar_orr=0.84:walk
33.750,0.0167,0.00,0.00,fall,Idle,npc.ashen_hollow.kera_voss=0.00:idle;npc.ashen_hollow.renn_vale=0.00:idle;npc.ashen_hollow.sel_arien=0.00:idle;npc.ashen_hollow.tavar_orr=0.71:walk
33.767,0.0167,0.33,0.00,fall,Idle,npc.ashen_hollow.kera_voss=0.00:idle;npc.ashen_hollow.renn_vale=0.00:idle;npc.ashen_hollow.sel_arien=0.00:idle;npc.ashen_hollow.tavar_orr=0.00:idle
33.783,0.0167,0.67,0.00,fall,Idle,npc.ashen_hollow.kera_voss=0.00:idle;npc.ashen_hollow.renn_vale=0.00:idle;npc.ashen_hollow.sel_arien=0.00:idle;npc.ashen_hollow.tavar_orr=0.00:idle
33.800,0.0167,0.00,0.00,fall,Idle,npc.ashen_hollow.kera_voss=0.00:idle;npc.ashen_hollow.renn_vale=0.00:idle;npc.ashen_hollow.sel_arien=0.00:idle;npc.ashen_hollow.tavar_orr=0.00:idle
33.817,0.0167,0.33,0.00,fall,Idle,npc.ashen_hollow.kera_voss=0.00:idle;npc.ashen_hollow.renn_vale=0.00:idle;npc.ashen_hollow.sel_arien=0.00:idle;npc.ashen_hollow.tavar_orr=0.00:idle
33.833,0.0167,0.67,0.00,fall,Idle,npc.ashen_hollow.kera_voss=0.00:idle;npc.ashen_hollow.renn_vale=0.00:idle;npc.ashen_hollow.sel_arien=0.00:idle;npc.ashen_hollow.tavar_orr=0.00:idle
33.850,0.0167,0.00,0.00,fall,Idle,npc.ashen_hollow.kera_voss=0.00:idle;npc.ashen_hollow.renn_vale=0.00:idle;npc.ashen_hollow.sel_arien=0.00:idle;npc.ashen_hollow.tavar_orr=0.00:idle
33.867,0.0167,0.33,0.00,fall,Idle,npc.ashen_hollow.kera_voss=0.00:idle;npc.ashen_hollow.renn_vale=0.00:idle;npc.ashen_hollow.sel_arien=0.00:idle;npc.ashen_hollow.tavar_orr=0.00:idle
33.883,0.0167,0.67,0.00,fall,Idle,npc.ashen_hollow.kera_voss=0.00:idle;npc.ashen_hollow.renn_vale=0.00:idle;npc.ashen_hollow.sel_arien=0.00:idle;npc.ashen_hollow.tavar_orr=0.00:idle
33.900,0.0167,0.00,0.00,fall,Idle,npc.ashen_hollow.kera_voss=0.00:idle;npc.ashen_hollow.renn_vale=0.00:idle;npc.ashen_hollow.sel_arien=0.00:idle;npc.ashen_hollow.tavar_orr=0.00:idle
33.917,0.0167,0.33,0.00,fall,Idle,npc.ashen_hollow.kera_voss=0.00:idle;npc.ashen_hollow.renn_vale=0.00:idle;npc.ashen_hollow.sel_arien=0.00:idle;npc.ashen_hollow.tavar_orr=0.00:idle
33.933,0.0167,0.67,0.00,fall,Idle,npc.ashen_hollow.kera_voss=0.00:idle;npc.ashen_hollow.renn_vale=0.00:idle;npc.ashen_hollow.sel_arien=0.00:idle;npc.ashen_hollow.tavar_orr=0.00:idle
33.950,0.0167,0.00,0.00,fall,Idle,npc.ashen_hollow.kera_voss=0.00:idle;npc.ashen_hollow.renn_vale=0.00:idle;npc.ashen_hollow.sel_arien=0.00:idle;npc.ashen_hollow.tavar_orr=0.00:idle
33.967,0.0167,0.33,0.00,fall,Idle,npc.ashen_hollow.kera_voss=0.00:idle;npc.ashen_hollow.renn_vale=0.00:idle;npc.ashen_hollow.sel_arien=0.00:idle;npc.ashen_hollow.tavar_orr=0.00:idle
33.983,0.0167,0.67,0.00,fall,Idle,npc.ashen_hollow.kera_voss=0.00:idle;npc.ashen_hollow.renn_vale=0.00:idle;npc.ashen_hollow.sel_arien=0.00:idle;npc.ashen_hollow.tavar_orr=0.00:idle
34.000,0.0167,0.00,0.00,land,Idle,npc.ashen_hollow.kera_voss=0.00:idle;npc.ashen_hollow.renn_vale=0.00:idle;npc.ashen_hollow.sel_arien=0.00:idle;npc.ashen_hollow.tavar_orr=0.00:idle
34.017,0.0167,0.33,0.00,land,Idle,npc.ashen_hollow.kera_voss=0.00:idle;npc.ashen_hollow.renn_vale=0.00:idle;npc.ashen_hollow.sel_arien=0.00:idle;npc.ashen_hollow.tavar_orr=0.00:idle
34.033,0.0167,0.67,0.00,land,Idle,npc.ashen_hollow.kera_voss=0.00:idle;npc.ashen_hollow.renn_vale=0.00:idle;npc.ashen_hollow.sel_arien=0.00:idle;npc.ashen_hollow.tavar_orr=0.00:idle
34.050,0.0167,0.00,0.00,land,Idle,npc.ashen_hollow.kera_voss=0.00:idle;npc.ashen_hollow.renn_vale=0.00:idle;npc.ashen_hollow.sel_arien=0.00:idle;npc.ashen_hollow.tavar_orr=0.00:idle
34.067,0.0167,0.33,0.00,land,Idle,npc.ashen_hollow.kera_voss=0.00:idle;npc.ashen_hollow.renn_vale=0.00:idle;npc.ashen_hollow.sel_arien=0.00:idle;npc.ashen_hollow.tavar_orr=0.00:idle
34.083,0.0167,0.67,0.00,land,Idle,npc.ashen_hollow.kera_voss=0.00:idle;npc.ashen_hollow.renn_vale=0.00:idle;npc.ashen_hollow.sel_arien=0.00:idle;npc.ashen_hollow.tavar_orr=0.00:idle
34.100,0.0167,0.00,0.00,land,Idle,npc.ashen_hollow.kera_voss=0.00:idle;npc.ashen_hollow.renn_vale=0.00:idle;npc.ashen_hollow.sel_arien=0.00:idle;npc.ashen_hollow.tavar_orr=0.00:idle
34.117,0.0167,0.33,0.00,land,Idle,npc.ashen_hollow.kera_voss=0.00:idle;npc.ashen_hollow.renn_vale=0.00:idle;npc.ashen_hollow.sel_arien=0.00:idle;npc.ashen_hollow.tavar_orr=0.00:idle
34.133,0.0167,0.67,0.00,land,Idle,npc.ashen_hollow.kera_voss=0.00:idle;npc.ashen_hollow.renn_vale=0.00:idle;npc.ashen_hollow.sel_arien=0.00:idle;npc.ashen_hollow.tavar_orr=0.00:idle
34.150,0.0167,0.00,0.00,land,Idle,npc.ashen_hollow.kera_voss=0.00:idle;npc.ashen_hollow.renn_vale=0.00:idle;npc.ashen_hollow.sel_arien=0.00:idle;npc.ashen_hollow.tavar_orr=0.00:idle
34.167,0.0167,0.33,0.00,land,Idle,npc.ashen_hollow.kera_voss=0.00:idle;npc.ashen_hollow.renn_vale=0.00:idle;npc.ashen_hollow.sel_arien=0.00:idle;npc.ashen_hollow.tavar_orr=0.00:idle
34.183,0.0167,0.67,0.00,land,Idle,npc.ashen_hollow.kera_voss=0.00:idle;npc.ashen_hollow.renn_vale=0.00:idle;npc.ashen_hollow.sel_arien=0.00:idle;npc.ashen_hollow.tavar_orr=0.00:idle
34.200,0.0167,0.00,0.00,land,Idle,npc.ashen_hollow.kera_voss=0.00:idle;npc.ashen_hollow.renn_vale=0.00:idle;npc.ashen_hollow.sel_arien=0.00:idle;npc.ashen_hollow.tavar_orr=0.00:idle
34.217,0.0167,0.33,0.00,land,Idle,npc.ashen_hollow.kera_voss=0.00:idle;npc.ashen_hollow.renn_vale=0.00:idle;npc.ashen_hollow.sel_arien=0.00:idle;npc.ashen_hollow.tavar_orr=0.00:idle
34.233,0.0167,0.67,0.00,land,Idle,npc.ashen_hollow.kera_voss=0.00:idle;npc.ashen_hollow.renn_vale=0.00:idle;npc.ashen_hollow.sel_arien=0.00:idle;npc.ashen_hollow.tavar_orr=0.00:idle
34.250,0.0167,0.00,0.00,land,Idle,npc.ashen_hollow.kera_voss=0.00:idle;npc.ashen_hollow.renn_vale=0.00:idle;npc.ashen_hollow.sel_arien=0.00:idle;npc.ashen_hollow.tavar_orr=0.00:idle
34.267,0.0167,0.33,0.00,land,Idle,npc.ashen_hollow.kera_voss=0.00:idle;npc.ashen_hollow.renn_vale=0.00:idle;npc.ashen_hollow.sel_arien=0.00:idle;npc.ashen_hollow.tavar_orr=0.00:idle
34.283,0.0167,0.67,0.00,land,Idle,npc.ashen_hollow.kera_voss=0.00:idle;npc.ashen_hollow.renn_vale=0.00:idle;npc.ashen_hollow.sel_arien=0.00:idle;npc.ashen_hollow.tavar_orr=0.00:idle
34.300,0.0167,0.00,0.00,land,Idle,npc.ashen_hollow.kera_voss=0.00:idle;npc.ashen_hollow.renn_vale=0.00:idle;npc.ashen_hollow.sel_arien=0.00:idle;npc.ashen_hollow.tavar_orr=0.00:idle
34.317,0.0167,0.33,0.00,land,Idle,npc.ashen_hollow.kera_voss=0.00:idle;npc.ashen_hollow.renn_vale=0.00:idle;npc.ashen_hollow.sel_arien=0.00:idle;npc.ashen_hollow.tavar_orr=0.00:idle
34.333,0.0167,0.67,0.00,land,Idle,npc.ashen_hollow.kera_voss=0.00:idle;npc.ashen_hollow.renn_vale=0.00:idle;npc.ashen_hollow.sel_arien=0.00:idle;npc.ashen_hollow.tavar_orr=0.00:idle
34.350,0.0167,0.00,0.00,land,Idle,npc.ashen_hollow.kera_voss=0.00:idle;npc.ashen_hollow.renn_vale=0.00:idle;npc.ashen_hollow.sel_arien=0.00:idle;npc.ashen_hollow.tavar_orr=0.00:idle
34.367,0.0167,0.33,0.00,land,Idle,npc.ashen_hollow.kera_voss=0.00:idle;npc.ashen_hollow.renn_vale=0.00:idle;npc.ashen_hollow.sel_arien=0.00:idle;npc.ashen_hollow.tavar_orr=0.00:idle
34.383,0.0167,0.67,0.00,land,Idle,npc.ashen_hollow.kera_voss=0.00:idle;npc.ashen_hollow.renn_vale=0.00:idle;npc.ashen_hollow.sel_arien=0.00:idle;npc.ashen_hollow.tavar_orr=0.00:idle
34.400,0.0167,0.00,0.00,land,Idle,npc.ashen_hollow.kera_voss=0.00:idle;npc.ashen_hollow.renn_vale=0.00:idle;npc.ashen_hollow.sel_arien=0.00:idle;npc.ashen_hollow.tavar_orr=0.00:idle
34.417,0.0167,0.33,0.00,land,Idle,npc.ashen_hollow.kera_voss=0.00:idle;npc.ashen_hollow.renn_vale=0.00:idle;npc.ashen_hollow.sel_arien=0.00:idle;npc.ashen_hollow.tavar_orr=0.00:idle
34.433,0.0167,0.67,0.00,land,Idle,npc.ashen_hollow.kera_voss=0.00:idle;npc.ashen_hollow.renn_vale=0.00:idle;npc.ashen_hollow.sel_arien=0.00:idle;npc.ashen_hollow.tavar_orr=0.00:idle
34.450,0.0167,0.00,0.00,land,Idle,npc.ashen_hollow.kera_voss=0.00:idle;npc.ashen_hollow.renn_vale=0.00:idle;npc.ashen_hollow.sel_arien=0.00:idle;npc.ashen_hollow.tavar_orr=0.00:idle
34.467,0.0167,0.33,0.00,land,Idle,npc.ashen_hollow.kera_voss=0.00:idle;npc.ashen_hollow.renn_vale=0.00:idle;npc.ashen_hollow.sel_arien=0.00:idle;npc.ashen_hollow.tavar_orr=0.00:idle
34.483,0.0167,0.67,0.00,land,Idle,npc.ashen_hollow.kera_voss=0.00:idle;npc.ashen_hollow.renn_vale=0.00:idle;npc.ashen_hollow.sel_arien=0.00:idle;npc.ashen_hollow.tavar_orr=0.00:idle
34.500,0.0167,0.00,0.00,land,Idle,npc.ashen_hollow.kera_voss=0.00:idle;npc.ashen_hollow.renn_vale=0.00:idle;npc.ashen_hollow.sel_arien=0.00:idle;npc.ashen_hollow.tavar_orr=0.00:idle
34.517,0.0167,0.33,0.00,land,Idle,npc.ashen_hollow.kera_voss=0.00:idle;npc.ashen_hollow.renn_vale=0.00:idle;npc.ashen_hollow.sel_arien=0.00:idle;npc.ashen_hollow.tavar_orr=0.00:idle
34.533,0.0167,0.67,0.00,land,Idle,npc.ashen_hollow.kera_voss=0.00:idle;npc.ashen_hollow.renn_vale=0.00:idle;npc.ashen_hollow.sel_arien=0.00:idle;npc.ashen_hollow.tavar_orr=0.00:idle
34.550,0.0167,0.00,0.00,land,Idle,npc.ashen_hollow.kera_voss=0.00:idle;npc.ashen_hollow.renn_vale=0.00:idle;npc.ashen_hollow.sel_arien=0.00:idle;npc.ashen_hollow.tavar_orr=0.00:idle
34.567,0.0167,0.33,0.00,land,Idle,npc.ashen_hollow.kera_voss=0.00:idle;npc.ashen_hollow.renn_vale=0.00:idle;npc.ashen_hollow.sel_arien=0.00:idle;npc.ashen_hollow.tavar_orr=0.00:idle
34.583,0.0167,0.67,0.00,spear_ready,Idle,npc.ashen_hollow.kera_voss=0.00:idle;npc.ashen_hollow.renn_vale=0.00:idle;npc.ashen_hollow.sel_arien=0.00:idle;npc.ashen_hollow.tavar_orr=0.00:idle
34.600,0.0167,0.00,0.00,spear_ready,Idle,npc.ashen_hollow.kera_voss=0.00:idle;npc.ashen_hollow.renn_vale=0.00:idle;npc.ashen_hollow.sel_arien=0.00:idle;npc.ashen_hollow.tavar_orr=0.00:idle
34.617,0.0167,0.33,0.00,spear_ready,Idle,npc.ashen_hollow.kera_voss=0.00:idle;npc.ashen_hollow.renn_vale=0.00:idle;npc.ashen_hollow.sel_arien=0.00:idle;npc.ashen_hollow.tavar_orr=0.00:idle
34.633,0.0167,0.67,0.00,spear_ready,Idle,npc.ashen_hollow.kera_voss=0.00:idle;npc.ashen_hollow.renn_vale=0.00:idle;npc.ashen_hollow.sel_arien=0.00:idle;npc.ashen_hollow.tavar_orr=0.00:idle
34.650,0.0167,0.00,0.00,spear_ready,Idle,npc.ashen_hollow.kera_voss=0.00:idle;npc.ashen_hollow.renn_vale=0.00:idle;npc.ashen_hollow.sel_arien=0.00:idle;npc.ashen_hollow.tavar_orr=0.00:idle
34.667,0.0167,0.33,0.00,spear_ready,Idle,npc.ashen_hollow.kera_voss=0.00:idle;npc.ashen_hollow.renn_vale=0.00:idle;npc.ashen_hollow.sel_arien=0.00:idle;npc.ashen_hollow.tavar_orr=0.00:idle
34.683,0.0167,0.67,0.00,spear_ready,Idle,npc.ashen_hollow.kera_voss=0.00:idle;npc.ashen_hollow.renn_vale=0.00:idle;npc.ashen_hollow.sel_arien=0.00:idle;npc.ashen_hollow.tavar_orr=0.00:idle
34.700,0.0167,0.00,0.00,spear_ready,Idle,npc.ashen_hollow.kera_voss=0.00:idle;npc.ashen_hollow.renn_vale=0.00:idle;npc.ashen_hollow.sel_arien=0.00:idle;npc.ashen_hollow.tavar_orr=0.00:idle
34.717,0.0167,0.33,0.00,spear_ready,Idle,npc.ashen_hollow.kera_voss=0.00:idle;npc.ashen_hollow.renn_vale=0.00:idle;npc.ashen_hollow.sel_arien=0.00:idle;npc.ashen_hollow.tavar_orr=0.00:idle
34.733,0.0167,0.67,0.00,spear_ready,Idle,npc.ashen_hollow.kera_voss=0.00:idle;npc.ashen_hollow.renn_vale=0.00:idle;npc.ashen_hollow.sel_arien=0.00:idle;npc.ashen_hollow.tavar_orr=0.00:idle
34.750,0.0167,0.00,0.00,spear_ready,Idle,npc.ashen_hollow.kera_voss=0.00:idle;npc.ashen_hollow.renn_vale=0.00:idle;npc.ashen_hollow.sel_arien=0.00:idle;npc.ashen_hollow.tavar_orr=0.00:idle
34.767,0.0167,0.33,0.00,spear_ready,Idle,npc.ashen_hollow.kera_voss=0.00:idle;npc.ashen_hollow.renn_vale=0.00:idle;npc.ashen_hollow.sel_arien=0.00:idle;npc.ashen_hollow.tavar_orr=0.00:idle
34.783,0.0167,0.67,0.00,spear_ready,Idle,npc.ashen_hollow.kera_voss=0.00:idle;npc.ashen_hollow.renn_vale=0.00:idle;npc.ashen_hollow.sel_arien=0.00:idle;npc.ashen_hollow.tavar_orr=0.00:idle
34.800,0.0167,0.00,0.00,spear_ready,Idle,npc.ashen_hollow.kera_voss=0.00:idle;npc.ashen_hollow.renn_vale=0.00:idle;npc.ashen_hollow.sel_arien=0.00:idle;npc.ashen_hollow.tavar_orr=0.00:idle
34.817,0.0167,0.33,0.00,spear_ready,Idle,npc.ashen_hollow.kera_voss=0.00:idle;npc.ashen_hollow.renn_vale=0.00:idle;npc.ashen_hollow.sel_arien=0.00:idle;npc.ashen_hollow.tavar_orr=0.00:idle
34.833,0.0167,0.67,0.00,spear_ready,Idle,npc.ashen_hollow.kera_voss=0.00:idle;npc.ashen_hollow.renn_vale=0.00:idle;npc.ashen_hollow.sel_arien=0.00:idle;npc.ashen_hollow.tavar_orr=0.00:idle
34.850,0.0167,0.00,0.00,spear_ready,Idle,npc.ashen_hollow.kera_voss=0.00:idle;npc.ashen_hollow.renn_vale=0.00:idle;npc.ashen_hollow.sel_arien=0.00:idle;npc.ashen_hollow.tavar_orr=0.00:idle
34.867,0.0167,0.33,0.00,spear_ready,Idle,npc.ashen_hollow.kera_voss=0.00:idle;npc.ashen_hollow.renn_vale=0.00:idle;npc.ashen_hollow.sel_arien=0.00:idle;npc.ashen_hollow.tavar_orr=0.00:idle
34.883,0.0167,0.67,0.00,spear_ready,Idle,npc.ashen_hollow.kera_voss=0.00:idle;npc.ashen_hollow.renn_vale=0.00:idle;npc.ashen_hollow.sel_arien=0.00:idle;npc.ashen_hollow.tavar_orr=0.00:idle
34.900,0.0167,0.00,0.00,spear_ready,Idle,npc.ashen_hollow.kera_voss=0.00:idle;npc.ashen_hollow.renn_vale=0.00:idle;npc.ashen_hollow.sel_arien=0.00:idle;npc.ashen_hollow.tavar_orr=0.00:idle
34.917,0.0167,0.33,0.00,spear_ready,Idle,npc.ashen_hollow.kera_voss=0.00:idle;npc.ashen_hollow.renn_vale=0.00:idle;npc.ashen_hollow.sel_arien=0.00:idle;npc.ashen_hollow.tavar_orr=0.00:idle
34.933,0.0167,0.67,0.00,spear_ready,Idle,npc.ashen_hollow.kera_voss=0.00:idle;npc.ashen_hollow.renn_vale=0.00:idle;npc.ashen_hollow.sel_arien=0.00:idle;npc.ashen_hollow.tavar_orr=0.00:idle
34.950,0.0167,0.00,0.00,spear_ready,Idle,npc.ashen_hollow.kera_voss=0.00:idle;npc.ashen_hollow.renn_vale=0.00:idle;npc.ashen_hollow.sel_arien=0.00:idle;npc.ashen_hollow.tavar_orr=0.00:idle
34.967,0.0167,0.33,0.00,spear_ready,Idle,npc.ashen_hollow.kera_voss=0.00:idle;npc.ashen_hollow.renn_vale=0.00:idle;npc.ashen_hollow.sel_arien=0.00:idle;npc.ashen_hollow.tavar_orr=0.00:idle
34.983,0.0167,0.67,0.00,spear_ready,Idle,npc.ashen_hollow.kera_voss=0.00:idle;npc.ashen_hollow.renn_vale=0.00:idle;npc.ashen_hollow.sel_arien=0.00:idle;npc.ashen_hollow.tavar_orr=0.00:idle
35.000,0.0167,0.00,0.00,spear_ready,Idle,npc.ashen_hollow.kera_voss=0.00:idle;npc.ashen_hollow.renn_vale=0.00:idle;npc.ashen_hollow.sel_arien=0.00:idle;npc.ashen_hollow.tavar_orr=0.00:idle
35.017,0.0167,0.33,0.00,spear_ready,Idle,npc.ashen_hollow.kera_voss=0.00:idle;npc.ashen_hollow.renn_vale=0.00:idle;npc.ashen_hollow.sel_arien=0.00:idle;npc.ashen_hollow.tavar_orr=0.00:idle
35.033,0.0167,0.67,0.00,spear_ready,Idle,npc.ashen_hollow.kera_voss=0.00:idle;npc.ashen_hollow.renn_vale=0.00:idle;npc.ashen_hollow.sel_arien=0.00:idle;npc.ashen_hollow.tavar_orr=0.00:idle
35.050,0.0167,0.00,0.00,spear_ready,Idle,npc.ashen_hollow.kera_voss=0.00:idle;npc.ashen_hollow.renn_vale=0.00:idle;npc.ashen_hollow.sel_arien=0.00:idle;npc.ashen_hollow.tavar_orr=0.00:idle
35.067,0.0167,0.33,0.00,spear_ready,Idle,npc.ashen_hollow.kera_voss=0.00:idle;npc.ashen_hollow.renn_vale=0.00:idle;npc.ashen_hollow.sel_arien=0.00:idle;npc.ashen_hollow.tavar_orr=0.00:idle
35.083,0.0167,0.67,0.00,spear_ready,Idle,npc.ashen_hollow.kera_voss=0.00:idle;npc.ashen_hollow.renn_vale=0.00:idle;npc.ashen_hollow.sel_arien=0.00:idle;npc.ashen_hollow.tavar_orr=0.00:idle
35.100,0.0167,0.00,0.00,spear_ready,Idle,npc.ashen_hollow.kera_voss=0.00:idle;npc.ashen_hollow.renn_vale=0.00:idle;npc.ashen_hollow.sel_arien=0.00:idle;npc.ashen_hollow.tavar_orr=0.00:idle
35.117,0.0167,0.33,0.00,spear_ready,Idle,npc.ashen_hollow.kera_voss=0.00:idle;npc.ashen_hollow.renn_vale=0.00:idle;npc.ashen_hollow.sel_arien=0.00:idle;npc.ashen_hollow.tavar_orr=0.00:idle
35.133,0.0167,0.67,0.00,spear_ready,Idle,npc.ashen_hollow.kera_voss=0.00:idle;npc.ashen_hollow.renn_vale=0.00:idle;npc.ashen_hollow.sel_arien=0.00:idle;npc.ashen_hollow.tavar_orr=0.00:idle
35.150,0.0167,0.00,0.00,spear_ready,Idle,npc.ashen_hollow.kera_voss=0.00:idle;npc.ashen_hollow.renn_vale=0.00:idle;npc.ashen_hollow.sel_arien=0.00:idle;npc.ashen_hollow.tavar_orr=0.00:idle
35.167,0.0167,0.33,0.00,spear_ready,Idle,npc.ashen_hollow.kera_voss=0.00:idle;npc.ashen_hollow.renn_vale=0.00:idle;npc.ashen_hollow.sel_arien=0.00:idle;npc.ashen_hollow.tavar_orr=0.00:idle
35.183,0.0167,0.67,0.00,spear_ready,Idle,npc.ashen_hollow.kera_voss=0.00:idle;npc.ashen_hollow.renn_vale=0.00:idle;npc.ashen_hollow.sel_arien=0.00:idle;npc.ashen_hollow.tavar_orr=0.00:idle
35.200,0.0167,0.00,0.00,spear_ready,Idle,npc.ashen_hollow.kera_voss=0.00:idle;npc.ashen_hollow.renn_vale=0.00:idle;npc.ashen_hollow.sel_arien=0.00:idle;npc.ashen_hollow.tavar_orr=0.00:idle
35.217,0.0167,0.33,0.00,spear_ready,Idle,npc.ashen_hollow.kera_voss=0.00:idle;npc.ashen_hollow.renn_vale=0.00:idle;npc.ashen_hollow.sel_arien=0.00:idle;npc.ashen_hollow.tavar_orr=0.00:idle
35.233,0.0167,0.67,0.00,spear_ready,Idle,npc.ashen_hollow.kera_voss=0.00:idle;npc.ashen_hollow.renn_vale=0.00:idle;npc.ashen_hollow.sel_arien=0.00:idle;npc.ashen_hollow.tavar_orr=0.00:idle
35.250,0.0167,0.00,0.00,spear_ready,Idle,npc.ashen_hollow.kera_voss=0.00:idle;npc.ashen_hollow.renn_vale=0.00:idle;npc.ashen_hollow.sel_arien=0.00:idle;npc.ashen_hollow.tavar_orr=0.00:idle
35.267,0.0167,0.33,0.00,spear_ready,Idle,npc.ashen_hollow.kera_voss=0.00:idle;npc.ashen_hollow.renn_vale=0.00:idle;npc.ashen_hollow.sel_arien=0.00:idle;npc.ashen_hollow.tavar_orr=0.00:idle
35.283,0.0167,0.67,0.00,crouch_idle,Idle,npc.ashen_hollow.kera_voss=0.00:idle;npc.ashen_hollow.renn_vale=0.00:idle;npc.ashen_hollow.sel_arien=0.00:idle;npc.ashen_hollow.tavar_orr=0.00:idle
35.300,0.0167,0.00,0.00,crouch_idle,Idle,npc.ashen_hollow.kera_voss=0.00:idle;npc.ashen_hollow.renn_vale=0.00:idle;npc.ashen_hollow.sel_arien=0.00:idle;npc.ashen_hollow.tavar_orr=0.00:idle
35.317,0.0167,0.33,0.00,crouch_idle,Idle,npc.ashen_hollow.kera_voss=0.00:idle;npc.ashen_hollow.renn_vale=0.00:idle;npc.ashen_hollow.sel_arien=0.00:idle;npc.ashen_hollow.tavar_orr=0.00:idle
35.333,0.0167,0.67,0.00,crouch_idle,Idle,npc.ashen_hollow.kera_voss=0.00:idle;npc.ashen_hollow.renn_vale=0.00:idle;npc.ashen_hollow.sel_arien=0.00:idle;npc.ashen_hollow.tavar_orr=0.00:idle
35.350,0.0167,0.00,0.00,crouch_idle,Idle,npc.ashen_hollow.kera_voss=0.00:idle;npc.ashen_hollow.renn_vale=0.00:idle;npc.ashen_hollow.sel_arien=0.00:idle;npc.ashen_hollow.tavar_orr=0.00:idle
35.367,0.0167,0.33,0.00,crouch_idle,Idle,npc.ashen_hollow.kera_voss=0.00:idle;npc.ashen_hollow.renn_vale=0.00:idle;npc.ashen_hollow.sel_arien=0.00:idle;npc.ashen_hollow.tavar_orr=0.00:idle
35.383,0.0167,0.67,0.00,crouch_idle,Idle,npc.ashen_hollow.kera_voss=0.00:idle;npc.ashen_hollow.renn_vale=0.00:idle;npc.ashen_hollow.sel_arien=0.00:idle;npc.ashen_hollow.tavar_orr=0.00:idle
35.400,0.0167,0.00,0.00,crouch_idle,Idle,npc.ashen_hollow.kera_voss=0.00:idle;npc.ashen_hollow.renn_vale=0.00:idle;npc.ashen_hollow.sel_arien=0.00:idle;npc.ashen_hollow.tavar_orr=0.00:idle
35.417,0.0167,0.33,0.00,crouch_idle,Idle,npc.ashen_hollow.kera_voss=0.00:idle;npc.ashen_hollow.renn_vale=0.00:idle;npc.ashen_hollow.sel_arien=0.00:idle;npc.ashen_hollow.tavar_orr=0.00:idle
35.433,0.0167,0.67,0.00,crouch_idle,Idle,npc.ashen_hollow.kera_voss=0.00:idle;npc.ashen_hollow.renn_vale=0.00:idle;npc.ashen_hollow.sel_arien=0.00:idle;npc.ashen_hollow.tavar_orr=0.00:idle
35.450,0.0167,0.00,0.00,crouch_idle,Idle,npc.ashen_hollow.kera_voss=0.00:idle;npc.ashen_hollow.renn_vale=0.00:idle;npc.ashen_hollow.sel_arien=0.00:idle;npc.ashen_hollow.tavar_orr=0.00:idle
35.467,0.0167,0.33,0.00,crouch_idle,Idle,npc.ashen_hollow.kera_voss=0.00:idle;npc.ashen_hollow.renn_vale=0.00:idle;npc.ashen_hollow.sel_arien=0.00:idle;npc.ashen_hollow.tavar_orr=0.00:idle
35.483,0.0167,0.67,0.00,crouch_idle,Idle,npc.ashen_hollow.kera_voss=0.00:idle;npc.ashen_hollow.renn_vale=0.00:idle;npc.ashen_hollow.sel_arien=0.00:idle;npc.ashen_hollow.tavar_orr=0.00:idle
35.500,0.0167,0.00,0.00,crouch_idle,Idle,npc.ashen_hollow.kera_voss=0.00:idle;npc.ashen_hollow.renn_vale=0.00:idle;npc.ashen_hollow.sel_arien=0.00:idle;npc.ashen_hollow.tavar_orr=0.00:idle
35.517,0.0167,0.33,0.00,crouch_idle,Idle,npc.ashen_hollow.kera_voss=0.00:idle;npc.ashen_hollow.renn_vale=0.00:idle;npc.ashen_hollow.sel_arien=0.00:idle;npc.ashen_hollow.tavar_orr=0.00:idle
35.533,0.0167,0.67,0.00,crouch_idle,Idle,npc.ashen_hollow.kera_voss=0.00:idle;npc.ashen_hollow.renn_vale=0.00:idle;npc.ashen_hollow.sel_arien=0.00:idle;npc.ashen_hollow.tavar_orr=0.00:idle
35.550,0.0167,0.00,0.00,crouch_idle,Idle,npc.ashen_hollow.kera_voss=0.00:idle;npc.ashen_hollow.renn_vale=0.00:idle;npc.ashen_hollow.sel_arien=0.00:idle;npc.ashen_hollow.tavar_orr=0.00:idle
35.567,0.0167,0.33,0.00,crouch_idle,Idle,npc.ashen_hollow.kera_voss=0.00:idle;npc.ashen_hollow.renn_vale=0.00:idle;npc.ashen_hollow.sel_arien=0.00:idle;npc.ashen_hollow.tavar_orr=0.00:idle
35.583,0.0167,0.67,0.00,crouch_idle,Idle,npc.ashen_hollow.kera_voss=0.00:idle;npc.ashen_hollow.renn_vale=0.00:idle;npc.ashen_hollow.sel_arien=0.00:idle;npc.ashen_hollow.tavar_orr=0.00:idle
35.600,0.0167,0.00,0.00,crouch_idle,Idle,npc.ashen_hollow.kera_voss=0.00:idle;npc.ashen_hollow.renn_vale=0.00:idle;npc.ashen_hollow.sel_arien=0.00:idle;npc.ashen_hollow.tavar_orr=0.00:idle
35.617,0.0167,0.33,0.00,crouch_idle,Idle,npc.ashen_hollow.kera_voss=0.00:idle;npc.ashen_hollow.renn_vale=0.00:idle;npc.ashen_hollow.sel_arien=0.00:idle;npc.ashen_hollow.tavar_orr=0.00:idle
35.633,0.0167,0.67,0.00,crouch_idle,Idle,npc.ashen_hollow.kera_voss=0.00:idle;npc.ashen_hollow.renn_vale=0.00:idle;npc.ashen_hollow.sel_arien=0.00:idle;npc.ashen_hollow.tavar_orr=0.00:idle
35.650,0.0167,0.00,0.00,crouch_idle,Idle,npc.ashen_hollow.kera_voss=0.00:idle;npc.ashen_hollow.renn_vale=0.00:idle;npc.ashen_hollow.sel_arien=0.00:idle;npc.ashen_hollow.tavar_orr=0.00:idle
35.667,0.0167,0.33,0.00,crouch_idle,Idle,npc.ashen_hollow.kera_voss=0.00:idle;npc.ashen_hollow.renn_vale=0.00:idle;npc.ashen_hollow.sel_arien=0.00:idle;npc.ashen_hollow.tavar_orr=0.00:idle
35.683,0.0167,0.67,0.00,crouch_idle,Idle,npc.ashen_hollow.kera_voss=0.00:idle;npc.ashen_hollow.renn_vale=0.00:idle;npc.ashen_hollow.sel_arien=0.00:idle;npc.ashen_hollow.tavar_orr=0.00:idle
35.700,0.0167,0.00,0.00,crouch_idle,Idle,npc.ashen_hollow.kera_voss=0.00:idle;npc.ashen_hollow.renn_vale=0.00:idle;npc.ashen_hollow.sel_arien=0.00:idle;npc.ashen_hollow.tavar_orr=0.00:idle
35.717,0.0167,0.33,0.00,crouch_idle,Idle,npc.ashen_hollow.kera_voss=0.00:idle;npc.ashen_hollow.renn_vale=0.00:idle;npc.ashen_hollow.sel_arien=0.00:idle;npc.ashen_hollow.tavar_orr=0.00:idle
35.733,0.0167,0.67,0.00,crouch_idle,Idle,npc.ashen_hollow.kera_voss=0.00:idle;npc.ashen_hollow.renn_vale=0.00:idle;npc.ashen_hollow.sel_arien=0.00:idle;npc.ashen_hollow.tavar_orr=0.00:idle
35.750,0.0167,0.00,0.00,crouch_idle,Idle,npc.ashen_hollow.kera_voss=0.00:idle;npc.ashen_hollow.renn_vale=0.00:idle;npc.ashen_hollow.sel_arien=0.00:idle;npc.ashen_hollow.tavar_orr=0.00:idle
35.767,0.0167,0.33,0.00,crouch_idle,Idle,npc.ashen_hollow.kera_voss=0.00:idle;npc.ashen_hollow.renn_vale=0.00:idle;npc.ashen_hollow.sel_arien=0.00:idle;npc.ashen_hollow.tavar_orr=0.00:idle
35.783,0.0167,0.67,0.00,crouch_idle,Idle,npc.ashen_hollow.kera_voss=0.00:idle;npc.ashen_hollow.renn_vale=0.00:idle;npc.ashen_hollow.sel_arien=0.00:idle;npc.ashen_hollow.tavar_orr=0.00:idle
35.800,0.0167,0.00,0.00,crouch_idle,Idle,npc.ashen_hollow.kera_voss=0.00:idle;npc.ashen_hollow.renn_vale=0.00:idle;npc.ashen_hollow.sel_arien=0.00:idle;npc.ashen_hollow.tavar_orr=0.00:idle
35.817,0.0167,0.33,0.00,crouch_idle,Idle,npc.ashen_hollow.kera_voss=0.00:idle;npc.ashen_hollow.renn_vale=0.00:idle;npc.ashen_hollow.sel_arien=0.00:idle;npc.ashen_hollow.tavar_orr=0.00:idle
35.833,0.0167,0.67,0.00,crouch_idle,Idle,npc.ashen_hollow.kera_voss=0.00:idle;npc.ashen_hollow.renn_vale=0.00:idle;npc.ashen_hollow.sel_arien=0.00:idle;npc.ashen_hollow.tavar_orr=0.00:idle
35.850,0.0167,0.00,0.00,crouch_idle,Idle,npc.ashen_hollow.kera_voss=0.00:idle;npc.ashen_hollow.renn_vale=0.00:idle;npc.ashen_hollow.sel_arien=0.00:idle;npc.ashen_hollow.tavar_orr=0.00:idle
35.867,0.0167,0.33,0.00,crouch_idle,Idle,npc.ashen_hollow.kera_voss=0.00:idle;npc.ashen_hollow.renn_vale=0.00:idle;npc.ashen_hollow.sel_arien=0.00:idle;npc.ashen_hollow.tavar_orr=0.00:idle
35.883,0.0167,0.67,0.00,crouch_idle,Idle,npc.ashen_hollow.kera_voss=0.00:idle;npc.ashen_hollow.renn_vale=0.00:idle;npc.ashen_hollow.sel_arien=0.00:idle;npc.ashen_hollow.tavar_orr=0.00:idle
35.900,0.0167,0.00,0.00,crouch_idle,Idle,npc.ashen_hollow.kera_voss=0.00:idle;npc.ashen_hollow.renn_vale=0.00:idle;npc.ashen_hollow.sel_arien=0.00:idle;npc.ashen_hollow.tavar_orr=0.00:idle
35.917,0.0167,0.33,0.00,crouch_idle,Idle,npc.ashen_hollow.kera_voss=0.00:idle;npc.ashen_hollow.renn_vale=0.00:idle;npc.ashen_hollow.sel_arien=0.00:idle;npc.ashen_hollow.tavar_orr=0.00:idle
35.933,0.0167,0.67,0.00,crouch_idle,Idle,npc.ashen_hollow.kera_voss=0.00:idle;npc.ashen_hollow.renn_vale=0.00:idle;npc.ashen_hollow.sel_arien=0.00:idle;npc.ashen_hollow.tavar_orr=0.00:idle
35.950,0.0167,0.00,0.00,crouch_idle,Idle,npc.ashen_hollow.kera_voss=0.00:idle;npc.ashen_hollow.renn_vale=0.00:idle;npc.ashen_hollow.sel_arien=0.00:idle;npc.ashen_hollow.tavar_orr=0.00:idle
35.967,0.0167,0.33,0.00,crouch_idle,Idle,npc.ashen_hollow.kera_voss=0.00:idle;npc.ashen_hollow.renn_vale=0.00:idle;npc.ashen_hollow.sel_arien=0.00:idle;npc.ashen_hollow.tavar_orr=0.00:idle
35.983,0.0167,0.67,0.00,crouch_idle,Idle,npc.ashen_hollow.kera_voss=0.00:idle;npc.ashen_hollow.renn_vale=0.00:idle;npc.ashen_hollow.sel_arien=0.00:idle;npc.ashen_hollow.tavar_orr=0.00:idle
36.000,0.0167,0.00,0.00,crouch_idle,Idle,npc.ashen_hollow.kera_voss=0.00:idle;npc.ashen_hollow.renn_vale=0.00:idle;npc.ashen_hollow.sel_arien=0.00:idle;npc.ashen_hollow.tavar_orr=0.00:idle
36.017,0.0167,0.33,0.00,crouch_idle,Idle,npc.ashen_hollow.kera_voss=0.00:idle;npc.ashen_hollow.renn_vale=0.00:idle;npc.ashen_hollow.sel_arien=0.00:idle;npc.ashen_hollow.tavar_orr=0.00:idle
36.033,0.0167,0.67,0.00,crouch_idle,Idle,npc.ashen_hollow.kera_voss=0.00:idle;npc.ashen_hollow.renn_vale=0.00:idle;npc.ashen_hollow.sel_arien=0.00:idle;npc.ashen_hollow.tavar_orr=0.00:idle
36.050,0.0167,0.00,0.00,crouch_idle,Idle,npc.ashen_hollow.kera_voss=0.00:idle;npc.ashen_hollow.renn_vale=0.00:idle;npc.ashen_hollow.sel_arien=0.00:idle;npc.ashen_hollow.tavar_orr=0.00:idle
36.067,0.0167,0.33,0.00,crouch_idle,Idle,npc.ashen_hollow.kera_voss=0.00:idle;npc.ashen_hollow.renn_vale=0.00:idle;npc.ashen_hollow.sel_arien=0.00:idle;npc.ashen_hollow.tavar_orr=0.00:idle
36.083,0.0167,0.67,0.00,crouch_idle,Idle,npc.ashen_hollow.kera_voss=0.00:idle;npc.ashen_hollow.renn_vale=0.00:idle;npc.ashen_hollow.sel_arien=0.00:idle;npc.ashen_hollow.tavar_orr=0.00:idle
36.100,0.0167,0.00,0.00,crouch_idle,Idle,npc.ashen_hollow.kera_voss=0.00:idle;npc.ashen_hollow.renn_vale=0.00:idle;npc.ashen_hollow.sel_arien=0.00:idle;npc.ashen_hollow.tavar_orr=0.00:idle
36.117,0.0167,0.33,0.00,crouch_idle,Idle,npc.ashen_hollow.kera_voss=0.00:idle;npc.ashen_hollow.renn_vale=0.00:idle;npc.ashen_hollow.sel_arien=0.00:idle;npc.ashen_hollow.tavar_orr=0.00:idle
36.133,0.0167,0.67,0.00,crouch_idle,Idle,npc.ashen_hollow.kera_voss=0.00:idle;npc.ashen_hollow.renn_vale=0.00:idle;npc.ashen_hollow.sel_arien=0.00:idle;npc.ashen_hollow.tavar_orr=0.00:idle
36.150,0.0167,0.00,0.00,crouch_idle,Idle,npc.ashen_hollow.kera_voss=0.00:idle;npc.ashen_hollow.renn_vale=0.00:idle;npc.ashen_hollow.sel_arien=0.00:idle;npc.ashen_hollow.tavar_orr=0.00:idle
36.167,0.0167,0.33,0.00,crouch_idle,Idle,npc.ashen_hollow.kera_voss=0.00:idle;npc.ashen_hollow.renn_vale=0.00:idle;npc.ashen_hollow.sel_arien=0.00:idle;npc.ashen_hollow.tavar_orr=0.00:idle
36.183,0.0167,0.67,0.00,crouch_idle,Idle,npc.ashen_hollow.kera_voss=0.00:idle;npc.ashen_hollow.renn_vale=0.00:idle;npc.ashen_hollow.sel_arien=0.00:idle;npc.ashen_hollow.tavar_orr=0.00:idle
36.200,0.0167,0.00,0.00,crouch_idle,Idle,npc.ashen_hollow.kera_voss=0.00:idle;npc.ashen_hollow.renn_vale=0.00:idle;npc.ashen_hollow.sel_arien=0.00:idle;npc.ashen_hollow.tavar_orr=0.00:idle
36.217,0.0167,0.33,0.00,crouch_idle,Idle,npc.ashen_hollow.kera_voss=0.00:idle;npc.ashen_hollow.renn_vale=0.00:idle;npc.ashen_hollow.sel_arien=0.00:idle;npc.ashen_hollow.tavar_orr=0.00:idle
36.233,0.0167,0.67,0.00,crouch_idle,Idle,npc.ashen_hollow.kera_voss=0.00:idle;npc.ashen_hollow.renn_vale=0.00:idle;npc.ashen_hollow.sel_arien=0.00:idle;npc.ashen_hollow.tavar_orr=0.00:idle
36.250,0.0167,0.00,0.00,crouch_idle,Idle,npc.ashen_hollow.kera_voss=0.00:idle;npc.ashen_hollow.renn_vale=0.00:idle;npc.ashen_hollow.sel_arien=0.00:idle;npc.ashen_hollow.tavar_orr=0.00:idle
36.267,0.0167,0.33,0.00,crouch_idle,Idle,npc.ashen_hollow.kera_voss=0.00:idle;npc.ashen_hollow.renn_vale=0.00:idle;npc.ashen_hollow.sel_arien=0.00:idle;npc.ashen_hollow.tavar_orr=0.00:idle
36.283,0.0167,0.67,0.00,crouch_idle,Idle,npc.ashen_hollow.kera_voss=0.00:idle;npc.ashen_hollow.renn_vale=0.00:idle;npc.ashen_hollow.sel_arien=0.00:idle;npc.ashen_hollow.tavar_orr=0.00:idle
36.300,0.0167,0.00,0.00,crouch_idle,Idle,npc.ashen_hollow.kera_voss=0.00:idle;npc.ashen_hollow.renn_vale=0.00:idle;npc.ashen_hollow.sel_arien=0.00:idle;npc.ashen_hollow.tavar_orr=0.00:idle
36.317,0.0167,0.33,0.00,crouch_idle,Idle,npc.ashen_hollow.kera_voss=0.00:idle;npc.ashen_hollow.renn_vale=0.00:idle;npc.ashen_hollow.sel_arien=0.00:idle;npc.ashen_hollow.tavar_orr=0.00:idle
36.333,0.0167,0.67,0.00,crouch_idle,Idle,npc.ashen_hollow.kera_voss=0.00:idle;npc.ashen_hollow.renn_vale=0.00:idle;npc.ashen_hollow.sel_arien=0.00:idle;npc.ashen_hollow.tavar_orr=0.00:idle
36.350,0.0167,0.00,0.00,crouch_idle,Idle,npc.ashen_hollow.kera_voss=0.00:idle;npc.ashen_hollow.renn_vale=0.00:idle;npc.ashen_hollow.sel_arien=0.00:idle;npc.ashen_hollow.tavar_orr=0.00:idle
36.367,0.0167,0.33,0.00,crouch_idle,Idle,npc.ashen_hollow.kera_voss=0.00:idle;npc.ashen_hollow.renn_vale=0.00:idle;npc.ashen_hollow.sel_arien=0.00:idle;npc.ashen_hollow.tavar_orr=0.00:idle
36.383,0.0167,0.67,0.00,crouch_idle,Idle,npc.ashen_hollow.kera_voss=0.00:idle;npc.ashen_hollow.renn_vale=0.00:idle;npc.ashen_hollow.sel_arien=0.00:idle;npc.ashen_hollow.tavar_orr=0.00:idle
36.400,0.0167,0.00,0.00,crouch_idle,Idle,npc.ashen_hollow.kera_voss=0.00:idle;npc.ashen_hollow.renn_vale=0.00:idle;npc.ashen_hollow.sel_arien=0.00:idle;npc.ashen_hollow.tavar_orr=0.00:idle
36.417,0.0167,0.33,0.00,crouch_idle,Idle,npc.ashen_hollow.kera_voss=0.00:idle;npc.ashen_hollow.renn_vale=0.00:idle;npc.ashen_hollow.sel_arien=0.00:idle;npc.ashen_hollow.tavar_orr=0.00:idle
36.433,0.0167,0.67,0.00,crouch_idle,Idle,npc.ashen_hollow.kera_voss=0.00:idle;npc.ashen_hollow.renn_vale=0.00:idle;npc.ashen_hollow.sel_arien=0.00:idle;npc.ashen_hollow.tavar_orr=0.00:idle
36.450,0.0167,0.00,0.00,crouch_idle,Idle,npc.ashen_hollow.kera_voss=0.00:idle;npc.ashen_hollow.renn_vale=0.00:idle;npc.ashen_hollow.sel_arien=0.00:idle;npc.ashen_hollow.tavar_orr=0.00:idle
36.467,0.0167,0.33,0.00,crouch_idle,Idle,npc.ashen_hollow.kera_voss=0.00:idle;npc.ashen_hollow.renn_vale=0.00:idle;npc.ashen_hollow.sel_arien=0.00:idle;npc.ashen_hollow.tavar_orr=0.00:idle
36.483,0.0167,0.67,0.00,crouch_idle,Idle,npc.ashen_hollow.kera_voss=0.00:idle;npc.ashen_hollow.renn_vale=0.00:idle;npc.ashen_hollow.sel_arien=0.00:idle;npc.ashen_hollow.tavar_orr=0.00:idle
36.500,0.0167,0.00,0.00,crouch_idle,Idle,npc.ashen_hollow.kera_voss=0.00:idle;npc.ashen_hollow.renn_vale=0.00:idle;npc.ashen_hollow.sel_arien=0.00:idle;npc.ashen_hollow.tavar_orr=0.00:idle
36.517,0.0167,0.33,0.00,crouch_idle,Idle,npc.ashen_hollow.kera_voss=0.00:idle;npc.ashen_hollow.renn_vale=0.00:idle;npc.ashen_hollow.sel_arien=0.00:idle;npc.ashen_hollow.tavar_orr=0.00:idle
36.533,0.0167,0.67,0.00,crouch_idle,Idle,npc.ashen_hollow.kera_voss=0.00:idle;npc.ashen_hollow.renn_vale=0.00:idle;npc.ashen_hollow.sel_arien=0.00:idle;npc.ashen_hollow.tavar_orr=0.00:idle
36.550,0.0167,0.00,0.00,crouch_idle,Idle,npc.ashen_hollow.kera_voss=0.00:idle;npc.ashen_hollow.renn_vale=0.00:idle;npc.ashen_hollow.sel_arien=0.00:idle;npc.ashen_hollow.tavar_orr=0.00:idle
36.567,0.0167,0.33,0.00,crouch_idle,Idle,npc.ashen_hollow.kera_voss=0.00:idle;npc.ashen_hollow.renn_vale=0.00:idle;npc.ashen_hollow.sel_arien=0.00:idle;npc.ashen_hollow.tavar_orr=0.00:idle
36.583,0.0167,0.67,0.00,crouch_idle,Idle,npc.ashen_hollow.kera_voss=0.00:idle;npc.ashen_hollow.renn_vale=0.00:idle;npc.ashen_hollow.sel_arien=0.00:idle;npc.ashen_hollow.tavar_orr=0.00:idle
36.600,0.0167,0.00,0.00,crouch_idle,Idle,npc.ashen_hollow.kera_voss=0.00:idle;npc.ashen_hollow.renn_vale=0.00:idle;npc.ashen_hollow.sel_arien=0.00:idle;npc.ashen_hollow.tavar_orr=0.00:idle
36.617,0.0167,0.33,0.00,crouch_idle,Idle,npc.ashen_hollow.kera_voss=0.00:idle;npc.ashen_hollow.renn_vale=0.00:idle;npc.ashen_hollow.sel_arien=0.00:idle;npc.ashen_hollow.tavar_orr=0.00:idle
36.633,0.0167,0.67,0.00,crouch_idle,Idle,npc.ashen_hollow.kera_voss=0.00:idle;npc.ashen_hollow.renn_vale=0.00:idle;npc.ashen_hollow.sel_arien=0.00:idle;npc.ashen_hollow.tavar_orr=0.00:idle
36.650,0.0167,0.00,0.00,crouch_idle,Idle,npc.ashen_hollow.kera_voss=0.00:idle;npc.ashen_hollow.renn_vale=0.00:idle;npc.ashen_hollow.sel_arien=0.00:idle;npc.ashen_hollow.tavar_orr=0.00:idle
36.667,0.0167,0.33,0.00,crouch_idle,Idle,npc.ashen_hollow.kera_voss=0.00:idle;npc.ashen_hollow.renn_vale=0.00:idle;npc.ashen_hollow.sel_arien=0.00:idle;npc.ashen_hollow.tavar_orr=0.00:idle
36.683,0.0167,0.67,0.00,crouch_idle,Idle,npc.ashen_hollow.kera_voss=0.00:idle;npc.ashen_hollow.renn_vale=0.00:idle;npc.ashen_hollow.sel_arien=0.00:idle;npc.ashen_hollow.tavar_orr=0.00:idle
36.700,0.0167,0.00,0.00,crouch_idle,Idle,npc.ashen_hollow.kera_voss=0.00:idle;npc.ashen_hollow.renn_vale=0.00:idle;npc.ashen_hollow.sel_arien=0.00:idle;npc.ashen_hollow.tavar_orr=0.00:idle
36.717,0.0167,0.33,0.00,crouch_idle,Idle,npc.ashen_hollow.kera_voss=0.00:idle;npc.ashen_hollow.renn_vale=0.00:idle;npc.ashen_hollow.sel_arien=0.00:idle;npc.ashen_hollow.tavar_orr=0.00:idle
36.733,0.0167,0.67,0.00,crouch_idle,Idle,npc.ashen_hollow.kera_voss=0.00:idle;npc.ashen_hollow.renn_vale=0.00:idle;npc.ashen_hollow.sel_arien=0.00:idle;npc.ashen_hollow.tavar_orr=0.00:idle
36.750,0.0167,0.00,0.00,crouch_idle,Idle,npc.ashen_hollow.kera_voss=0.00:idle;npc.ashen_hollow.renn_vale=0.00:idle;npc.ashen_hollow.sel_arien=0.00:idle;npc.ashen_hollow.tavar_orr=0.00:idle
36.767,0.0167,0.33,0.00,crouch_idle,Idle,npc.ashen_hollow.kera_voss=0.00:idle;npc.ashen_hollow.renn_vale=0.00:idle;npc.ashen_hollow.sel_arien=0.00:idle;npc.ashen_hollow.tavar_orr=0.00:idle
36.783,0.0167,0.67,0.00,crouch_idle,Idle,npc.ashen_hollow.kera_voss=0.00:idle;npc.ashen_hollow.renn_vale=0.00:idle;npc.ashen_hollow.sel_arien=0.00:idle;npc.ashen_hollow.tavar_orr=0.00:idle
36.800,0.0167,0.00,0.00,crouch_idle,Idle,npc.ashen_hollow.kera_voss=0.00:idle;npc.ashen_hollow.renn_vale=0.00:idle;npc.ashen_hollow.sel_arien=0.00:idle;npc.ashen_hollow.tavar_orr=0.00:idle
36.817,0.0167,0.33,0.00,crouch_idle,Idle,npc.ashen_hollow.kera_voss=0.00:idle;npc.ashen_hollow.renn_vale=0.00:idle;npc.ashen_hollow.sel_arien=0.00:idle;npc.ashen_hollow.tavar_orr=0.00:idle
36.833,0.0167,0.67,0.00,crouch_idle,Idle,npc.ashen_hollow.kera_voss=0.00:idle;npc.ashen_hollow.renn_vale=0.00:idle;npc.ashen_hollow.sel_arien=0.00:idle;npc.ashen_hollow.tavar_orr=0.00:idle
36.850,0.0167,0.00,0.00,crouch_idle,Idle,npc.ashen_hollow.kera_voss=0.00:idle;npc.ashen_hollow.renn_vale=0.00:idle;npc.ashen_hollow.sel_arien=0.00:idle;npc.ashen_hollow.tavar_orr=0.00:idle
36.867,0.0167,0.33,0.00,crouch_idle,Idle,npc.ashen_hollow.kera_voss=0.00:idle;npc.ashen_hollow.renn_vale=0.00:idle;npc.ashen_hollow.sel_arien=0.00:idle;npc.ashen_hollow.tavar_orr=0.00:idle
36.883,0.0167,0.67,0.00,crouch_idle,Idle,npc.ashen_hollow.kera_voss=0.00:idle;npc.ashen_hollow.renn_vale=0.00:idle;npc.ashen_hollow.sel_arien=0.00:idle;npc.ashen_hollow.tavar_orr=0.00:idle
36.900,0.0167,0.00,0.00,crouch_idle,Idle,npc.ashen_hollow.kera_voss=0.00:idle;npc.ashen_hollow.renn_vale=0.00:idle;npc.ashen_hollow.sel_arien=0.00:idle;npc.ashen_hollow.tavar_orr=0.00:idle
36.917,0.0167,0.33,0.00,crouch_idle,Idle,npc.ashen_hollow.kera_voss=0.00:idle;npc.ashen_hollow.renn_vale=0.00:idle;npc.ashen_hollow.sel_arien=0.00:idle;npc.ashen_hollow.tavar_orr=0.00:idle
36.933,0.0167,0.67,0.00,crouch_idle,Idle,npc.ashen_hollow.kera_voss=0.00:idle;npc.ashen_hollow.renn_vale=0.00:idle;npc.ashen_hollow.sel_arien=0.00:idle;npc.ashen_hollow.tavar_orr=0.00:idle
36.950,0.0167,0.00,0.00,crouch_idle,Idle,npc.ashen_hollow.kera_voss=0.00:idle;npc.ashen_hollow.renn_vale=0.00:idle;npc.ashen_hollow.sel_arien=0.00:idle;npc.ashen_hollow.tavar_orr=0.00:idle
36.967,0.0167,0.33,0.00,crouch_idle,Idle,npc.ashen_hollow.kera_voss=0.00:idle;npc.ashen_hollow.renn_vale=0.00:idle;npc.ashen_hollow.sel_arien=0.00:idle;npc.ashen_hollow.tavar_orr=0.00:idle
36.983,0.0167,0.67,0.00,crouch_idle,Idle,npc.ashen_hollow.kera_voss=0.00:idle;npc.ashen_hollow.renn_vale=0.00:idle;npc.ashen_hollow.sel_arien=0.00:idle;npc.ashen_hollow.tavar_orr=0.00:idle
37.000,0.0167,0.00,0.00,crouch_idle,Idle,npc.ashen_hollow.kera_voss=0.00:idle;npc.ashen_hollow.renn_vale=0.00:idle;npc.ashen_hollow.sel_arien=0.00:idle;npc.ashen_hollow.tavar_orr=0.00:idle
37.017,0.0167,0.33,0.00,crouch_idle,Idle,npc.ashen_hollow.kera_voss=0.00:idle;npc.ashen_hollow.renn_vale=0.00:idle;npc.ashen_hollow.sel_arien=0.00:idle;npc.ashen_hollow.tavar_orr=0.00:idle
37.033,0.0167,0.67,0.00,crouch_idle,Idle,npc.ashen_hollow.kera_voss=0.00:idle;npc.ashen_hollow.renn_vale=0.00:idle;npc.ashen_hollow.sel_arien=0.00:idle;npc.ashen_hollow.tavar_orr=0.00:idle
37.050,0.0167,0.00,0.00,crouch_idle,Idle,npc.ashen_hollow.kera_voss=0.00:idle;npc.ashen_hollow.renn_vale=0.00:idle;npc.ashen_hollow.sel_arien=0.00:idle;npc.ashen_hollow.tavar_orr=0.00:idle
37.067,0.0167,0.33,0.00,crouch_idle,Idle,npc.ashen_hollow.kera_voss=0.00:idle;npc.ashen_hollow.renn_vale=0.00:idle;npc.ashen_hollow.sel_arien=0.00:idle;npc.ashen_hollow.tavar_orr=0.00:idle
37.083,0.0167,0.67,0.00,crouch_idle,Idle,npc.ashen_hollow.kera_voss=0.00:idle;npc.ashen_hollow.renn_vale=0.00:idle;npc.ashen_hollow.sel_arien=0.00:idle;npc.ashen_hollow.tavar_orr=0.00:idle
37.100,0.0167,0.00,0.00,crouch_idle,Idle,npc.ashen_hollow.kera_voss=0.00:idle;npc.ashen_hollow.renn_vale=0.00:idle;npc.ashen_hollow.sel_arien=0.00:idle;npc.ashen_hollow.tavar_orr=0.00:idle
37.117,0.0167,0.33,0.00,crouch_idle,Idle,npc.ashen_hollow.kera_voss=0.00:idle;npc.ashen_hollow.renn_vale=0.00:idle;npc.ashen_hollow.sel_arien=0.00:idle;npc.ashen_hollow.tavar_orr=0.00:idle
37.133,0.0167,0.67,0.00,crouch_idle,Idle,npc.ashen_hollow.kera_voss=0.00:idle;npc.ashen_hollow.renn_vale=0.00:idle;npc.ashen_hollow.sel_arien=0.00:idle;npc.ashen_hollow.tavar_orr=0.00:idle
37.150,0.0167,0.00,0.00,crouch_idle,Idle,npc.ashen_hollow.kera_voss=0.00:idle;npc.ashen_hollow.renn_vale=0.00:idle;npc.ashen_hollow.sel_arien=0.00:idle;npc.ashen_hollow.tavar_orr=0.00:idle
37.167,0.0167,0.33,0.00,crouch_idle,Idle,npc.ashen_hollow.kera_voss=0.00:idle;npc.ashen_hollow.renn_vale=0.00:idle;npc.ashen_hollow.sel_arien=0.00:idle;npc.ashen_hollow.tavar_orr=0.00:idle
37.183,0.0167,0.67,0.00,crouch_idle,Idle,npc.ashen_hollow.kera_voss=0.00:idle;npc.ashen_hollow.renn_vale=0.00:idle;npc.ashen_hollow.sel_arien=0.00:idle;npc.ashen_hollow.tavar_orr=0.00:idle
37.200,0.0167,0.00,0.00,crouch_idle,Idle,npc.ashen_hollow.kera_voss=0.00:idle;npc.ashen_hollow.renn_vale=0.00:idle;npc.ashen_hollow.sel_arien=0.00:idle;npc.ashen_hollow.tavar_orr=0.00:idle
37.217,0.0167,0.33,0.30,crouch_walk,Idle,npc.ashen_hollow.kera_voss=0.00:idle;npc.ashen_hollow.renn_vale=0.00:idle;npc.ashen_hollow.sel_arien=0.00:idle;npc.ashen_hollow.tavar_orr=0.00:idle
37.233,0.0167,0.67,0.53,crouch_walk,Idle,npc.ashen_hollow.kera_voss=0.00:idle;npc.ashen_hollow.renn_vale=0.00:idle;npc.ashen_hollow.sel_arien=0.00:idle;npc.ashen_hollow.tavar_orr=0.00:idle
37.250,0.0167,0.00,0.53,crouch_walk,Idle,npc.ashen_hollow.kera_voss=0.00:idle;npc.ashen_hollow.renn_vale=0.00:idle;npc.ashen_hollow.sel_arien=0.00:idle;npc.ashen_hollow.tavar_orr=0.25:idle
37.267,0.0167,0.33,0.74,crouch_walk,Idle,npc.ashen_hollow.kera_voss=0.00:idle;npc.ashen_hollow.renn_vale=0.00:idle;npc.ashen_hollow.sel_arien=0.00:idle;npc.ashen_hollow.tavar_orr=0.25:idle
37.283,0.0167,0.67,0.89,crouch_walk,Idle,npc.ashen_hollow.kera_voss=0.00:idle;npc.ashen_hollow.renn_vale=0.00:idle;npc.ashen_hollow.sel_arien=0.00:idle;npc.ashen_hollow.tavar_orr=0.25:idle
37.300,0.0167,0.00,0.89,crouch_walk,Idle,npc.ashen_hollow.kera_voss=0.00:idle;npc.ashen_hollow.renn_vale=0.00:idle;npc.ashen_hollow.sel_arien=0.00:idle;npc.ashen_hollow.tavar_orr=0.45:walk
37.317,0.0167,0.33,1.02,crouch_walk,Idle,npc.ashen_hollow.kera_voss=0.00:idle;npc.ashen_hollow.renn_vale=0.00:idle;npc.ashen_hollow.sel_arien=0.00:idle;npc.ashen_hollow.tavar_orr=0.45:walk
37.333,0.0167,0.67,1.12,crouch_walk,Idle,npc.ashen_hollow.kera_voss=0.00:idle;npc.ashen_hollow.renn_vale=0.00:idle;npc.ashen_hollow.sel_arien=0.00:idle;npc.ashen_hollow.tavar_orr=0.45:walk
37.350,0.0167,0.00,1.12,crouch_walk,Idle,npc.ashen_hollow.kera_voss=0.00:idle;npc.ashen_hollow.renn_vale=0.00:idle;npc.ashen_hollow.sel_arien=0.00:idle;npc.ashen_hollow.tavar_orr=0.63:walk
37.367,0.0167,0.33,1.21,crouch_walk,Idle,npc.ashen_hollow.kera_voss=0.00:idle;npc.ashen_hollow.renn_vale=0.00:idle;npc.ashen_hollow.sel_arien=0.00:idle;npc.ashen_hollow.tavar_orr=0.63:walk
37.383,0.0167,0.67,1.27,crouch_walk,Idle,npc.ashen_hollow.kera_voss=0.00:idle;npc.ashen_hollow.renn_vale=0.00:idle;npc.ashen_hollow.sel_arien=0.00:idle;npc.ashen_hollow.tavar_orr=0.63:walk
37.400,0.0167,0.00,1.27,crouch_walk,Idle,npc.ashen_hollow.kera_voss=0.00:idle;npc.ashen_hollow.renn_vale=0.00:idle;npc.ashen_hollow.sel_arien=0.00:idle;npc.ashen_hollow.tavar_orr=0.78:walk
37.417,0.0167,0.33,1.34,crouch_walk,Idle,npc.ashen_hollow.kera_voss=0.00:idle;npc.ashen_hollow.renn_vale=0.00:idle;npc.ashen_hollow.sel_arien=0.00:idle;npc.ashen_hollow.tavar_orr=0.78:walk
37.433,0.0167,0.67,1.37,crouch_walk,Idle,npc.ashen_hollow.kera_voss=0.00:idle;npc.ashen_hollow.renn_vale=0.00:idle;npc.ashen_hollow.sel_arien=0.00:idle;npc.ashen_hollow.tavar_orr=0.78:walk
37.450,0.0167,0.00,1.37,crouch_walk,Idle,npc.ashen_hollow.kera_voss=0.00:idle;npc.ashen_hollow.renn_vale=0.00:idle;npc.ashen_hollow.sel_arien=0.00:idle;npc.ashen_hollow.tavar_orr=0.90:walk
37.467,0.0167,0.33,1.42,crouch_walk,Idle,npc.ashen_hollow.kera_voss=0.00:idle;npc.ashen_hollow.renn_vale=0.00:idle;npc.ashen_hollow.sel_arien=0.00:idle;npc.ashen_hollow.tavar_orr=0.90:walk
37.483,0.0167,0.67,1.44,crouch_walk,Idle,npc.ashen_hollow.kera_voss=0.00:idle;npc.ashen_hollow.renn_vale=0.00:idle;npc.ashen_hollow.sel_arien=0.00:idle;npc.ashen_hollow.tavar_orr=0.90:walk
37.500,0.0167,0.00,1.44,crouch_walk,Idle,npc.ashen_hollow.kera_voss=0.00:idle;npc.ashen_hollow.renn_vale=0.00:idle;npc.ashen_hollow.sel_arien=0.00:idle;npc.ashen_hollow.tavar_orr=1.01:walk
37.517,0.0167,0.33,1.47,crouch_walk,Idle,npc.ashen_hollow.kera_voss=0.00:idle;npc.ashen_hollow.renn_vale=0.00:idle;npc.ashen_hollow.sel_arien=0.00:idle;npc.ashen_hollow.tavar_orr=1.01:walk
37.533,0.0167,0.67,1.48,crouch_walk,Idle,npc.ashen_hollow.kera_voss=0.00:idle;npc.ashen_hollow.renn_vale=0.00:idle;npc.ashen_hollow.sel_arien=0.00:idle;npc.ashen_hollow.tavar_orr=1.01:walk
37.550,0.0167,0.00,1.48,crouch_walk,Idle,npc.ashen_hollow.kera_voss=0.00:idle;npc.ashen_hollow.renn_vale=0.00:idle;npc.ashen_hollow.sel_arien=0.00:idle;npc.ashen_hollow.tavar_orr=1.10:walk
37.567,0.0167,0.33,1.51,crouch_walk,Idle,npc.ashen_hollow.kera_voss=0.00:idle;npc.ashen_hollow.renn_vale=0.00:idle;npc.ashen_hollow.sel_arien=0.00:idle;npc.ashen_hollow.tavar_orr=1.10:walk
37.583,0.0167,0.67,1.51,crouch_walk,Idle,npc.ashen_hollow.kera_voss=0.00:idle;npc.ashen_hollow.renn_vale=0.00:idle;npc.ashen_hollow.sel_arien=0.00:idle;npc.ashen_hollow.tavar_orr=1.10:walk
37.600,0.0167,0.00,1.51,crouch_walk,Idle,npc.ashen_hollow.kera_voss=0.00:idle;npc.ashen_hollow.renn_vale=0.00:idle;npc.ashen_hollow.sel_arien=0.00:idle;npc.ashen_hollow.tavar_orr=1.18:walk
37.617,0.0167,0.33,1.53,crouch_walk,Idle,npc.ashen_hollow.kera_voss=0.00:idle;npc.ashen_hollow.renn_vale=0.00:idle;npc.ashen_hollow.sel_arien=0.00:idle;npc.ashen_hollow.tavar_orr=1.18:walk
37.633,0.0167,0.67,1.53,crouch_walk,Idle,npc.ashen_hollow.kera_voss=0.00:idle;npc.ashen_hollow.renn_vale=0.00:idle;npc.ashen_hollow.sel_arien=0.00:idle;npc.ashen_hollow.tavar_orr=1.18:walk
37.650,0.0167,0.00,1.53,crouch_walk,Idle,npc.ashen_hollow.kera_voss=0.00:idle;npc.ashen_hollow.renn_vale=0.00:idle;npc.ashen_hollow.sel_arien=0.00:idle;npc.ashen_hollow.tavar_orr=1.24:walk
37.667,0.0167,0.33,1.55,crouch_walk,Idle,npc.ashen_hollow.kera_voss=0.00:idle;npc.ashen_hollow.renn_vale=0.00:idle;npc.ashen_hollow.sel_arien=0.00:idle;npc.ashen_hollow.tavar_orr=1.24:walk
37.683,0.0167,0.67,1.54,crouch_walk,Idle,npc.ashen_hollow.kera_voss=0.00:idle;npc.ashen_hollow.renn_vale=0.00:idle;npc.ashen_hollow.sel_arien=0.00:idle;npc.ashen_hollow.tavar_orr=1.24:walk
37.700,0.0167,0.00,1.54,crouch_walk,Idle,npc.ashen_hollow.kera_voss=0.00:idle;npc.ashen_hollow.renn_vale=0.00:idle;npc.ashen_hollow.sel_arien=0.00:idle;npc.ashen_hollow.tavar_orr=1.30:walk
37.717,0.0167,0.33,1.56,crouch_walk,Idle,npc.ashen_hollow.kera_voss=0.00:idle;npc.ashen_hollow.renn_vale=0.00:idle;npc.ashen_hollow.sel_arien=0.00:idle;npc.ashen_hollow.tavar_orr=1.30:walk
37.733,0.0167,0.67,1.55,crouch_walk,Idle,npc.ashen_hollow.kera_voss=0.00:idle;npc.ashen_hollow.renn_vale=0.00:idle;npc.ashen_hollow.sel_arien=0.00:idle;npc.ashen_hollow.tavar_orr=1.30:walk
37.750,0.0167,0.00,1.55,crouch_walk,Idle,npc.ashen_hollow.kera_voss=0.00:idle;npc.ashen_hollow.renn_vale=0.00:idle;npc.ashen_hollow.sel_arien=0.00:idle;npc.ashen_hollow.tavar_orr=1.34:walk
37.767,0.0167,0.33,1.56,crouch_walk,Idle,npc.ashen_hollow.kera_voss=0.00:idle;npc.ashen_hollow.renn_vale=0.00:idle;npc.ashen_hollow.sel_arien=0.00:idle;npc.ashen_hollow.tavar_orr=1.34:walk
37.783,0.0167,0.67,1.56,crouch_walk,Idle,npc.ashen_hollow.kera_voss=0.00:idle;npc.ashen_hollow.renn_vale=0.00:idle;npc.ashen_hollow.sel_arien=0.00:idle;npc.ashen_hollow.tavar_orr=1.34:walk
37.800,0.0167,0.00,1.56,crouch_walk,Idle,npc.ashen_hollow.kera_voss=0.00:idle;npc.ashen_hollow.renn_vale=0.00:idle;npc.ashen_hollow.sel_arien=0.00:idle;npc.ashen_hollow.tavar_orr=1.38:walk
37.817,0.0167,0.33,1.57,crouch_walk,Idle,npc.ashen_hollow.kera_voss=0.00:idle;npc.ashen_hollow.renn_vale=0.00:idle;npc.ashen_hollow.sel_arien=0.00:idle;npc.ashen_hollow.tavar_orr=1.38:walk
37.833,0.0167,0.67,1.56,crouch_walk,Idle,npc.ashen_hollow.kera_voss=0.00:idle;npc.ashen_hollow.renn_vale=0.00:idle;npc.ashen_hollow.sel_arien=0.00:idle;npc.ashen_hollow.tavar_orr=1.38:walk
37.850,0.0167,0.00,1.56,crouch_walk,Idle,npc.ashen_hollow.kera_voss=0.00:idle;npc.ashen_hollow.renn_vale=0.00:idle;npc.ashen_hollow.sel_arien=0.00:idle;npc.ashen_hollow.tavar_orr=1.42:walk
37.867,0.0167,0.33,1.57,crouch_walk,Idle,npc.ashen_hollow.kera_voss=0.00:idle;npc.ashen_hollow.renn_vale=0.00:idle;npc.ashen_hollow.sel_arien=0.00:idle;npc.ashen_hollow.tavar_orr=1.42:walk
37.883,0.0167,0.67,1.56,crouch_walk,Idle,npc.ashen_hollow.kera_voss=0.00:idle;npc.ashen_hollow.renn_vale=0.00:idle;npc.ashen_hollow.sel_arien=0.00:idle;npc.ashen_hollow.tavar_orr=1.42:walk
37.900,0.0167,0.00,1.56,crouch_walk,Idle,npc.ashen_hollow.kera_voss=0.00:idle;npc.ashen_hollow.renn_vale=0.00:idle;npc.ashen_hollow.sel_arien=0.00:idle;npc.ashen_hollow.tavar_orr=1.45:walk
37.917,0.0167,0.33,1.57,crouch_walk,Idle,npc.ashen_hollow.kera_voss=0.00:idle;npc.ashen_hollow.renn_vale=0.00:idle;npc.ashen_hollow.sel_arien=0.00:idle;npc.ashen_hollow.tavar_orr=1.45:walk
37.933,0.0167,0.67,1.56,crouch_walk,Idle,npc.ashen_hollow.kera_voss=0.00:idle;npc.ashen_hollow.renn_vale=0.00:idle;npc.ashen_hollow.sel_arien=0.00:idle;npc.ashen_hollow.tavar_orr=1.45:walk
37.950,0.0167,0.00,1.56,crouch_walk,Idle,npc.ashen_hollow.kera_voss=0.00:idle;npc.ashen_hollow.renn_vale=0.00:idle;npc.ashen_hollow.sel_arien=0.00:idle;npc.ashen_hollow.tavar_orr=1.47:walk
37.967,0.0167,0.33,1.57,crouch_walk,Idle,npc.ashen_hollow.kera_voss=0.00:idle;npc.ashen_hollow.renn_vale=0.00:idle;npc.ashen_hollow.sel_arien=0.00:idle;npc.ashen_hollow.tavar_orr=1.47:walk
37.983,0.0167,0.67,1.57,crouch_walk,Idle,npc.ashen_hollow.kera_voss=0.00:idle;npc.ashen_hollow.renn_vale=0.00:idle;npc.ashen_hollow.sel_arien=0.00:idle;npc.ashen_hollow.tavar_orr=1.47:walk
38.000,0.0167,0.00,1.57,crouch_walk,Idle,npc.ashen_hollow.kera_voss=0.00:idle;npc.ashen_hollow.renn_vale=0.00:idle;npc.ashen_hollow.sel_arien=0.00:idle;npc.ashen_hollow.tavar_orr=1.49:walk
38.017,0.0167,0.33,1.57,crouch_walk,Idle,npc.ashen_hollow.kera_voss=0.00:idle;npc.ashen_hollow.renn_vale=0.00:idle;npc.ashen_hollow.sel_arien=0.00:idle;npc.ashen_hollow.tavar_orr=1.49:walk
38.033,0.0167,0.67,1.57,crouch_walk,Idle,npc.ashen_hollow.kera_voss=0.00:idle;npc.ashen_hollow.renn_vale=0.00:idle;npc.ashen_hollow.sel_arien=0.00:idle;npc.ashen_hollow.tavar_orr=1.49:walk
38.050,0.0167,0.00,1.57,crouch_walk,Idle,npc.ashen_hollow.kera_voss=0.00:idle;npc.ashen_hollow.renn_vale=0.00:idle;npc.ashen_hollow.sel_arien=0.00:idle;npc.ashen_hollow.tavar_orr=1.51:walk
38.067,0.0167,0.33,1.58,crouch_walk,Idle,npc.ashen_hollow.kera_voss=0.00:idle;npc.ashen_hollow.renn_vale=0.00:idle;npc.ashen_hollow.sel_arien=0.00:idle;npc.ashen_hollow.tavar_orr=1.51:walk
38.083,0.0167,0.67,1.57,crouch_walk,Idle,npc.ashen_hollow.kera_voss=0.00:idle;npc.ashen_hollow.renn_vale=0.00:idle;npc.ashen_hollow.sel_arien=0.00:idle;npc.ashen_hollow.tavar_orr=1.51:walk
38.100,0.0167,0.00,1.57,crouch_walk,Idle,npc.ashen_hollow.kera_voss=0.00:idle;npc.ashen_hollow.renn_vale=0.00:idle;npc.ashen_hollow.sel_arien=0.00:idle;npc.ashen_hollow.tavar_orr=1.52:walk
38.117,0.0167,0.33,1.58,crouch_walk,Idle,npc.ashen_hollow.kera_voss=0.00:idle;npc.ashen_hollow.renn_vale=0.00:idle;npc.ashen_hollow.sel_arien=0.00:idle;npc.ashen_hollow.tavar_orr=1.52:walk
38.133,0.0167,0.67,1.57,crouch_walk,Idle,npc.ashen_hollow.kera_voss=0.00:idle;npc.ashen_hollow.renn_vale=0.00:idle;npc.ashen_hollow.sel_arien=0.00:idle;npc.ashen_hollow.tavar_orr=1.52:walk
38.150,0.0167,0.00,1.57,crouch_walk,Idle,npc.ashen_hollow.kera_voss=0.00:idle;npc.ashen_hollow.renn_vale=0.00:idle;npc.ashen_hollow.sel_arien=0.00:idle;npc.ashen_hollow.tavar_orr=1.53:walk
38.167,0.0167,0.33,1.58,crouch_walk,Idle,npc.ashen_hollow.kera_voss=0.00:idle;npc.ashen_hollow.renn_vale=0.00:idle;npc.ashen_hollow.sel_arien=0.00:idle;npc.ashen_hollow.tavar_orr=1.53:walk
38.183,0.0167,0.67,1.57,crouch_walk,Idle,npc.ashen_hollow.kera_voss=0.00:idle;npc.ashen_hollow.renn_vale=0.00:idle;npc.ashen_hollow.sel_arien=0.00:idle;npc.ashen_hollow.tavar_orr=1.53:walk
38.200,0.0167,0.00,1.57,crouch_walk,Idle,npc.ashen_hollow.kera_voss=0.00:idle;npc.ashen_hollow.renn_vale=0.00:idle;npc.ashen_hollow.sel_arien=0.00:idle;npc.ashen_hollow.tavar_orr=1.54:walk
38.217,0.0167,0.33,1.58,crouch_walk,Idle,npc.ashen_hollow.kera_voss=0.00:idle;npc.ashen_hollow.renn_vale=0.00:idle;npc.ashen_hollow.sel_arien=0.00:idle;npc.ashen_hollow.tavar_orr=1.54:walk
38.233,0.0167,0.67,1.57,crouch_walk,Idle,npc.ashen_hollow.kera_voss=0.00:idle;npc.ashen_hollow.renn_vale=0.00:idle;npc.ashen_hollow.sel_arien=0.00:idle;npc.ashen_hollow.tavar_orr=1.54:walk
38.250,0.0167,0.00,1.57,crouch_walk,Idle,npc.ashen_hollow.kera_voss=0.00:idle;npc.ashen_hollow.renn_vale=0.00:idle;npc.ashen_hollow.sel_arien=0.00:idle;npc.ashen_hollow.tavar_orr=1.55:walk
38.267,0.0167,0.33,1.58,crouch_walk,Idle,npc.ashen_hollow.kera_voss=0.00:idle;npc.ashen_hollow.renn_vale=0.00:idle;npc.ashen_hollow.sel_arien=0.00:idle;npc.ashen_hollow.tavar_orr=1.55:walk
38.283,0.0167,0.67,1.57,crouch_walk,Idle,npc.ashen_hollow.kera_voss=0.00:idle;npc.ashen_hollow.renn_vale=0.00:idle;npc.ashen_hollow.sel_arien=0.00:idle;npc.ashen_hollow.tavar_orr=1.55:walk
38.300,0.0167,0.00,1.57,crouch_walk,Idle,npc.ashen_hollow.kera_voss=0.00:idle;npc.ashen_hollow.renn_vale=0.00:idle;npc.ashen_hollow.sel_arien=0.00:idle;npc.ashen_hollow.tavar_orr=1.56:walk
38.317,0.0167,0.33,1.58,crouch_walk,Idle,npc.ashen_hollow.kera_voss=0.00:idle;npc.ashen_hollow.renn_vale=0.00:idle;npc.ashen_hollow.sel_arien=0.00:idle;npc.ashen_hollow.tavar_orr=1.56:walk
38.333,0.0167,0.67,1.57,crouch_walk,Idle,npc.ashen_hollow.kera_voss=0.00:idle;npc.ashen_hollow.renn_vale=0.00:idle;npc.ashen_hollow.sel_arien=0.00:idle;npc.ashen_hollow.tavar_orr=1.56:walk
38.350,0.0167,0.00,1.57,crouch_walk,Idle,npc.ashen_hollow.kera_voss=0.00:idle;npc.ashen_hollow.renn_vale=0.00:idle;npc.ashen_hollow.sel_arien=0.00:idle;npc.ashen_hollow.tavar_orr=1.57:walk
38.367,0.0167,0.33,1.58,crouch_walk,Idle,npc.ashen_hollow.kera_voss=0.00:idle;npc.ashen_hollow.renn_vale=0.00:idle;npc.ashen_hollow.sel_arien=0.00:idle;npc.ashen_hollow.tavar_orr=1.57:walk
38.383,0.0167,0.67,1.57,crouch_walk,Idle,npc.ashen_hollow.kera_voss=0.00:idle;npc.ashen_hollow.renn_vale=0.00:idle;npc.ashen_hollow.sel_arien=0.00:idle;npc.ashen_hollow.tavar_orr=1.57:walk
38.400,0.0167,0.00,1.57,crouch_walk,Idle,npc.ashen_hollow.kera_voss=0.00:idle;npc.ashen_hollow.renn_vale=0.00:idle;npc.ashen_hollow.sel_arien=0.00:idle;npc.ashen_hollow.tavar_orr=1.57:walk
38.417,0.0167,0.33,1.58,crouch_walk,Idle,npc.ashen_hollow.kera_voss=0.00:idle;npc.ashen_hollow.renn_vale=0.00:idle;npc.ashen_hollow.sel_arien=0.00:idle;npc.ashen_hollow.tavar_orr=1.57:walk
38.433,0.0167,0.67,1.57,crouch_walk,Idle,npc.ashen_hollow.kera_voss=0.00:idle;npc.ashen_hollow.renn_vale=0.00:idle;npc.ashen_hollow.sel_arien=0.00:idle;npc.ashen_hollow.tavar_orr=1.57:walk
38.450,0.0167,0.00,1.57,crouch_walk,Idle,npc.ashen_hollow.kera_voss=0.00:idle;npc.ashen_hollow.renn_vale=0.00:idle;npc.ashen_hollow.sel_arien=0.00:idle;npc.ashen_hollow.tavar_orr=1.58:walk
38.467,0.0167,0.33,1.58,crouch_walk,Idle,npc.ashen_hollow.kera_voss=0.00:idle;npc.ashen_hollow.renn_vale=0.00:idle;npc.ashen_hollow.sel_arien=0.00:idle;npc.ashen_hollow.tavar_orr=1.58:walk
38.483,0.0167,0.67,1.57,crouch_walk,Idle,npc.ashen_hollow.kera_voss=0.00:idle;npc.ashen_hollow.renn_vale=0.00:idle;npc.ashen_hollow.sel_arien=0.00:idle;npc.ashen_hollow.tavar_orr=1.58:walk
38.500,0.0167,0.00,1.57,crouch_walk,Idle,npc.ashen_hollow.kera_voss=0.00:idle;npc.ashen_hollow.renn_vale=0.00:idle;npc.ashen_hollow.sel_arien=0.00:idle;npc.ashen_hollow.tavar_orr=1.58:walk
38.517,0.0167,0.33,1.58,crouch_walk,Idle,npc.ashen_hollow.kera_voss=0.00:idle;npc.ashen_hollow.renn_vale=0.00:idle;npc.ashen_hollow.sel_arien=0.00:idle;npc.ashen_hollow.tavar_orr=1.58:walk
38.533,0.0167,0.67,1.57,crouch_walk,Idle,npc.ashen_hollow.kera_voss=0.00:idle;npc.ashen_hollow.renn_vale=0.00:idle;npc.ashen_hollow.sel_arien=0.00:idle;npc.ashen_hollow.tavar_orr=1.58:walk
38.550,0.0167,0.00,1.57,crouch_walk,Idle,npc.ashen_hollow.kera_voss=0.00:idle;npc.ashen_hollow.renn_vale=0.00:idle;npc.ashen_hollow.sel_arien=0.00:idle;npc.ashen_hollow.tavar_orr=1.58:walk
38.567,0.0167,0.33,1.58,crouch_walk,Idle,npc.ashen_hollow.kera_voss=0.00:idle;npc.ashen_hollow.renn_vale=0.00:idle;npc.ashen_hollow.sel_arien=0.00:idle;npc.ashen_hollow.tavar_orr=1.58:walk
38.583,0.0167,0.67,1.57,crouch_walk,Idle,npc.ashen_hollow.kera_voss=0.00:idle;npc.ashen_hollow.renn_vale=0.00:idle;npc.ashen_hollow.sel_arien=0.00:idle;npc.ashen_hollow.tavar_orr=1.58:walk
38.600,0.0167,0.00,1.57,crouch_walk,Idle,npc.ashen_hollow.kera_voss=0.00:idle;npc.ashen_hollow.renn_vale=0.00:idle;npc.ashen_hollow.sel_arien=0.00:idle;npc.ashen_hollow.tavar_orr=1.59:walk
38.617,0.0167,0.33,1.58,crouch_walk,Idle,npc.ashen_hollow.kera_voss=0.00:idle;npc.ashen_hollow.renn_vale=0.00:idle;npc.ashen_hollow.sel_arien=0.00:idle;npc.ashen_hollow.tavar_orr=1.59:walk
38.633,0.0167,0.67,1.57,crouch_walk,Idle,npc.ashen_hollow.kera_voss=0.00:idle;npc.ashen_hollow.renn_vale=0.00:idle;npc.ashen_hollow.sel_arien=0.00:idle;npc.ashen_hollow.tavar_orr=1.59:walk
38.650,0.0167,0.00,1.57,crouch_walk,Idle,npc.ashen_hollow.kera_voss=0.00:idle;npc.ashen_hollow.renn_vale=0.00:idle;npc.ashen_hollow.sel_arien=0.00:idle;npc.ashen_hollow.tavar_orr=1.59:walk
38.667,0.0167,0.33,1.58,crouch_walk,Idle,npc.ashen_hollow.kera_voss=0.00:idle;npc.ashen_hollow.renn_vale=0.00:idle;npc.ashen_hollow.sel_arien=0.00:idle;npc.ashen_hollow.tavar_orr=1.59:walk
38.683,0.0167,0.67,1.57,crouch_walk,Idle,npc.ashen_hollow.kera_voss=0.00:idle;npc.ashen_hollow.renn_vale=0.00:idle;npc.ashen_hollow.sel_arien=0.00:idle;npc.ashen_hollow.tavar_orr=1.59:walk
38.700,0.0167,0.00,1.57,crouch_walk,Idle,npc.ashen_hollow.kera_voss=0.00:idle;npc.ashen_hollow.renn_vale=0.00:idle;npc.ashen_hollow.sel_arien=0.00:idle;npc.ashen_hollow.tavar_orr=1.59:walk
38.717,0.0167,0.33,1.58,crouch_walk,Idle,npc.ashen_hollow.kera_voss=0.00:idle;npc.ashen_hollow.renn_vale=0.00:idle;npc.ashen_hollow.sel_arien=0.00:idle;npc.ashen_hollow.tavar_orr=1.59:walk
38.733,0.0167,0.67,1.57,crouch_walk,Idle,npc.ashen_hollow.kera_voss=0.00:idle;npc.ashen_hollow.renn_vale=0.00:idle;npc.ashen_hollow.sel_arien=0.00:idle;npc.ashen_hollow.tavar_orr=1.59:walk
38.750,0.0167,0.00,1.57,crouch_walk,Idle,npc.ashen_hollow.kera_voss=0.00:idle;npc.ashen_hollow.renn_vale=0.00:idle;npc.ashen_hollow.sel_arien=0.00:idle;npc.ashen_hollow.tavar_orr=1.59:walk
38.767,0.0167,0.33,1.58,crouch_walk,Idle,npc.ashen_hollow.kera_voss=0.00:idle;npc.ashen_hollow.renn_vale=0.00:idle;npc.ashen_hollow.sel_arien=0.00:idle;npc.ashen_hollow.tavar_orr=1.59:walk
38.783,0.0167,0.67,1.57,crouch_walk,Idle,npc.ashen_hollow.kera_voss=0.00:idle;npc.ashen_hollow.renn_vale=0.00:idle;npc.ashen_hollow.sel_arien=0.00:idle;npc.ashen_hollow.tavar_orr=1.59:walk
38.800,0.0167,0.00,1.57,crouch_walk,Idle,npc.ashen_hollow.kera_voss=0.00:idle;npc.ashen_hollow.renn_vale=0.00:idle;npc.ashen_hollow.sel_arien=0.00:idle;npc.ashen_hollow.tavar_orr=1.59:walk
38.817,0.0167,0.33,1.58,crouch_walk,Idle,npc.ashen_hollow.kera_voss=0.00:idle;npc.ashen_hollow.renn_vale=0.00:idle;npc.ashen_hollow.sel_arien=0.00:idle;npc.ashen_hollow.tavar_orr=1.59:walk
38.833,0.0167,0.67,1.57,crouch_walk,Idle,npc.ashen_hollow.kera_voss=0.00:idle;npc.ashen_hollow.renn_vale=0.00:idle;npc.ashen_hollow.sel_arien=0.00:idle;npc.ashen_hollow.tavar_orr=1.59:walk
38.850,0.0167,0.00,1.57,crouch_walk,Idle,npc.ashen_hollow.kera_voss=0.00:idle;npc.ashen_hollow.renn_vale=0.00:idle;npc.ashen_hollow.sel_arien=0.00:idle;npc.ashen_hollow.tavar_orr=1.59:walk
38.867,0.0167,0.33,1.58,crouch_walk,Idle,npc.ashen_hollow.kera_voss=0.00:idle;npc.ashen_hollow.renn_vale=0.00:idle;npc.ashen_hollow.sel_arien=0.00:idle;npc.ashen_hollow.tavar_orr=1.59:walk
38.883,0.0167,0.67,1.57,crouch_walk,Idle,npc.ashen_hollow.kera_voss=0.00:idle;npc.ashen_hollow.renn_vale=0.00:idle;npc.ashen_hollow.sel_arien=0.00:idle;npc.ashen_hollow.tavar_orr=1.59:walk
38.900,0.0167,0.00,1.57,crouch_walk,Idle,npc.ashen_hollow.kera_voss=0.00:idle;npc.ashen_hollow.renn_vale=0.00:idle;npc.ashen_hollow.sel_arien=0.00:idle;npc.ashen_hollow.tavar_orr=1.60:walk
38.917,0.0167,0.33,1.58,crouch_walk,Idle,npc.ashen_hollow.kera_voss=0.00:idle;npc.ashen_hollow.renn_vale=0.00:idle;npc.ashen_hollow.sel_arien=0.00:idle;npc.ashen_hollow.tavar_orr=1.60:walk
38.933,0.0167,0.67,1.57,crouch_walk,Idle,npc.ashen_hollow.kera_voss=0.00:idle;npc.ashen_hollow.renn_vale=0.00:idle;npc.ashen_hollow.sel_arien=0.00:idle;npc.ashen_hollow.tavar_orr=1.60:walk
38.950,0.0167,0.00,1.57,crouch_walk,Idle,npc.ashen_hollow.kera_voss=0.00:idle;npc.ashen_hollow.renn_vale=0.00:idle;npc.ashen_hollow.sel_arien=0.00:idle;npc.ashen_hollow.tavar_orr=1.60:walk
38.967,0.0167,0.33,1.58,crouch_walk,Idle,npc.ashen_hollow.kera_voss=0.00:idle;npc.ashen_hollow.renn_vale=0.00:idle;npc.ashen_hollow.sel_arien=0.00:idle;npc.ashen_hollow.tavar_orr=1.60:walk
38.983,0.0167,0.67,1.57,crouch_walk,Idle,npc.ashen_hollow.kera_voss=0.00:idle;npc.ashen_hollow.renn_vale=0.00:idle;npc.ashen_hollow.sel_arien=0.00:idle;npc.ashen_hollow.tavar_orr=1.60:walk
39.000,0.0167,0.00,1.57,crouch_walk,Idle,npc.ashen_hollow.kera_voss=0.00:idle;npc.ashen_hollow.renn_vale=0.00:idle;npc.ashen_hollow.sel_arien=0.00:idle;npc.ashen_hollow.tavar_orr=1.60:walk
39.017,0.0167,0.33,1.58,crouch_walk,Idle,npc.ashen_hollow.kera_voss=0.00:idle;npc.ashen_hollow.renn_vale=0.00:idle;npc.ashen_hollow.sel_arien=0.00:idle;npc.ashen_hollow.tavar_orr=1.60:walk
39.033,0.0167,0.67,1.57,crouch_walk,Idle,npc.ashen_hollow.kera_voss=0.00:idle;npc.ashen_hollow.renn_vale=0.00:idle;npc.ashen_hollow.sel_arien=0.00:idle;npc.ashen_hollow.tavar_orr=1.60:walk
39.050,0.0167,0.00,1.57,crouch_walk,Idle,npc.ashen_hollow.kera_voss=0.00:idle;npc.ashen_hollow.renn_vale=0.00:idle;npc.ashen_hollow.sel_arien=0.00:idle;npc.ashen_hollow.tavar_orr=1.60:walk
39.067,0.0167,0.33,1.58,crouch_walk,Idle,npc.ashen_hollow.kera_voss=0.00:idle;npc.ashen_hollow.renn_vale=0.00:idle;npc.ashen_hollow.sel_arien=0.00:idle;npc.ashen_hollow.tavar_orr=1.60:walk
39.083,0.0167,0.67,1.57,crouch_walk,Idle,npc.ashen_hollow.kera_voss=0.00:idle;npc.ashen_hollow.renn_vale=0.00:idle;npc.ashen_hollow.sel_arien=0.00:idle;npc.ashen_hollow.tavar_orr=1.60:walk
39.100,0.0167,0.00,1.57,crouch_walk,Idle,npc.ashen_hollow.kera_voss=0.00:idle;npc.ashen_hollow.renn_vale=0.00:idle;npc.ashen_hollow.sel_arien=0.00:idle;npc.ashen_hollow.tavar_orr=1.60:walk
39.117,0.0167,0.33,1.58,crouch_walk,Idle,npc.ashen_hollow.kera_voss=0.00:idle;npc.ashen_hollow.renn_vale=0.00:idle;npc.ashen_hollow.sel_arien=0.00:idle;npc.ashen_hollow.tavar_orr=1.60:walk
39.133,0.0167,0.67,1.57,crouch_walk,Idle,npc.ashen_hollow.kera_voss=0.00:idle;npc.ashen_hollow.renn_vale=0.00:idle;npc.ashen_hollow.sel_arien=0.00:idle;npc.ashen_hollow.tavar_orr=1.60:walk
39.150,0.0167,0.00,1.57,crouch_walk,Idle,npc.ashen_hollow.kera_voss=0.00:idle;npc.ashen_hollow.renn_vale=0.00:idle;npc.ashen_hollow.sel_arien=0.00:idle;npc.ashen_hollow.tavar_orr=1.60:walk
39.167,0.0167,0.33,1.58,crouch_walk,Idle,npc.ashen_hollow.kera_voss=0.00:idle;npc.ashen_hollow.renn_vale=0.00:idle;npc.ashen_hollow.sel_arien=0.00:idle;npc.ashen_hollow.tavar_orr=1.60:walk
39.183,0.0167,0.67,1.57,crouch_walk,Idle,npc.ashen_hollow.kera_voss=0.00:idle;npc.ashen_hollow.renn_vale=0.00:idle;npc.ashen_hollow.sel_arien=0.00:idle;npc.ashen_hollow.tavar_orr=1.60:walk
39.200,0.0167,0.00,1.57,crouch_walk,Idle,npc.ashen_hollow.kera_voss=0.00:idle;npc.ashen_hollow.renn_vale=0.00:idle;npc.ashen_hollow.sel_arien=0.00:idle;npc.ashen_hollow.tavar_orr=1.60:walk
39.217,0.0167,0.33,1.58,crouch_walk,Idle,npc.ashen_hollow.kera_voss=0.00:idle;npc.ashen_hollow.renn_vale=0.00:idle;npc.ashen_hollow.sel_arien=0.00:idle;npc.ashen_hollow.tavar_orr=1.60:walk
39.233,0.0167,0.67,1.57,crouch_walk,Idle,npc.ashen_hollow.kera_voss=0.00:idle;npc.ashen_hollow.renn_vale=0.00:idle;npc.ashen_hollow.sel_arien=0.00:idle;npc.ashen_hollow.tavar_orr=1.60:walk
39.250,0.0167,0.00,1.57,crouch_walk,Idle,npc.ashen_hollow.kera_voss=0.00:idle;npc.ashen_hollow.renn_vale=0.00:idle;npc.ashen_hollow.sel_arien=0.00:idle;npc.ashen_hollow.tavar_orr=1.60:walk
39.267,0.0167,0.33,1.58,crouch_walk,Idle,npc.ashen_hollow.kera_voss=0.00:idle;npc.ashen_hollow.renn_vale=0.00:idle;npc.ashen_hollow.sel_arien=0.00:idle;npc.ashen_hollow.tavar_orr=1.60:walk
39.283,0.0167,0.67,1.57,crouch_walk,Idle,npc.ashen_hollow.kera_voss=0.00:idle;npc.ashen_hollow.renn_vale=0.00:idle;npc.ashen_hollow.sel_arien=0.00:idle;npc.ashen_hollow.tavar_orr=1.60:walk
39.300,0.0167,0.00,1.57,crouch_walk,Idle,npc.ashen_hollow.kera_voss=0.00:idle;npc.ashen_hollow.renn_vale=0.00:idle;npc.ashen_hollow.sel_arien=0.00:idle;npc.ashen_hollow.tavar_orr=1.60:walk
39.317,0.0167,0.33,1.58,crouch_walk,Idle,npc.ashen_hollow.kera_voss=0.00:idle;npc.ashen_hollow.renn_vale=0.00:idle;npc.ashen_hollow.sel_arien=0.00:idle;npc.ashen_hollow.tavar_orr=1.60:walk
39.333,0.0167,0.67,1.57,crouch_walk,Idle,npc.ashen_hollow.kera_voss=0.00:idle;npc.ashen_hollow.renn_vale=0.00:idle;npc.ashen_hollow.sel_arien=0.00:idle;npc.ashen_hollow.tavar_orr=1.60:walk
39.350,0.0167,0.00,1.57,crouch_walk,Idle,npc.ashen_hollow.kera_voss=0.00:idle;npc.ashen_hollow.renn_vale=0.00:idle;npc.ashen_hollow.sel_arien=0.00:idle;npc.ashen_hollow.tavar_orr=1.60:walk
39.367,0.0167,0.33,1.58,crouch_walk,Idle,npc.ashen_hollow.kera_voss=0.00:idle;npc.ashen_hollow.renn_vale=0.00:idle;npc.ashen_hollow.sel_arien=0.00:idle;npc.ashen_hollow.tavar_orr=1.60:walk
39.383,0.0167,0.67,1.57,crouch_walk,Idle,npc.ashen_hollow.kera_voss=0.00:idle;npc.ashen_hollow.renn_vale=0.00:idle;npc.ashen_hollow.sel_arien=0.00:idle;npc.ashen_hollow.tavar_orr=1.60:walk
39.400,0.0167,0.00,1.57,crouch_walk,Idle,npc.ashen_hollow.kera_voss=0.00:idle;npc.ashen_hollow.renn_vale=0.00:idle;npc.ashen_hollow.sel_arien=0.00:idle;npc.ashen_hollow.tavar_orr=1.60:walk
39.417,0.0167,0.33,1.58,crouch_walk,Idle,npc.ashen_hollow.kera_voss=0.00:idle;npc.ashen_hollow.renn_vale=0.00:idle;npc.ashen_hollow.sel_arien=0.00:idle;npc.ashen_hollow.tavar_orr=1.60:walk
39.433,0.0167,0.67,1.57,crouch_walk,Idle,npc.ashen_hollow.kera_voss=0.00:idle;npc.ashen_hollow.renn_vale=0.00:idle;npc.ashen_hollow.sel_arien=0.00:idle;npc.ashen_hollow.tavar_orr=1.60:walk
39.450,0.0167,0.00,1.57,crouch_walk,Idle,npc.ashen_hollow.kera_voss=0.00:idle;npc.ashen_hollow.renn_vale=0.00:idle;npc.ashen_hollow.sel_arien=0.00:idle;npc.ashen_hollow.tavar_orr=1.60:walk
39.467,0.0167,0.33,1.58,crouch_walk,Idle,npc.ashen_hollow.kera_voss=0.00:idle;npc.ashen_hollow.renn_vale=0.00:idle;npc.ashen_hollow.sel_arien=0.00:idle;npc.ashen_hollow.tavar_orr=1.60:walk
39.483,0.0167,0.67,1.57,crouch_walk,Idle,npc.ashen_hollow.kera_voss=0.00:idle;npc.ashen_hollow.renn_vale=0.00:idle;npc.ashen_hollow.sel_arien=0.00:idle;npc.ashen_hollow.tavar_orr=1.60:walk
39.500,0.0167,0.00,1.57,crouch_walk,Idle,npc.ashen_hollow.kera_voss=0.00:idle;npc.ashen_hollow.renn_vale=0.00:idle;npc.ashen_hollow.sel_arien=0.00:idle;npc.ashen_hollow.tavar_orr=1.60:walk
39.517,0.0167,0.33,1.58,crouch_walk,Idle,npc.ashen_hollow.kera_voss=0.00:idle;npc.ashen_hollow.renn_vale=0.00:idle;npc.ashen_hollow.sel_arien=0.00:idle;npc.ashen_hollow.tavar_orr=1.60:walk
39.533,0.0167,0.67,1.57,crouch_walk,Idle,npc.ashen_hollow.kera_voss=0.00:idle;npc.ashen_hollow.renn_vale=0.00:idle;npc.ashen_hollow.sel_arien=0.00:idle;npc.ashen_hollow.tavar_orr=1.60:walk
39.550,0.0167,0.00,1.57,crouch_walk,Idle,npc.ashen_hollow.kera_voss=0.00:idle;npc.ashen_hollow.renn_vale=0.00:idle;npc.ashen_hollow.sel_arien=0.00:idle;npc.ashen_hollow.tavar_orr=1.60:walk
39.567,0.0167,0.33,1.58,crouch_walk,Idle,npc.ashen_hollow.kera_voss=0.00:idle;npc.ashen_hollow.renn_vale=0.00:idle;npc.ashen_hollow.sel_arien=0.00:idle;npc.ashen_hollow.tavar_orr=1.60:walk
39.583,0.0167,0.67,1.57,crouch_walk,Idle,npc.ashen_hollow.kera_voss=0.00:idle;npc.ashen_hollow.renn_vale=0.00:idle;npc.ashen_hollow.sel_arien=0.00:idle;npc.ashen_hollow.tavar_orr=1.60:walk
39.600,0.0167,0.00,1.57,crouch_walk,Idle,npc.ashen_hollow.kera_voss=0.00:idle;npc.ashen_hollow.renn_vale=0.00:idle;npc.ashen_hollow.sel_arien=0.00:idle;npc.ashen_hollow.tavar_orr=1.60:walk
39.617,0.0167,0.33,1.58,crouch_walk,Idle,npc.ashen_hollow.kera_voss=0.00:idle;npc.ashen_hollow.renn_vale=0.00:idle;npc.ashen_hollow.sel_arien=0.00:idle;npc.ashen_hollow.tavar_orr=1.60:walk
39.633,0.0167,0.67,1.57,crouch_walk,Idle,npc.ashen_hollow.kera_voss=0.00:idle;npc.ashen_hollow.renn_vale=0.00:idle;npc.ashen_hollow.sel_arien=0.00:idle;npc.ashen_hollow.tavar_orr=1.60:walk
39.650,0.0167,0.00,1.57,crouch_walk,Idle,npc.ashen_hollow.kera_voss=0.00:idle;npc.ashen_hollow.renn_vale=0.00:idle;npc.ashen_hollow.sel_arien=0.00:idle;npc.ashen_hollow.tavar_orr=1.60:walk
39.667,0.0167,0.33,1.58,crouch_walk,Idle,npc.ashen_hollow.kera_voss=0.00:idle;npc.ashen_hollow.renn_vale=0.00:idle;npc.ashen_hollow.sel_arien=0.00:idle;npc.ashen_hollow.tavar_orr=1.60:walk
39.683,0.0167,0.67,1.57,crouch_walk,Idle,npc.ashen_hollow.kera_voss=0.00:idle;npc.ashen_hollow.renn_vale=0.00:idle;npc.ashen_hollow.sel_arien=0.00:idle;npc.ashen_hollow.tavar_orr=1.60:walk
39.700,0.0167,0.00,1.57,crouch_walk,Idle,npc.ashen_hollow.kera_voss=0.00:idle;npc.ashen_hollow.renn_vale=0.00:idle;npc.ashen_hollow.sel_arien=0.00:idle;npc.ashen_hollow.tavar_orr=1.60:walk
39.717,0.0167,0.33,1.58,crouch_walk,Idle,npc.ashen_hollow.kera_voss=0.00:idle;npc.ashen_hollow.renn_vale=0.00:idle;npc.ashen_hollow.sel_arien=0.00:idle;npc.ashen_hollow.tavar_orr=1.60:walk
39.733,0.0167,0.67,1.57,crouch_walk,Idle,npc.ashen_hollow.kera_voss=0.00:idle;npc.ashen_hollow.renn_vale=0.00:idle;npc.ashen_hollow.sel_arien=0.00:idle;npc.ashen_hollow.tavar_orr=1.60:walk
39.750,0.0167,0.00,1.57,crouch_walk,Idle,npc.ashen_hollow.kera_voss=0.00:idle;npc.ashen_hollow.renn_vale=0.00:idle;npc.ashen_hollow.sel_arien=0.00:idle;npc.ashen_hollow.tavar_orr=1.60:walk
39.767,0.0167,0.33,1.58,crouch_walk,Idle,npc.ashen_hollow.kera_voss=0.00:idle;npc.ashen_hollow.renn_vale=0.00:idle;npc.ashen_hollow.sel_arien=0.00:idle;npc.ashen_hollow.tavar_orr=1.60:walk
39.783,0.0167,0.67,1.57,crouch_walk,Idle,npc.ashen_hollow.kera_voss=0.00:idle;npc.ashen_hollow.renn_vale=0.00:idle;npc.ashen_hollow.sel_arien=0.00:idle;npc.ashen_hollow.tavar_orr=1.60:walk
39.800,0.0167,0.00,1.57,crouch_walk,Idle,npc.ashen_hollow.kera_voss=0.00:idle;npc.ashen_hollow.renn_vale=0.00:idle;npc.ashen_hollow.sel_arien=0.00:idle;npc.ashen_hollow.tavar_orr=1.60:walk
39.817,0.0167,0.33,1.58,crouch_walk,Idle,npc.ashen_hollow.kera_voss=0.00:idle;npc.ashen_hollow.renn_vale=0.00:idle;npc.ashen_hollow.sel_arien=0.00:idle;npc.ashen_hollow.tavar_orr=1.60:walk
39.833,0.0167,0.67,1.57,crouch_walk,Idle,npc.ashen_hollow.kera_voss=0.00:idle;npc.ashen_hollow.renn_vale=0.00:idle;npc.ashen_hollow.sel_arien=0.00:idle;npc.ashen_hollow.tavar_orr=1.60:walk
39.850,0.0167,0.00,1.57,crouch_walk,Idle,npc.ashen_hollow.kera_voss=0.00:idle;npc.ashen_hollow.renn_vale=0.00:idle;npc.ashen_hollow.sel_arien=0.00:idle;npc.ashen_hollow.tavar_orr=1.60:walk
39.867,0.0167,0.33,1.58,crouch_walk,Idle,npc.ashen_hollow.kera_voss=0.00:idle;npc.ashen_hollow.renn_vale=0.00:idle;npc.ashen_hollow.sel_arien=0.00:idle;npc.ashen_hollow.tavar_orr=1.60:walk
39.883,0.0167,0.67,1.57,crouch_walk,Idle,npc.ashen_hollow.kera_voss=0.00:idle;npc.ashen_hollow.renn_vale=0.00:idle;npc.ashen_hollow.sel_arien=0.00:idle;npc.ashen_hollow.tavar_orr=1.60:walk
39.900,0.0167,0.00,1.57,crouch_walk,Idle,npc.ashen_hollow.kera_voss=0.00:idle;npc.ashen_hollow.renn_vale=0.00:idle;npc.ashen_hollow.sel_arien=0.00:idle;npc.ashen_hollow.tavar_orr=1.60:walk
39.917,0.0167,0.33,1.58,crouch_walk,Idle,npc.ashen_hollow.kera_voss=0.00:idle;npc.ashen_hollow.renn_vale=0.00:idle;npc.ashen_hollow.sel_arien=0.00:idle;npc.ashen_hollow.tavar_orr=1.60:walk
39.933,0.0167,0.67,1.57,crouch_walk,Idle,npc.ashen_hollow.kera_voss=0.00:idle;npc.ashen_hollow.renn_vale=0.00:idle;npc.ashen_hollow.sel_arien=0.00:idle;npc.ashen_hollow.tavar_orr=1.60:walk
39.950,0.0167,0.00,1.57,crouch_walk,Idle,npc.ashen_hollow.kera_voss=0.00:idle;npc.ashen_hollow.renn_vale=0.00:idle;npc.ashen_hollow.sel_arien=0.00:idle;npc.ashen_hollow.tavar_orr=1.60:walk
39.967,0.0167,0.33,1.58,crouch_walk,Idle,npc.ashen_hollow.kera_voss=0.00:idle;npc.ashen_hollow.renn_vale=0.00:idle;npc.ashen_hollow.sel_arien=0.00:idle;npc.ashen_hollow.tavar_orr=1.60:walk
39.983,0.0167,0.67,1.57,crouch_walk,Idle,npc.ashen_hollow.kera_voss=0.00:idle;npc.ashen_hollow.renn_vale=0.00:idle;npc.ashen_hollow.sel_arien=0.00:idle;npc.ashen_hollow.tavar_orr=1.60:walk
40.000,0.0167,0.00,1.57,crouch_walk,Idle,npc.ashen_hollow.kera_voss=0.00:idle;npc.ashen_hollow.renn_vale=0.00:idle;npc.ashen_hollow.sel_arien=0.00:idle;npc.ashen_hollow.tavar_orr=1.60:walk
40.017,0.0167,0.33,1.58,crouch_walk,Idle,npc.ashen_hollow.kera_voss=0.00:idle;npc.ashen_hollow.renn_vale=0.00:idle;npc.ashen_hollow.sel_arien=0.00:idle;npc.ashen_hollow.tavar_orr=1.60:walk
40.033,0.0167,0.67,1.57,crouch_walk,Idle,npc.ashen_hollow.kera_voss=0.00:idle;npc.ashen_hollow.renn_vale=0.00:idle;npc.ashen_hollow.sel_arien=0.00:idle;npc.ashen_hollow.tavar_orr=1.60:walk
40.050,0.0167,0.00,1.57,crouch_walk,Idle,npc.ashen_hollow.kera_voss=0.00:idle;npc.ashen_hollow.renn_vale=0.00:idle;npc.ashen_hollow.sel_arien=0.00:idle;npc.ashen_hollow.tavar_orr=1.60:walk
40.067,0.0167,0.33,1.58,crouch_walk,Idle,npc.ashen_hollow.kera_voss=0.00:idle;npc.ashen_hollow.renn_vale=0.00:idle;npc.ashen_hollow.sel_arien=0.00:idle;npc.ashen_hollow.tavar_orr=1.60:walk
40.083,0.0167,0.67,1.57,crouch_walk,Idle,npc.ashen_hollow.kera_voss=0.00:idle;npc.ashen_hollow.renn_vale=0.00:idle;npc.ashen_hollow.sel_arien=0.00:idle;npc.ashen_hollow.tavar_orr=1.60:walk
40.100,0.0167,0.00,1.57,crouch_walk,Idle,npc.ashen_hollow.kera_voss=0.00:idle;npc.ashen_hollow.renn_vale=0.00:idle;npc.ashen_hollow.sel_arien=0.00:idle;npc.ashen_hollow.tavar_orr=1.60:walk
40.117,0.0167,0.33,1.58,crouch_walk,Idle,npc.ashen_hollow.kera_voss=0.00:idle;npc.ashen_hollow.renn_vale=0.00:idle;npc.ashen_hollow.sel_arien=0.00:idle;npc.ashen_hollow.tavar_orr=1.60:walk
40.133,0.0167,0.67,1.57,crouch_walk,Idle,npc.ashen_hollow.kera_voss=0.00:idle;npc.ashen_hollow.renn_vale=0.00:idle;npc.ashen_hollow.sel_arien=0.00:idle;npc.ashen_hollow.tavar_orr=1.60:walk
40.150,0.0167,0.00,1.57,crouch_walk,Idle,npc.ashen_hollow.kera_voss=0.00:idle;npc.ashen_hollow.renn_vale=0.00:idle;npc.ashen_hollow.sel_arien=0.00:idle;npc.ashen_hollow.tavar_orr=1.60:walk
40.167,0.0167,0.33,1.58,crouch_walk,Idle,npc.ashen_hollow.kera_voss=0.00:idle;npc.ashen_hollow.renn_vale=0.00:idle;npc.ashen_hollow.sel_arien=0.00:idle;npc.ashen_hollow.tavar_orr=1.60:walk
40.183,0.0167,0.67,1.57,crouch_walk,Idle,npc.ashen_hollow.kera_voss=0.00:idle;npc.ashen_hollow.renn_vale=0.00:idle;npc.ashen_hollow.sel_arien=0.00:idle;npc.ashen_hollow.tavar_orr=1.60:walk
40.200,0.0167,0.00,1.57,crouch_walk,Idle,npc.ashen_hollow.kera_voss=0.00:idle;npc.ashen_hollow.renn_vale=0.00:idle;npc.ashen_hollow.sel_arien=0.00:idle;npc.ashen_hollow.tavar_orr=1.60:walk
40.217,0.0167,0.33,1.58,crouch_walk,Idle,npc.ashen_hollow.kera_voss=0.00:idle;npc.ashen_hollow.renn_vale=0.00:idle;npc.ashen_hollow.sel_arien=0.00:idle;npc.ashen_hollow.tavar_orr=1.60:walk
40.233,0.0167,0.67,1.57,crouch_walk,Idle,npc.ashen_hollow.kera_voss=0.00:idle;npc.ashen_hollow.renn_vale=0.00:idle;npc.ashen_hollow.sel_arien=0.00:idle;npc.ashen_hollow.tavar_orr=1.60:walk
40.250,0.0167,0.00,1.57,crouch_walk,Idle,npc.ashen_hollow.kera_voss=0.00:idle;npc.ashen_hollow.renn_vale=0.00:idle;npc.ashen_hollow.sel_arien=0.00:idle;npc.ashen_hollow.tavar_orr=1.60:walk
40.267,0.0167,0.33,1.58,crouch_walk,Idle,npc.ashen_hollow.kera_voss=0.00:idle;npc.ashen_hollow.renn_vale=0.00:idle;npc.ashen_hollow.sel_arien=0.00:idle;npc.ashen_hollow.tavar_orr=1.60:walk
40.283,0.0167,0.67,1.57,crouch_walk,Idle,npc.ashen_hollow.kera_voss=0.00:idle;npc.ashen_hollow.renn_vale=0.00:idle;npc.ashen_hollow.sel_arien=0.00:idle;npc.ashen_hollow.tavar_orr=1.60:walk
40.300,0.0167,0.00,1.57,crouch_walk,Idle,npc.ashen_hollow.kera_voss=0.00:idle;npc.ashen_hollow.renn_vale=0.00:idle;npc.ashen_hollow.sel_arien=0.00:idle;npc.ashen_hollow.tavar_orr=1.60:walk
40.317,0.0167,0.33,1.58,crouch_walk,Idle,npc.ashen_hollow.kera_voss=0.00:idle;npc.ashen_hollow.renn_vale=0.00:idle;npc.ashen_hollow.sel_arien=0.00:idle;npc.ashen_hollow.tavar_orr=1.60:walk
40.333,0.0167,0.67,1.57,crouch_walk,Idle,npc.ashen_hollow.kera_voss=0.00:idle;npc.ashen_hollow.renn_vale=0.00:idle;npc.ashen_hollow.sel_arien=0.00:idle;npc.ashen_hollow.tavar_orr=1.60:walk
40.350,0.0167,0.00,1.57,crouch_walk,Idle,npc.ashen_hollow.kera_voss=0.00:idle;npc.ashen_hollow.renn_vale=0.00:idle;npc.ashen_hollow.sel_arien=0.00:idle;npc.ashen_hollow.tavar_orr=1.60:walk
40.367,0.0167,0.33,1.58,crouch_walk,Idle,npc.ashen_hollow.kera_voss=0.00:idle;npc.ashen_hollow.renn_vale=0.00:idle;npc.ashen_hollow.sel_arien=0.00:idle;npc.ashen_hollow.tavar_orr=1.60:walk
40.383,0.0167,0.67,1.57,crouch_walk,Idle,npc.ashen_hollow.kera_voss=0.00:idle;npc.ashen_hollow.renn_vale=0.00:idle;npc.ashen_hollow.sel_arien=0.00:idle;npc.ashen_hollow.tavar_orr=1.60:walk
40.400,0.0167,0.00,1.57,crouch_walk,Idle,npc.ashen_hollow.kera_voss=0.00:idle;npc.ashen_hollow.renn_vale=0.00:idle;npc.ashen_hollow.sel_arien=0.00:idle;npc.ashen_hollow.tavar_orr=1.60:walk
40.417,0.0167,0.33,1.58,crouch_walk,Idle,npc.ashen_hollow.kera_voss=0.00:idle;npc.ashen_hollow.renn_vale=0.00:idle;npc.ashen_hollow.sel_arien=0.00:idle;npc.ashen_hollow.tavar_orr=1.60:walk
40.433,0.0167,0.67,1.57,crouch_walk,Idle,npc.ashen_hollow.kera_voss=0.00:idle;npc.ashen_hollow.renn_vale=0.00:idle;npc.ashen_hollow.sel_arien=0.00:idle;npc.ashen_hollow.tavar_orr=1.60:walk
40.450,0.0167,0.00,1.57,crouch_walk,Idle,npc.ashen_hollow.kera_voss=0.00:idle;npc.ashen_hollow.renn_vale=0.00:idle;npc.ashen_hollow.sel_arien=0.00:idle;npc.ashen_hollow.tavar_orr=1.60:walk
40.467,0.0167,0.33,1.58,crouch_walk,Idle,npc.ashen_hollow.kera_voss=0.00:idle;npc.ashen_hollow.renn_vale=0.00:idle;npc.ashen_hollow.sel_arien=0.00:idle;npc.ashen_hollow.tavar_orr=1.60:walk
40.483,0.0167,0.67,1.57,crouch_walk,Idle,npc.ashen_hollow.kera_voss=0.00:idle;npc.ashen_hollow.renn_vale=0.00:idle;npc.ashen_hollow.sel_arien=0.00:idle;npc.ashen_hollow.tavar_orr=1.60:walk
40.500,0.0167,0.00,1.57,crouch_walk,Idle,npc.ashen_hollow.kera_voss=0.00:idle;npc.ashen_hollow.renn_vale=0.00:idle;npc.ashen_hollow.sel_arien=0.00:idle;npc.ashen_hollow.tavar_orr=1.60:walk
40.517,0.0167,0.33,1.58,crouch_walk,Idle,npc.ashen_hollow.kera_voss=0.00:idle;npc.ashen_hollow.renn_vale=0.00:idle;npc.ashen_hollow.sel_arien=0.00:idle;npc.ashen_hollow.tavar_orr=1.60:walk
40.533,0.0167,0.67,1.57,crouch_walk,Idle,npc.ashen_hollow.kera_voss=0.00:idle;npc.ashen_hollow.renn_vale=0.00:idle;npc.ashen_hollow.sel_arien=0.00:idle;npc.ashen_hollow.tavar_orr=1.60:walk
40.550,0.0167,0.00,1.57,crouch_walk,Idle,npc.ashen_hollow.kera_voss=0.00:idle;npc.ashen_hollow.renn_vale=0.00:idle;npc.ashen_hollow.sel_arien=0.00:idle;npc.ashen_hollow.tavar_orr=1.60:walk
40.567,0.0167,0.33,1.58,crouch_walk,Idle,npc.ashen_hollow.kera_voss=0.00:idle;npc.ashen_hollow.renn_vale=0.00:idle;npc.ashen_hollow.sel_arien=0.00:idle;npc.ashen_hollow.tavar_orr=1.60:walk
40.583,0.0167,0.67,1.57,crouch_walk,Idle,npc.ashen_hollow.kera_voss=0.00:idle;npc.ashen_hollow.renn_vale=0.00:idle;npc.ashen_hollow.sel_arien=0.00:idle;npc.ashen_hollow.tavar_orr=1.60:walk
40.600,0.0167,0.00,1.57,crouch_walk,Idle,npc.ashen_hollow.kera_voss=0.00:idle;npc.ashen_hollow.renn_vale=0.00:idle;npc.ashen_hollow.sel_arien=0.00:idle;npc.ashen_hollow.tavar_orr=1.60:walk
40.617,0.0167,0.33,1.58,crouch_walk,Idle,npc.ashen_hollow.kera_voss=0.00:idle;npc.ashen_hollow.renn_vale=0.00:idle;npc.ashen_hollow.sel_arien=0.00:idle;npc.ashen_hollow.tavar_orr=1.60:walk
40.633,0.0167,0.67,1.57,crouch_walk,Idle,npc.ashen_hollow.kera_voss=0.00:idle;npc.ashen_hollow.renn_vale=0.00:idle;npc.ashen_hollow.sel_arien=0.00:idle;npc.ashen_hollow.tavar_orr=1.60:walk
40.650,0.0167,0.00,1.57,crouch_walk,Idle,npc.ashen_hollow.kera_voss=0.00:idle;npc.ashen_hollow.renn_vale=0.00:idle;npc.ashen_hollow.sel_arien=0.00:idle;npc.ashen_hollow.tavar_orr=1.60:walk
40.667,0.0167,0.33,1.58,crouch_walk,Idle,npc.ashen_hollow.kera_voss=0.00:idle;npc.ashen_hollow.renn_vale=0.00:idle;npc.ashen_hollow.sel_arien=0.00:idle;npc.ashen_hollow.tavar_orr=1.60:walk
40.683,0.0167,0.67,1.57,crouch_walk,Idle,npc.ashen_hollow.kera_voss=0.00:idle;npc.ashen_hollow.renn_vale=0.00:idle;npc.ashen_hollow.sel_arien=0.00:idle;npc.ashen_hollow.tavar_orr=1.60:walk
40.700,0.0167,0.00,1.57,crouch_walk,Idle,npc.ashen_hollow.kera_voss=0.00:idle;npc.ashen_hollow.renn_vale=0.00:idle;npc.ashen_hollow.sel_arien=0.00:idle;npc.ashen_hollow.tavar_orr=1.60:walk
40.717,0.0167,0.33,1.27,crouch_walk,Idle,npc.ashen_hollow.kera_voss=0.00:idle;npc.ashen_hollow.renn_vale=0.00:idle;npc.ashen_hollow.sel_arien=0.00:idle;npc.ashen_hollow.tavar_orr=1.60:walk
40.733,0.0167,0.67,1.03,crouch_walk,Idle,npc.ashen_hollow.kera_voss=0.00:idle;npc.ashen_hollow.renn_vale=0.00:idle;npc.ashen_hollow.sel_arien=0.00:idle;npc.ashen_hollow.tavar_orr=1.60:walk
40.750,0.0167,0.00,1.03,crouch_walk,Idle,npc.ashen_hollow.kera_voss=0.00:idle;npc.ashen_hollow.renn_vale=0.00:idle;npc.ashen_hollow.sel_arien=0.00:idle;npc.ashen_hollow.tavar_orr=1.60:walk
40.767,0.0167,0.33,0.84,crouch_walk,Idle,npc.ashen_hollow.kera_voss=0.00:idle;npc.ashen_hollow.renn_vale=0.00:idle;npc.ashen_hollow.sel_arien=0.00:idle;npc.ashen_hollow.tavar_orr=1.60:walk
40.783,0.0167,0.67,0.68,crouch_walk,Idle,npc.ashen_hollow.kera_voss=0.00:idle;npc.ashen_hollow.renn_vale=0.00:idle;npc.ashen_hollow.sel_arien=0.00:idle;npc.ashen_hollow.tavar_orr=1.36:walk
40.800,0.0167,0.00,0.68,crouch_walk,Idle,npc.ashen_hollow.kera_voss=0.00:idle;npc.ashen_hollow.renn_vale=0.00:idle;npc.ashen_hollow.sel_arien=0.00:idle;npc.ashen_hollow.tavar_orr=1.15:walk
40.817,0.0167,0.33,0.55,walk,Idle,npc.ashen_hollow.kera_voss=0.00:idle;npc.ashen_hollow.renn_vale=0.00:idle;npc.ashen_hollow.sel_arien=0.00:idle;npc.ashen_hollow.tavar_orr=0.97:walk
40.833,0.0167,0.67,0.45,walk,Idle,npc.ashen_hollow.kera_voss=0.00:idle;npc.ashen_hollow.renn_vale=0.00:idle;npc.ashen_hollow.sel_arien=0.00:idle;npc.ashen_hollow.tavar_orr=0.82:walk
40.850,0.0167,0.00,0.45,walk,Idle,npc.ashen_hollow.kera_voss=0.00:idle;npc.ashen_hollow.renn_vale=0.00:idle;npc.ashen_hollow.sel_arien=0.00:idle;npc.ashen_hollow.tavar_orr=0.70:walk
40.867,0.0167,0.33,0.36,walk,Idle,npc.ashen_hollow.kera_voss=0.00:idle;npc.ashen_hollow.renn_vale=0.00:idle;npc.ashen_hollow.sel_arien=0.00:idle;npc.ashen_hollow.tavar_orr=0.00:idle
40.883,0.0167,0.67,0.30,walk,Idle,npc.ashen_hollow.kera_voss=0.00:idle;npc.ashen_hollow.renn_vale=0.00:idle;npc.ashen_hollow.sel_arien=0.00:idle;npc.ashen_hollow.tavar_orr=0.00:idle
40.900,0.0167,0.00,0.30,walk,Idle,npc.ashen_hollow.kera_voss=0.00:idle;npc.ashen_hollow.renn_vale=0.00:idle;npc.ashen_hollow.sel_arien=0.00:idle;npc.ashen_hollow.tavar_orr=0.00:idle
40.917,0.0167,0.33,0.24,spear_ready,Idle,npc.ashen_hollow.kera_voss=0.00:idle;npc.ashen_hollow.renn_vale=0.00:idle;npc.ashen_hollow.sel_arien=0.00:idle;npc.ashen_hollow.tavar_orr=0.00:idle
40.933,0.0167,0.67,0.20,spear_ready,Idle,npc.ashen_hollow.kera_voss=0.00:idle;npc.ashen_hollow.renn_vale=0.00:idle;npc.ashen_hollow.sel_arien=0.00:idle;npc.ashen_hollow.tavar_orr=0.00:idle
40.950,0.0167,0.00,0.20,spear_ready,Idle,npc.ashen_hollow.kera_voss=0.00:idle;npc.ashen_hollow.renn_vale=0.00:idle;npc.ashen_hollow.sel_arien=0.00:idle;npc.ashen_hollow.tavar_orr=0.00:idle
40.967,0.0167,0.33,0.16,spear_ready,Idle,npc.ashen_hollow.kera_voss=0.00:idle;npc.ashen_hollow.renn_vale=0.00:idle;npc.ashen_hollow.sel_arien=0.00:idle;npc.ashen_hollow.tavar_orr=0.00:idle
40.983,0.0167,0.67,0.13,spear_ready,Idle,npc.ashen_hollow.kera_voss=0.00:idle;npc.ashen_hollow.renn_vale=0.00:idle;npc.ashen_hollow.sel_arien=0.00:idle;npc.ashen_hollow.tavar_orr=0.00:idle
41.000,0.0167,0.00,0.13,spear_ready,Idle,npc.ashen_hollow.kera_voss=0.00:idle;npc.ashen_hollow.renn_vale=0.00:idle;npc.ashen_hollow.sel_arien=0.00:idle;npc.ashen_hollow.tavar_orr=0.00:idle
41.017,0.0167,0.33,0.10,spear_ready,Idle,npc.ashen_hollow.kera_voss=0.00:idle;npc.ashen_hollow.renn_vale=0.00:idle;npc.ashen_hollow.sel_arien=0.00:idle;npc.ashen_hollow.tavar_orr=0.00:idle
41.033,0.0167,0.67,0.08,spear_ready,Idle,npc.ashen_hollow.kera_voss=0.00:idle;npc.ashen_hollow.renn_vale=0.00:idle;npc.ashen_hollow.sel_arien=0.00:idle;npc.ashen_hollow.tavar_orr=0.00:idle
41.050,0.0167,0.00,0.08,spear_ready,Idle,npc.ashen_hollow.kera_voss=0.00:idle;npc.ashen_hollow.renn_vale=0.00:idle;npc.ashen_hollow.sel_arien=0.00:idle;npc.ashen_hollow.tavar_orr=0.00:idle
41.067,0.0167,0.33,0.07,spear_ready,Idle,npc.ashen_hollow.kera_voss=0.00:idle;npc.ashen_hollow.renn_vale=0.00:idle;npc.ashen_hollow.sel_arien=0.00:idle;npc.ashen_hollow.tavar_orr=0.00:idle
41.083,0.0167,0.67,0.06,spear_ready,Idle,npc.ashen_hollow.kera_voss=0.00:idle;npc.ashen_hollow.renn_vale=0.00:idle;npc.ashen_hollow.sel_arien=0.00:idle;npc.ashen_hollow.tavar_orr=0.00:idle
41.100,0.0167,0.00,0.06,spear_ready,Idle,npc.ashen_hollow.kera_voss=0.00:idle;npc.ashen_hollow.renn_vale=0.00:idle;npc.ashen_hollow.sel_arien=0.00:idle;npc.ashen_hollow.tavar_orr=0.00:idle
41.117,0.0167,0.33,0.05,spear_ready,Idle,npc.ashen_hollow.kera_voss=0.00:idle;npc.ashen_hollow.renn_vale=0.00:idle;npc.ashen_hollow.sel_arien=0.00:idle;npc.ashen_hollow.tavar_orr=0.00:idle
41.133,0.0167,0.67,0.04,spear_ready,Idle,npc.ashen_hollow.kera_voss=0.00:idle;npc.ashen_hollow.renn_vale=0.00:idle;npc.ashen_hollow.sel_arien=0.00:idle;npc.ashen_hollow.tavar_orr=0.00:idle
41.150,0.0167,0.00,0.04,spear_ready,Idle,npc.ashen_hollow.kera_voss=0.00:idle;npc.ashen_hollow.renn_vale=0.00:idle;npc.ashen_hollow.sel_arien=0.00:idle;npc.ashen_hollow.tavar_orr=0.00:idle
41.167,0.0167,0.33,0.03,spear_ready,Idle,npc.ashen_hollow.kera_voss=0.00:idle;npc.ashen_hollow.renn_vale=0.00:idle;npc.ashen_hollow.sel_arien=0.00:idle;npc.ashen_hollow.tavar_orr=0.00:idle
41.183,0.0167,0.67,0.02,spear_ready,Idle,npc.ashen_hollow.kera_voss=0.00:idle;npc.ashen_hollow.renn_vale=0.00:idle;npc.ashen_hollow.sel_arien=0.00:idle;npc.ashen_hollow.tavar_orr=0.00:idle
41.200,0.0167,0.00,0.02,spear_ready,Idle,npc.ashen_hollow.kera_voss=0.00:idle;npc.ashen_hollow.renn_vale=0.00:idle;npc.ashen_hollow.sel_arien=0.00:idle;npc.ashen_hollow.tavar_orr=0.00:idle
41.217,0.0167,0.33,0.02,spear_ready,Idle,npc.ashen_hollow.kera_voss=0.00:idle;npc.ashen_hollow.renn_vale=0.00:idle;npc.ashen_hollow.sel_arien=0.00:idle;npc.ashen_hollow.tavar_orr=0.00:idle
41.233,0.0167,0.67,0.02,spear_ready,Idle,npc.ashen_hollow.kera_voss=0.00:idle;npc.ashen_hollow.renn_vale=0.00:idle;npc.ashen_hollow.sel_arien=0.00:idle;npc.ashen_hollow.tavar_orr=0.00:idle
41.250,0.0167,0.00,0.02,spear_ready,Idle,npc.ashen_hollow.kera_voss=0.00:idle;npc.ashen_hollow.renn_vale=0.00:idle;npc.ashen_hollow.sel_arien=0.00:idle;npc.ashen_hollow.tavar_orr=0.00:idle
41.267,0.0167,0.33,0.01,spear_ready,Idle,npc.ashen_hollow.kera_voss=0.00:idle;npc.ashen_hollow.renn_vale=0.00:idle;npc.ashen_hollow.sel_arien=0.00:idle;npc.ashen_hollow.tavar_orr=0.00:idle
41.283,0.0167,0.67,0.01,spear_ready,Idle,npc.ashen_hollow.kera_voss=0.00:idle;npc.ashen_hollow.renn_vale=0.00:idle;npc.ashen_hollow.sel_arien=0.00:idle;npc.ashen_hollow.tavar_orr=0.00:idle
41.300,0.0167,0.00,0.01,spear_ready,Idle,npc.ashen_hollow.kera_voss=0.00:idle;npc.ashen_hollow.renn_vale=0.00:idle;npc.ashen_hollow.sel_arien=0.00:idle;npc.ashen_hollow.tavar_orr=0.00:idle
41.317,0.0167,0.33,0.01,spear_ready,Idle,npc.ashen_hollow.kera_voss=0.00:idle;npc.ashen_hollow.renn_vale=0.00:idle;npc.ashen_hollow.sel_arien=0.00:idle;npc.ashen_hollow.tavar_orr=0.00:idle
41.333,0.0167,0.67,0.01,spear_ready,Idle,npc.ashen_hollow.kera_voss=0.00:idle;npc.ashen_hollow.renn_vale=0.00:idle;npc.ashen_hollow.sel_arien=0.00:idle;npc.ashen_hollow.tavar_orr=0.00:idle
41.350,0.0167,0.00,0.01,spear_ready,Idle,npc.ashen_hollow.kera_voss=0.00:idle;npc.ashen_hollow.renn_vale=0.00:idle;npc.ashen_hollow.sel_arien=0.00:idle;npc.ashen_hollow.tavar_orr=0.00:idle
41.367,0.0167,0.33,0.01,spear_ready,Idle,npc.ashen_hollow.kera_voss=0.00:idle;npc.ashen_hollow.renn_vale=0.00:idle;npc.ashen_hollow.sel_arien=0.00:idle;npc.ashen_hollow.tavar_orr=0.00:idle
41.383,0.0167,0.67,0.00,spear_ready,Idle,npc.ashen_hollow.kera_voss=0.00:idle;npc.ashen_hollow.renn_vale=0.00:idle;npc.ashen_hollow.sel_arien=0.00:idle;npc.ashen_hollow.tavar_orr=0.00:idle
41.400,0.0167,0.00,0.00,spear_ready,Idle,npc.ashen_hollow.kera_voss=0.00:idle;npc.ashen_hollow.renn_vale=0.00:idle;npc.ashen_hollow.sel_arien=0.00:idle;npc.ashen_hollow.tavar_orr=0.00:idle
41.417,0.0167,0.33,0.00,spear_ready,Idle,npc.ashen_hollow.kera_voss=0.00:idle;npc.ashen_hollow.renn_vale=0.00:idle;npc.ashen_hollow.sel_arien=0.00:idle;npc.ashen_hollow.tavar_orr=0.00:idle
41.433,0.0167,0.67,0.00,spear_ready,Idle,npc.ashen_hollow.kera_voss=0.00:idle;npc.ashen_hollow.renn_vale=0.00:idle;npc.ashen_hollow.sel_arien=0.00:idle;npc.ashen_hollow.tavar_orr=0.00:idle
41.450,0.0167,0.00,0.00,spear_ready,Idle,npc.ashen_hollow.kera_voss=0.00:idle;npc.ashen_hollow.renn_vale=0.00:idle;npc.ashen_hollow.sel_arien=0.00:idle;npc.ashen_hollow.tavar_orr=0.00:idle
41.467,0.0167,0.33,0.00,spear_ready,Idle,npc.ashen_hollow.kera_voss=0.00:idle;npc.ashen_hollow.renn_vale=0.00:idle;npc.ashen_hollow.sel_arien=0.00:idle;npc.ashen_hollow.tavar_orr=0.00:idle
41.483,0.0167,0.67,0.00,spear_ready,Idle,npc.ashen_hollow.kera_voss=0.00:idle;npc.ashen_hollow.renn_vale=0.00:idle;npc.ashen_hollow.sel_arien=0.00:idle;npc.ashen_hollow.tavar_orr=0.00:idle
41.500,0.0167,0.00,0.00,spear_ready,Idle,npc.ashen_hollow.kera_voss=0.00:idle;npc.ashen_hollow.renn_vale=0.00:idle;npc.ashen_hollow.sel_arien=0.00:idle;npc.ashen_hollow.tavar_orr=0.00:idle
41.517,0.0167,0.33,0.00,spear_ready,Idle,npc.ashen_hollow.kera_voss=0.00:idle;npc.ashen_hollow.renn_vale=0.00:idle;npc.ashen_hollow.sel_arien=0.00:idle;npc.ashen_hollow.tavar_orr=0.00:idle
41.533,0.0167,0.67,0.00,spear_ready,Idle,npc.ashen_hollow.kera_voss=0.00:idle;npc.ashen_hollow.renn_vale=0.00:idle;npc.ashen_hollow.sel_arien=0.00:idle;npc.ashen_hollow.tavar_orr=0.00:idle
41.550,0.0167,0.00,0.00,spear_ready,Idle,npc.ashen_hollow.kera_voss=0.00:idle;npc.ashen_hollow.renn_vale=0.00:idle;npc.ashen_hollow.sel_arien=0.00:idle;npc.ashen_hollow.tavar_orr=0.00:idle
41.567,0.0167,0.33,0.00,spear_ready,Idle,npc.ashen_hollow.kera_voss=0.00:idle;npc.ashen_hollow.renn_vale=0.00:idle;npc.ashen_hollow.sel_arien=0.00:idle;npc.ashen_hollow.tavar_orr=0.00:idle
41.583,0.0167,0.67,0.00,spear_ready,Idle,npc.ashen_hollow.kera_voss=0.00:idle;npc.ashen_hollow.renn_vale=0.00:idle;npc.ashen_hollow.sel_arien=0.00:idle;npc.ashen_hollow.tavar_orr=0.00:idle
41.600,0.0167,0.00,0.00,spear_ready,Idle,npc.ashen_hollow.kera_voss=0.00:idle;npc.ashen_hollow.renn_vale=0.00:idle;npc.ashen_hollow.sel_arien=0.00:idle;npc.ashen_hollow.tavar_orr=0.00:idle
41.617,0.0167,0.33,0.00,spear_ready,Idle,npc.ashen_hollow.kera_voss=0.00:idle;npc.ashen_hollow.renn_vale=0.00:idle;npc.ashen_hollow.sel_arien=0.00:idle;npc.ashen_hollow.tavar_orr=0.00:idle
41.633,0.0167,0.67,0.00,spear_ready,Idle,npc.ashen_hollow.kera_voss=0.00:idle;npc.ashen_hollow.renn_vale=0.00:idle;npc.ashen_hollow.sel_arien=0.00:idle;npc.ashen_hollow.tavar_orr=0.00:idle
41.650,0.0167,0.00,0.00,spear_ready,Idle,npc.ashen_hollow.kera_voss=0.00:idle;npc.ashen_hollow.renn_vale=0.00:idle;npc.ashen_hollow.sel_arien=0.00:idle;npc.ashen_hollow.tavar_orr=0.00:idle
41.667,0.0167,0.33,0.00,spear_ready,Idle,npc.ashen_hollow.kera_voss=0.00:idle;npc.ashen_hollow.renn_vale=0.00:idle;npc.ashen_hollow.sel_arien=0.00:idle;npc.ashen_hollow.tavar_orr=0.00:idle
41.683,0.0167,0.67,0.00,spear_ready,Idle,npc.ashen_hollow.kera_voss=0.00:idle;npc.ashen_hollow.renn_vale=0.00:idle;npc.ashen_hollow.sel_arien=0.00:idle;npc.ashen_hollow.tavar_orr=0.00:idle
41.700,0.0167,0.00,0.00,spear_ready,Idle,npc.ashen_hollow.kera_voss=0.00:idle;npc.ashen_hollow.renn_vale=0.00:idle;npc.ashen_hollow.sel_arien=0.00:idle;npc.ashen_hollow.tavar_orr=0.00:idle
41.717,0.0167,0.33,0.00,spear_ready,Idle,npc.ashen_hollow.kera_voss=0.00:idle;npc.ashen_hollow.renn_vale=0.00:idle;npc.ashen_hollow.sel_arien=0.00:idle;npc.ashen_hollow.tavar_orr=0.00:idle
41.733,0.0167,0.67,0.00,spear_ready,Idle,npc.ashen_hollow.kera_voss=0.00:idle;npc.ashen_hollow.renn_vale=0.00:idle;npc.ashen_hollow.sel_arien=0.00:idle;npc.ashen_hollow.tavar_orr=0.00:idle
41.750,0.0167,0.00,0.00,spear_ready,Idle,npc.ashen_hollow.kera_voss=0.00:idle;npc.ashen_hollow.renn_vale=0.00:idle;npc.ashen_hollow.sel_arien=0.00:idle;npc.ashen_hollow.tavar_orr=0.00:idle
41.767,0.0167,0.33,0.00,spear_ready,Idle,npc.ashen_hollow.kera_voss=0.00:idle;npc.ashen_hollow.renn_vale=0.00:idle;npc.ashen_hollow.sel_arien=0.00:idle;npc.ashen_hollow.tavar_orr=0.00:idle
41.783,0.0167,0.67,0.00,spear_ready,Idle,npc.ashen_hollow.kera_voss=0.00:idle;npc.ashen_hollow.renn_vale=0.00:idle;npc.ashen_hollow.sel_arien=0.00:idle;npc.ashen_hollow.tavar_orr=0.00:idle
41.800,0.0167,0.00,0.00,spear_ready,Idle,npc.ashen_hollow.kera_voss=0.00:idle;npc.ashen_hollow.renn_vale=0.00:idle;npc.ashen_hollow.sel_arien=0.00:idle;npc.ashen_hollow.tavar_orr=0.00:idle
41.817,0.0167,0.33,0.00,spear_ready,Idle,npc.ashen_hollow.kera_voss=0.00:idle;npc.ashen_hollow.renn_vale=0.00:idle;npc.ashen_hollow.sel_arien=0.00:idle;npc.ashen_hollow.tavar_orr=0.00:idle
41.833,0.0167,0.67,0.00,spear_ready,Idle,npc.ashen_hollow.kera_voss=0.00:idle;npc.ashen_hollow.renn_vale=0.00:idle;npc.ashen_hollow.sel_arien=0.00:idle;npc.ashen_hollow.tavar_orr=0.00:idle
41.850,0.0167,0.00,0.00,spear_ready,Idle,npc.ashen_hollow.kera_voss=0.00:idle;npc.ashen_hollow.renn_vale=0.00:idle;npc.ashen_hollow.sel_arien=0.00:idle;npc.ashen_hollow.tavar_orr=0.00:idle
41.867,0.0167,0.33,0.00,spear_ready,Idle,npc.ashen_hollow.kera_voss=0.00:idle;npc.ashen_hollow.renn_vale=0.00:idle;npc.ashen_hollow.sel_arien=0.00:idle;npc.ashen_hollow.tavar_orr=0.00:idle
41.883,0.0167,0.67,0.00,spear_ready,Idle,npc.ashen_hollow.kera_voss=0.00:idle;npc.ashen_hollow.renn_vale=0.00:idle;npc.ashen_hollow.sel_arien=0.00:idle;npc.ashen_hollow.tavar_orr=0.00:idle
41.900,0.0167,0.00,0.00,spear_ready,Idle,npc.ashen_hollow.kera_voss=0.00:idle;npc.ashen_hollow.renn_vale=0.00:idle;npc.ashen_hollow.sel_arien=0.00:idle;npc.ashen_hollow.tavar_orr=0.00:idle
41.917,0.0167,0.33,0.00,spear_ready,Idle,npc.ashen_hollow.kera_voss=0.00:idle;npc.ashen_hollow.renn_vale=0.00:idle;npc.ashen_hollow.sel_arien=0.00:idle;npc.ashen_hollow.tavar_orr=0.00:idle
41.933,0.0167,0.67,0.00,spear_ready,Idle,npc.ashen_hollow.kera_voss=0.00:idle;npc.ashen_hollow.renn_vale=0.00:idle;npc.ashen_hollow.sel_arien=0.00:idle;npc.ashen_hollow.tavar_orr=0.00:idle
41.950,0.0167,0.00,0.00,spear_ready,Idle,npc.ashen_hollow.kera_voss=0.00:idle;npc.ashen_hollow.renn_vale=0.00:idle;npc.ashen_hollow.sel_arien=0.00:idle;npc.ashen_hollow.tavar_orr=0.00:idle
41.967,0.0167,0.33,0.00,spear_ready,Idle,npc.ashen_hollow.kera_voss=0.00:idle;npc.ashen_hollow.renn_vale=0.00:idle;npc.ashen_hollow.sel_arien=0.00:idle;npc.ashen_hollow.tavar_orr=0.00:idle
41.983,0.0167,0.67,0.00,spear_ready,Idle,npc.ashen_hollow.kera_voss=0.00:idle;npc.ashen_hollow.renn_vale=0.00:idle;npc.ashen_hollow.sel_arien=0.00:idle;npc.ashen_hollow.tavar_orr=0.00:idle
42.000,0.0167,0.00,0.00,spear_ready,Idle,npc.ashen_hollow.kera_voss=0.00:idle;npc.ashen_hollow.renn_vale=0.00:idle;npc.ashen_hollow.sel_arien=0.00:idle;npc.ashen_hollow.tavar_orr=0.00:idle
42.017,0.0167,0.33,0.00,spear_ready,Idle,npc.ashen_hollow.kera_voss=0.00:idle;npc.ashen_hollow.renn_vale=0.00:idle;npc.ashen_hollow.sel_arien=0.00:idle;npc.ashen_hollow.tavar_orr=0.00:idle
42.033,0.0167,0.67,0.00,spear_ready,Idle,npc.ashen_hollow.kera_voss=0.00:idle;npc.ashen_hollow.renn_vale=0.00:idle;npc.ashen_hollow.sel_arien=0.00:idle;npc.ashen_hollow.tavar_orr=0.00:idle
42.050,0.0167,0.00,0.00,spear_ready,Idle,npc.ashen_hollow.kera_voss=0.00:idle;npc.ashen_hollow.renn_vale=0.00:idle;npc.ashen_hollow.sel_arien=0.00:idle;npc.ashen_hollow.tavar_orr=0.00:idle
42.067,0.0167,0.33,0.00,spear_ready,Idle,npc.ashen_hollow.kera_voss=0.00:idle;npc.ashen_hollow.renn_vale=0.00:idle;npc.ashen_hollow.sel_arien=0.00:idle;npc.ashen_hollow.tavar_orr=0.00:idle
42.083,0.0167,0.67,0.00,spear_ready,Idle,npc.ashen_hollow.kera_voss=0.00:idle;npc.ashen_hollow.renn_vale=0.00:idle;npc.ashen_hollow.sel_arien=0.00:idle;npc.ashen_hollow.tavar_orr=0.00:idle
42.100,0.0167,0.00,0.00,spear_ready,Idle,npc.ashen_hollow.kera_voss=0.00:idle;npc.ashen_hollow.renn_vale=0.00:idle;npc.ashen_hollow.sel_arien=0.00:idle;npc.ashen_hollow.tavar_orr=0.00:idle
42.117,0.0167,0.33,0.00,spear_ready,Idle,npc.ashen_hollow.kera_voss=0.00:idle;npc.ashen_hollow.renn_vale=0.00:idle;npc.ashen_hollow.sel_arien=0.00:idle;npc.ashen_hollow.tavar_orr=0.00:idle
42.133,0.0167,0.67,0.00,spear_ready,Idle,npc.ashen_hollow.kera_voss=0.00:idle;npc.ashen_hollow.renn_vale=0.00:idle;npc.ashen_hollow.sel_arien=0.00:idle;npc.ashen_hollow.tavar_orr=0.00:idle
42.150,0.0167,0.00,0.00,spear_ready,Idle,npc.ashen_hollow.kera_voss=0.00:idle;npc.ashen_hollow.renn_vale=0.00:idle;npc.ashen_hollow.sel_arien=0.00:idle;npc.ashen_hollow.tavar_orr=0.00:idle
42.167,0.0167,0.33,0.00,spear_ready,Idle,npc.ashen_hollow.kera_voss=0.00:idle;npc.ashen_hollow.renn_vale=0.00:idle;npc.ashen_hollow.sel_arien=0.00:idle;npc.ashen_hollow.tavar_orr=0.00:idle
42.183,0.0167,0.67,0.00,spear_ready,Idle,npc.ashen_hollow.kera_voss=0.00:idle;npc.ashen_hollow.renn_vale=0.00:idle;npc.ashen_hollow.sel_arien=0.00:idle;npc.ashen_hollow.tavar_orr=0.00:idle
42.200,0.0167,0.00,0.00,spear_ready,Idle,npc.ashen_hollow.kera_voss=0.00:idle;npc.ashen_hollow.renn_vale=0.00:idle;npc.ashen_hollow.sel_arien=0.00:idle;npc.ashen_hollow.tavar_orr=0.00:idle
42.217,0.0167,0.33,0.00,spear_ready,Idle,npc.ashen_hollow.kera_voss=0.00:idle;npc.ashen_hollow.renn_vale=0.00:idle;npc.ashen_hollow.sel_arien=0.00:idle;npc.ashen_hollow.tavar_orr=0.00:idle
42.233,0.0167,0.67,0.00,spear_ready,Idle,npc.ashen_hollow.kera_voss=0.00:idle;npc.ashen_hollow.renn_vale=0.00:idle;npc.ashen_hollow.sel_arien=0.00:idle;npc.ashen_hollow.tavar_orr=0.00:idle
42.250,0.0167,0.00,0.00,spear_ready,Idle,npc.ashen_hollow.kera_voss=0.00:idle;npc.ashen_hollow.renn_vale=0.00:idle;npc.ashen_hollow.sel_arien=0.00:idle;npc.ashen_hollow.tavar_orr=0.00:idle
42.267,0.0167,0.33,0.00,spear_ready,Idle,npc.ashen_hollow.kera_voss=0.00:idle;npc.ashen_hollow.renn_vale=0.00:idle;npc.ashen_hollow.sel_arien=0.00:idle;npc.ashen_hollow.tavar_orr=0.00:idle
42.283,0.0167,0.67,0.00,spear_ready,Idle,npc.ashen_hollow.kera_voss=0.00:idle;npc.ashen_hollow.renn_vale=0.00:idle;npc.ashen_hollow.sel_arien=0.00:idle;npc.ashen_hollow.tavar_orr=0.00:idle
42.300,0.0167,0.00,0.00,spear_ready,Idle,npc.ashen_hollow.kera_voss=0.00:idle;npc.ashen_hollow.renn_vale=0.00:idle;npc.ashen_hollow.sel_arien=0.00:idle;npc.ashen_hollow.tavar_orr=0.00:idle
42.317,0.0167,0.33,0.00,spear_ready,Idle,npc.ashen_hollow.kera_voss=0.00:idle;npc.ashen_hollow.renn_vale=0.00:idle;npc.ashen_hollow.sel_arien=0.00:idle;npc.ashen_hollow.tavar_orr=0.00:idle
42.333,0.0167,0.67,0.00,spear_ready,Idle,npc.ashen_hollow.kera_voss=0.00:idle;npc.ashen_hollow.renn_vale=0.00:idle;npc.ashen_hollow.sel_arien=0.00:idle;npc.ashen_hollow.tavar_orr=0.00:idle
42.350,0.0167,0.00,0.00,spear_ready,Idle,npc.ashen_hollow.kera_voss=0.00:idle;npc.ashen_hollow.renn_vale=0.00:idle;npc.ashen_hollow.sel_arien=0.00:idle;npc.ashen_hollow.tavar_orr=0.00:idle
42.367,0.0167,0.33,0.00,spear_ready,Idle,npc.ashen_hollow.kera_voss=0.00:idle;npc.ashen_hollow.renn_vale=0.00:idle;npc.ashen_hollow.sel_arien=0.00:idle;npc.ashen_hollow.tavar_orr=0.00:idle
42.383,0.0167,0.67,0.00,spear_ready,Idle,npc.ashen_hollow.kera_voss=0.00:idle;npc.ashen_hollow.renn_vale=0.00:idle;npc.ashen_hollow.sel_arien=0.00:idle;npc.ashen_hollow.tavar_orr=0.00:idle
42.400,0.0167,0.00,0.00,spear_ready,Idle,npc.ashen_hollow.kera_voss=0.00:idle;npc.ashen_hollow.renn_vale=0.00:idle;npc.ashen_hollow.sel_arien=0.00:idle;npc.ashen_hollow.tavar_orr=0.00:idle
42.417,0.0167,0.33,0.00,spear_ready,Idle,npc.ashen_hollow.kera_voss=0.00:idle;npc.ashen_hollow.renn_vale=0.00:idle;npc.ashen_hollow.sel_arien=0.00:idle;npc.ashen_hollow.tavar_orr=0.00:idle
42.433,0.0167,0.67,0.00,spear_ready,Idle,npc.ashen_hollow.kera_voss=0.00:idle;npc.ashen_hollow.renn_vale=0.00:idle;npc.ashen_hollow.sel_arien=0.00:idle;npc.ashen_hollow.tavar_orr=0.00:idle
42.450,0.0167,0.00,0.00,spear_ready,Idle,npc.ashen_hollow.kera_voss=0.00:idle;npc.ashen_hollow.renn_vale=0.00:idle;npc.ashen_hollow.sel_arien=0.00:idle;npc.ashen_hollow.tavar_orr=0.00:idle
42.467,0.0167,0.33,0.00,spear_ready,Idle,npc.ashen_hollow.kera_voss=0.00:idle;npc.ashen_hollow.renn_vale=0.00:idle;npc.ashen_hollow.sel_arien=0.00:idle;npc.ashen_hollow.tavar_orr=0.00:idle
42.483,0.0167,0.67,0.00,spear_ready,Idle,npc.ashen_hollow.kera_voss=0.00:idle;npc.ashen_hollow.renn_vale=0.00:idle;npc.ashen_hollow.sel_arien=0.00:idle;npc.ashen_hollow.tavar_orr=0.00:idle
42.500,0.0167,0.00,0.00,spear_ready,Idle,npc.ashen_hollow.kera_voss=0.00:idle;npc.ashen_hollow.renn_vale=0.00:idle;npc.ashen_hollow.sel_arien=0.00:idle;npc.ashen_hollow.tavar_orr=0.00:idle
42.517,0.0167,0.33,0.00,spear_ready,Idle,npc.ashen_hollow.kera_voss=0.00:idle;npc.ashen_hollow.renn_vale=0.00:idle;npc.ashen_hollow.sel_arien=0.00:idle;npc.ashen_hollow.tavar_orr=0.00:idle
42.533,0.0167,0.67,0.00,spear_ready,Idle,npc.ashen_hollow.kera_voss=0.00:idle;npc.ashen_hollow.renn_vale=0.00:idle;npc.ashen_hollow.sel_arien=0.00:idle;npc.ashen_hollow.tavar_orr=0.00:idle
42.550,0.0167,0.00,0.00,spear_ready,Idle,npc.ashen_hollow.kera_voss=0.00:idle;npc.ashen_hollow.renn_vale=0.00:idle;npc.ashen_hollow.sel_arien=0.00:idle;npc.ashen_hollow.tavar_orr=0.00:idle
42.567,0.0167,0.33,0.00,spear_ready,Idle,npc.ashen_hollow.kera_voss=0.00:idle;npc.ashen_hollow.renn_vale=0.00:idle;npc.ashen_hollow.sel_arien=0.00:idle;npc.ashen_hollow.tavar_orr=0.00:idle
42.583,0.0167,0.67,0.00,spear_ready,Idle,npc.ashen_hollow.kera_voss=0.00:idle;npc.ashen_hollow.renn_vale=0.00:idle;npc.ashen_hollow.sel_arien=0.00:idle;npc.ashen_hollow.tavar_orr=0.00:idle
42.600,0.0167,0.00,0.00,spear_ready,Idle,npc.ashen_hollow.kera_voss=0.00:idle;npc.ashen_hollow.renn_vale=0.00:idle;npc.ashen_hollow.sel_arien=0.00:idle;npc.ashen_hollow.tavar_orr=0.00:idle
42.617,0.0167,0.33,0.00,spear_ready,Idle,npc.ashen_hollow.kera_voss=0.00:idle;npc.ashen_hollow.renn_vale=0.00:idle;npc.ashen_hollow.sel_arien=0.00:idle;npc.ashen_hollow.tavar_orr=0.00:idle
42.633,0.0167,0.67,0.00,spear_ready,Idle,npc.ashen_hollow.kera_voss=0.00:idle;npc.ashen_hollow.renn_vale=0.00:idle;npc.ashen_hollow.sel_arien=0.00:idle;npc.ashen_hollow.tavar_orr=0.00:idle
42.650,0.0167,0.00,0.00,spear_ready,Idle,npc.ashen_hollow.kera_voss=0.00:idle;npc.ashen_hollow.renn_vale=0.00:idle;npc.ashen_hollow.sel_arien=0.00:idle;npc.ashen_hollow.tavar_orr=0.00:idle
42.667,0.0167,0.33,0.00,spear_ready,Idle,npc.ashen_hollow.kera_voss=0.00:idle;npc.ashen_hollow.renn_vale=0.00:idle;npc.ashen_hollow.sel_arien=0.00:idle;npc.ashen_hollow.tavar_orr=0.00:idle
42.683,0.0167,0.67,0.00,spear_ready,Idle,npc.ashen_hollow.kera_voss=0.00:idle;npc.ashen_hollow.renn_vale=0.00:idle;npc.ashen_hollow.sel_arien=0.00:idle;npc.ashen_hollow.tavar_orr=0.00:idle
42.700,0.0167,0.00,0.00,spear_ready,Idle,npc.ashen_hollow.kera_voss=0.00:idle;npc.ashen_hollow.renn_vale=0.00:idle;npc.ashen_hollow.sel_arien=0.00:idle;npc.ashen_hollow.tavar_orr=0.00:idle
42.717,0.0167,0.33,0.00,spear_ready,Idle,npc.ashen_hollow.kera_voss=0.00:idle;npc.ashen_hollow.renn_vale=0.00:idle;npc.ashen_hollow.sel_arien=0.00:idle;npc.ashen_hollow.tavar_orr=0.00:idle
42.733,0.0167,0.67,0.00,spear_ready,Idle,npc.ashen_hollow.kera_voss=0.00:idle;npc.ashen_hollow.renn_vale=0.00:idle;npc.ashen_hollow.sel_arien=0.00:idle;npc.ashen_hollow.tavar_orr=0.00:idle
42.750,0.0167,0.00,0.00,spear_ready,Idle,npc.ashen_hollow.kera_voss=0.00:idle;npc.ashen_hollow.renn_vale=0.00:idle;npc.ashen_hollow.sel_arien=0.00:idle;npc.ashen_hollow.tavar_orr=0.00:idle
42.767,0.0167,0.33,0.00,spear_ready,Idle,npc.ashen_hollow.kera_voss=0.00:idle;npc.ashen_hollow.renn_vale=0.00:idle;npc.ashen_hollow.sel_arien=0.00:idle;npc.ashen_hollow.tavar_orr=0.00:idle
42.783,0.0167,0.67,0.00,spear_ready,Idle,npc.ashen_hollow.kera_voss=0.00:idle;npc.ashen_hollow.renn_vale=0.00:idle;npc.ashen_hollow.sel_arien=0.00:idle;npc.ashen_hollow.tavar_orr=0.00:idle
42.800,0.0167,0.00,0.00,spear_ready,Idle,npc.ashen_hollow.kera_voss=0.00:idle;npc.ashen_hollow.renn_vale=0.00:idle;npc.ashen_hollow.sel_arien=0.00:idle;npc.ashen_hollow.tavar_orr=0.00:idle
42.817,0.0167,0.33,0.00,spear_ready,Idle,npc.ashen_hollow.kera_voss=0.00:idle;npc.ashen_hollow.renn_vale=0.00:idle;npc.ashen_hollow.sel_arien=0.00:idle;npc.ashen_hollow.tavar_orr=0.00:idle
42.833,0.0167,0.67,0.00,spear_ready,Idle,npc.ashen_hollow.kera_voss=0.00:idle;npc.ashen_hollow.renn_vale=0.00:idle;npc.ashen_hollow.sel_arien=0.00:idle;npc.ashen_hollow.tavar_orr=0.00:idle
42.850,0.0167,0.00,0.00,spear_ready,Idle,npc.ashen_hollow.kera_voss=0.00:idle;npc.ashen_hollow.renn_vale=0.00:idle;npc.ashen_hollow.sel_arien=0.00:idle;npc.ashen_hollow.tavar_orr=0.00:idle
42.867,0.0167,0.33,0.00,spear_ready,Idle,npc.ashen_hollow.kera_voss=0.00:idle;npc.ashen_hollow.renn_vale=0.00:idle;npc.ashen_hollow.sel_arien=0.00:idle;npc.ashen_hollow.tavar_orr=0.00:idle
42.883,0.0167,0.67,0.00,spear_ready,Idle,npc.ashen_hollow.kera_voss=0.00:idle;npc.ashen_hollow.renn_vale=0.00:idle;npc.ashen_hollow.sel_arien=0.00:idle;npc.ashen_hollow.tavar_orr=0.00:idle
42.900,0.0167,0.00,0.00,spear_ready,Idle,npc.ashen_hollow.kera_voss=0.00:idle;npc.ashen_hollow.renn_vale=0.00:idle;npc.ashen_hollow.sel_arien=0.00:idle;npc.ashen_hollow.tavar_orr=0.00:idle
42.917,0.0167,0.33,0.00,spear_ready,Idle,npc.ashen_hollow.kera_voss=0.00:idle;npc.ashen_hollow.renn_vale=0.00:idle;npc.ashen_hollow.sel_arien=0.00:idle;npc.ashen_hollow.tavar_orr=0.00:idle
42.933,0.0167,0.67,0.00,spear_ready,Idle,npc.ashen_hollow.kera_voss=0.00:idle;npc.ashen_hollow.renn_vale=0.00:idle;npc.ashen_hollow.sel_arien=0.00:idle;npc.ashen_hollow.tavar_orr=0.00:idle
42.950,0.0167,0.00,0.00,spear_ready,Idle,npc.ashen_hollow.kera_voss=0.00:idle;npc.ashen_hollow.renn_vale=0.00:idle;npc.ashen_hollow.sel_arien=0.00:idle;npc.ashen_hollow.tavar_orr=0.00:idle
42.967,0.0167,0.33,0.00,spear_ready,Idle,npc.ashen_hollow.kera_voss=0.00:idle;npc.ashen_hollow.renn_vale=0.00:idle;npc.ashen_hollow.sel_arien=0.00:idle;npc.ashen_hollow.tavar_orr=0.00:idle
42.983,0.0167,0.67,0.00,spear_ready,Idle,npc.ashen_hollow.kera_voss=0.00:idle;npc.ashen_hollow.renn_vale=0.00:idle;npc.ashen_hollow.sel_arien=0.00:idle;npc.ashen_hollow.tavar_orr=0.00:idle
43.000,0.0167,0.00,0.00,spear_ready,Idle,npc.ashen_hollow.kera_voss=0.00:idle;npc.ashen_hollow.renn_vale=0.00:idle;npc.ashen_hollow.sel_arien=0.00:idle;npc.ashen_hollow.tavar_orr=0.00:idle
43.017,0.0167,0.33,0.00,spear_ready,Idle,npc.ashen_hollow.kera_voss=0.00:idle;npc.ashen_hollow.renn_vale=0.00:idle;npc.ashen_hollow.sel_arien=0.00:idle;npc.ashen_hollow.tavar_orr=0.00:idle
43.033,0.0167,0.67,0.00,spear_ready,Idle,npc.ashen_hollow.kera_voss=0.00:idle;npc.ashen_hollow.renn_vale=0.00:idle;npc.ashen_hollow.sel_arien=0.00:idle;npc.ashen_hollow.tavar_orr=0.00:idle
43.050,0.0167,0.00,0.00,spear_ready,Idle,npc.ashen_hollow.kera_voss=0.00:idle;npc.ashen_hollow.renn_vale=0.00:idle;npc.ashen_hollow.sel_arien=0.00:idle;npc.ashen_hollow.tavar_orr=0.00:idle
43.067,0.0167,0.33,0.00,spear_ready,Idle,npc.ashen_hollow.kera_voss=0.00:idle;npc.ashen_hollow.renn_vale=0.00:idle;npc.ashen_hollow.sel_arien=0.00:idle;npc.ashen_hollow.tavar_orr=0.00:idle
43.083,0.0167,0.67,0.00,spear_ready,Idle,npc.ashen_hollow.kera_voss=0.00:idle;npc.ashen_hollow.renn_vale=0.00:idle;npc.ashen_hollow.sel_arien=0.00:idle;npc.ashen_hollow.tavar_orr=0.00:idle
43.100,0.0167,0.00,0.00,spear_ready,Idle,npc.ashen_hollow.kera_voss=0.00:idle;npc.ashen_hollow.renn_vale=0.00:idle;npc.ashen_hollow.sel_arien=0.00:idle;npc.ashen_hollow.tavar_orr=0.00:idle
43.117,0.0167,0.33,0.00,spear_ready,Idle,npc.ashen_hollow.kera_voss=0.00:idle;npc.ashen_hollow.renn_vale=0.00:idle;npc.ashen_hollow.sel_arien=0.00:idle;npc.ashen_hollow.tavar_orr=0.00:idle
43.133,0.0167,0.67,0.00,spear_ready,Idle,npc.ashen_hollow.kera_voss=0.00:idle;npc.ashen_hollow.renn_vale=0.00:idle;npc.ashen_hollow.sel_arien=0.00:idle;npc.ashen_hollow.tavar_orr=0.00:idle
43.150,0.0167,0.00,0.00,spear_ready,Idle,npc.ashen_hollow.kera_voss=0.00:idle;npc.ashen_hollow.renn_vale=0.00:idle;npc.ashen_hollow.sel_arien=0.00:idle;npc.ashen_hollow.tavar_orr=0.00:idle
43.167,0.0167,0.33,0.00,spear_ready,Idle,npc.ashen_hollow.kera_voss=0.00:idle;npc.ashen_hollow.renn_vale=0.00:idle;npc.ashen_hollow.sel_arien=0.00:idle;npc.ashen_hollow.tavar_orr=0.00:idle
43.183,0.0167,0.67,0.00,spear_ready,Idle,npc.ashen_hollow.kera_voss=0.00:idle;npc.ashen_hollow.renn_vale=0.00:idle;npc.ashen_hollow.sel_arien=0.00:idle;npc.ashen_hollow.tavar_orr=0.00:idle
43.200,0.0167,0.00,0.00,spear_ready,Idle,npc.ashen_hollow.kera_voss=0.00:idle;npc.ashen_hollow.renn_vale=0.00:idle;npc.ashen_hollow.sel_arien=0.00:idle;npc.ashen_hollow.tavar_orr=0.00:idle
43.217,0.0167,0.33,0.00,spear_ready,Idle,npc.ashen_hollow.kera_voss=0.00:idle;npc.ashen_hollow.renn_vale=0.00:idle;npc.ashen_hollow.sel_arien=0.00:idle;npc.ashen_hollow.tavar_orr=0.00:idle
43.233,0.0167,0.67,0.00,spear_ready,Idle,npc.ashen_hollow.kera_voss=0.00:idle;npc.ashen_hollow.renn_vale=0.00:idle;npc.ashen_hollow.sel_arien=0.00:idle;npc.ashen_hollow.tavar_orr=0.00:idle
43.250,0.0167,0.00,0.00,spear_ready,Idle,npc.ashen_hollow.kera_voss=0.00:idle;npc.ashen_hollow.renn_vale=0.00:idle;npc.ashen_hollow.sel_arien=0.00:idle;npc.ashen_hollow.tavar_orr=0.00:idle
43.267,0.0167,0.33,0.00,spear_ready,Idle,npc.ashen_hollow.kera_voss=0.00:idle;npc.ashen_hollow.renn_vale=0.00:idle;npc.ashen_hollow.sel_arien=0.00:idle;npc.ashen_hollow.tavar_orr=0.00:idle
43.283,0.0167,0.67,0.00,spear_ready,Idle,npc.ashen_hollow.kera_voss=0.00:idle;npc.ashen_hollow.renn_vale=0.00:idle;npc.ashen_hollow.sel_arien=0.00:idle;npc.ashen_hollow.tavar_orr=0.00:idle
43.300,0.0167,0.00,0.00,spear_ready,Idle,npc.ashen_hollow.kera_voss=0.00:idle;npc.ashen_hollow.renn_vale=0.00:idle;npc.ashen_hollow.sel_arien=0.00:idle;npc.ashen_hollow.tavar_orr=0.00:idle
43.317,0.0167,0.33,0.00,spear_ready,Idle,npc.ashen_hollow.kera_voss=0.00:idle;npc.ashen_hollow.renn_vale=0.00:idle;npc.ashen_hollow.sel_arien=0.00:idle;npc.ashen_hollow.tavar_orr=0.00:idle
43.333,0.0167,0.67,0.00,spear_ready,Idle,npc.ashen_hollow.kera_voss=0.00:idle;npc.ashen_hollow.renn_vale=0.00:idle;npc.ashen_hollow.sel_arien=0.00:idle;npc.ashen_hollow.tavar_orr=0.00:idle
43.350,0.0167,0.00,0.00,spear_ready,Idle,npc.ashen_hollow.kera_voss=0.00:idle;npc.ashen_hollow.renn_vale=0.00:idle;npc.ashen_hollow.sel_arien=0.00:idle;npc.ashen_hollow.tavar_orr=0.00:idle
43.367,0.0167,0.33,0.00,spear_ready,Idle,npc.ashen_hollow.kera_voss=0.00:idle;npc.ashen_hollow.renn_vale=0.00:idle;npc.ashen_hollow.sel_arien=0.00:idle;npc.ashen_hollow.tavar_orr=0.00:idle
43.383,0.0167,0.67,0.00,spear_ready,Idle,npc.ashen_hollow.kera_voss=0.00:idle;npc.ashen_hollow.renn_vale=0.00:idle;npc.ashen_hollow.sel_arien=0.00:idle;npc.ashen_hollow.tavar_orr=0.00:idle
43.400,0.0167,0.00,0.00,spear_ready,Idle,npc.ashen_hollow.kera_voss=0.00:idle;npc.ashen_hollow.renn_vale=0.00:idle;npc.ashen_hollow.sel_arien=0.00:idle;npc.ashen_hollow.tavar_orr=0.00:idle
43.417,0.0167,0.33,0.00,spear_ready,Idle,npc.ashen_hollow.kera_voss=0.00:idle;npc.ashen_hollow.renn_vale=0.00:idle;npc.ashen_hollow.sel_arien=0.00:idle;npc.ashen_hollow.tavar_orr=0.00:idle
43.433,0.0167,0.67,0.00,spear_ready,Idle,npc.ashen_hollow.kera_voss=0.00:idle;npc.ashen_hollow.renn_vale=0.00:idle;npc.ashen_hollow.sel_arien=0.00:idle;npc.ashen_hollow.tavar_orr=0.00:idle
43.450,0.0167,0.00,0.00,spear_ready,Idle,npc.ashen_hollow.kera_voss=0.00:idle;npc.ashen_hollow.renn_vale=0.00:idle;npc.ashen_hollow.sel_arien=0.00:idle;npc.ashen_hollow.tavar_orr=0.00:idle
43.467,0.0167,0.33,0.00,spear_ready,Idle,npc.ashen_hollow.kera_voss=0.00:idle;npc.ashen_hollow.renn_vale=0.00:idle;npc.ashen_hollow.sel_arien=0.00:idle;npc.ashen_hollow.tavar_orr=0.00:idle
43.483,0.0167,0.67,0.00,spear_ready,Idle,npc.ashen_hollow.kera_voss=0.00:idle;npc.ashen_hollow.renn_vale=0.00:idle;npc.ashen_hollow.sel_arien=0.00:idle;npc.ashen_hollow.tavar_orr=0.00:idle
43.500,0.0167,0.00,0.00,spear_ready,Idle,npc.ashen_hollow.kera_voss=0.00:idle;npc.ashen_hollow.renn_vale=0.00:idle;npc.ashen_hollow.sel_arien=0.00:idle;npc.ashen_hollow.tavar_orr=0.00:idle
43.517,0.0167,0.33,0.00,spear_ready,Idle,npc.ashen_hollow.kera_voss=0.00:idle;npc.ashen_hollow.renn_vale=0.00:idle;npc.ashen_hollow.sel_arien=0.00:idle;npc.ashen_hollow.tavar_orr=0.00:idle
43.533,0.0167,0.67,0.00,spear_ready,Idle,npc.ashen_hollow.kera_voss=0.00:idle;npc.ashen_hollow.renn_vale=0.00:idle;npc.ashen_hollow.sel_arien=0.00:idle;npc.ashen_hollow.tavar_orr=0.00:idle
43.550,0.0167,0.00,0.00,spear_ready,Idle,npc.ashen_hollow.kera_voss=0.00:idle;npc.ashen_hollow.renn_vale=0.00:idle;npc.ashen_hollow.sel_arien=0.00:idle;npc.ashen_hollow.tavar_orr=0.00:idle
43.567,0.0167,0.33,0.00,spear_ready,Idle,npc.ashen_hollow.kera_voss=0.00:idle;npc.ashen_hollow.renn_vale=0.00:idle;npc.ashen_hollow.sel_arien=0.00:idle;npc.ashen_hollow.tavar_orr=0.00:idle
43.583,0.0167,0.67,0.00,spear_ready,Idle,npc.ashen_hollow.kera_voss=0.00:idle;npc.ashen_hollow.renn_vale=0.00:idle;npc.ashen_hollow.sel_arien=0.00:idle;npc.ashen_hollow.tavar_orr=0.00:idle
43.600,0.0167,0.00,0.00,spear_ready,Idle,npc.ashen_hollow.kera_voss=0.00:idle;npc.ashen_hollow.renn_vale=0.00:idle;npc.ashen_hollow.sel_arien=0.00:idle;npc.ashen_hollow.tavar_orr=0.00:idle
43.617,0.0167,0.33,0.00,spear_ready,Idle,npc.ashen_hollow.kera_voss=0.00:idle;npc.ashen_hollow.renn_vale=0.00:idle;npc.ashen_hollow.sel_arien=0.00:idle;npc.ashen_hollow.tavar_orr=0.00:idle
43.633,0.0167,0.67,0.00,spear_ready,Idle,npc.ashen_hollow.kera_voss=0.00:idle;npc.ashen_hollow.renn_vale=0.00:idle;npc.ashen_hollow.sel_arien=0.00:idle;npc.ashen_hollow.tavar_orr=0.00:idle
43.650,0.0167,0.00,0.00,spear_ready,Idle,npc.ashen_hollow.kera_voss=0.00:idle;npc.ashen_hollow.renn_vale=0.00:idle;npc.ashen_hollow.sel_arien=0.00:idle;npc.ashen_hollow.tavar_orr=0.00:idle
43.667,0.0167,0.33,0.00,spear_ready,Idle,npc.ashen_hollow.kera_voss=0.00:idle;npc.ashen_hollow.renn_vale=0.00:idle;npc.ashen_hollow.sel_arien=0.00:idle;npc.ashen_hollow.tavar_orr=0.00:idle
43.683,0.0167,0.67,0.00,spear_ready,Idle,npc.ashen_hollow.kera_voss=0.00:idle;npc.ashen_hollow.renn_vale=0.00:idle;npc.ashen_hollow.sel_arien=0.00:idle;npc.ashen_hollow.tavar_orr=0.00:idle
43.700,0.0167,0.00,0.00,spear_ready,Idle,npc.ashen_hollow.kera_voss=0.00:idle;npc.ashen_hollow.renn_vale=0.00:idle;npc.ashen_hollow.sel_arien=0.00:idle;npc.ashen_hollow.tavar_orr=0.00:idle
43.717,0.0167,0.33,0.00,spear_ready,Idle,npc.ashen_hollow.kera_voss=0.00:idle;npc.ashen_hollow.renn_vale=0.00:idle;npc.ashen_hollow.sel_arien=0.00:idle;npc.ashen_hollow.tavar_orr=0.00:idle
43.733,0.0167,0.67,0.00,spear_ready,Idle,npc.ashen_hollow.kera_voss=0.00:idle;npc.ashen_hollow.renn_vale=0.00:idle;npc.ashen_hollow.sel_arien=0.00:idle;npc.ashen_hollow.tavar_orr=0.00:idle
43.750,0.0167,0.00,0.00,spear_ready,Idle,npc.ashen_hollow.kera_voss=0.00:idle;npc.ashen_hollow.renn_vale=0.00:idle;npc.ashen_hollow.sel_arien=0.00:idle;npc.ashen_hollow.tavar_orr=0.00:idle
43.767,0.0167,0.33,0.00,spear_ready,Idle,npc.ashen_hollow.kera_voss=0.00:idle;npc.ashen_hollow.renn_vale=0.00:idle;npc.ashen_hollow.sel_arien=0.00:idle;npc.ashen_hollow.tavar_orr=0.00:idle
43.783,0.0167,0.67,0.00,spear_ready,Idle,npc.ashen_hollow.kera_voss=0.00:idle;npc.ashen_hollow.renn_vale=0.00:idle;npc.ashen_hollow.sel_arien=0.00:idle;npc.ashen_hollow.tavar_orr=0.00:idle
43.800,0.0167,0.00,0.00,spear_ready,Idle,npc.ashen_hollow.kera_voss=0.00:idle;npc.ashen_hollow.renn_vale=0.00:idle;npc.ashen_hollow.sel_arien=0.00:idle;npc.ashen_hollow.tavar_orr=0.00:idle
43.817,0.0167,0.33,0.00,spear_ready,Idle,npc.ashen_hollow.kera_voss=0.00:idle;npc.ashen_hollow.renn_vale=0.00:idle;npc.ashen_hollow.sel_arien=0.00:idle;npc.ashen_hollow.tavar_orr=0.00:idle
43.833,0.0167,0.67,0.00,spear_ready,Idle,npc.ashen_hollow.kera_voss=0.00:idle;npc.ashen_hollow.renn_vale=0.00:idle;npc.ashen_hollow.sel_arien=0.00:idle;npc.ashen_hollow.tavar_orr=0.00:idle
43.850,0.0167,0.00,0.00,spear_ready,Idle,npc.ashen_hollow.kera_voss=0.00:idle;npc.ashen_hollow.renn_vale=0.00:idle;npc.ashen_hollow.sel_arien=0.00:idle;npc.ashen_hollow.tavar_orr=0.00:idle
43.867,0.0167,0.33,0.00,spear_ready,Idle,npc.ashen_hollow.kera_voss=0.00:idle;npc.ashen_hollow.renn_vale=0.00:idle;npc.ashen_hollow.sel_arien=0.00:idle;npc.ashen_hollow.tavar_orr=0.00:idle
43.883,0.0167,0.67,0.00,spear_ready,Idle,npc.ashen_hollow.kera_voss=0.00:idle;npc.ashen_hollow.renn_vale=0.00:idle;npc.ashen_hollow.sel_arien=0.00:idle;npc.ashen_hollow.tavar_orr=0.00:idle
43.900,0.0167,0.00,0.00,spear_ready,Idle,npc.ashen_hollow.kera_voss=0.00:idle;npc.ashen_hollow.renn_vale=0.00:idle;npc.ashen_hollow.sel_arien=0.00:idle;npc.ashen_hollow.tavar_orr=0.00:idle
43.917,0.0167,0.33,0.00,spear_ready,Idle,npc.ashen_hollow.kera_voss=0.00:idle;npc.ashen_hollow.renn_vale=0.00:idle;npc.ashen_hollow.sel_arien=0.00:idle;npc.ashen_hollow.tavar_orr=0.00:idle
43.933,0.0167,0.67,0.00,spear_ready,Idle,npc.ashen_hollow.kera_voss=0.00:idle;npc.ashen_hollow.renn_vale=0.00:idle;npc.ashen_hollow.sel_arien=0.00:idle;npc.ashen_hollow.tavar_orr=0.00:idle
43.950,0.0167,0.00,0.00,spear_ready,Idle,npc.ashen_hollow.kera_voss=0.00:idle;npc.ashen_hollow.renn_vale=0.00:idle;npc.ashen_hollow.sel_arien=0.00:idle;npc.ashen_hollow.tavar_orr=0.00:idle
43.967,0.0167,0.33,0.00,spear_ready,Idle,npc.ashen_hollow.kera_voss=0.00:idle;npc.ashen_hollow.renn_vale=0.00:idle;npc.ashen_hollow.sel_arien=0.00:idle;npc.ashen_hollow.tavar_orr=0.00:idle
43.983,0.0167,0.67,0.00,spear_ready,Idle,npc.ashen_hollow.kera_voss=0.00:idle;npc.ashen_hollow.renn_vale=0.00:idle;npc.ashen_hollow.sel_arien=0.00:idle;npc.ashen_hollow.tavar_orr=0.00:idle
44.000,0.0167,0.00,0.00,spear_ready,Idle,npc.ashen_hollow.kera_voss=0.00:idle;npc.ashen_hollow.renn_vale=0.00:idle;npc.ashen_hollow.sel_arien=0.00:idle;npc.ashen_hollow.tavar_orr=0.00:idle
44.017,0.0167,0.33,0.00,spear_ready,Idle,npc.ashen_hollow.kera_voss=0.00:idle;npc.ashen_hollow.renn_vale=0.00:idle;npc.ashen_hollow.sel_arien=0.00:idle;npc.ashen_hollow.tavar_orr=0.00:idle
44.033,0.0167,0.67,0.00,spear_ready,Idle,npc.ashen_hollow.kera_voss=0.00:idle;npc.ashen_hollow.renn_vale=0.00:idle;npc.ashen_hollow.sel_arien=0.00:idle;npc.ashen_hollow.tavar_orr=0.00:idle
44.050,0.0167,0.00,0.00,spear_ready,Idle,npc.ashen_hollow.kera_voss=0.00:idle;npc.ashen_hollow.renn_vale=0.00:idle;npc.ashen_hollow.sel_arien=0.00:idle;npc.ashen_hollow.tavar_orr=0.00:idle
44.067,0.0167,0.33,0.00,spear_ready,Idle,npc.ashen_hollow.kera_voss=0.00:idle;npc.ashen_hollow.renn_vale=0.00:idle;npc.ashen_hollow.sel_arien=0.00:idle;npc.ashen_hollow.tavar_orr=0.00:idle
44.083,0.0167,0.67,0.00,spear_ready,Idle,npc.ashen_hollow.kera_voss=0.00:idle;npc.ashen_hollow.renn_vale=0.00:idle;npc.ashen_hollow.sel_arien=0.00:idle;npc.ashen_hollow.tavar_orr=0.00:idle
44.100,0.0167,0.00,0.00,spear_ready,Idle,npc.ashen_hollow.kera_voss=0.00:idle;npc.ashen_hollow.renn_vale=0.00:idle;npc.ashen_hollow.sel_arien=0.00:idle;npc.ashen_hollow.tavar_orr=0.00:idle
44.117,0.0167,0.33,0.00,spear_ready,Idle,npc.ashen_hollow.kera_voss=0.00:idle;npc.ashen_hollow.renn_vale=0.00:idle;npc.ashen_hollow.sel_arien=0.00:idle;npc.ashen_hollow.tavar_orr=0.00:idle
44.133,0.0167,0.67,0.00,spear_ready,Idle,npc.ashen_hollow.kera_voss=0.00:idle;npc.ashen_hollow.renn_vale=0.00:idle;npc.ashen_hollow.sel_arien=0.00:idle;npc.ashen_hollow.tavar_orr=0.00:idle
44.150,0.0167,0.00,0.00,spear_ready,Idle,npc.ashen_hollow.kera_voss=0.00:idle;npc.ashen_hollow.renn_vale=0.00:idle;npc.ashen_hollow.sel_arien=0.00:idle;npc.ashen_hollow.tavar_orr=0.00:idle
44.167,0.0167,0.33,0.00,spear_ready,Idle,npc.ashen_hollow.kera_voss=0.00:idle;npc.ashen_hollow.renn_vale=0.00:idle;npc.ashen_hollow.sel_arien=0.00:idle;npc.ashen_hollow.tavar_orr=0.00:idle
44.183,0.0167,0.67,0.00,spear_ready,Idle,npc.ashen_hollow.kera_voss=0.00:idle;npc.ashen_hollow.renn_vale=0.00:idle;npc.ashen_hollow.sel_arien=0.00:idle;npc.ashen_hollow.tavar_orr=0.00:idle
44.200,0.0167,0.00,0.00,spear_ready,Idle,npc.ashen_hollow.kera_voss=0.00:idle;npc.ashen_hollow.renn_vale=0.00:idle;npc.ashen_hollow.sel_arien=0.00:idle;npc.ashen_hollow.tavar_orr=0.00:idle
44.217,0.0167,0.33,0.00,spear_ready,Idle,npc.ashen_hollow.kera_voss=0.00:idle;npc.ashen_hollow.renn_vale=0.00:idle;npc.ashen_hollow.sel_arien=0.00:idle;npc.ashen_hollow.tavar_orr=0.00:idle
44.233,0.0167,0.67,0.00,spear_ready,Idle,npc.ashen_hollow.kera_voss=0.00:idle;npc.ashen_hollow.renn_vale=0.00:idle;npc.ashen_hollow.sel_arien=0.00:idle;npc.ashen_hollow.tavar_orr=0.00:idle
44.250,0.0167,0.00,0.00,spear_ready,Idle,npc.ashen_hollow.kera_voss=0.00:idle;npc.ashen_hollow.renn_vale=0.00:idle;npc.ashen_hollow.sel_arien=0.00:idle;npc.ashen_hollow.tavar_orr=0.00:idle
44.267,0.0167,0.33,0.00,spear_ready,Idle,npc.ashen_hollow.kera_voss=0.00:idle;npc.ashen_hollow.renn_vale=0.00:idle;npc.ashen_hollow.sel_arien=0.00:idle;npc.ashen_hollow.tavar_orr=0.00:idle
44.283,0.0167,0.67,0.00,spear_ready,Idle,npc.ashen_hollow.kera_voss=0.00:idle;npc.ashen_hollow.renn_vale=0.00:idle;npc.ashen_hollow.sel_arien=0.00:idle;npc.ashen_hollow.tavar_orr=0.00:idle
44.300,0.0167,0.00,0.00,spear_ready,Idle,npc.ashen_hollow.kera_voss=0.00:idle;npc.ashen_hollow.renn_vale=0.00:idle;npc.ashen_hollow.sel_arien=0.00:idle;npc.ashen_hollow.tavar_orr=0.00:idle
44.317,0.0167,0.33,0.00,spear_ready,Idle,npc.ashen_hollow.kera_voss=0.00:idle;npc.ashen_hollow.renn_vale=0.00:idle;npc.ashen_hollow.sel_arien=0.00:idle;npc.ashen_hollow.tavar_orr=0.00:idle
44.333,0.0167,0.67,0.00,spear_ready,Idle,npc.ashen_hollow.kera_voss=0.00:idle;npc.ashen_hollow.renn_vale=0.00:idle;npc.ashen_hollow.sel_arien=0.00:idle;npc.ashen_hollow.tavar_orr=0.00:idle
44.350,0.0167,0.00,0.00,spear_ready,Idle,npc.ashen_hollow.kera_voss=0.00:idle;npc.ashen_hollow.renn_vale=0.00:idle;npc.ashen_hollow.sel_arien=0.00:idle;npc.ashen_hollow.tavar_orr=0.00:idle
44.367,0.0167,0.33,0.00,spear_ready,Idle,npc.ashen_hollow.kera_voss=0.00:idle;npc.ashen_hollow.renn_vale=0.00:idle;npc.ashen_hollow.sel_arien=0.00:idle;npc.ashen_hollow.tavar_orr=0.00:idle
44.383,0.0167,0.67,0.00,spear_ready,Idle,npc.ashen_hollow.kera_voss=0.00:idle;npc.ashen_hollow.renn_vale=0.00:idle;npc.ashen_hollow.sel_arien=0.00:idle;npc.ashen_hollow.tavar_orr=0.00:idle
44.400,0.0167,0.00,0.00,spear_ready,Idle,npc.ashen_hollow.kera_voss=0.00:idle;npc.ashen_hollow.renn_vale=0.00:idle;npc.ashen_hollow.sel_arien=0.00:idle;npc.ashen_hollow.tavar_orr=0.00:idle
44.417,0.0167,0.33,0.00,spear_ready,Idle,npc.ashen_hollow.kera_voss=0.00:idle;npc.ashen_hollow.renn_vale=0.00:idle;npc.ashen_hollow.sel_arien=0.00:idle;npc.ashen_hollow.tavar_orr=0.00:idle
44.433,0.0167,0.67,0.00,spear_ready,Idle,npc.ashen_hollow.kera_voss=0.00:idle;npc.ashen_hollow.renn_vale=0.00:idle;npc.ashen_hollow.sel_arien=0.00:idle;npc.ashen_hollow.tavar_orr=0.00:idle
44.450,0.0167,0.00,0.00,spear_ready,Idle,npc.ashen_hollow.kera_voss=0.00:idle;npc.ashen_hollow.renn_vale=0.00:idle;npc.ashen_hollow.sel_arien=0.00:idle;npc.ashen_hollow.tavar_orr=0.00:idle
44.467,0.0167,0.33,0.00,spear_ready,Idle,npc.ashen_hollow.kera_voss=0.00:idle;npc.ashen_hollow.renn_vale=0.00:idle;npc.ashen_hollow.sel_arien=0.00:idle;npc.ashen_hollow.tavar_orr=0.00:idle
44.483,0.0167,0.67,0.00,spear_ready,Idle,npc.ashen_hollow.kera_voss=0.00:idle;npc.ashen_hollow.renn_vale=0.00:idle;npc.ashen_hollow.sel_arien=0.00:idle;npc.ashen_hollow.tavar_orr=0.00:idle
44.500,0.0167,0.00,0.00,spear_ready,Idle,npc.ashen_hollow.kera_voss=0.00:idle;npc.ashen_hollow.renn_vale=0.00:idle;npc.ashen_hollow.sel_arien=0.00:idle;npc.ashen_hollow.tavar_orr=0.00:idle
44.517,0.0167,0.33,0.00,spear_ready,Idle,npc.ashen_hollow.kera_voss=0.00:idle;npc.ashen_hollow.renn_vale=0.00:idle;npc.ashen_hollow.sel_arien=0.00:idle;npc.ashen_hollow.tavar_orr=0.00:idle
44.533,0.0167,0.67,0.00,spear_ready,Idle,npc.ashen_hollow.kera_voss=0.00:idle;npc.ashen_hollow.renn_vale=0.00:idle;npc.ashen_hollow.sel_arien=0.00:idle;npc.ashen_hollow.tavar_orr=0.00:idle
44.550,0.0167,0.00,0.00,spear_ready,Idle,npc.ashen_hollow.kera_voss=0.00:idle;npc.ashen_hollow.renn_vale=0.00:idle;npc.ashen_hollow.sel_arien=0.00:idle;npc.ashen_hollow.tavar_orr=0.00:idle
44.567,0.0167,0.33,0.00,spear_ready,Idle,npc.ashen_hollow.kera_voss=0.00:idle;npc.ashen_hollow.renn_vale=0.00:idle;npc.ashen_hollow.sel_arien=0.00:idle;npc.ashen_hollow.tavar_orr=0.00:idle
44.583,0.0167,0.67,0.00,spear_ready,Idle,npc.ashen_hollow.kera_voss=0.00:idle;npc.ashen_hollow.renn_vale=0.00:idle;npc.ashen_hollow.sel_arien=0.00:idle;npc.ashen_hollow.tavar_orr=0.00:idle
44.600,0.0167,0.00,0.00,spear_ready,Idle,npc.ashen_hollow.kera_voss=0.00:idle;npc.ashen_hollow.renn_vale=0.00:idle;npc.ashen_hollow.sel_arien=0.00:idle;npc.ashen_hollow.tavar_orr=0.00:idle
44.617,0.0167,0.33,0.00,spear_ready,Idle,npc.ashen_hollow.kera_voss=0.00:idle;npc.ashen_hollow.renn_vale=0.00:idle;npc.ashen_hollow.sel_arien=0.00:idle;npc.ashen_hollow.tavar_orr=0.00:idle
44.633,0.0167,0.67,0.00,spear_ready,Idle,npc.ashen_hollow.kera_voss=0.00:idle;npc.ashen_hollow.renn_vale=0.00:idle;npc.ashen_hollow.sel_arien=0.00:idle;npc.ashen_hollow.tavar_orr=0.00:idle
44.650,0.0167,0.00,0.00,spear_ready,Idle,npc.ashen_hollow.kera_voss=0.00:idle;npc.ashen_hollow.renn_vale=0.00:idle;npc.ashen_hollow.sel_arien=0.00:idle;npc.ashen_hollow.tavar_orr=0.00:idle
44.667,0.0167,0.33,0.00,spear_ready,Idle,npc.ashen_hollow.kera_voss=0.00:idle;npc.ashen_hollow.renn_vale=0.00:idle;npc.ashen_hollow.sel_arien=0.00:idle;npc.ashen_hollow.tavar_orr=0.00:idle
44.683,0.0167,0.67,0.00,spear_ready,Idle,npc.ashen_hollow.kera_voss=0.00:idle;npc.ashen_hollow.renn_vale=0.00:idle;npc.ashen_hollow.sel_arien=0.00:idle;npc.ashen_hollow.tavar_orr=0.00:idle
44.700,0.0167,0.00,0.00,spear_ready,Idle,npc.ashen_hollow.kera_voss=0.00:idle;npc.ashen_hollow.renn_vale=0.00:idle;npc.ashen_hollow.sel_arien=0.00:idle;npc.ashen_hollow.tavar_orr=0.00:idle
44.717,0.0167,0.33,0.00,spear_ready,Idle,npc.ashen_hollow.kera_voss=0.00:idle;npc.ashen_hollow.renn_vale=0.00:idle;npc.ashen_hollow.sel_arien=0.00:idle;npc.ashen_hollow.tavar_orr=0.00:idle
44.733,0.0167,0.67,0.00,spear_ready,Idle,npc.ashen_hollow.kera_voss=0.00:idle;npc.ashen_hollow.renn_vale=0.00:idle;npc.ashen_hollow.sel_arien=0.00:idle;npc.ashen_hollow.tavar_orr=0.00:idle
44.750,0.0167,0.00,0.00,spear_ready,Idle,npc.ashen_hollow.kera_voss=0.00:idle;npc.ashen_hollow.renn_vale=0.00:idle;npc.ashen_hollow.sel_arien=0.00:idle;npc.ashen_hollow.tavar_orr=0.01:idle
44.767,0.0167,0.33,0.00,spear_ready,Idle,npc.ashen_hollow.kera_voss=0.00:idle;npc.ashen_hollow.renn_vale=0.00:idle;npc.ashen_hollow.sel_arien=0.00:idle;npc.ashen_hollow.tavar_orr=0.01:idle
44.783,0.0167,0.67,0.00,spear_ready,Idle,npc.ashen_hollow.kera_voss=0.00:idle;npc.ashen_hollow.renn_vale=0.00:idle;npc.ashen_hollow.sel_arien=0.00:idle;npc.ashen_hollow.tavar_orr=0.01:idle
44.800,0.0167,0.00,0.00,spear_ready,Idle,npc.ashen_hollow.kera_voss=0.00:idle;npc.ashen_hollow.renn_vale=0.00:idle;npc.ashen_hollow.sel_arien=0.00:idle;npc.ashen_hollow.tavar_orr=0.50:walk
44.817,0.0167,0.33,0.00,spear_ready,Idle,npc.ashen_hollow.kera_voss=0.00:idle;npc.ashen_hollow.renn_vale=0.00:idle;npc.ashen_hollow.sel_arien=0.00:idle;npc.ashen_hollow.tavar_orr=0.50:walk
44.833,0.0167,0.67,0.00,spear_ready,Idle,npc.ashen_hollow.kera_voss=0.00:idle;npc.ashen_hollow.renn_vale=0.00:idle;npc.ashen_hollow.sel_arien=0.00:idle;npc.ashen_hollow.tavar_orr=0.50:walk
44.850,0.0167,0.00,0.00,spear_ready,Idle,npc.ashen_hollow.kera_voss=0.00:idle;npc.ashen_hollow.renn_vale=0.00:idle;npc.ashen_hollow.sel_arien=0.00:idle;npc.ashen_hollow.tavar_orr=0.91:walk
44.867,0.0167,0.33,0.00,spear_ready,Idle,npc.ashen_hollow.kera_voss=0.00:idle;npc.ashen_hollow.renn_vale=0.00:idle;npc.ashen_hollow.sel_arien=0.00:idle;npc.ashen_hollow.tavar_orr=0.91:walk
44.883,0.0167,0.67,0.00,spear_ready,Idle,npc.ashen_hollow.kera_voss=0.00:idle;npc.ashen_hollow.renn_vale=0.00:idle;npc.ashen_hollow.sel_arien=0.00:idle;npc.ashen_hollow.tavar_orr=0.91:walk
44.900,0.0167,0.00,0.00,spear_ready,Idle,npc.ashen_hollow.kera_voss=0.00:idle;npc.ashen_hollow.renn_vale=0.00:idle;npc.ashen_hollow.sel_arien=0.00:idle;npc.ashen_hollow.tavar_orr=1.26:walk
44.917,0.0167,0.33,0.00,spear_ready,Idle,npc.ashen_hollow.kera_voss=0.00:idle;npc.ashen_hollow.renn_vale=0.00:idle;npc.ashen_hollow.sel_arien=0.00:idle;npc.ashen_hollow.tavar_orr=1.26:walk
44.933,0.0167,0.67,0.00,spear_ready,Idle,npc.ashen_hollow.kera_voss=0.00:idle;npc.ashen_hollow.renn_vale=0.00:idle;npc.ashen_hollow.sel_arien=0.00:idle;npc.ashen_hollow.tavar_orr=1.26:walk
44.950,0.0167,0.00,0.00,spear_ready,Idle,npc.ashen_hollow.kera_voss=0.00:idle;npc.ashen_hollow.renn_vale=0.00:idle;npc.ashen_hollow.sel_arien=0.00:idle;npc.ashen_hollow.tavar_orr=1.56:walk
44.967,0.0167,0.33,0.00,spear_ready,Idle,npc.ashen_hollow.kera_voss=0.00:idle;npc.ashen_hollow.renn_vale=0.00:idle;npc.ashen_hollow.sel_arien=0.00:idle;npc.ashen_hollow.tavar_orr=1.56:walk
44.983,0.0167,0.67,0.00,spear_ready,Idle,npc.ashen_hollow.kera_voss=0.00:idle;npc.ashen_hollow.renn_vale=0.00:idle;npc.ashen_hollow.sel_arien=0.00:idle;npc.ashen_hollow.tavar_orr=1.56:walk
45.000,0.0167,0.00,0.00,spear_ready,Idle,npc.ashen_hollow.kera_voss=0.00:idle;npc.ashen_hollow.renn_vale=0.00:idle;npc.ashen_hollow.sel_arien=0.00:idle;npc.ashen_hollow.tavar_orr=1.81:walk
45.017,0.0167,0.33,0.00,spear_ready,Idle,npc.ashen_hollow.kera_voss=0.00:idle;npc.ashen_hollow.renn_vale=0.00:idle;npc.ashen_hollow.sel_arien=0.00:idle;npc.ashen_hollow.tavar_orr=1.81:walk
45.033,0.0167,0.67,0.00,spear_ready,Idle,npc.ashen_hollow.kera_voss=0.00:idle;npc.ashen_hollow.renn_vale=0.00:idle;npc.ashen_hollow.sel_arien=0.00:idle;npc.ashen_hollow.tavar_orr=1.81:walk
45.050,0.0167,0.00,0.00,spear_ready,Idle,npc.ashen_hollow.kera_voss=0.00:idle;npc.ashen_hollow.renn_vale=0.00:idle;npc.ashen_hollow.sel_arien=0.00:idle;npc.ashen_hollow.tavar_orr=2.02:walk
45.067,0.0167,0.33,0.00,spear_ready,Idle,npc.ashen_hollow.kera_voss=0.00:idle;npc.ashen_hollow.renn_vale=0.00:idle;npc.ashen_hollow.sel_arien=0.00:idle;npc.ashen_hollow.tavar_orr=2.02:walk
45.083,0.0167,0.67,0.00,spear_ready,Idle,npc.ashen_hollow.kera_voss=0.00:idle;npc.ashen_hollow.renn_vale=0.00:idle;npc.ashen_hollow.sel_arien=0.00:idle;npc.ashen_hollow.tavar_orr=2.02:walk
45.100,0.0167,0.00,0.00,spear_ready,Idle,npc.ashen_hollow.kera_voss=0.00:idle;npc.ashen_hollow.renn_vale=0.00:idle;npc.ashen_hollow.sel_arien=0.00:idle;npc.ashen_hollow.tavar_orr=2.20:walk
45.117,0.0167,0.33,0.00,spear_ready,Idle,npc.ashen_hollow.kera_voss=0.00:idle;npc.ashen_hollow.renn_vale=0.00:idle;npc.ashen_hollow.sel_arien=0.00:idle;npc.ashen_hollow.tavar_orr=2.20:walk
45.133,0.0167,0.67,0.00,spear_ready,Idle,npc.ashen_hollow.kera_voss=0.00:idle;npc.ashen_hollow.renn_vale=0.00:idle;npc.ashen_hollow.sel_arien=0.00:idle;npc.ashen_hollow.tavar_orr=2.20:walk
45.150,0.0167,0.00,0.00,spear_ready,Idle,npc.ashen_hollow.kera_voss=0.00:idle;npc.ashen_hollow.renn_vale=0.00:idle;npc.ashen_hollow.sel_arien=0.00:idle;npc.ashen_hollow.tavar_orr=2.36:walk
45.167,0.0167,0.33,0.00,spear_ready,Idle,npc.ashen_hollow.kera_voss=0.00:idle;npc.ashen_hollow.renn_vale=0.00:idle;npc.ashen_hollow.sel_arien=0.00:idle;npc.ashen_hollow.tavar_orr=2.36:walk
45.183,0.0167,0.67,0.00,spear_ready,Idle,npc.ashen_hollow.kera_voss=0.00:idle;npc.ashen_hollow.renn_vale=0.00:idle;npc.ashen_hollow.sel_arien=0.00:idle;npc.ashen_hollow.tavar_orr=2.36:walk
45.200,0.0167,0.00,0.00,spear_ready,Idle,npc.ashen_hollow.kera_voss=0.00:idle;npc.ashen_hollow.renn_vale=0.00:idle;npc.ashen_hollow.sel_arien=0.00:idle;npc.ashen_hollow.tavar_orr=2.49:run
45.217,0.0167,0.33,0.00,spear_ready,Idle,npc.ashen_hollow.kera_voss=0.00:idle;npc.ashen_hollow.renn_vale=0.00:idle;npc.ashen_hollow.sel_arien=0.00:idle;npc.ashen_hollow.tavar_orr=2.49:run
