t_s,frame_s,alpha,player_speed,player_state,player_phase,cam_dist,cam_pitch,fov,effects,npcs
0.017,0.0167,0.33,0.00,spear_ready,Idle,1.00,-0.29,75,effect.braced,npc.ashen_hollow.kera_voss=0.00:idle;npc.ashen_hollow.renn_vale=0.00:idle;npc.ashen_hollow.sel_arien=0.00:idle;npc.ashen_hollow.tavar_orr=0.00:idle
0.033,0.0167,0.67,0.00,spear_ready,Idle,3.52,-0.29,75,effect.braced,npc.ashen_hollow.kera_voss=0.00:idle;npc.ashen_hollow.renn_vale=0.00:idle;npc.ashen_hollow.sel_arien=0.00:idle;npc.ashen_hollow.tavar_orr=0.00:idle
0.050,0.0167,0.00,0.00,spear_ready,Idle,3.53,-0.28,75,effect.braced,npc.ashen_hollow.kera_voss=0.00:idle;npc.ashen_hollow.renn_vale=0.00:idle;npc.ashen_hollow.sel_arien=0.00:idle;npc.ashen_hollow.tavar_orr=0.00:idle
0.067,0.0167,0.33,0.00,spear_ready,Idle,3.54,-0.28,75,effect.braced,npc.ashen_hollow.kera_voss=0.00:idle;npc.ashen_hollow.renn_vale=0.00:idle;npc.ashen_hollow.sel_arien=0.00:idle;npc.ashen_hollow.tavar_orr=0.00:idle
0.083,0.0167,0.67,0.00,spear_ready,Idle,3.55,-0.27,75,effect.braced,npc.ashen_hollow.kera_voss=0.00:idle;npc.ashen_hollow.renn_vale=0.00:idle;npc.ashen_hollow.sel_arien=0.00:idle;npc.ashen_hollow.tavar_orr=0.00:idle
0.100,0.0167,0.00,0.00,spear_ready,Idle,3.56,-0.27,75,effect.braced,npc.ashen_hollow.kera_voss=0.00:idle;npc.ashen_hollow.renn_vale=0.00:idle;npc.ashen_hollow.sel_arien=0.00:idle;npc.ashen_hollow.tavar_orr=0.00:idle
0.117,0.0167,0.33,0.00,spear_ready,Idle,3.56,-0.26,75,effect.braced,npc.ashen_hollow.kera_voss=0.00:idle;npc.ashen_hollow.renn_vale=0.00:idle;npc.ashen_hollow.sel_arien=0.00:idle;npc.ashen_hollow.tavar_orr=0.00:idle
0.133,0.0167,0.67,0.00,spear_ready,Idle,3.57,-0.26,75,effect.braced,npc.ashen_hollow.kera_voss=0.00:idle;npc.ashen_hollow.renn_vale=0.00:idle;npc.ashen_hollow.sel_arien=0.00:idle;npc.ashen_hollow.tavar_orr=0.00:idle
0.150,0.0167,0.00,0.00,spear_ready,Idle,3.57,-0.26,75,effect.braced,npc.ashen_hollow.kera_voss=0.00:idle;npc.ashen_hollow.renn_vale=0.00:idle;npc.ashen_hollow.sel_arien=0.00:idle;npc.ashen_hollow.tavar_orr=0.00:idle
0.167,0.0167,0.33,0.00,spear_ready,Idle,3.58,-0.25,75,effect.braced,npc.ashen_hollow.kera_voss=0.00:idle;npc.ashen_hollow.renn_vale=0.00:idle;npc.ashen_hollow.sel_arien=0.00:idle;npc.ashen_hollow.tavar_orr=0.00:idle
0.183,0.0167,0.67,0.00,spear_ready,Idle,3.58,-0.25,75,effect.braced,npc.ashen_hollow.kera_voss=0.00:idle;npc.ashen_hollow.renn_vale=0.00:idle;npc.ashen_hollow.sel_arien=0.00:idle;npc.ashen_hollow.tavar_orr=0.00:idle
0.200,0.0167,0.00,0.00,spear_ready,Idle,3.58,-0.24,75,effect.braced,npc.ashen_hollow.kera_voss=0.00:idle;npc.ashen_hollow.renn_vale=0.00:idle;npc.ashen_hollow.sel_arien=0.00:idle;npc.ashen_hollow.tavar_orr=0.00:idle
0.217,0.0167,0.33,0.00,spear_ready,Idle,3.59,-0.24,75,effect.braced,npc.ashen_hollow.kera_voss=0.00:idle;npc.ashen_hollow.renn_vale=0.00:idle;npc.ashen_hollow.sel_arien=0.00:idle;npc.ashen_hollow.tavar_orr=0.00:idle
0.233,0.0167,0.67,0.00,spear_ready,Idle,3.59,-0.24,75,effect.braced,npc.ashen_hollow.kera_voss=0.00:idle;npc.ashen_hollow.renn_vale=0.00:idle;npc.ashen_hollow.sel_arien=0.00:idle;npc.ashen_hollow.tavar_orr=0.00:idle
0.250,0.0167,0.00,0.00,spear_ready,Idle,3.59,-0.24,75,effect.braced,npc.ashen_hollow.kera_voss=0.00:idle;npc.ashen_hollow.renn_vale=0.00:idle;npc.ashen_hollow.sel_arien=0.00:idle;npc.ashen_hollow.tavar_orr=0.00:idle
0.267,0.0167,0.33,0.00,spear_ready,Idle,3.59,-0.23,75,effect.braced,npc.ashen_hollow.kera_voss=0.00:idle;npc.ashen_hollow.renn_vale=0.00:idle;npc.ashen_hollow.sel_arien=0.00:idle;npc.ashen_hollow.tavar_orr=0.00:idle
0.283,0.0167,0.67,0.00,spear_ready,Idle,3.59,-0.23,75,effect.braced,npc.ashen_hollow.kera_voss=0.00:idle;npc.ashen_hollow.renn_vale=0.00:idle;npc.ashen_hollow.sel_arien=0.00:idle;npc.ashen_hollow.tavar_orr=0.00:idle
0.300,0.0167,0.00,0.00,spear_ready,Idle,3.59,-0.23,75,effect.braced,npc.ashen_hollow.kera_voss=0.00:idle;npc.ashen_hollow.renn_vale=0.00:idle;npc.ashen_hollow.sel_arien=0.00:idle;npc.ashen_hollow.tavar_orr=0.00:idle
0.317,0.0167,0.33,0.00,spear_ready,Idle,3.60,-0.23,75,effect.braced,npc.ashen_hollow.kera_voss=0.00:idle;npc.ashen_hollow.renn_vale=0.00:idle;npc.ashen_hollow.sel_arien=0.00:idle;npc.ashen_hollow.tavar_orr=0.00:idle
0.333,0.0167,0.67,0.00,spear_ready,Idle,3.60,-0.22,75,effect.braced,npc.ashen_hollow.kera_voss=0.00:idle;npc.ashen_hollow.renn_vale=0.00:idle;npc.ashen_hollow.sel_arien=0.00:idle;npc.ashen_hollow.tavar_orr=0.00:idle
0.350,0.0167,0.00,0.00,spear_ready,Idle,3.60,-0.22,75,effect.braced,npc.ashen_hollow.kera_voss=0.00:idle;npc.ashen_hollow.renn_vale=0.00:idle;npc.ashen_hollow.sel_arien=0.00:idle;npc.ashen_hollow.tavar_orr=0.00:idle
0.367,0.0167,0.33,0.00,spear_ready,Idle,3.60,-0.22,75,effect.braced,npc.ashen_hollow.kera_voss=0.00:idle;npc.ashen_hollow.renn_vale=0.00:idle;npc.ashen_hollow.sel_arien=0.00:idle;npc.ashen_hollow.tavar_orr=0.00:idle
0.383,0.0167,0.67,0.00,spear_ready,Idle,3.60,-0.22,75,effect.braced,npc.ashen_hollow.kera_voss=0.00:idle;npc.ashen_hollow.renn_vale=0.00:idle;npc.ashen_hollow.sel_arien=0.00:idle;npc.ashen_hollow.tavar_orr=0.00:idle
0.400,0.0167,0.00,0.00,spear_ready,Idle,3.60,-0.22,75,effect.braced,npc.ashen_hollow.kera_voss=0.00:idle;npc.ashen_hollow.renn_vale=0.00:idle;npc.ashen_hollow.sel_arien=0.00:idle;npc.ashen_hollow.tavar_orr=0.00:idle
0.417,0.0167,0.33,0.00,spear_ready,Idle,3.60,-0.21,75,effect.braced,npc.ashen_hollow.kera_voss=0.00:idle;npc.ashen_hollow.renn_vale=0.00:idle;npc.ashen_hollow.sel_arien=0.00:idle;npc.ashen_hollow.tavar_orr=0.00:idle
0.433,0.0167,0.67,0.00,spear_ready,Idle,3.60,-0.21,75,effect.braced,npc.ashen_hollow.kera_voss=0.00:idle;npc.ashen_hollow.renn_vale=0.00:idle;npc.ashen_hollow.sel_arien=0.00:idle;npc.ashen_hollow.tavar_orr=0.00:idle
0.450,0.0167,0.00,0.00,spear_ready,Idle,3.60,-0.21,75,effect.braced,npc.ashen_hollow.kera_voss=0.00:idle;npc.ashen_hollow.renn_vale=0.00:idle;npc.ashen_hollow.sel_arien=0.00:idle;npc.ashen_hollow.tavar_orr=0.00:idle
0.467,0.0167,0.33,0.00,spear_ready,Idle,3.60,-0.21,75,effect.braced,npc.ashen_hollow.kera_voss=0.00:idle;npc.ashen_hollow.renn_vale=0.00:idle;npc.ashen_hollow.sel_arien=0.00:idle;npc.ashen_hollow.tavar_orr=0.00:idle
0.483,0.0167,0.67,0.00,spear_ready,Idle,3.60,-0.21,75,effect.braced,npc.ashen_hollow.kera_voss=0.00:idle;npc.ashen_hollow.renn_vale=0.00:idle;npc.ashen_hollow.sel_arien=0.00:idle;npc.ashen_hollow.tavar_orr=0.00:idle
0.500,0.0167,0.00,0.00,spear_ready,Idle,3.60,-0.21,75,effect.braced,npc.ashen_hollow.kera_voss=0.00:idle;npc.ashen_hollow.renn_vale=0.00:idle;npc.ashen_hollow.sel_arien=0.00:idle;npc.ashen_hollow.tavar_orr=0.00:idle
0.517,0.0167,0.33,0.00,spear_ready,Idle,3.60,-0.20,75,effect.braced,npc.ashen_hollow.kera_voss=0.00:idle;npc.ashen_hollow.renn_vale=0.00:idle;npc.ashen_hollow.sel_arien=0.00:idle;npc.ashen_hollow.tavar_orr=0.00:idle
0.533,0.0167,0.67,0.00,spear_ready,Idle,3.60,-0.20,75,effect.braced,npc.ashen_hollow.kera_voss=0.00:idle;npc.ashen_hollow.renn_vale=0.00:idle;npc.ashen_hollow.sel_arien=0.00:idle;npc.ashen_hollow.tavar_orr=0.00:idle
0.550,0.0167,0.00,0.00,spear_ready,Idle,3.60,-0.20,75,effect.braced,npc.ashen_hollow.kera_voss=0.00:idle;npc.ashen_hollow.renn_vale=0.00:idle;npc.ashen_hollow.sel_arien=0.00:idle;npc.ashen_hollow.tavar_orr=0.00:idle
0.567,0.0167,0.33,0.00,spear_ready,Idle,3.60,-0.20,75,effect.braced,npc.ashen_hollow.kera_voss=0.00:idle;npc.ashen_hollow.renn_vale=0.00:idle;npc.ashen_hollow.sel_arien=0.00:idle;npc.ashen_hollow.tavar_orr=0.00:idle
0.583,0.0167,0.67,0.00,spear_ready,Idle,3.60,-0.20,75,effect.braced,npc.ashen_hollow.kera_voss=0.00:idle;npc.ashen_hollow.renn_vale=0.00:idle;npc.ashen_hollow.sel_arien=0.00:idle;npc.ashen_hollow.tavar_orr=0.00:idle
0.600,0.0167,0.00,0.00,spear_ready,Idle,3.60,-0.20,75,effect.braced,npc.ashen_hollow.kera_voss=0.00:idle;npc.ashen_hollow.renn_vale=0.00:idle;npc.ashen_hollow.sel_arien=0.00:idle;npc.ashen_hollow.tavar_orr=0.00:idle
0.617,0.0167,0.33,0.00,spear_ready,Idle,3.60,-0.20,75,effect.braced,npc.ashen_hollow.kera_voss=0.00:idle;npc.ashen_hollow.renn_vale=0.00:idle;npc.ashen_hollow.sel_arien=0.00:idle;npc.ashen_hollow.tavar_orr=0.00:idle
0.633,0.0167,0.67,0.00,spear_ready,Idle,3.60,-0.20,75,effect.braced,npc.ashen_hollow.kera_voss=0.00:idle;npc.ashen_hollow.renn_vale=0.00:idle;npc.ashen_hollow.sel_arien=0.00:idle;npc.ashen_hollow.tavar_orr=0.00:idle
0.650,0.0167,0.00,0.00,spear_ready,Idle,3.60,-0.20,75,effect.braced,npc.ashen_hollow.kera_voss=0.00:idle;npc.ashen_hollow.renn_vale=0.00:idle;npc.ashen_hollow.sel_arien=0.00:idle;npc.ashen_hollow.tavar_orr=0.00:idle
0.667,0.0167,0.33,0.00,spear_ready,Idle,3.60,-0.20,75,effect.braced,npc.ashen_hollow.kera_voss=0.00:idle;npc.ashen_hollow.renn_vale=0.00:idle;npc.ashen_hollow.sel_arien=0.00:idle;npc.ashen_hollow.tavar_orr=0.00:idle
0.683,0.0167,0.67,0.00,spear_ready,Idle,3.60,-0.19,75,effect.braced,npc.ashen_hollow.kera_voss=0.00:idle;npc.ashen_hollow.renn_vale=0.00:idle;npc.ashen_hollow.sel_arien=0.00:idle;npc.ashen_hollow.tavar_orr=0.00:idle
0.700,0.0167,0.00,0.00,spear_ready,Idle,3.60,-0.19,75,effect.braced,npc.ashen_hollow.kera_voss=0.00:idle;npc.ashen_hollow.renn_vale=0.00:idle;npc.ashen_hollow.sel_arien=0.00:idle;npc.ashen_hollow.tavar_orr=0.00:idle
0.717,0.0167,0.33,0.00,spear_ready,Idle,3.60,-0.19,75,effect.braced,npc.ashen_hollow.kera_voss=0.00:idle;npc.ashen_hollow.renn_vale=0.00:idle;npc.ashen_hollow.sel_arien=0.00:idle;npc.ashen_hollow.tavar_orr=0.00:idle
0.733,0.0167,0.67,0.00,spear_ready,Idle,3.60,-0.19,75,effect.braced,npc.ashen_hollow.kera_voss=0.00:idle;npc.ashen_hollow.renn_vale=0.00:idle;npc.ashen_hollow.sel_arien=0.00:idle;npc.ashen_hollow.tavar_orr=0.00:idle
0.750,0.0167,0.00,0.00,spear_ready,Idle,3.60,-0.19,75,effect.braced,npc.ashen_hollow.kera_voss=0.00:idle;npc.ashen_hollow.renn_vale=0.00:idle;npc.ashen_hollow.sel_arien=0.00:idle;npc.ashen_hollow.tavar_orr=0.00:idle
0.767,0.0167,0.33,0.00,spear_ready,Idle,3.60,-0.19,75,effect.braced,npc.ashen_hollow.kera_voss=0.00:idle;npc.ashen_hollow.renn_vale=0.00:idle;npc.ashen_hollow.sel_arien=0.00:idle;npc.ashen_hollow.tavar_orr=0.00:idle
0.783,0.0167,0.67,0.00,spear_ready,Idle,3.60,-0.19,75,effect.braced,npc.ashen_hollow.kera_voss=0.00:idle;npc.ashen_hollow.renn_vale=0.00:idle;npc.ashen_hollow.sel_arien=0.00:idle;npc.ashen_hollow.tavar_orr=0.00:idle
0.800,0.0167,0.00,0.00,spear_ready,Idle,3.60,-0.19,75,effect.braced,npc.ashen_hollow.kera_voss=0.00:idle;npc.ashen_hollow.renn_vale=0.00:idle;npc.ashen_hollow.sel_arien=0.00:idle;npc.ashen_hollow.tavar_orr=0.00:idle
0.817,0.0167,0.33,0.00,spear_ready,Idle,3.60,-0.19,75,effect.braced,npc.ashen_hollow.kera_voss=0.00:idle;npc.ashen_hollow.renn_vale=0.00:idle;npc.ashen_hollow.sel_arien=0.00:idle;npc.ashen_hollow.tavar_orr=0.00:idle
0.833,0.0167,0.67,0.00,spear_ready,Idle,3.60,-0.19,75,effect.braced,npc.ashen_hollow.kera_voss=0.00:idle;npc.ashen_hollow.renn_vale=0.00:idle;npc.ashen_hollow.sel_arien=0.00:idle;npc.ashen_hollow.tavar_orr=0.00:idle
0.850,0.0167,0.00,0.00,spear_ready,Idle,3.60,-0.19,75,effect.braced,npc.ashen_hollow.kera_voss=0.00:idle;npc.ashen_hollow.renn_vale=0.00:idle;npc.ashen_hollow.sel_arien=0.00:idle;npc.ashen_hollow.tavar_orr=0.00:idle
0.867,0.0167,0.33,0.00,spear_ready,Idle,3.60,-0.19,75,effect.braced,npc.ashen_hollow.kera_voss=0.00:idle;npc.ashen_hollow.renn_vale=0.00:idle;npc.ashen_hollow.sel_arien=0.00:idle;npc.ashen_hollow.tavar_orr=0.00:idle
0.883,0.0167,0.67,0.00,spear_ready,Idle,3.60,-0.19,75,effect.braced,npc.ashen_hollow.kera_voss=0.00:idle;npc.ashen_hollow.renn_vale=0.00:idle;npc.ashen_hollow.sel_arien=0.00:idle;npc.ashen_hollow.tavar_orr=0.00:idle
0.900,0.0167,0.00,0.00,spear_ready,Idle,3.60,-0.19,75,effect.braced,npc.ashen_hollow.kera_voss=0.00:idle;npc.ashen_hollow.renn_vale=0.00:idle;npc.ashen_hollow.sel_arien=0.00:idle;npc.ashen_hollow.tavar_orr=0.00:idle
0.917,0.0167,0.33,0.00,spear_ready,Idle,3.60,-0.19,75,effect.braced,npc.ashen_hollow.kera_voss=0.00:idle;npc.ashen_hollow.renn_vale=0.00:idle;npc.ashen_hollow.sel_arien=0.00:idle;npc.ashen_hollow.tavar_orr=0.00:idle
0.933,0.0167,0.67,0.00,spear_ready,Idle,3.60,-0.19,75,effect.braced,npc.ashen_hollow.kera_voss=0.00:idle;npc.ashen_hollow.renn_vale=0.00:idle;npc.ashen_hollow.sel_arien=0.00:idle;npc.ashen_hollow.tavar_orr=0.00:idle
0.950,0.0167,0.00,0.00,spear_ready,Idle,3.60,-0.19,75,effect.braced,npc.ashen_hollow.kera_voss=0.00:idle;npc.ashen_hollow.renn_vale=0.00:idle;npc.ashen_hollow.sel_arien=0.00:idle;npc.ashen_hollow.tavar_orr=0.00:idle
0.967,0.0167,0.33,0.00,spear_ready,Idle,3.60,-0.19,75,effect.braced,npc.ashen_hollow.kera_voss=0.00:idle;npc.ashen_hollow.renn_vale=0.00:idle;npc.ashen_hollow.sel_arien=0.00:idle;npc.ashen_hollow.tavar_orr=0.00:idle
0.983,0.0167,0.67,0.00,spear_ready,Idle,3.60,-0.19,75,effect.braced,npc.ashen_hollow.kera_voss=0.00:idle;npc.ashen_hollow.renn_vale=0.00:idle;npc.ashen_hollow.sel_arien=0.00:idle;npc.ashen_hollow.tavar_orr=0.00:idle
1.000,0.0167,0.00,0.00,spear_ready,Idle,3.60,-0.19,75,effect.braced,npc.ashen_hollow.kera_voss=0.00:idle;npc.ashen_hollow.renn_vale=0.00:idle;npc.ashen_hollow.sel_arien=0.00:idle;npc.ashen_hollow.tavar_orr=0.00:idle
1.017,0.0167,0.33,0.00,spear_ready,Idle,3.60,-0.19,75,effect.braced,npc.ashen_hollow.kera_voss=0.00:idle;npc.ashen_hollow.renn_vale=0.00:idle;npc.ashen_hollow.sel_arien=0.00:idle;npc.ashen_hollow.tavar_orr=0.00:idle
1.033,0.0167,0.67,0.00,spear_ready,Idle,3.60,-0.18,75,effect.braced,npc.ashen_hollow.kera_voss=0.00:idle;npc.ashen_hollow.renn_vale=0.00:idle;npc.ashen_hollow.sel_arien=0.00:idle;npc.ashen_hollow.tavar_orr=0.00:idle
1.050,0.0167,0.00,0.00,spear_ready,Idle,3.60,-0.18,75,effect.braced,npc.ashen_hollow.kera_voss=0.00:idle;npc.ashen_hollow.renn_vale=0.00:idle;npc.ashen_hollow.sel_arien=0.00:idle;npc.ashen_hollow.tavar_orr=0.00:idle
1.067,0.0167,0.33,0.00,spear_ready,Idle,3.60,-0.18,75,effect.braced,npc.ashen_hollow.kera_voss=0.00:idle;npc.ashen_hollow.renn_vale=0.00:idle;npc.ashen_hollow.sel_arien=0.00:idle;npc.ashen_hollow.tavar_orr=0.00:idle
1.083,0.0167,0.67,0.00,spear_ready,Idle,3.60,-0.18,75,effect.braced,npc.ashen_hollow.kera_voss=0.00:idle;npc.ashen_hollow.renn_vale=0.00:idle;npc.ashen_hollow.sel_arien=0.00:idle;npc.ashen_hollow.tavar_orr=0.00:idle
1.100,0.0167,0.00,0.00,spear_ready,Idle,3.60,-0.18,75,effect.braced,npc.ashen_hollow.kera_voss=0.00:idle;npc.ashen_hollow.renn_vale=0.00:idle;npc.ashen_hollow.sel_arien=0.00:idle;npc.ashen_hollow.tavar_orr=0.00:idle
1.117,0.0167,0.33,0.00,spear_ready,Idle,3.60,-0.18,75,effect.braced,npc.ashen_hollow.kera_voss=0.00:idle;npc.ashen_hollow.renn_vale=0.00:idle;npc.ashen_hollow.sel_arien=0.00:idle;npc.ashen_hollow.tavar_orr=0.00:idle
1.133,0.0167,0.67,0.00,spear_ready,Idle,3.60,-0.18,75,effect.braced,npc.ashen_hollow.kera_voss=0.00:idle;npc.ashen_hollow.renn_vale=0.00:idle;npc.ashen_hollow.sel_arien=0.00:idle;npc.ashen_hollow.tavar_orr=0.00:idle
1.150,0.0167,0.00,0.00,spear_ready,Idle,3.60,-0.18,75,effect.braced,npc.ashen_hollow.kera_voss=0.00:idle;npc.ashen_hollow.renn_vale=0.00:idle;npc.ashen_hollow.sel_arien=0.00:idle;npc.ashen_hollow.tavar_orr=0.00:idle
1.167,0.0167,0.33,0.00,spear_ready,Idle,3.60,-0.18,75,effect.braced,npc.ashen_hollow.kera_voss=0.00:idle;npc.ashen_hollow.renn_vale=0.00:idle;npc.ashen_hollow.sel_arien=0.00:idle;npc.ashen_hollow.tavar_orr=0.00:idle
1.183,0.0167,0.67,0.00,spear_ready,Idle,3.60,-0.18,75,effect.braced,npc.ashen_hollow.kera_voss=0.00:idle;npc.ashen_hollow.renn_vale=0.00:idle;npc.ashen_hollow.sel_arien=0.00:idle;npc.ashen_hollow.tavar_orr=0.00:idle
1.200,0.0167,0.00,0.00,spear_ready,Idle,3.60,-0.18,75,effect.braced,npc.ashen_hollow.kera_voss=0.00:idle;npc.ashen_hollow.renn_vale=0.00:idle;npc.ashen_hollow.sel_arien=0.00:idle;npc.ashen_hollow.tavar_orr=0.00:idle
1.217,0.0167,0.33,0.00,spear_ready,Idle,3.60,-0.18,75,effect.braced,npc.ashen_hollow.kera_voss=0.00:idle;npc.ashen_hollow.renn_vale=0.00:idle;npc.ashen_hollow.sel_arien=0.00:idle;npc.ashen_hollow.tavar_orr=0.00:idle
1.233,0.0167,0.67,0.00,spear_ready,Idle,3.60,-0.18,75,effect.braced,npc.ashen_hollow.kera_voss=0.00:idle;npc.ashen_hollow.renn_vale=0.00:idle;npc.ashen_hollow.sel_arien=0.00:idle;npc.ashen_hollow.tavar_orr=0.00:idle
1.250,0.0167,0.00,0.00,spear_ready,Idle,3.60,-0.18,75,effect.braced,npc.ashen_hollow.kera_voss=0.00:idle;npc.ashen_hollow.renn_vale=0.00:idle;npc.ashen_hollow.sel_arien=0.00:idle;npc.ashen_hollow.tavar_orr=0.00:idle
1.267,0.0167,0.33,0.00,spear_ready,Idle,3.60,-0.18,75,effect.braced,npc.ashen_hollow.kera_voss=0.00:idle;npc.ashen_hollow.renn_vale=0.00:idle;npc.ashen_hollow.sel_arien=0.00:idle;npc.ashen_hollow.tavar_orr=0.00:idle
1.283,0.0167,0.67,0.00,spear_ready,Idle,3.60,-0.18,75,effect.braced,npc.ashen_hollow.kera_voss=0.00:idle;npc.ashen_hollow.renn_vale=0.00:idle;npc.ashen_hollow.sel_arien=0.00:idle;npc.ashen_hollow.tavar_orr=0.00:idle
1.300,0.0167,0.00,0.00,spear_ready,Idle,3.60,-0.18,75,effect.braced,npc.ashen_hollow.kera_voss=0.00:idle;npc.ashen_hollow.renn_vale=0.00:idle;npc.ashen_hollow.sel_arien=0.00:idle;npc.ashen_hollow.tavar_orr=0.00:idle
1.317,0.0167,0.33,0.00,spear_ready,Idle,3.60,-0.18,75,effect.braced,npc.ashen_hollow.kera_voss=0.00:idle;npc.ashen_hollow.renn_vale=0.00:idle;npc.ashen_hollow.sel_arien=0.00:idle;npc.ashen_hollow.tavar_orr=0.00:idle
1.333,0.0167,0.67,0.00,spear_ready,Idle,3.60,-0.18,75,effect.braced,npc.ashen_hollow.kera_voss=0.00:idle;npc.ashen_hollow.renn_vale=0.00:idle;npc.ashen_hollow.sel_arien=0.00:idle;npc.ashen_hollow.tavar_orr=0.00:idle
1.350,0.0167,0.00,0.00,spear_ready,Idle,3.60,-0.18,75,effect.braced,npc.ashen_hollow.kera_voss=0.00:idle;npc.ashen_hollow.renn_vale=0.00:idle;npc.ashen_hollow.sel_arien=0.00:idle;npc.ashen_hollow.tavar_orr=0.00:idle
1.367,0.0167,0.33,0.00,spear_ready,Idle,3.60,-0.18,75,effect.braced,npc.ashen_hollow.kera_voss=0.00:idle;npc.ashen_hollow.renn_vale=0.00:idle;npc.ashen_hollow.sel_arien=0.00:idle;npc.ashen_hollow.tavar_orr=0.00:idle
1.383,0.0167,0.67,0.00,spear_ready,Idle,3.60,-0.18,75,effect.braced,npc.ashen_hollow.kera_voss=0.00:idle;npc.ashen_hollow.renn_vale=0.00:idle;npc.ashen_hollow.sel_arien=0.00:idle;npc.ashen_hollow.tavar_orr=0.00:idle
1.400,0.0167,0.00,0.00,spear_ready,Idle,3.60,-0.18,75,effect.braced,npc.ashen_hollow.kera_voss=0.00:idle;npc.ashen_hollow.renn_vale=0.00:idle;npc.ashen_hollow.sel_arien=0.00:idle;npc.ashen_hollow.tavar_orr=0.00:idle
1.417,0.0167,0.33,0.00,spear_ready,Idle,3.60,-0.18,75,effect.braced,npc.ashen_hollow.kera_voss=0.00:idle;npc.ashen_hollow.renn_vale=0.00:idle;npc.ashen_hollow.sel_arien=0.00:idle;npc.ashen_hollow.tavar_orr=0.00:idle
1.433,0.0167,0.67,0.00,spear_ready,Idle,3.60,-0.18,75,effect.braced,npc.ashen_hollow.kera_voss=0.00:idle;npc.ashen_hollow.renn_vale=0.00:idle;npc.ashen_hollow.sel_arien=0.00:idle;npc.ashen_hollow.tavar_orr=0.00:idle
1.450,0.0167,0.00,0.00,spear_ready,Idle,3.60,-0.18,75,effect.braced,npc.ashen_hollow.kera_voss=0.00:idle;npc.ashen_hollow.renn_vale=0.00:idle;npc.ashen_hollow.sel_arien=0.00:idle;npc.ashen_hollow.tavar_orr=0.00:idle
1.467,0.0167,0.33,0.00,spear_ready,Idle,3.60,-0.18,75,effect.braced,npc.ashen_hollow.kera_voss=0.00:idle;npc.ashen_hollow.renn_vale=0.00:idle;npc.ashen_hollow.sel_arien=0.00:idle;npc.ashen_hollow.tavar_orr=0.00:idle
1.483,0.0167,0.67,0.00,spear_ready,Idle,3.60,-0.18,75,effect.braced,npc.ashen_hollow.kera_voss=0.00:idle;npc.ashen_hollow.renn_vale=0.00:idle;npc.ashen_hollow.sel_arien=0.00:idle;npc.ashen_hollow.tavar_orr=0.00:idle
1.500,0.0167,0.00,0.00,spear_ready,Idle,3.60,-0.18,75,effect.braced,npc.ashen_hollow.kera_voss=0.00:idle;npc.ashen_hollow.renn_vale=0.00:idle;npc.ashen_hollow.sel_arien=0.00:idle;npc.ashen_hollow.tavar_orr=0.00:idle
1.517,0.0167,0.33,0.00,spear_ready,Idle,3.60,-0.18,75,effect.braced,npc.ashen_hollow.kera_voss=0.00:idle;npc.ashen_hollow.renn_vale=0.00:idle;npc.ashen_hollow.sel_arien=0.00:idle;npc.ashen_hollow.tavar_orr=0.00:idle
1.533,0.0167,0.67,0.00,spear_ready,Idle,3.60,-0.18,75,effect.braced,npc.ashen_hollow.kera_voss=0.00:idle;npc.ashen_hollow.renn_vale=0.00:idle;npc.ashen_hollow.sel_arien=0.00:idle;npc.ashen_hollow.tavar_orr=0.00:idle
1.550,0.0167,0.00,0.00,spear_ready,Idle,3.60,-0.18,75,effect.braced,npc.ashen_hollow.kera_voss=0.00:idle;npc.ashen_hollow.renn_vale=0.00:idle;npc.ashen_hollow.sel_arien=0.00:idle;npc.ashen_hollow.tavar_orr=0.00:idle
1.567,0.0167,0.33,0.00,spear_ready,Idle,3.60,-0.18,75,effect.braced,npc.ashen_hollow.kera_voss=0.00:idle;npc.ashen_hollow.renn_vale=0.00:idle;npc.ashen_hollow.sel_arien=0.00:idle;npc.ashen_hollow.tavar_orr=0.00:idle
1.583,0.0167,0.67,0.00,spear_ready,Idle,3.60,-0.18,75,effect.braced,npc.ashen_hollow.kera_voss=0.00:idle;npc.ashen_hollow.renn_vale=0.00:idle;npc.ashen_hollow.sel_arien=0.00:idle;npc.ashen_hollow.tavar_orr=0.00:idle
1.600,0.0167,0.00,0.00,spear_ready,Idle,3.60,-0.18,75,effect.braced,npc.ashen_hollow.kera_voss=0.00:idle;npc.ashen_hollow.renn_vale=0.00:idle;npc.ashen_hollow.sel_arien=0.00:idle;npc.ashen_hollow.tavar_orr=0.00:idle
1.617,0.0167,0.33,0.00,spear_ready,Idle,3.60,-0.18,75,effect.braced,npc.ashen_hollow.kera_voss=0.00:idle;npc.ashen_hollow.renn_vale=0.00:idle;npc.ashen_hollow.sel_arien=0.00:idle;npc.ashen_hollow.tavar_orr=0.00:idle
1.633,0.0167,0.67,0.00,spear_ready,Idle,3.60,-0.18,75,effect.braced,npc.ashen_hollow.kera_voss=0.00:idle;npc.ashen_hollow.renn_vale=0.00:idle;npc.ashen_hollow.sel_arien=0.00:idle;npc.ashen_hollow.tavar_orr=0.00:idle
1.650,0.0167,0.00,0.00,spear_ready,Idle,3.60,-0.18,75,effect.braced,npc.ashen_hollow.kera_voss=0.00:idle;npc.ashen_hollow.renn_vale=0.00:idle;npc.ashen_hollow.sel_arien=0.00:idle;npc.ashen_hollow.tavar_orr=0.00:idle
1.667,0.0167,0.33,0.00,spear_ready,Idle,3.60,-0.18,75,effect.braced,npc.ashen_hollow.kera_voss=0.00:idle;npc.ashen_hollow.renn_vale=0.00:idle;npc.ashen_hollow.sel_arien=0.00:idle;npc.ashen_hollow.tavar_orr=0.00:idle
1.683,0.0167,0.67,0.00,spear_ready,Idle,3.60,-0.18,75,effect.braced,npc.ashen_hollow.kera_voss=0.00:idle;npc.ashen_hollow.renn_vale=0.00:idle;npc.ashen_hollow.sel_arien=0.00:idle;npc.ashen_hollow.tavar_orr=0.00:idle
1.700,0.0167,0.00,0.00,spear_ready,Idle,3.60,-0.18,75,effect.braced,npc.ashen_hollow.kera_voss=0.00:idle;npc.ashen_hollow.renn_vale=0.00:idle;npc.ashen_hollow.sel_arien=0.00:idle;npc.ashen_hollow.tavar_orr=0.00:idle
1.717,0.0167,0.33,0.00,spear_ready,Idle,3.60,-0.18,75,effect.braced,npc.ashen_hollow.kera_voss=0.00:idle;npc.ashen_hollow.renn_vale=0.00:idle;npc.ashen_hollow.sel_arien=0.00:idle;npc.ashen_hollow.tavar_orr=0.00:idle
1.733,0.0167,0.67,0.00,spear_ready,Idle,3.60,-0.18,75,effect.braced,npc.ashen_hollow.kera_voss=0.00:idle;npc.ashen_hollow.renn_vale=0.00:idle;npc.ashen_hollow.sel_arien=0.00:idle;npc.ashen_hollow.tavar_orr=0.00:idle
1.750,0.0167,0.00,0.00,spear_ready,Idle,3.60,-0.18,75,effect.braced,npc.ashen_hollow.kera_voss=0.00:idle;npc.ashen_hollow.renn_vale=0.00:idle;npc.ashen_hollow.sel_arien=0.00:idle;npc.ashen_hollow.tavar_orr=0.00:idle
1.767,0.0167,0.33,0.00,spear_ready,Idle,3.60,-0.18,75,effect.braced,npc.ashen_hollow.kera_voss=0.00:idle;npc.ashen_hollow.renn_vale=0.00:idle;npc.ashen_hollow.sel_arien=0.00:idle;npc.ashen_hollow.tavar_orr=0.00:idle
1.783,0.0167,0.67,0.00,spear_ready,Idle,3.60,-0.18,75,effect.braced,npc.ashen_hollow.kera_voss=0.00:idle;npc.ashen_hollow.renn_vale=0.00:idle;npc.ashen_hollow.sel_arien=0.00:idle;npc.ashen_hollow.tavar_orr=0.00:idle
1.800,0.0167,0.00,0.00,spear_ready,Idle,3.60,-0.18,75,effect.braced,npc.ashen_hollow.kera_voss=0.00:idle;npc.ashen_hollow.renn_vale=0.00:idle;npc.ashen_hollow.sel_arien=0.00:idle;npc.ashen_hollow.tavar_orr=0.00:idle
1.817,0.0167,0.33,0.00,spear_ready,Idle,3.60,-0.18,75,effect.braced,npc.ashen_hollow.kera_voss=0.00:idle;npc.ashen_hollow.renn_vale=0.00:idle;npc.ashen_hollow.sel_arien=0.00:idle;npc.ashen_hollow.tavar_orr=0.00:idle
1.833,0.0167,0.67,0.00,spear_ready,Idle,3.60,-0.18,75,effect.braced,npc.ashen_hollow.kera_voss=0.00:idle;npc.ashen_hollow.renn_vale=0.00:idle;npc.ashen_hollow.sel_arien=0.00:idle;npc.ashen_hollow.tavar_orr=0.00:idle
1.850,0.0167,0.00,0.00,spear_ready,Idle,3.60,-0.18,75,effect.braced,npc.ashen_hollow.kera_voss=0.00:idle;npc.ashen_hollow.renn_vale=0.00:idle;npc.ashen_hollow.sel_arien=0.00:idle;npc.ashen_hollow.tavar_orr=0.00:idle
1.867,0.0167,0.33,0.00,spear_ready,Idle,3.60,-0.18,75,effect.braced,npc.ashen_hollow.kera_voss=0.00:idle;npc.ashen_hollow.renn_vale=0.00:idle;npc.ashen_hollow.sel_arien=0.00:idle;npc.ashen_hollow.tavar_orr=0.00:idle
1.883,0.0167,0.67,0.00,spear_ready,Idle,3.60,-0.18,75,effect.braced,npc.ashen_hollow.kera_voss=0.00:idle;npc.ashen_hollow.renn_vale=0.00:idle;npc.ashen_hollow.sel_arien=0.00:idle;npc.ashen_hollow.tavar_orr=0.00:idle
1.900,0.0167,0.00,0.00,spear_ready,Idle,3.60,-0.18,75,effect.braced,npc.ashen_hollow.kera_voss=0.00:idle;npc.ashen_hollow.renn_vale=0.00:idle;npc.ashen_hollow.sel_arien=0.00:idle;npc.ashen_hollow.tavar_orr=0.00:idle
1.917,0.0167,0.33,0.00,spear_ready,Idle,3.60,-0.18,75,effect.braced,npc.ashen_hollow.kera_voss=0.00:idle;npc.ashen_hollow.renn_vale=0.00:idle;npc.ashen_hollow.sel_arien=0.00:idle;npc.ashen_hollow.tavar_orr=0.00:idle
1.933,0.0167,0.67,0.00,spear_ready,Idle,3.60,-0.18,75,effect.braced,npc.ashen_hollow.kera_voss=0.00:idle;npc.ashen_hollow.renn_vale=0.00:idle;npc.ashen_hollow.sel_arien=0.00:idle;npc.ashen_hollow.tavar_orr=0.00:idle
1.950,0.0167,0.00,0.00,spear_ready,Idle,3.60,-0.18,75,effect.braced,npc.ashen_hollow.kera_voss=0.00:idle;npc.ashen_hollow.renn_vale=0.00:idle;npc.ashen_hollow.sel_arien=0.00:idle;npc.ashen_hollow.tavar_orr=0.00:idle
1.967,0.0167,0.33,0.00,spear_ready,Idle,3.60,-0.18,75,effect.braced,npc.ashen_hollow.kera_voss=0.00:idle;npc.ashen_hollow.renn_vale=0.00:idle;npc.ashen_hollow.sel_arien=0.00:idle;npc.ashen_hollow.tavar_orr=0.00:idle
1.983,0.0167,0.67,0.00,spear_ready,Idle,3.60,-0.18,75,effect.braced,npc.ashen_hollow.kera_voss=0.00:idle;npc.ashen_hollow.renn_vale=0.00:idle;npc.ashen_hollow.sel_arien=0.00:idle;npc.ashen_hollow.tavar_orr=0.00:idle
2.000,0.0167,0.00,0.00,spear_ready,Idle,3.60,-0.18,75,effect.braced,npc.ashen_hollow.kera_voss=0.00:idle;npc.ashen_hollow.renn_vale=0.00:idle;npc.ashen_hollow.sel_arien=0.00:idle;npc.ashen_hollow.tavar_orr=0.00:idle
2.017,0.0167,0.33,0.00,spear_ready,Idle,3.60,-0.18,75,effect.braced,npc.ashen_hollow.kera_voss=0.00:idle;npc.ashen_hollow.renn_vale=0.00:idle;npc.ashen_hollow.sel_arien=0.00:idle;npc.ashen_hollow.tavar_orr=0.00:idle
2.033,0.0167,0.67,0.00,spear_ready,Idle,3.60,-0.18,75,effect.braced,npc.ashen_hollow.kera_voss=0.00:idle;npc.ashen_hollow.renn_vale=0.00:idle;npc.ashen_hollow.sel_arien=0.00:idle;npc.ashen_hollow.tavar_orr=0.00:idle
2.050,0.0167,0.00,0.00,spear_ready,Idle,3.60,-0.18,75,effect.braced,npc.ashen_hollow.kera_voss=0.00:idle;npc.ashen_hollow.renn_vale=0.00:idle;npc.ashen_hollow.sel_arien=0.00:idle;npc.ashen_hollow.tavar_orr=0.00:idle
2.067,0.0167,0.33,0.00,spear_ready,Idle,3.60,-0.18,75,effect.braced,npc.ashen_hollow.kera_voss=0.00:idle;npc.ashen_hollow.renn_vale=0.00:idle;npc.ashen_hollow.sel_arien=0.00:idle;npc.ashen_hollow.tavar_orr=0.00:idle
2.083,0.0167,0.67,0.00,spear_ready,Idle,3.60,-0.17,75,effect.braced,npc.ashen_hollow.kera_voss=0.00:idle;npc.ashen_hollow.renn_vale=0.00:idle;npc.ashen_hollow.sel_arien=0.00:idle;npc.ashen_hollow.tavar_orr=0.00:idle
2.100,0.0167,0.00,0.00,spear_ready,Idle,3.60,-0.17,75,effect.braced,npc.ashen_hollow.kera_voss=0.00:idle;npc.ashen_hollow.renn_vale=0.00:idle;npc.ashen_hollow.sel_arien=0.00:idle;npc.ashen_hollow.tavar_orr=0.00:idle
2.117,0.0167,0.33,0.00,spear_ready,Idle,3.60,-0.17,75,effect.braced,npc.ashen_hollow.kera_voss=0.00:idle;npc.ashen_hollow.renn_vale=0.00:idle;npc.ashen_hollow.sel_arien=0.00:idle;npc.ashen_hollow.tavar_orr=0.00:idle
2.133,0.0167,0.67,0.00,spear_ready,Idle,3.60,-0.17,75,effect.braced,npc.ashen_hollow.kera_voss=0.00:idle;npc.ashen_hollow.renn_vale=0.00:idle;npc.ashen_hollow.sel_arien=0.00:idle;npc.ashen_hollow.tavar_orr=0.00:idle
2.150,0.0167,0.00,0.00,spear_ready,Idle,3.60,-0.17,75,effect.braced,npc.ashen_hollow.kera_voss=0.00:idle;npc.ashen_hollow.renn_vale=0.00:idle;npc.ashen_hollow.sel_arien=0.00:idle;npc.ashen_hollow.tavar_orr=0.00:idle
2.167,0.0167,0.33,0.00,spear_ready,Idle,3.60,-0.17,75,effect.braced,npc.ashen_hollow.kera_voss=0.00:idle;npc.ashen_hollow.renn_vale=0.00:idle;npc.ashen_hollow.sel_arien=0.00:idle;npc.ashen_hollow.tavar_orr=0.00:idle
2.183,0.0167,0.67,0.00,spear_ready,Idle,3.60,-0.17,75,effect.braced,npc.ashen_hollow.kera_voss=0.00:idle;npc.ashen_hollow.renn_vale=0.00:idle;npc.ashen_hollow.sel_arien=0.00:idle;npc.ashen_hollow.tavar_orr=0.00:idle
2.200,0.0167,0.00,0.00,spear_ready,Idle,3.60,-0.17,75,effect.braced,npc.ashen_hollow.kera_voss=0.00:idle;npc.ashen_hollow.renn_vale=0.00:idle;npc.ashen_hollow.sel_arien=0.00:idle;npc.ashen_hollow.tavar_orr=0.00:idle
2.217,0.0167,0.33,0.00,spear_ready,Idle,3.60,-0.17,75,effect.braced,npc.ashen_hollow.kera_voss=0.00:idle;npc.ashen_hollow.renn_vale=0.00:idle;npc.ashen_hollow.sel_arien=0.00:idle;npc.ashen_hollow.tavar_orr=0.00:idle
2.233,0.0167,0.67,0.00,spear_ready,Idle,3.60,-0.17,75,effect.braced,npc.ashen_hollow.kera_voss=0.00:idle;npc.ashen_hollow.renn_vale=0.00:idle;npc.ashen_hollow.sel_arien=0.00:idle;npc.ashen_hollow.tavar_orr=0.00:idle
2.250,0.0167,0.00,0.00,spear_ready,Idle,3.60,-0.16,75,effect.braced,npc.ashen_hollow.kera_voss=0.00:idle;npc.ashen_hollow.renn_vale=0.00:idle;npc.ashen_hollow.sel_arien=0.00:idle;npc.ashen_hollow.tavar_orr=0.00:idle
2.267,0.0167,0.33,0.00,spear_ready,Idle,3.60,-0.16,75,effect.braced,npc.ashen_hollow.kera_voss=0.00:idle;npc.ashen_hollow.renn_vale=0.00:idle;npc.ashen_hollow.sel_arien=0.00:idle;npc.ashen_hollow.tavar_orr=0.00:idle
2.283,0.0167,0.67,0.00,spear_ready,Idle,3.60,-0.16,75,effect.braced,npc.ashen_hollow.kera_voss=0.00:idle;npc.ashen_hollow.renn_vale=0.00:idle;npc.ashen_hollow.sel_arien=0.00:idle;npc.ashen_hollow.tavar_orr=0.00:idle
2.300,0.0167,0.00,0.00,spear_ready,Idle,3.60,-0.16,75,effect.braced,npc.ashen_hollow.kera_voss=0.00:idle;npc.ashen_hollow.renn_vale=0.00:idle;npc.ashen_hollow.sel_arien=0.00:idle;npc.ashen_hollow.tavar_orr=0.00:idle
2.317,0.0167,0.33,0.00,spear_ready,Idle,3.60,-0.16,75,effect.braced,npc.ashen_hollow.kera_voss=0.00:idle;npc.ashen_hollow.renn_vale=0.00:idle;npc.ashen_hollow.sel_arien=0.00:idle;npc.ashen_hollow.tavar_orr=0.00:idle
2.333,0.0167,0.67,0.00,cast,Windup,3.60,-0.16,75,effect.braced,npc.ashen_hollow.kera_voss=0.00:idle;npc.ashen_hollow.renn_vale=0.00:idle;npc.ashen_hollow.sel_arien=0.00:idle;npc.ashen_hollow.tavar_orr=0.00:idle
2.350,0.0167,0.00,0.00,cast,Windup,3.60,-0.16,75,effect.braced,npc.ashen_hollow.kera_voss=0.00:idle;npc.ashen_hollow.renn_vale=0.00:idle;npc.ashen_hollow.sel_arien=0.00:idle;npc.ashen_hollow.tavar_orr=0.00:idle
2.367,0.0167,0.33,0.00,cast,Windup,3.60,-0.16,75,effect.braced,npc.ashen_hollow.kera_voss=0.00:idle;npc.ashen_hollow.renn_vale=0.00:idle;npc.ashen_hollow.sel_arien=0.00:idle;npc.ashen_hollow.tavar_orr=0.00:idle
2.383,0.0167,0.67,0.00,cast,Windup,3.60,-0.16,75,effect.braced,npc.ashen_hollow.kera_voss=0.00:idle;npc.ashen_hollow.renn_vale=0.00:idle;npc.ashen_hollow.sel_arien=0.00:idle;npc.ashen_hollow.tavar_orr=0.00:idle
2.400,0.0167,0.00,0.00,cast,Windup,3.60,-0.16,75,effect.braced,npc.ashen_hollow.kera_voss=0.00:idle;npc.ashen_hollow.renn_vale=0.00:idle;npc.ashen_hollow.sel_arien=0.00:idle;npc.ashen_hollow.tavar_orr=0.00:idle
2.417,0.0167,0.33,0.00,cast,Windup,3.60,-0.16,75,effect.braced,npc.ashen_hollow.kera_voss=0.00:idle;npc.ashen_hollow.renn_vale=0.00:idle;npc.ashen_hollow.sel_arien=0.00:idle;npc.ashen_hollow.tavar_orr=0.00:idle
2.433,0.0167,0.67,0.00,cast,Windup,3.60,-0.16,75,effect.braced,npc.ashen_hollow.kera_voss=0.00:idle;npc.ashen_hollow.renn_vale=0.00:idle;npc.ashen_hollow.sel_arien=0.00:idle;npc.ashen_hollow.tavar_orr=0.00:idle
2.450,0.0167,0.00,0.00,cast,Windup,3.60,-0.16,75,effect.braced,npc.ashen_hollow.kera_voss=0.00:idle;npc.ashen_hollow.renn_vale=0.00:idle;npc.ashen_hollow.sel_arien=0.00:idle;npc.ashen_hollow.tavar_orr=0.00:idle
2.467,0.0167,0.33,0.00,cast,Windup,3.60,-0.16,75,effect.braced,npc.ashen_hollow.kera_voss=0.00:idle;npc.ashen_hollow.renn_vale=0.00:idle;npc.ashen_hollow.sel_arien=0.00:idle;npc.ashen_hollow.tavar_orr=0.00:idle
2.483,0.0167,0.67,0.00,cast,Windup,3.60,-0.16,75,effect.braced,npc.ashen_hollow.kera_voss=0.00:idle;npc.ashen_hollow.renn_vale=0.00:idle;npc.ashen_hollow.sel_arien=0.00:idle;npc.ashen_hollow.tavar_orr=0.00:idle
2.500,0.0167,0.00,0.00,cast,Windup,3.60,-0.16,75,effect.braced,npc.ashen_hollow.kera_voss=0.00:idle;npc.ashen_hollow.renn_vale=0.00:idle;npc.ashen_hollow.sel_arien=0.00:idle;npc.ashen_hollow.tavar_orr=0.00:idle
2.517,0.0167,0.33,0.00,cast,Windup,3.60,-0.16,75,effect.braced,npc.ashen_hollow.kera_voss=0.00:idle;npc.ashen_hollow.renn_vale=0.00:idle;npc.ashen_hollow.sel_arien=0.00:idle;npc.ashen_hollow.tavar_orr=0.00:idle
2.533,0.0167,0.67,0.00,cast,Windup,3.60,-0.16,75,effect.braced,npc.ashen_hollow.kera_voss=0.00:idle;npc.ashen_hollow.renn_vale=0.00:idle;npc.ashen_hollow.sel_arien=0.00:idle;npc.ashen_hollow.tavar_orr=0.00:idle
2.550,0.0167,0.00,0.00,cast,Windup,3.60,-0.16,75,effect.braced,npc.ashen_hollow.kera_voss=0.00:idle;npc.ashen_hollow.renn_vale=0.00:idle;npc.ashen_hollow.sel_arien=0.00:idle;npc.ashen_hollow.tavar_orr=0.00:idle
2.567,0.0167,0.33,0.00,cast,Windup,3.60,-0.16,75,effect.braced,npc.ashen_hollow.kera_voss=0.00:idle;npc.ashen_hollow.renn_vale=0.00:idle;npc.ashen_hollow.sel_arien=0.00:idle;npc.ashen_hollow.tavar_orr=0.00:idle
2.583,0.0167,0.67,0.00,cast,Windup,3.60,-0.16,75,effect.braced,npc.ashen_hollow.kera_voss=0.00:idle;npc.ashen_hollow.renn_vale=0.00:idle;npc.ashen_hollow.sel_arien=0.00:idle;npc.ashen_hollow.tavar_orr=0.00:idle
2.600,0.0167,0.00,0.00,cast,Windup,3.60,-0.16,75,effect.braced,npc.ashen_hollow.kera_voss=0.00:idle;npc.ashen_hollow.renn_vale=0.00:idle;npc.ashen_hollow.sel_arien=0.00:idle;npc.ashen_hollow.tavar_orr=0.00:idle
2.617,0.0167,0.33,0.00,cast,Windup,3.60,-0.15,75,effect.braced,npc.ashen_hollow.kera_voss=0.00:idle;npc.ashen_hollow.renn_vale=0.00:idle;npc.ashen_hollow.sel_arien=0.00:idle;npc.ashen_hollow.tavar_orr=0.00:idle
2.633,0.0167,0.67,0.00,cast,Windup,3.60,-0.15,75,effect.braced,npc.ashen_hollow.kera_voss=0.00:idle;npc.ashen_hollow.renn_vale=0.00:idle;npc.ashen_hollow.sel_arien=0.00:idle;npc.ashen_hollow.tavar_orr=0.00:idle
2.650,0.0167,0.00,0.00,cast,Windup,3.60,-0.15,75,effect.braced,npc.ashen_hollow.kera_voss=0.00:idle;npc.ashen_hollow.renn_vale=0.00:idle;npc.ashen_hollow.sel_arien=0.00:idle;npc.ashen_hollow.tavar_orr=0.00:idle
2.667,0.0167,0.33,0.00,cast,Windup,3.60,-0.15,75,effect.braced,npc.ashen_hollow.kera_voss=0.00:idle;npc.ashen_hollow.renn_vale=0.00:idle;npc.ashen_hollow.sel_arien=0.00:idle;npc.ashen_hollow.tavar_orr=0.00:idle
2.683,0.0167,0.67,0.00,cast,Windup,3.60,-0.15,75,effect.braced,npc.ashen_hollow.kera_voss=0.00:idle;npc.ashen_hollow.renn_vale=0.00:idle;npc.ashen_hollow.sel_arien=0.00:idle;npc.ashen_hollow.tavar_orr=0.00:idle
2.700,0.0167,0.00,0.00,cast,Windup,3.60,-0.15,75,effect.braced,npc.ashen_hollow.kera_voss=0.00:idle;npc.ashen_hollow.renn_vale=0.00:idle;npc.ashen_hollow.sel_arien=0.00:idle;npc.ashen_hollow.tavar_orr=0.00:idle
2.717,0.0167,0.33,0.00,cast,Windup,3.60,-0.15,75,effect.braced,npc.ashen_hollow.kera_voss=0.00:idle;npc.ashen_hollow.renn_vale=0.00:idle;npc.ashen_hollow.sel_arien=0.00:idle;npc.ashen_hollow.tavar_orr=0.00:idle
2.733,0.0167,0.67,0.00,cast,Windup,3.60,-0.15,75,effect.braced,npc.ashen_hollow.kera_voss=0.00:idle;npc.ashen_hollow.renn_vale=0.00:idle;npc.ashen_hollow.sel_arien=0.00:idle;npc.ashen_hollow.tavar_orr=0.00:idle
2.750,0.0167,0.00,0.00,cast,Windup,3.60,-0.15,75,effect.braced,npc.ashen_hollow.kera_voss=0.00:idle;npc.ashen_hollow.renn_vale=0.00:idle;npc.ashen_hollow.sel_arien=0.00:idle;npc.ashen_hollow.tavar_orr=0.00:idle
2.767,0.0167,0.33,0.00,cast,Windup,3.60,-0.15,75,effect.braced,npc.ashen_hollow.kera_voss=0.00:idle;npc.ashen_hollow.renn_vale=0.00:idle;npc.ashen_hollow.sel_arien=0.00:idle;npc.ashen_hollow.tavar_orr=0.00:idle
2.783,0.0167,0.67,0.00,cast,Windup,3.60,-0.15,75,effect.braced,npc.ashen_hollow.kera_voss=0.00:idle;npc.ashen_hollow.renn_vale=0.00:idle;npc.ashen_hollow.sel_arien=0.00:idle;npc.ashen_hollow.tavar_orr=0.00:idle
2.800,0.0167,0.00,0.00,cast,Windup,3.60,-0.15,75,effect.braced,npc.ashen_hollow.kera_voss=0.00:idle;npc.ashen_hollow.renn_vale=0.00:idle;npc.ashen_hollow.sel_arien=0.00:idle;npc.ashen_hollow.tavar_orr=0.00:idle
2.817,0.0167,0.33,0.00,cast,Windup,3.60,-0.15,75,effect.braced,npc.ashen_hollow.kera_voss=0.00:idle;npc.ashen_hollow.renn_vale=0.00:idle;npc.ashen_hollow.sel_arien=0.00:idle;npc.ashen_hollow.tavar_orr=0.00:idle
2.833,0.0167,0.67,0.00,cast,Windup,3.60,-0.15,75,effect.braced,npc.ashen_hollow.kera_voss=0.00:idle;npc.ashen_hollow.renn_vale=0.00:idle;npc.ashen_hollow.sel_arien=0.00:idle;npc.ashen_hollow.tavar_orr=0.00:idle
2.850,0.0167,0.00,0.00,cast,Windup,3.60,-0.15,75,effect.braced,npc.ashen_hollow.kera_voss=0.00:idle;npc.ashen_hollow.renn_vale=0.00:idle;npc.ashen_hollow.sel_arien=0.00:idle;npc.ashen_hollow.tavar_orr=0.00:idle
2.867,0.0167,0.33,0.00,cast,Windup,3.60,-0.15,75,effect.braced,npc.ashen_hollow.kera_voss=0.00:idle;npc.ashen_hollow.renn_vale=0.00:idle;npc.ashen_hollow.sel_arien=0.00:idle;npc.ashen_hollow.tavar_orr=0.00:idle
2.883,0.0167,0.67,0.00,cast,Windup,3.60,-0.15,75,effect.braced,npc.ashen_hollow.kera_voss=0.00:idle;npc.ashen_hollow.renn_vale=0.00:idle;npc.ashen_hollow.sel_arien=0.00:idle;npc.ashen_hollow.tavar_orr=0.00:idle
2.900,0.0167,0.00,0.00,cast,Windup,3.60,-0.15,75,effect.braced,npc.ashen_hollow.kera_voss=0.00:idle;npc.ashen_hollow.renn_vale=0.00:idle;npc.ashen_hollow.sel_arien=0.00:idle;npc.ashen_hollow.tavar_orr=0.00:idle
2.917,0.0167,0.33,0.00,cast,Windup,3.60,-0.15,75,effect.braced,npc.ashen_hollow.kera_voss=0.00:idle;npc.ashen_hollow.renn_vale=0.00:idle;npc.ashen_hollow.sel_arien=0.00:idle;npc.ashen_hollow.tavar_orr=0.00:idle
2.933,0.0167,0.67,0.00,cast,Windup,3.60,-0.15,75,effect.braced,npc.ashen_hollow.kera_voss=0.00:idle;npc.ashen_hollow.renn_vale=0.00:idle;npc.ashen_hollow.sel_arien=0.00:idle;npc.ashen_hollow.tavar_orr=0.00:idle
2.950,0.0167,0.00,0.00,cast,Active,3.60,-0.15,75,effect.braced,npc.ashen_hollow.kera_voss=0.00:idle;npc.ashen_hollow.renn_vale=0.00:idle;npc.ashen_hollow.sel_arien=0.00:idle;npc.ashen_hollow.tavar_orr=0.00:idle
2.967,0.0167,0.33,0.00,cast,Active,3.60,-0.15,75,effect.braced,npc.ashen_hollow.kera_voss=0.00:idle;npc.ashen_hollow.renn_vale=0.00:idle;npc.ashen_hollow.sel_arien=0.00:idle;npc.ashen_hollow.tavar_orr=0.00:idle
2.983,0.0167,0.67,0.00,cast,Active,3.60,-0.15,75,effect.braced,npc.ashen_hollow.kera_voss=0.00:idle;npc.ashen_hollow.renn_vale=0.00:idle;npc.ashen_hollow.sel_arien=0.00:idle;npc.ashen_hollow.tavar_orr=0.00:idle
3.000,0.0167,0.00,0.00,cast,Recovery,3.60,-0.15,75,effect.braced,npc.ashen_hollow.kera_voss=0.00:idle;npc.ashen_hollow.renn_vale=0.00:idle;npc.ashen_hollow.sel_arien=0.00:idle;npc.ashen_hollow.tavar_orr=0.00:idle
3.017,0.0167,0.33,0.00,cast,Recovery,3.60,-0.15,75,effect.braced,npc.ashen_hollow.kera_voss=0.00:idle;npc.ashen_hollow.renn_vale=0.00:idle;npc.ashen_hollow.sel_arien=0.00:idle;npc.ashen_hollow.tavar_orr=0.00:idle
3.033,0.0167,0.67,0.00,cast,Recovery,3.60,-0.15,75,effect.braced,npc.ashen_hollow.kera_voss=0.00:idle;npc.ashen_hollow.renn_vale=0.00:idle;npc.ashen_hollow.sel_arien=0.00:idle;npc.ashen_hollow.tavar_orr=0.00:idle
3.050,0.0167,0.00,0.00,cast,Recovery,3.60,-0.15,75,effect.braced,npc.ashen_hollow.kera_voss=0.00:idle;npc.ashen_hollow.renn_vale=0.00:idle;npc.ashen_hollow.sel_arien=0.00:idle;npc.ashen_hollow.tavar_orr=0.00:idle
3.067,0.0167,0.33,0.00,cast,Recovery,3.60,-0.15,75,effect.braced,npc.ashen_hollow.kera_voss=0.00:idle;npc.ashen_hollow.renn_vale=0.00:idle;npc.ashen_hollow.sel_arien=0.00:idle;npc.ashen_hollow.tavar_orr=0.00:idle
3.083,0.0167,0.67,0.00,cast,Recovery,3.60,-0.15,75,effect.braced,npc.ashen_hollow.kera_voss=0.00:idle;npc.ashen_hollow.renn_vale=0.00:idle;npc.ashen_hollow.sel_arien=0.00:idle;npc.ashen_hollow.tavar_orr=0.00:idle
3.100,0.0167,0.00,0.00,cast,Recovery,3.60,-0.15,75,effect.braced,npc.ashen_hollow.kera_voss=0.00:idle;npc.ashen_hollow.renn_vale=0.00:idle;npc.ashen_hollow.sel_arien=0.00:idle;npc.ashen_hollow.tavar_orr=0.00:idle
3.117,0.0167,0.33,0.00,cast,Recovery,3.60,-0.15,75,effect.braced,npc.ashen_hollow.kera_voss=0.00:idle;npc.ashen_hollow.renn_vale=0.00:idle;npc.ashen_hollow.sel_arien=0.00:idle;npc.ashen_hollow.tavar_orr=0.00:idle
3.133,0.0167,0.67,0.00,cast,Recovery,3.60,-0.15,75,effect.braced,npc.ashen_hollow.kera_voss=0.00:idle;npc.ashen_hollow.renn_vale=0.00:idle;npc.ashen_hollow.sel_arien=0.00:idle;npc.ashen_hollow.tavar_orr=0.00:idle
3.150,0.0167,0.00,0.00,cast,Recovery,3.60,-0.15,75,effect.braced,npc.ashen_hollow.kera_voss=0.00:idle;npc.ashen_hollow.renn_vale=0.00:idle;npc.ashen_hollow.sel_arien=0.00:idle;npc.ashen_hollow.tavar_orr=0.00:idle
3.167,0.0167,0.33,0.00,cast,Recovery,3.60,-0.15,75,effect.braced,npc.ashen_hollow.kera_voss=0.00:idle;npc.ashen_hollow.renn_vale=0.00:idle;npc.ashen_hollow.sel_arien=0.00:idle;npc.ashen_hollow.tavar_orr=0.00:idle
3.183,0.0167,0.67,0.00,cast,Recovery,3.60,-0.15,75,effect.braced,npc.ashen_hollow.kera_voss=0.00:idle;npc.ashen_hollow.renn_vale=0.00:idle;npc.ashen_hollow.sel_arien=0.00:idle;npc.ashen_hollow.tavar_orr=0.00:idle
3.200,0.0167,0.00,0.00,cast,Recovery,3.60,-0.15,75,effect.braced,npc.ashen_hollow.kera_voss=0.00:idle;npc.ashen_hollow.renn_vale=0.00:idle;npc.ashen_hollow.sel_arien=0.00:idle;npc.ashen_hollow.tavar_orr=0.00:idle
3.217,0.0167,0.33,0.00,cast,Recovery,3.60,-0.15,75,effect.braced,npc.ashen_hollow.kera_voss=0.00:idle;npc.ashen_hollow.renn_vale=0.00:idle;npc.ashen_hollow.sel_arien=0.00:idle;npc.ashen_hollow.tavar_orr=0.00:idle
3.233,0.0167,0.67,0.00,cast,Recovery,3.60,-0.15,75,effect.braced,npc.ashen_hollow.kera_voss=0.00:idle;npc.ashen_hollow.renn_vale=0.00:idle;npc.ashen_hollow.sel_arien=0.00:idle;npc.ashen_hollow.tavar_orr=0.00:idle
3.250,0.0167,0.00,0.00,cast,Recovery,3.60,-0.15,75,effect.braced,npc.ashen_hollow.kera_voss=0.00:idle;npc.ashen_hollow.renn_vale=0.00:idle;npc.ashen_hollow.sel_arien=0.00:idle;npc.ashen_hollow.tavar_orr=0.00:idle
3.267,0.0167,0.33,0.00,cast,Recovery,3.60,-0.15,75,effect.braced,npc.ashen_hollow.kera_voss=0.00:idle;npc.ashen_hollow.renn_vale=0.00:idle;npc.ashen_hollow.sel_arien=0.00:idle;npc.ashen_hollow.tavar_orr=0.00:idle
3.283,0.0167,0.67,0.00,cast,Recovery,3.60,-0.15,75,effect.braced,npc.ashen_hollow.kera_voss=0.00:idle;npc.ashen_hollow.renn_vale=0.00:idle;npc.ashen_hollow.sel_arien=0.00:idle;npc.ashen_hollow.tavar_orr=0.00:idle
3.300,0.0167,0.00,0.00,spear_ready,Idle,3.60,-0.15,75,effect.braced,npc.ashen_hollow.kera_voss=0.00:idle;npc.ashen_hollow.renn_vale=0.00:idle;npc.ashen_hollow.sel_arien=0.00:idle;npc.ashen_hollow.tavar_orr=0.00:idle
3.317,0.0167,0.33,0.00,spear_ready,Idle,3.60,-0.15,75,effect.braced,npc.ashen_hollow.kera_voss=0.00:idle;npc.ashen_hollow.renn_vale=0.00:idle;npc.ashen_hollow.sel_arien=0.00:idle;npc.ashen_hollow.tavar_orr=0.00:idle
3.333,0.0167,0.67,0.00,spear_ready,Idle,3.60,-0.15,75,effect.braced,npc.ashen_hollow.kera_voss=0.00:idle;npc.ashen_hollow.renn_vale=0.00:idle;npc.ashen_hollow.sel_arien=0.00:idle;npc.ashen_hollow.tavar_orr=0.00:idle
3.350,0.0167,0.00,0.00,spear_ready,Idle,3.60,-0.15,75,effect.braced,npc.ashen_hollow.kera_voss=0.00:idle;npc.ashen_hollow.renn_vale=0.00:idle;npc.ashen_hollow.sel_arien=0.00:idle;npc.ashen_hollow.tavar_orr=0.00:idle
3.367,0.0167,0.33,0.00,spear_ready,Idle,3.60,-0.15,75,effect.braced,npc.ashen_hollow.kera_voss=0.00:idle;npc.ashen_hollow.renn_vale=0.00:idle;npc.ashen_hollow.sel_arien=0.00:idle;npc.ashen_hollow.tavar_orr=0.00:idle
3.383,0.0167,0.67,0.00,spear_ready,Idle,3.60,-0.15,75,effect.braced,npc.ashen_hollow.kera_voss=0.00:idle;npc.ashen_hollow.renn_vale=0.00:idle;npc.ashen_hollow.sel_arien=0.00:idle;npc.ashen_hollow.tavar_orr=0.00:idle
3.400,0.0167,0.00,0.00,spear_ready,Idle,3.60,-0.15,75,effect.braced,npc.ashen_hollow.kera_voss=0.00:idle;npc.ashen_hollow.renn_vale=0.00:idle;npc.ashen_hollow.sel_arien=0.00:idle;npc.ashen_hollow.tavar_orr=0.00:idle
3.417,0.0167,0.33,0.00,spear_ready,Idle,3.60,-0.15,75,effect.braced,npc.ashen_hollow.kera_voss=0.00:idle;npc.ashen_hollow.renn_vale=0.00:idle;npc.ashen_hollow.sel_arien=0.00:idle;npc.ashen_hollow.tavar_orr=0.00:idle
3.433,0.0167,0.67,0.00,spear_ready,Idle,3.60,-0.15,75,effect.braced,npc.ashen_hollow.kera_voss=0.00:idle;npc.ashen_hollow.renn_vale=0.00:idle;npc.ashen_hollow.sel_arien=0.00:idle;npc.ashen_hollow.tavar_orr=0.00:idle
3.450,0.0167,0.00,0.00,spear_ready,Idle,3.60,-0.15,75,effect.braced,npc.ashen_hollow.kera_voss=0.00:idle;npc.ashen_hollow.renn_vale=0.00:idle;npc.ashen_hollow.sel_arien=0.00:idle;npc.ashen_hollow.tavar_orr=0.00:idle
3.467,0.0167,0.33,0.00,spear_ready,Idle,3.60,-0.15,75,effect.braced,npc.ashen_hollow.kera_voss=0.00:idle;npc.ashen_hollow.renn_vale=0.00:idle;npc.ashen_hollow.sel_arien=0.00:idle;npc.ashen_hollow.tavar_orr=0.00:idle
3.483,0.0167,0.67,0.00,spear_ready,Idle,3.60,-0.15,75,effect.braced,npc.ashen_hollow.kera_voss=0.00:idle;npc.ashen_hollow.renn_vale=0.00:idle;npc.ashen_hollow.sel_arien=0.00:idle;npc.ashen_hollow.tavar_orr=0.00:idle
3.500,0.0167,0.00,0.00,spear_ready,Idle,3.60,-0.15,75,effect.braced,npc.ashen_hollow.kera_voss=0.00:idle;npc.ashen_hollow.renn_vale=0.00:idle;npc.ashen_hollow.sel_arien=0.00:idle;npc.ashen_hollow.tavar_orr=0.00:idle
3.517,0.0167,0.33,0.00,spear_ready,Idle,3.60,-0.15,75,effect.braced,npc.ashen_hollow.kera_voss=0.00:idle;npc.ashen_hollow.renn_vale=0.00:idle;npc.ashen_hollow.sel_arien=0.00:idle;npc.ashen_hollow.tavar_orr=0.00:idle
3.533,0.0167,0.67,0.00,spear_ready,Idle,3.60,-0.15,75,effect.braced,npc.ashen_hollow.kera_voss=0.00:idle;npc.ashen_hollow.renn_vale=0.00:idle;npc.ashen_hollow.sel_arien=0.00:idle;npc.ashen_hollow.tavar_orr=0.00:idle
3.550,0.0167,0.00,0.00,spear_ready,Idle,3.60,-0.15,75,effect.braced,npc.ashen_hollow.kera_voss=0.00:idle;npc.ashen_hollow.renn_vale=0.00:idle;npc.ashen_hollow.sel_arien=0.00:idle;npc.ashen_hollow.tavar_orr=0.00:idle
3.567,0.0167,0.33,0.00,spear_ready,Idle,3.60,-0.15,75,effect.braced,npc.ashen_hollow.kera_voss=0.00:idle;npc.ashen_hollow.renn_vale=0.00:idle;npc.ashen_hollow.sel_arien=0.00:idle;npc.ashen_hollow.tavar_orr=0.00:idle
3.583,0.0167,0.67,0.00,spear_ready,Idle,3.60,-0.15,75,effect.braced,npc.ashen_hollow.kera_voss=0.00:idle;npc.ashen_hollow.renn_vale=0.00:idle;npc.ashen_hollow.sel_arien=0.00:idle;npc.ashen_hollow.tavar_orr=0.00:idle
3.600,0.0167,0.00,0.00,spear_ready,Idle,3.60,-0.15,75,effect.braced,npc.ashen_hollow.kera_voss=0.00:idle;npc.ashen_hollow.renn_vale=0.00:idle;npc.ashen_hollow.sel_arien=0.00:idle;npc.ashen_hollow.tavar_orr=0.00:idle
3.617,0.0167,0.33,0.00,spear_ready,Idle,3.60,-0.15,75,effect.braced,npc.ashen_hollow.kera_voss=0.00:idle;npc.ashen_hollow.renn_vale=0.00:idle;npc.ashen_hollow.sel_arien=0.00:idle;npc.ashen_hollow.tavar_orr=0.00:idle
3.633,0.0167,0.67,0.00,spear_ready,Idle,3.60,-0.15,75,effect.braced,npc.ashen_hollow.kera_voss=0.00:idle;npc.ashen_hollow.renn_vale=0.00:idle;npc.ashen_hollow.sel_arien=0.00:idle;npc.ashen_hollow.tavar_orr=0.00:idle
3.650,0.0167,0.00,0.00,spear_ready,Idle,3.60,-0.15,75,effect.braced,npc.ashen_hollow.kera_voss=0.00:idle;npc.ashen_hollow.renn_vale=0.00:idle;npc.ashen_hollow.sel_arien=0.00:idle;npc.ashen_hollow.tavar_orr=0.00:idle
3.667,0.0167,0.33,0.00,spear_ready,Idle,3.60,-0.15,75,effect.braced,npc.ashen_hollow.kera_voss=0.00:idle;npc.ashen_hollow.renn_vale=0.00:idle;npc.ashen_hollow.sel_arien=0.00:idle;npc.ashen_hollow.tavar_orr=0.00:idle
3.683,0.0167,0.67,0.00,spear_ready,Idle,3.60,-0.15,75,effect.braced,npc.ashen_hollow.kera_voss=0.00:idle;npc.ashen_hollow.renn_vale=0.00:idle;npc.ashen_hollow.sel_arien=0.00:idle;npc.ashen_hollow.tavar_orr=0.00:idle
3.700,0.0167,0.00,0.00,spear_ready,Idle,3.60,-0.15,75,effect.braced,npc.ashen_hollow.kera_voss=0.00:idle;npc.ashen_hollow.renn_vale=0.00:idle;npc.ashen_hollow.sel_arien=0.00:idle;npc.ashen_hollow.tavar_orr=0.00:idle
3.717,0.0167,0.33,0.00,spear_ready,Idle,3.60,-0.15,75,effect.braced,npc.ashen_hollow.kera_voss=0.00:idle;npc.ashen_hollow.renn_vale=0.00:idle;npc.ashen_hollow.sel_arien=0.00:idle;npc.ashen_hollow.tavar_orr=0.00:idle
3.733,0.0167,0.67,0.00,spear_ready,Idle,3.60,-0.15,75,effect.braced,npc.ashen_hollow.kera_voss=0.00:idle;npc.ashen_hollow.renn_vale=0.00:idle;npc.ashen_hollow.sel_arien=0.00:idle;npc.ashen_hollow.tavar_orr=0.00:idle
3.750,0.0167,0.00,0.00,spear_ready,Idle,3.60,-0.15,75,effect.braced,npc.ashen_hollow.kera_voss=0.00:idle;npc.ashen_hollow.renn_vale=0.00:idle;npc.ashen_hollow.sel_arien=0.00:idle;npc.ashen_hollow.tavar_orr=0.00:idle
3.767,0.0167,0.33,0.00,spear_ready,Idle,3.60,-0.15,75,effect.braced,npc.ashen_hollow.kera_voss=0.00:idle;npc.ashen_hollow.renn_vale=0.00:idle;npc.ashen_hollow.sel_arien=0.00:idle;npc.ashen_hollow.tavar_orr=0.00:idle
3.783,0.0167,0.67,0.00,spear_ready,Idle,3.60,-0.15,75,effect.braced,npc.ashen_hollow.kera_voss=0.00:idle;npc.ashen_hollow.renn_vale=0.00:idle;npc.ashen_hollow.sel_arien=0.00:idle;npc.ashen_hollow.tavar_orr=0.00:idle
3.800,0.0167,0.00,0.00,spear_ready,Idle,3.60,-0.15,75,effect.braced,npc.ashen_hollow.kera_voss=0.00:idle;npc.ashen_hollow.renn_vale=0.00:idle;npc.ashen_hollow.sel_arien=0.00:idle;npc.ashen_hollow.tavar_orr=0.00:idle
3.817,0.0167,0.33,0.00,spear_ready,Idle,3.60,-0.15,75,effect.braced,npc.ashen_hollow.kera_voss=0.00:idle;npc.ashen_hollow.renn_vale=0.00:idle;npc.ashen_hollow.sel_arien=0.00:idle;npc.ashen_hollow.tavar_orr=0.00:idle
3.833,0.0167,0.67,0.00,spear_ready,Idle,3.60,-0.15,75,effect.braced,npc.ashen_hollow.kera_voss=0.00:idle;npc.ashen_hollow.renn_vale=0.00:idle;npc.ashen_hollow.sel_arien=0.00:idle;npc.ashen_hollow.tavar_orr=0.00:idle
3.850,0.0167,0.00,0.00,spear_ready,Idle,3.60,-0.15,75,effect.braced,npc.ashen_hollow.kera_voss=0.00:idle;npc.ashen_hollow.renn_vale=0.00:idle;npc.ashen_hollow.sel_arien=0.00:idle;npc.ashen_hollow.tavar_orr=0.00:idle
3.867,0.0167,0.33,0.00,spear_ready,Idle,3.60,-0.15,75,effect.braced,npc.ashen_hollow.kera_voss=0.00:idle;npc.ashen_hollow.renn_vale=0.00:idle;npc.ashen_hollow.sel_arien=0.00:idle;npc.ashen_hollow.tavar_orr=0.00:idle
3.883,0.0167,0.67,0.00,spear_ready,Idle,3.60,-0.15,75,effect.braced,npc.ashen_hollow.kera_voss=0.00:idle;npc.ashen_hollow.renn_vale=0.00:idle;npc.ashen_hollow.sel_arien=0.00:idle;npc.ashen_hollow.tavar_orr=0.00:idle
3.900,0.0167,0.00,0.00,spear_ready,Idle,3.60,-0.15,75,effect.braced,npc.ashen_hollow.kera_voss=0.00:idle;npc.ashen_hollow.renn_vale=0.00:idle;npc.ashen_hollow.sel_arien=0.00:idle;npc.ashen_hollow.tavar_orr=0.00:idle
3.917,0.0167,0.33,0.00,spear_ready,Idle,3.60,-0.15,75,effect.braced,npc.ashen_hollow.kera_voss=0.00:idle;npc.ashen_hollow.renn_vale=0.00:idle;npc.ashen_hollow.sel_arien=0.00:idle;npc.ashen_hollow.tavar_orr=0.00:idle
3.933,0.0167,0.67,0.00,spear_ready,Idle,3.60,-0.15,75,effect.braced,npc.ashen_hollow.kera_voss=0.00:idle;npc.ashen_hollow.renn_vale=0.00:idle;npc.ashen_hollow.sel_arien=0.00:idle;npc.ashen_hollow.tavar_orr=0.00:idle
3.950,0.0167,0.00,0.00,spear_ready,Idle,3.60,-0.15,75,effect.braced,npc.ashen_hollow.kera_voss=0.00:idle;npc.ashen_hollow.renn_vale=0.00:idle;npc.ashen_hollow.sel_arien=0.00:idle;npc.ashen_hollow.tavar_orr=0.00:idle
3.967,0.0167,0.33,0.00,spear_ready,Idle,3.60,-0.15,75,effect.braced,npc.ashen_hollow.kera_voss=0.00:idle;npc.ashen_hollow.renn_vale=0.00:idle;npc.ashen_hollow.sel_arien=0.00:idle;npc.ashen_hollow.tavar_orr=0.00:idle
3.983,0.0167,0.67,0.00,spear_ready,Idle,3.60,-0.15,75,effect.braced,npc.ashen_hollow.kera_voss=0.00:idle;npc.ashen_hollow.renn_vale=0.00:idle;npc.ashen_hollow.sel_arien=0.00:idle;npc.ashen_hollow.tavar_orr=0.00:idle
4.000,0.0167,0.00,0.00,spear_ready,Idle,3.60,-0.15,75,effect.braced,npc.ashen_hollow.kera_voss=0.00:idle;npc.ashen_hollow.renn_vale=0.00:idle;npc.ashen_hollow.sel_arien=0.00:idle;npc.ashen_hollow.tavar_orr=0.00:idle
4.017,0.0167,0.33,0.00,spear_ready,Idle,3.60,-0.15,75,effect.braced,npc.ashen_hollow.kera_voss=0.00:idle;npc.ashen_hollow.renn_vale=0.00:idle;npc.ashen_hollow.sel_arien=0.00:idle;npc.ashen_hollow.tavar_orr=0.00:idle
4.033,0.0167,0.67,0.00,spear_ready,Idle,3.60,-0.15,75,effect.braced,npc.ashen_hollow.kera_voss=0.00:idle;npc.ashen_hollow.renn_vale=0.00:idle;npc.ashen_hollow.sel_arien=0.00:idle;npc.ashen_hollow.tavar_orr=0.00:idle
4.050,0.0167,0.00,0.00,spear_ready,Idle,3.60,-0.15,75,effect.braced,npc.ashen_hollow.kera_voss=0.00:idle;npc.ashen_hollow.renn_vale=0.00:idle;npc.ashen_hollow.sel_arien=0.00:idle;npc.ashen_hollow.tavar_orr=0.00:idle
4.067,0.0167,0.33,0.00,spear_ready,Idle,3.60,-0.15,75,effect.braced,npc.ashen_hollow.kera_voss=0.00:idle;npc.ashen_hollow.renn_vale=0.00:idle;npc.ashen_hollow.sel_arien=0.00:idle;npc.ashen_hollow.tavar_orr=0.00:idle
4.083,0.0167,0.67,0.00,spear_ready,Idle,3.60,-0.15,75,effect.braced,npc.ashen_hollow.kera_voss=0.00:idle;npc.ashen_hollow.renn_vale=0.00:idle;npc.ashen_hollow.sel_arien=0.00:idle;npc.ashen_hollow.tavar_orr=0.00:idle
4.100,0.0167,0.00,0.00,spear_ready,Idle,3.60,-0.15,75,effect.braced,npc.ashen_hollow.kera_voss=0.00:idle;npc.ashen_hollow.renn_vale=0.00:idle;npc.ashen_hollow.sel_arien=0.00:idle;npc.ashen_hollow.tavar_orr=0.00:idle
4.117,0.0167,0.33,0.00,spear_ready,Idle,3.60,-0.15,75,effect.braced,npc.ashen_hollow.kera_voss=0.00:idle;npc.ashen_hollow.renn_vale=0.00:idle;npc.ashen_hollow.sel_arien=0.00:idle;npc.ashen_hollow.tavar_orr=0.00:idle
4.133,0.0167,0.67,0.00,spear_ready,Idle,3.60,-0.15,75,effect.braced,npc.ashen_hollow.kera_voss=0.00:idle;npc.ashen_hollow.renn_vale=0.00:idle;npc.ashen_hollow.sel_arien=0.00:idle;npc.ashen_hollow.tavar_orr=0.00:idle
4.150,0.0167,0.00,0.00,spear_ready,Idle,3.60,-0.15,75,effect.braced,npc.ashen_hollow.kera_voss=0.00:idle;npc.ashen_hollow.renn_vale=0.00:idle;npc.ashen_hollow.sel_arien=0.00:idle;npc.ashen_hollow.tavar_orr=0.00:idle
4.167,0.0167,0.33,0.00,spear_ready,Idle,3.60,-0.15,75,effect.braced,npc.ashen_hollow.kera_voss=0.00:idle;npc.ashen_hollow.renn_vale=0.00:idle;npc.ashen_hollow.sel_arien=0.00:idle;npc.ashen_hollow.tavar_orr=0.00:idle
4.183,0.0167,0.67,0.00,spear_ready,Idle,3.60,-0.15,75,effect.braced,npc.ashen_hollow.kera_voss=0.00:idle;npc.ashen_hollow.renn_vale=0.00:idle;npc.ashen_hollow.sel_arien=0.00:idle;npc.ashen_hollow.tavar_orr=0.00:idle
4.200,0.0167,0.00,0.00,spear_ready,Idle,3.60,-0.15,75,effect.braced,npc.ashen_hollow.kera_voss=0.00:idle;npc.ashen_hollow.renn_vale=0.00:idle;npc.ashen_hollow.sel_arien=0.00:idle;npc.ashen_hollow.tavar_orr=0.00:idle
4.217,0.0167,0.33,0.00,spear_ready,Idle,3.60,-0.15,75,effect.braced,npc.ashen_hollow.kera_voss=0.00:idle;npc.ashen_hollow.renn_vale=0.00:idle;npc.ashen_hollow.sel_arien=0.00:idle;npc.ashen_hollow.tavar_orr=0.00:idle
4.233,0.0167,0.67,0.00,spear_ready,Idle,3.60,-0.15,75,effect.braced,npc.ashen_hollow.kera_voss=0.00:idle;npc.ashen_hollow.renn_vale=0.00:idle;npc.ashen_hollow.sel_arien=0.00:idle;npc.ashen_hollow.tavar_orr=0.00:idle
4.250,0.0167,0.00,0.00,spear_ready,Idle,3.60,-0.15,75,effect.braced,npc.ashen_hollow.kera_voss=0.00:idle;npc.ashen_hollow.renn_vale=0.00:idle;npc.ashen_hollow.sel_arien=0.00:idle;npc.ashen_hollow.tavar_orr=0.00:idle
4.267,0.0167,0.33,0.00,spear_ready,Idle,3.60,-0.15,75,effect.braced,npc.ashen_hollow.kera_voss=0.00:idle;npc.ashen_hollow.renn_vale=0.00:idle;npc.ashen_hollow.sel_arien=0.00:idle;npc.ashen_hollow.tavar_orr=0.00:idle
4.283,0.0167,0.67,0.00,spear_ready,Idle,3.60,-0.15,75,effect.braced,npc.ashen_hollow.kera_voss=0.00:idle;npc.ashen_hollow.renn_vale=0.00:idle;npc.ashen_hollow.sel_arien=0.00:idle;npc.ashen_hollow.tavar_orr=0.00:idle
4.300,0.0167,0.00,0.00,spear_ready,Idle,3.60,-0.15,75,effect.braced,npc.ashen_hollow.kera_voss=0.00:idle;npc.ashen_hollow.renn_vale=0.00:idle;npc.ashen_hollow.sel_arien=0.00:idle;npc.ashen_hollow.tavar_orr=0.00:idle
4.317,0.0167,0.33,0.00,spear_ready,Idle,3.60,-0.15,75,effect.braced,npc.ashen_hollow.kera_voss=0.00:idle;npc.ashen_hollow.renn_vale=0.00:idle;npc.ashen_hollow.sel_arien=0.00:idle;npc.ashen_hollow.tavar_orr=0.00:idle
4.333,0.0167,0.67,0.00,spear_ready,Idle,3.60,-0.15,75,effect.braced,npc.ashen_hollow.kera_voss=0.00:idle;npc.ashen_hollow.renn_vale=0.00:idle;npc.ashen_hollow.sel_arien=0.00:idle;npc.ashen_hollow.tavar_orr=0.00:idle
4.350,0.0167,0.00,0.00,spear_ready,Idle,3.60,-0.15,75,effect.braced,npc.ashen_hollow.kera_voss=0.00:idle;npc.ashen_hollow.renn_vale=0.00:idle;npc.ashen_hollow.sel_arien=0.00:idle;npc.ashen_hollow.tavar_orr=0.00:idle
4.367,0.0167,0.33,0.00,spear_ready,Idle,3.60,-0.15,75,effect.braced,npc.ashen_hollow.kera_voss=0.00:idle;npc.ashen_hollow.renn_vale=0.00:idle;npc.ashen_hollow.sel_arien=0.00:idle;npc.ashen_hollow.tavar_orr=0.00:idle
4.383,0.0167,0.67,0.00,spear_ready,Idle,3.60,-0.15,75,effect.braced,npc.ashen_hollow.kera_voss=0.00:idle;npc.ashen_hollow.renn_vale=0.00:idle;npc.ashen_hollow.sel_arien=0.00:idle;npc.ashen_hollow.tavar_orr=0.00:idle
4.400,0.0167,0.00,0.00,spear_ready,Idle,3.60,-0.15,75,effect.braced,npc.ashen_hollow.kera_voss=0.00:idle;npc.ashen_hollow.renn_vale=0.00:idle;npc.ashen_hollow.sel_arien=0.00:idle;npc.ashen_hollow.tavar_orr=0.00:idle
4.417,0.0167,0.33,0.00,spear_ready,Idle,3.60,-0.15,75,effect.braced,npc.ashen_hollow.kera_voss=0.00:idle;npc.ashen_hollow.renn_vale=0.00:idle;npc.ashen_hollow.sel_arien=0.00:idle;npc.ashen_hollow.tavar_orr=0.00:idle
4.433,0.0167,0.67,0.00,spear_ready,Idle,3.60,-0.15,75,effect.braced,npc.ashen_hollow.kera_voss=0.00:idle;npc.ashen_hollow.renn_vale=0.00:idle;npc.ashen_hollow.sel_arien=0.00:idle;npc.ashen_hollow.tavar_orr=0.00:idle
4.450,0.0167,0.00,0.00,spear_ready,Idle,3.60,-0.15,75,effect.braced,npc.ashen_hollow.kera_voss=0.00:idle;npc.ashen_hollow.renn_vale=0.00:idle;npc.ashen_hollow.sel_arien=0.00:idle;npc.ashen_hollow.tavar_orr=0.00:idle
4.467,0.0167,0.33,0.00,spear_ready,Idle,3.60,-0.15,75,effect.braced,npc.ashen_hollow.kera_voss=0.00:idle;npc.ashen_hollow.renn_vale=0.00:idle;npc.ashen_hollow.sel_arien=0.00:idle;npc.ashen_hollow.tavar_orr=0.00:idle
4.483,0.0167,0.67,0.00,spear_ready,Idle,3.60,-0.15,75,effect.braced,npc.ashen_hollow.kera_voss=0.00:idle;npc.ashen_hollow.renn_vale=0.00:idle;npc.ashen_hollow.sel_arien=0.00:idle;npc.ashen_hollow.tavar_orr=0.00:idle
4.500,0.0167,0.00,0.00,spear_ready,Idle,3.60,-0.15,75,effect.braced,npc.ashen_hollow.kera_voss=0.00:idle;npc.ashen_hollow.renn_vale=0.00:idle;npc.ashen_hollow.sel_arien=0.00:idle;npc.ashen_hollow.tavar_orr=0.00:idle
4.517,0.0167,0.33,0.00,spear_ready,Idle,3.60,-0.15,75,effect.braced,npc.ashen_hollow.kera_voss=0.00:idle;npc.ashen_hollow.renn_vale=0.00:idle;npc.ashen_hollow.sel_arien=0.00:idle;npc.ashen_hollow.tavar_orr=0.00:idle
4.533,0.0167,0.67,0.00,spear_ready,Idle,3.60,-0.15,75,effect.braced,npc.ashen_hollow.kera_voss=0.00:idle;npc.ashen_hollow.renn_vale=0.00:idle;npc.ashen_hollow.sel_arien=0.00:idle;npc.ashen_hollow.tavar_orr=0.00:idle
4.550,0.0167,0.00,0.00,spear_ready,Idle,3.60,-0.15,75,effect.braced,npc.ashen_hollow.kera_voss=0.00:idle;npc.ashen_hollow.renn_vale=0.00:idle;npc.ashen_hollow.sel_arien=0.00:idle;npc.ashen_hollow.tavar_orr=0.00:idle
4.567,0.0167,0.33,0.00,spear_ready,Idle,3.60,-0.15,75,effect.braced,npc.ashen_hollow.kera_voss=0.00:idle;npc.ashen_hollow.renn_vale=0.00:idle;npc.ashen_hollow.sel_arien=0.00:idle;npc.ashen_hollow.tavar_orr=0.00:idle
4.583,0.0167,0.67,0.00,spear_ready,Idle,3.60,-0.15,75,effect.braced,npc.ashen_hollow.kera_voss=0.00:idle;npc.ashen_hollow.renn_vale=0.00:idle;npc.ashen_hollow.sel_arien=0.00:idle;npc.ashen_hollow.tavar_orr=0.00:idle
4.600,0.0167,0.00,0.00,spear_ready,Idle,3.60,-0.15,75,effect.braced,npc.ashen_hollow.kera_voss=0.00:idle;npc.ashen_hollow.renn_vale=0.00:idle;npc.ashen_hollow.sel_arien=0.00:idle;npc.ashen_hollow.tavar_orr=0.00:idle
4.617,0.0167,0.33,0.00,spear_ready,Idle,3.60,-0.15,75,effect.braced,npc.ashen_hollow.kera_voss=0.00:idle;npc.ashen_hollow.renn_vale=0.00:idle;npc.ashen_hollow.sel_arien=0.00:idle;npc.ashen_hollow.tavar_orr=0.00:idle
4.633,0.0167,0.67,0.00,spear_ready,Idle,3.60,-0.15,75,effect.braced,npc.ashen_hollow.kera_voss=0.00:idle;npc.ashen_hollow.renn_vale=0.00:idle;npc.ashen_hollow.sel_arien=0.00:idle;npc.ashen_hollow.tavar_orr=0.00:idle
4.650,0.0167,0.00,0.00,spear_ready,Idle,3.60,-0.15,75,effect.braced,npc.ashen_hollow.kera_voss=0.00:idle;npc.ashen_hollow.renn_vale=0.00:idle;npc.ashen_hollow.sel_arien=0.00:idle;npc.ashen_hollow.tavar_orr=0.00:idle
4.667,0.0167,0.33,0.00,spear_ready,Idle,3.60,-0.15,75,effect.braced,npc.ashen_hollow.kera_voss=0.00:idle;npc.ashen_hollow.renn_vale=0.00:idle;npc.ashen_hollow.sel_arien=0.00:idle;npc.ashen_hollow.tavar_orr=0.00:idle
4.683,0.0167,0.67,0.00,spear_ready,Idle,3.60,-0.15,75,effect.braced,npc.ashen_hollow.kera_voss=0.00:idle;npc.ashen_hollow.renn_vale=0.00:idle;npc.ashen_hollow.sel_arien=0.00:idle;npc.ashen_hollow.tavar_orr=0.00:idle
4.700,0.0167,0.00,0.00,spear_ready,Idle,3.60,-0.15,75,effect.braced,npc.ashen_hollow.kera_voss=0.00:idle;npc.ashen_hollow.renn_vale=0.00:idle;npc.ashen_hollow.sel_arien=0.00:idle;npc.ashen_hollow.tavar_orr=0.00:idle
4.717,0.0167,0.33,0.00,spear_ready,Idle,3.60,-0.15,75,effect.braced,npc.ashen_hollow.kera_voss=0.00:idle;npc.ashen_hollow.renn_vale=0.00:idle;npc.ashen_hollow.sel_arien=0.00:idle;npc.ashen_hollow.tavar_orr=0.00:idle
4.733,0.0167,0.67,0.00,spear_ready,Idle,3.60,-0.15,75,effect.braced,npc.ashen_hollow.kera_voss=0.00:idle;npc.ashen_hollow.renn_vale=0.00:idle;npc.ashen_hollow.sel_arien=0.00:idle;npc.ashen_hollow.tavar_orr=0.00:idle
4.750,0.0167,0.00,0.00,spear_ready,Idle,3.60,-0.15,75,effect.braced,npc.ashen_hollow.kera_voss=0.00:idle;npc.ashen_hollow.renn_vale=0.00:idle;npc.ashen_hollow.sel_arien=0.00:idle;npc.ashen_hollow.tavar_orr=0.00:idle
4.767,0.0167,0.33,0.00,spear_ready,Idle,3.60,-0.15,75,effect.braced,npc.ashen_hollow.kera_voss=0.00:idle;npc.ashen_hollow.renn_vale=0.00:idle;npc.ashen_hollow.sel_arien=0.00:idle;npc.ashen_hollow.tavar_orr=0.00:idle
4.783,0.0167,0.67,0.00,spear_ready,Idle,3.60,-0.15,75,effect.braced,npc.ashen_hollow.kera_voss=0.00:idle;npc.ashen_hollow.renn_vale=0.00:idle;npc.ashen_hollow.sel_arien=0.00:idle;npc.ashen_hollow.tavar_orr=0.00:idle
4.800,0.0167,0.00,0.00,spear_ready,Idle,3.60,-0.15,75,effect.braced,npc.ashen_hollow.kera_voss=0.00:idle;npc.ashen_hollow.renn_vale=0.00:idle;npc.ashen_hollow.sel_arien=0.00:idle;npc.ashen_hollow.tavar_orr=0.00:idle
4.817,0.0167,0.33,0.00,spear_ready,Idle,3.60,-0.15,75,effect.braced,npc.ashen_hollow.kera_voss=0.00:idle;npc.ashen_hollow.renn_vale=0.00:idle;npc.ashen_hollow.sel_arien=0.00:idle;npc.ashen_hollow.tavar_orr=0.00:idle
4.833,0.0167,0.67,0.00,spear_ready,Idle,3.60,-0.15,75,effect.braced,npc.ashen_hollow.kera_voss=0.00:idle;npc.ashen_hollow.renn_vale=0.00:idle;npc.ashen_hollow.sel_arien=0.00:idle;npc.ashen_hollow.tavar_orr=0.00:idle
4.850,0.0167,0.00,0.00,spear_ready,Idle,3.60,-0.15,75,effect.braced,npc.ashen_hollow.kera_voss=0.00:idle;npc.ashen_hollow.renn_vale=0.00:idle;npc.ashen_hollow.sel_arien=0.00:idle;npc.ashen_hollow.tavar_orr=0.00:idle
4.867,0.0167,0.33,0.00,spear_ready,Idle,3.60,-0.15,75,effect.braced,npc.ashen_hollow.kera_voss=0.00:idle;npc.ashen_hollow.renn_vale=0.00:idle;npc.ashen_hollow.sel_arien=0.00:idle;npc.ashen_hollow.tavar_orr=0.00:idle
4.883,0.0167,0.67,0.00,spear_ready,Idle,3.60,-0.15,75,effect.braced,npc.ashen_hollow.kera_voss=0.00:idle;npc.ashen_hollow.renn_vale=0.00:idle;npc.ashen_hollow.sel_arien=0.00:idle;npc.ashen_hollow.tavar_orr=0.00:idle
4.900,0.0167,0.00,0.00,spear_ready,Idle,3.60,-0.15,75,effect.braced,npc.ashen_hollow.kera_voss=0.00:idle;npc.ashen_hollow.renn_vale=0.00:idle;npc.ashen_hollow.sel_arien=0.00:idle;npc.ashen_hollow.tavar_orr=0.00:idle
4.917,0.0167,0.33,0.00,spear_ready,Idle,3.60,-0.15,75,effect.braced,npc.ashen_hollow.kera_voss=0.00:idle;npc.ashen_hollow.renn_vale=0.00:idle;npc.ashen_hollow.sel_arien=0.00:idle;npc.ashen_hollow.tavar_orr=0.00:idle
4.933,0.0167,0.67,0.00,spear_ready,Idle,3.60,-0.15,75,effect.braced,npc.ashen_hollow.kera_voss=0.00:idle;npc.ashen_hollow.renn_vale=0.00:idle;npc.ashen_hollow.sel_arien=0.00:idle;npc.ashen_hollow.tavar_orr=0.00:idle
4.950,0.0167,0.00,0.00,spear_ready,Idle,3.60,-0.15,75,effect.braced,npc.ashen_hollow.kera_voss=0.00:idle;npc.ashen_hollow.renn_vale=0.00:idle;npc.ashen_hollow.sel_arien=0.00:idle;npc.ashen_hollow.tavar_orr=0.00:idle
4.967,0.0167,0.33,0.00,spear_ready,Idle,3.60,-0.15,75,effect.braced,npc.ashen_hollow.kera_voss=0.00:idle;npc.ashen_hollow.renn_vale=0.00:idle;npc.ashen_hollow.sel_arien=0.00:idle;npc.ashen_hollow.tavar_orr=0.00:idle
4.983,0.0167,0.67,0.00,spear_ready,Idle,3.60,-0.15,75,effect.braced,npc.ashen_hollow.kera_voss=0.00:idle;npc.ashen_hollow.renn_vale=0.00:idle;npc.ashen_hollow.sel_arien=0.00:idle;npc.ashen_hollow.tavar_orr=0.00:idle
5.000,0.0167,0.00,0.00,spear_ready,Idle,3.60,-0.15,75,effect.braced,npc.ashen_hollow.kera_voss=0.00:idle;npc.ashen_hollow.renn_vale=0.00:idle;npc.ashen_hollow.sel_arien=0.00:idle;npc.ashen_hollow.tavar_orr=0.00:idle
5.017,0.0167,0.33,0.00,spear_ready,Idle,3.60,-0.15,75,effect.braced,npc.ashen_hollow.kera_voss=0.00:idle;npc.ashen_hollow.renn_vale=0.00:idle;npc.ashen_hollow.sel_arien=0.00:idle;npc.ashen_hollow.tavar_orr=0.00:idle
5.033,0.0167,0.67,0.00,spear_ready,Idle,3.60,-0.15,75,effect.braced,npc.ashen_hollow.kera_voss=0.00:idle;npc.ashen_hollow.renn_vale=0.00:idle;npc.ashen_hollow.sel_arien=0.00:idle;npc.ashen_hollow.tavar_orr=0.00:idle
5.050,0.0167,0.00,0.00,spear_ready,Idle,3.60,-0.15,75,effect.braced,npc.ashen_hollow.kera_voss=0.00:idle;npc.ashen_hollow.renn_vale=0.00:idle;npc.ashen_hollow.sel_arien=0.00:idle;npc.ashen_hollow.tavar_orr=0.00:idle
5.067,0.0167,0.33,0.00,spear_ready,Idle,3.60,-0.15,75,effect.braced,npc.ashen_hollow.kera_voss=0.00:idle;npc.ashen_hollow.renn_vale=0.00:idle;npc.ashen_hollow.sel_arien=0.00:idle;npc.ashen_hollow.tavar_orr=0.00:idle
5.083,0.0167,0.67,0.00,spear_ready,Idle,3.60,-0.15,75,effect.braced,npc.ashen_hollow.kera_voss=0.00:idle;npc.ashen_hollow.renn_vale=0.00:idle;npc.ashen_hollow.sel_arien=0.00:idle;npc.ashen_hollow.tavar_orr=0.00:idle
5.100,0.0167,0.00,0.00,spear_ready,Idle,3.60,-0.15,75,effect.braced,npc.ashen_hollow.kera_voss=0.00:idle;npc.ashen_hollow.renn_vale=0.00:idle;npc.ashen_hollow.sel_arien=0.00:idle;npc.ashen_hollow.tavar_orr=0.00:idle
5.117,0.0167,0.33,0.00,spear_ready,Idle,3.60,-0.15,75,effect.braced,npc.ashen_hollow.kera_voss=0.00:idle;npc.ashen_hollow.renn_vale=0.00:idle;npc.ashen_hollow.sel_arien=0.00:idle;npc.ashen_hollow.tavar_orr=0.00:idle
5.133,0.0167,0.67,0.00,spear_ready,Idle,3.60,-0.15,75,effect.braced,npc.ashen_hollow.kera_voss=0.00:idle;npc.ashen_hollow.renn_vale=0.00:idle;npc.ashen_hollow.sel_arien=0.00:idle;npc.ashen_hollow.tavar_orr=0.00:idle
5.150,0.0167,0.00,0.00,spear_ready,Idle,3.60,-0.15,75,effect.braced,npc.ashen_hollow.kera_voss=0.00:idle;npc.ashen_hollow.renn_vale=0.00:idle;npc.ashen_hollow.sel_arien=0.00:idle;npc.ashen_hollow.tavar_orr=0.00:idle
5.167,0.0167,0.33,0.00,spear_ready,Idle,3.60,-0.15,75,effect.braced,npc.ashen_hollow.kera_voss=0.00:idle;npc.ashen_hollow.renn_vale=0.00:idle;npc.ashen_hollow.sel_arien=0.00:idle;npc.ashen_hollow.tavar_orr=0.00:idle
5.183,0.0167,0.67,0.00,spear_ready,Idle,3.60,-0.15,75,effect.braced,npc.ashen_hollow.kera_voss=0.00:idle;npc.ashen_hollow.renn_vale=0.00:idle;npc.ashen_hollow.sel_arien=0.00:idle;npc.ashen_hollow.tavar_orr=0.00:idle
5.200,0.0167,0.00,0.00,spear_ready,Idle,3.60,-0.15,75,effect.braced,npc.ashen_hollow.kera_voss=0.00:idle;npc.ashen_hollow.renn_vale=0.00:idle;npc.ashen_hollow.sel_arien=0.00:idle;npc.ashen_hollow.tavar_orr=0.00:idle
5.217,0.0167,0.33,0.00,spear_ready,Idle,3.60,-0.15,75,effect.braced,npc.ashen_hollow.kera_voss=0.00:idle;npc.ashen_hollow.renn_vale=0.00:idle;npc.ashen_hollow.sel_arien=0.00:idle;npc.ashen_hollow.tavar_orr=0.00:idle
5.233,0.0167,0.67,0.00,spear_ready,Idle,3.60,-0.15,75,effect.braced,npc.ashen_hollow.kera_voss=0.00:idle;npc.ashen_hollow.renn_vale=0.00:idle;npc.ashen_hollow.sel_arien=0.00:idle;npc.ashen_hollow.tavar_orr=0.00:idle
5.250,0.0167,0.00,0.00,spear_ready,Idle,3.60,-0.15,75,effect.braced,npc.ashen_hollow.kera_voss=0.00:idle;npc.ashen_hollow.renn_vale=0.00:idle;npc.ashen_hollow.sel_arien=0.00:idle;npc.ashen_hollow.tavar_orr=0.00:idle
5.267,0.0167,0.33,0.00,spear_ready,Idle,3.60,-0.15,75,effect.braced,npc.ashen_hollow.kera_voss=0.00:idle;npc.ashen_hollow.renn_vale=0.00:idle;npc.ashen_hollow.sel_arien=0.00:idle;npc.ashen_hollow.tavar_orr=0.00:idle
5.283,0.0167,0.67,0.00,spear_ready,Idle,3.60,-0.15,75,effect.braced,npc.ashen_hollow.kera_voss=0.00:idle;npc.ashen_hollow.renn_vale=0.00:idle;npc.ashen_hollow.sel_arien=0.00:idle;npc.ashen_hollow.tavar_orr=0.00:idle
5.300,0.0167,0.00,0.00,spear_ready,Idle,3.60,-0.15,75,effect.braced,npc.ashen_hollow.kera_voss=0.00:idle;npc.ashen_hollow.renn_vale=0.00:idle;npc.ashen_hollow.sel_arien=0.00:idle;npc.ashen_hollow.tavar_orr=0.00:idle
5.317,0.0167,0.33,0.00,spear_ready,Idle,3.60,-0.15,75,effect.braced,npc.ashen_hollow.kera_voss=0.00:idle;npc.ashen_hollow.renn_vale=0.00:idle;npc.ashen_hollow.sel_arien=0.00:idle;npc.ashen_hollow.tavar_orr=0.00:idle
5.333,0.0167,0.67,0.00,spear_ready,Idle,3.60,-0.15,75,effect.braced,npc.ashen_hollow.kera_voss=0.00:idle;npc.ashen_hollow.renn_vale=0.00:idle;npc.ashen_hollow.sel_arien=0.00:idle;npc.ashen_hollow.tavar_orr=0.00:idle
5.350,0.0167,0.00,0.00,spear_ready,Idle,3.60,-0.15,75,effect.braced,npc.ashen_hollow.kera_voss=0.00:idle;npc.ashen_hollow.renn_vale=0.00:idle;npc.ashen_hollow.sel_arien=0.00:idle;npc.ashen_hollow.tavar_orr=0.00:idle
5.367,0.0167,0.33,0.00,spear_ready,Idle,3.60,-0.15,75,effect.braced,npc.ashen_hollow.kera_voss=0.00:idle;npc.ashen_hollow.renn_vale=0.00:idle;npc.ashen_hollow.sel_arien=0.00:idle;npc.ashen_hollow.tavar_orr=0.00:idle
5.383,0.0167,0.67,0.00,spear_ready,Idle,3.60,-0.15,75,effect.braced,npc.ashen_hollow.kera_voss=0.00:idle;npc.ashen_hollow.renn_vale=0.00:idle;npc.ashen_hollow.sel_arien=0.00:idle;npc.ashen_hollow.tavar_orr=0.00:idle
5.400,0.0167,0.00,0.00,spear_ready,Idle,3.60,-0.15,75,effect.braced,npc.ashen_hollow.kera_voss=0.00:idle;npc.ashen_hollow.renn_vale=0.00:idle;npc.ashen_hollow.sel_arien=0.00:idle;npc.ashen_hollow.tavar_orr=0.00:idle
5.417,0.0167,0.33,0.00,spear_ready,Idle,3.60,-0.15,75,effect.braced,npc.ashen_hollow.kera_voss=0.00:idle;npc.ashen_hollow.renn_vale=0.00:idle;npc.ashen_hollow.sel_arien=0.00:idle;npc.ashen_hollow.tavar_orr=0.00:idle
5.433,0.0167,0.67,0.00,spear_ready,Idle,3.60,-0.15,75,effect.braced,npc.ashen_hollow.kera_voss=0.00:idle;npc.ashen_hollow.renn_vale=0.00:idle;npc.ashen_hollow.sel_arien=0.00:idle;npc.ashen_hollow.tavar_orr=0.00:idle
5.450,0.0167,0.00,0.00,spear_ready,Idle,3.60,-0.15,75,effect.braced,npc.ashen_hollow.kera_voss=0.00:idle;npc.ashen_hollow.renn_vale=0.00:idle;npc.ashen_hollow.sel_arien=0.00:idle;npc.ashen_hollow.tavar_orr=0.00:idle
5.467,0.0167,0.33,0.00,spear_ready,Idle,3.60,-0.15,75,effect.braced,npc.ashen_hollow.kera_voss=0.00:idle;npc.ashen_hollow.renn_vale=0.00:idle;npc.ashen_hollow.sel_arien=0.00:idle;npc.ashen_hollow.tavar_orr=0.00:idle
5.483,0.0167,0.67,0.00,spear_ready,Idle,3.60,-0.15,75,effect.braced,npc.ashen_hollow.kera_voss=0.00:idle;npc.ashen_hollow.renn_vale=0.00:idle;npc.ashen_hollow.sel_arien=0.00:idle;npc.ashen_hollow.tavar_orr=0.00:idle
5.500,0.0167,0.00,0.00,spear_ready,Idle,3.60,-0.15,75,effect.braced,npc.ashen_hollow.kera_voss=0.00:idle;npc.ashen_hollow.renn_vale=0.00:idle;npc.ashen_hollow.sel_arien=0.00:idle;npc.ashen_hollow.tavar_orr=0.00:idle
5.517,0.0167,0.33,0.00,spear_ready,Idle,3.60,-0.15,75,effect.braced,npc.ashen_hollow.kera_voss=0.00:idle;npc.ashen_hollow.renn_vale=0.00:idle;npc.ashen_hollow.sel_arien=0.00:idle;npc.ashen_hollow.tavar_orr=0.00:idle
5.533,0.0167,0.67,0.00,spear_ready,Idle,3.60,-0.15,75,effect.braced,npc.ashen_hollow.kera_voss=0.00:idle;npc.ashen_hollow.renn_vale=0.00:idle;npc.ashen_hollow.sel_arien=0.00:idle;npc.ashen_hollow.tavar_orr=0.00:idle
5.550,0.0167,0.00,0.00,spear_ready,Idle,3.60,-0.15,75,effect.braced,npc.ashen_hollow.kera_voss=0.00:idle;npc.ashen_hollow.renn_vale=0.00:idle;npc.ashen_hollow.sel_arien=0.00:idle;npc.ashen_hollow.tavar_orr=0.00:idle
5.567,0.0167,0.33,0.00,spear_ready,Idle,3.60,-0.15,75,effect.braced,npc.ashen_hollow.kera_voss=0.00:idle;npc.ashen_hollow.renn_vale=0.00:idle;npc.ashen_hollow.sel_arien=0.00:idle;npc.ashen_hollow.tavar_orr=0.00:idle
5.583,0.0167,0.67,0.00,spear_ready,Idle,3.60,-0.15,75,effect.braced,npc.ashen_hollow.kera_voss=0.00:idle;npc.ashen_hollow.renn_vale=0.00:idle;npc.ashen_hollow.sel_arien=0.00:idle;npc.ashen_hollow.tavar_orr=0.00:idle
5.600,0.0167,0.00,0.00,spear_ready,Idle,3.60,-0.15,75,effect.braced,npc.ashen_hollow.kera_voss=0.00:idle;npc.ashen_hollow.renn_vale=0.00:idle;npc.ashen_hollow.sel_arien=0.00:idle;npc.ashen_hollow.tavar_orr=0.00:idle
5.617,0.0167,0.33,0.00,spear_ready,Idle,3.60,-0.15,75,effect.braced,npc.ashen_hollow.kera_voss=0.00:idle;npc.ashen_hollow.renn_vale=0.00:idle;npc.ashen_hollow.sel_arien=0.00:idle;npc.ashen_hollow.tavar_orr=0.00:idle
5.633,0.0167,0.67,0.00,spear_ready,Idle,3.60,-0.15,75,effect.braced,npc.ashen_hollow.kera_voss=0.00:idle;npc.ashen_hollow.renn_vale=0.00:idle;npc.ashen_hollow.sel_arien=0.00:idle;npc.ashen_hollow.tavar_orr=0.00:idle
5.650,0.0167,0.00,0.00,spear_ready,Idle,3.60,-0.15,75,effect.braced,npc.ashen_hollow.kera_voss=0.00:idle;npc.ashen_hollow.renn_vale=0.00:idle;npc.ashen_hollow.sel_arien=0.00:idle;npc.ashen_hollow.tavar_orr=0.00:idle
5.667,0.0167,0.33,0.00,spear_ready,Idle,3.60,-0.15,75,effect.braced,npc.ashen_hollow.kera_voss=0.00:idle;npc.ashen_hollow.renn_vale=0.00:idle;npc.ashen_hollow.sel_arien=0.00:idle;npc.ashen_hollow.tavar_orr=0.00:idle
5.683,0.0167,0.67,0.00,spear_ready,Idle,3.60,-0.15,75,effect.braced,npc.ashen_hollow.kera_voss=0.00:idle;npc.ashen_hollow.renn_vale=0.00:idle;npc.ashen_hollow.sel_arien=0.00:idle;npc.ashen_hollow.tavar_orr=0.00:idle
5.700,0.0167,0.00,0.00,spear_ready,Idle,3.60,-0.15,75,effect.braced,npc.ashen_hollow.kera_voss=0.00:idle;npc.ashen_hollow.renn_vale=0.00:idle;npc.ashen_hollow.sel_arien=0.00:idle;npc.ashen_hollow.tavar_orr=0.00:idle
5.717,0.0167,0.33,0.00,spear_ready,Idle,3.60,-0.15,75,effect.braced,npc.ashen_hollow.kera_voss=0.00:idle;npc.ashen_hollow.renn_vale=0.00:idle;npc.ashen_hollow.sel_arien=0.00:idle;npc.ashen_hollow.tavar_orr=0.00:idle
5.733,0.0167,0.67,0.00,spear_ready,Idle,3.60,-0.15,75,effect.braced,npc.ashen_hollow.kera_voss=0.00:idle;npc.ashen_hollow.renn_vale=0.00:idle;npc.ashen_hollow.sel_arien=0.00:idle;npc.ashen_hollow.tavar_orr=0.00:idle
5.750,0.0167,0.00,0.00,spear_ready,Idle,3.60,-0.15,75,effect.braced,npc.ashen_hollow.kera_voss=0.00:idle;npc.ashen_hollow.renn_vale=0.00:idle;npc.ashen_hollow.sel_arien=0.00:idle;npc.ashen_hollow.tavar_orr=0.00:idle
5.767,0.0167,0.33,0.00,spear_ready,Idle,3.60,-0.15,75,effect.braced,npc.ashen_hollow.kera_voss=0.00:idle;npc.ashen_hollow.renn_vale=0.00:idle;npc.ashen_hollow.sel_arien=0.00:idle;npc.ashen_hollow.tavar_orr=0.00:idle
5.783,0.0167,0.67,0.00,spear_ready,Idle,3.60,-0.15,75,effect.braced,npc.ashen_hollow.kera_voss=0.00:idle;npc.ashen_hollow.renn_vale=0.00:idle;npc.ashen_hollow.sel_arien=0.00:idle;npc.ashen_hollow.tavar_orr=0.00:idle
5.800,0.0167,0.00,0.00,spear_ready,Idle,3.60,-0.15,75,effect.braced,npc.ashen_hollow.kera_voss=0.00:idle;npc.ashen_hollow.renn_vale=0.00:idle;npc.ashen_hollow.sel_arien=0.00:idle;npc.ashen_hollow.tavar_orr=0.00:idle
5.817,0.0167,0.33,0.00,spear_ready,Idle,3.60,-0.15,75,effect.braced,npc.ashen_hollow.kera_voss=0.00:idle;npc.ashen_hollow.renn_vale=0.00:idle;npc.ashen_hollow.sel_arien=0.00:idle;npc.ashen_hollow.tavar_orr=0.00:idle
5.833,0.0167,0.67,0.00,spear_ready,Idle,3.60,-0.15,75,effect.braced,npc.ashen_hollow.kera_voss=0.00:idle;npc.ashen_hollow.renn_vale=0.00:idle;npc.ashen_hollow.sel_arien=0.00:idle;npc.ashen_hollow.tavar_orr=0.00:idle
5.850,0.0167,0.00,0.00,spear_ready,Idle,3.60,-0.15,75,effect.braced,npc.ashen_hollow.kera_voss=0.00:idle;npc.ashen_hollow.renn_vale=0.00:idle;npc.ashen_hollow.sel_arien=0.00:idle;npc.ashen_hollow.tavar_orr=0.00:idle
5.867,0.0167,0.33,0.00,spear_ready,Idle,3.60,-0.15,75,effect.braced,npc.ashen_hollow.kera_voss=0.00:idle;npc.ashen_hollow.renn_vale=0.00:idle;npc.ashen_hollow.sel_arien=0.00:idle;npc.ashen_hollow.tavar_orr=0.00:idle
5.883,0.0167,0.67,0.00,spear_ready,Idle,3.60,-0.15,75,effect.braced,npc.ashen_hollow.kera_voss=0.00:idle;npc.ashen_hollow.renn_vale=0.00:idle;npc.ashen_hollow.sel_arien=0.00:idle;npc.ashen_hollow.tavar_orr=0.00:idle
5.900,0.0167,0.00,0.00,spear_ready,Idle,3.60,-0.15,75,effect.braced,npc.ashen_hollow.kera_voss=0.00:idle;npc.ashen_hollow.renn_vale=0.00:idle;npc.ashen_hollow.sel_arien=0.00:idle;npc.ashen_hollow.tavar_orr=0.00:idle
5.917,0.0167,0.33,0.00,spear_ready,Idle,3.60,-0.15,75,effect.braced,npc.ashen_hollow.kera_voss=0.00:idle;npc.ashen_hollow.renn_vale=0.00:idle;npc.ashen_hollow.sel_arien=0.00:idle;npc.ashen_hollow.tavar_orr=0.00:idle
5.933,0.0167,0.67,0.00,spear_ready,Idle,3.60,-0.15,75,effect.braced,npc.ashen_hollow.kera_voss=0.00:idle;npc.ashen_hollow.renn_vale=0.00:idle;npc.ashen_hollow.sel_arien=0.00:idle;npc.ashen_hollow.tavar_orr=0.00:idle
5.950,0.0167,0.00,0.00,spear_ready,Idle,3.60,-0.15,75,effect.braced,npc.ashen_hollow.kera_voss=0.00:idle;npc.ashen_hollow.renn_vale=0.00:idle;npc.ashen_hollow.sel_arien=0.00:idle;npc.ashen_hollow.tavar_orr=0.00:idle
5.967,0.0167,0.33,0.00,spear_ready,Idle,3.60,-0.15,75,effect.braced,npc.ashen_hollow.kera_voss=0.00:idle;npc.ashen_hollow.renn_vale=0.00:idle;npc.ashen_hollow.sel_arien=0.00:idle;npc.ashen_hollow.tavar_orr=0.00:idle
5.983,0.0167,0.67,0.00,spear_ready,Idle,3.60,-0.15,75,effect.braced,npc.ashen_hollow.kera_voss=0.00:idle;npc.ashen_hollow.renn_vale=0.00:idle;npc.ashen_hollow.sel_arien=0.00:idle;npc.ashen_hollow.tavar_orr=0.00:idle
6.000,0.0167,0.00,0.00,spear_ready,Idle,3.60,-0.15,75,effect.braced,npc.ashen_hollow.kera_voss=0.00:idle;npc.ashen_hollow.renn_vale=0.00:idle;npc.ashen_hollow.sel_arien=0.00:idle;npc.ashen_hollow.tavar_orr=0.00:idle
6.017,0.0167,0.33,0.00,spear_ready,Idle,3.60,-0.15,75,effect.braced,npc.ashen_hollow.kera_voss=0.00:idle;npc.ashen_hollow.renn_vale=0.00:idle;npc.ashen_hollow.sel_arien=0.00:idle;npc.ashen_hollow.tavar_orr=0.00:idle
6.033,0.0167,0.67,0.00,spear_ready,Idle,3.60,-0.15,75,effect.braced,npc.ashen_hollow.kera_voss=0.00:idle;npc.ashen_hollow.renn_vale=0.00:idle;npc.ashen_hollow.sel_arien=0.00:idle;npc.ashen_hollow.tavar_orr=0.00:idle
6.050,0.0167,0.00,0.00,spear_ready,Idle,3.60,-0.15,75,effect.braced,npc.ashen_hollow.kera_voss=0.00:idle;npc.ashen_hollow.renn_vale=0.00:idle;npc.ashen_hollow.sel_arien=0.00:idle;npc.ashen_hollow.tavar_orr=0.00:idle
6.067,0.0167,0.33,0.00,spear_ready,Idle,3.60,-0.15,75,effect.braced,npc.ashen_hollow.kera_voss=0.00:idle;npc.ashen_hollow.renn_vale=0.00:idle;npc.ashen_hollow.sel_arien=0.00:idle;npc.ashen_hollow.tavar_orr=0.00:idle
6.083,0.0167,0.67,0.00,spear_ready,Idle,3.60,-0.15,75,effect.braced,npc.ashen_hollow.kera_voss=0.00:idle;npc.ashen_hollow.renn_vale=0.00:idle;npc.ashen_hollow.sel_arien=0.00:idle;npc.ashen_hollow.tavar_orr=0.00:idle
6.100,0.0167,0.00,0.00,spear_ready,Idle,3.60,-0.16,75,effect.braced,npc.ashen_hollow.kera_voss=0.00:idle;npc.ashen_hollow.renn_vale=0.00:idle;npc.ashen_hollow.sel_arien=0.00:idle;npc.ashen_hollow.tavar_orr=0.00:idle
6.117,0.0167,0.33,0.00,spear_ready,Idle,3.60,-0.16,75,effect.braced,npc.ashen_hollow.kera_voss=0.00:idle;npc.ashen_hollow.renn_vale=0.00:idle;npc.ashen_hollow.sel_arien=0.00:idle;npc.ashen_hollow.tavar_orr=0.00:idle
6.133,0.0167,0.67,0.00,spear_ready,Idle,3.60,-0.16,75,effect.braced,npc.ashen_hollow.kera_voss=0.00:idle;npc.ashen_hollow.renn_vale=0.00:idle;npc.ashen_hollow.sel_arien=0.00:idle;npc.ashen_hollow.tavar_orr=0.00:idle
6.150,0.0167,0.00,0.00,spear_ready,Idle,3.60,-0.16,75,effect.braced,npc.ashen_hollow.kera_voss=0.00:idle;npc.ashen_hollow.renn_vale=0.00:idle;npc.ashen_hollow.sel_arien=0.00:idle;npc.ashen_hollow.tavar_orr=0.00:idle
6.167,0.0167,0.33,0.00,spear_ready,Idle,3.60,-0.16,75,effect.braced,npc.ashen_hollow.kera_voss=0.00:idle;npc.ashen_hollow.renn_vale=0.00:idle;npc.ashen_hollow.sel_arien=0.00:idle;npc.ashen_hollow.tavar_orr=0.00:idle
6.183,0.0167,0.67,0.00,spear_ready,Idle,3.60,-0.16,75,effect.braced,npc.ashen_hollow.kera_voss=0.00:idle;npc.ashen_hollow.renn_vale=0.00:idle;npc.ashen_hollow.sel_arien=0.00:idle;npc.ashen_hollow.tavar_orr=0.00:idle
6.200,0.0167,0.00,0.00,spear_ready,Idle,3.60,-0.16,75,effect.braced,npc.ashen_hollow.kera_voss=0.00:idle;npc.ashen_hollow.renn_vale=0.00:idle;npc.ashen_hollow.sel_arien=0.00:idle;npc.ashen_hollow.tavar_orr=0.00:idle
6.217,0.0167,0.33,0.00,spear_ready,Idle,3.60,-0.16,75,effect.braced,npc.ashen_hollow.kera_voss=0.00:idle;npc.ashen_hollow.renn_vale=0.00:idle;npc.ashen_hollow.sel_arien=0.00:idle;npc.ashen_hollow.tavar_orr=0.00:idle
6.233,0.0167,0.67,0.00,spear_ready,Idle,3.60,-0.16,75,effect.braced,npc.ashen_hollow.kera_voss=0.00:idle;npc.ashen_hollow.renn_vale=0.00:idle;npc.ashen_hollow.sel_arien=0.00:idle;npc.ashen_hollow.tavar_orr=0.00:idle
6.250,0.0167,0.00,0.00,spear_ready,Idle,3.60,-0.16,75,effect.braced,npc.ashen_hollow.kera_voss=0.00:idle;npc.ashen_hollow.renn_vale=0.00:idle;npc.ashen_hollow.sel_arien=0.00:idle;npc.ashen_hollow.tavar_orr=0.00:idle
6.267,0.0167,0.33,0.00,spear_ready,Idle,3.60,-0.17,75,effect.braced,npc.ashen_hollow.kera_voss=0.00:idle;npc.ashen_hollow.renn_vale=0.00:idle;npc.ashen_hollow.sel_arien=0.00:idle;npc.ashen_hollow.tavar_orr=0.00:idle
6.283,0.0167,0.67,0.00,spear_ready,Idle,3.60,-0.17,75,effect.braced,npc.ashen_hollow.kera_voss=0.00:idle;npc.ashen_hollow.renn_vale=0.00:idle;npc.ashen_hollow.sel_arien=0.00:idle;npc.ashen_hollow.tavar_orr=0.00:idle
6.300,0.0167,0.00,0.00,spear_ready,Idle,3.60,-0.17,75,effect.braced,npc.ashen_hollow.kera_voss=0.00:idle;npc.ashen_hollow.renn_vale=0.00:idle;npc.ashen_hollow.sel_arien=0.00:idle;npc.ashen_hollow.tavar_orr=0.00:idle
6.317,0.0167,0.33,0.00,spear_ready,Idle,3.60,-0.17,75,effect.braced,npc.ashen_hollow.kera_voss=0.00:idle;npc.ashen_hollow.renn_vale=0.00:idle;npc.ashen_hollow.sel_arien=0.00:idle;npc.ashen_hollow.tavar_orr=0.00:idle
6.333,0.0167,0.67,0.00,spear_ready,Idle,3.60,-0.17,75,effect.braced,npc.ashen_hollow.kera_voss=0.00:idle;npc.ashen_hollow.renn_vale=0.00:idle;npc.ashen_hollow.sel_arien=0.00:idle;npc.ashen_hollow.tavar_orr=0.00:idle
6.350,0.0167,0.00,0.00,cast,Windup,3.60,-0.17,75,effect.braced,npc.ashen_hollow.kera_voss=0.00:idle;npc.ashen_hollow.renn_vale=0.00:idle;npc.ashen_hollow.sel_arien=0.00:idle;npc.ashen_hollow.tavar_orr=0.00:idle
6.367,0.0167,0.33,0.00,cast,Windup,3.60,-0.17,75,effect.braced,npc.ashen_hollow.kera_voss=0.00:idle;npc.ashen_hollow.renn_vale=0.00:idle;npc.ashen_hollow.sel_arien=0.00:idle;npc.ashen_hollow.tavar_orr=0.00:idle
6.383,0.0167,0.67,0.00,cast,Windup,3.60,-0.17,75,effect.braced,npc.ashen_hollow.kera_voss=0.00:idle;npc.ashen_hollow.renn_vale=0.00:idle;npc.ashen_hollow.sel_arien=0.00:idle;npc.ashen_hollow.tavar_orr=0.00:idle
6.400,0.0167,0.00,0.00,cast,Windup,3.60,-0.17,75,effect.braced,npc.ashen_hollow.kera_voss=0.00:idle;npc.ashen_hollow.renn_vale=0.00:idle;npc.ashen_hollow.sel_arien=0.00:idle;npc.ashen_hollow.tavar_orr=0.00:idle
6.417,0.0167,0.33,0.00,cast,Windup,3.60,-0.17,75,effect.braced,npc.ashen_hollow.kera_voss=0.00:idle;npc.ashen_hollow.renn_vale=0.00:idle;npc.ashen_hollow.sel_arien=0.00:idle;npc.ashen_hollow.tavar_orr=0.00:idle
6.433,0.0167,0.67,0.00,cast,Windup,3.60,-0.17,75,effect.braced,npc.ashen_hollow.kera_voss=0.00:idle;npc.ashen_hollow.renn_vale=0.00:idle;npc.ashen_hollow.sel_arien=0.00:idle;npc.ashen_hollow.tavar_orr=0.00:idle
6.450,0.0167,0.00,0.00,cast,Windup,3.60,-0.17,75,effect.braced,npc.ashen_hollow.kera_voss=0.00:idle;npc.ashen_hollow.renn_vale=0.00:idle;npc.ashen_hollow.sel_arien=0.00:idle;npc.ashen_hollow.tavar_orr=0.00:idle
6.467,0.0167,0.33,0.00,cast,Windup,3.60,-0.17,75,effect.braced,npc.ashen_hollow.kera_voss=0.00:idle;npc.ashen_hollow.renn_vale=0.00:idle;npc.ashen_hollow.sel_arien=0.00:idle;npc.ashen_hollow.tavar_orr=0.00:idle
6.483,0.0167,0.67,0.00,cast,Windup,3.60,-0.17,75,effect.braced,npc.ashen_hollow.kera_voss=0.00:idle;npc.ashen_hollow.renn_vale=0.00:idle;npc.ashen_hollow.sel_arien=0.00:idle;npc.ashen_hollow.tavar_orr=0.00:idle
6.500,0.0167,0.00,0.00,cast,Windup,3.60,-0.17,75,effect.braced,npc.ashen_hollow.kera_voss=0.00:idle;npc.ashen_hollow.renn_vale=0.00:idle;npc.ashen_hollow.sel_arien=0.00:idle;npc.ashen_hollow.tavar_orr=0.00:idle
6.517,0.0167,0.33,0.00,cast,Windup,3.60,-0.17,75,effect.braced,npc.ashen_hollow.kera_voss=0.00:idle;npc.ashen_hollow.renn_vale=0.00:idle;npc.ashen_hollow.sel_arien=0.00:idle;npc.ashen_hollow.tavar_orr=0.00:idle
6.533,0.0167,0.67,0.00,cast,Windup,3.60,-0.17,75,effect.braced,npc.ashen_hollow.kera_voss=0.00:idle;npc.ashen_hollow.renn_vale=0.00:idle;npc.ashen_hollow.sel_arien=0.00:idle;npc.ashen_hollow.tavar_orr=0.00:idle
6.550,0.0167,0.00,0.00,cast,Windup,3.60,-0.17,75,effect.braced,npc.ashen_hollow.kera_voss=0.00:idle;npc.ashen_hollow.renn_vale=0.00:idle;npc.ashen_hollow.sel_arien=0.00:idle;npc.ashen_hollow.tavar_orr=0.00:idle
6.567,0.0167,0.33,0.00,cast,Windup,3.60,-0.17,75,effect.braced,npc.ashen_hollow.kera_voss=0.00:idle;npc.ashen_hollow.renn_vale=0.00:idle;npc.ashen_hollow.sel_arien=0.00:idle;npc.ashen_hollow.tavar_orr=0.00:idle
6.583,0.0167,0.67,0.00,cast,Windup,3.60,-0.17,75,effect.braced,npc.ashen_hollow.kera_voss=0.00:idle;npc.ashen_hollow.renn_vale=0.00:idle;npc.ashen_hollow.sel_arien=0.00:idle;npc.ashen_hollow.tavar_orr=0.00:idle
6.600,0.0167,0.00,0.00,cast,Windup,3.60,-0.17,75,effect.braced,npc.ashen_hollow.kera_voss=0.00:idle;npc.ashen_hollow.renn_vale=0.00:idle;npc.ashen_hollow.sel_arien=0.00:idle;npc.ashen_hollow.tavar_orr=0.00:idle
6.617,0.0167,0.33,0.00,cast,Windup,3.60,-0.18,75,effect.braced,npc.ashen_hollow.kera_voss=0.00:idle;npc.ashen_hollow.renn_vale=0.00:idle;npc.ashen_hollow.sel_arien=0.00:idle;npc.ashen_hollow.tavar_orr=0.00:idle
6.633,0.0167,0.67,0.00,cast,Windup,3.60,-0.18,75,effect.braced,npc.ashen_hollow.kera_voss=0.00:idle;npc.ashen_hollow.renn_vale=0.00:idle;npc.ashen_hollow.sel_arien=0.00:idle;npc.ashen_hollow.tavar_orr=0.00:idle
6.650,0.0167,0.00,0.00,cast,Windup,3.60,-0.18,75,effect.braced,npc.ashen_hollow.kera_voss=0.00:idle;npc.ashen_hollow.renn_vale=0.00:idle;npc.ashen_hollow.sel_arien=0.00:idle;npc.ashen_hollow.tavar_orr=0.00:idle
6.667,0.0167,0.33,0.00,cast,Windup,3.60,-0.18,75,effect.braced,npc.ashen_hollow.kera_voss=0.00:idle;npc.ashen_hollow.renn_vale=0.00:idle;npc.ashen_hollow.sel_arien=0.00:idle;npc.ashen_hollow.tavar_orr=0.00:idle
6.683,0.0167,0.67,0.00,cast,Windup,3.60,-0.18,75,effect.braced,npc.ashen_hollow.kera_voss=0.00:idle;npc.ashen_hollow.renn_vale=0.00:idle;npc.ashen_hollow.sel_arien=0.00:idle;npc.ashen_hollow.tavar_orr=0.00:idle
6.700,0.0167,0.00,0.00,cast,Windup,3.60,-0.18,75,effect.braced,npc.ashen_hollow.kera_voss=0.00:idle;npc.ashen_hollow.renn_vale=0.00:idle;npc.ashen_hollow.sel_arien=0.00:idle;npc.ashen_hollow.tavar_orr=0.00:idle
6.717,0.0167,0.33,0.00,cast,Windup,3.60,-0.18,75,effect.braced,npc.ashen_hollow.kera_voss=0.00:idle;npc.ashen_hollow.renn_vale=0.00:idle;npc.ashen_hollow.sel_arien=0.00:idle;npc.ashen_hollow.tavar_orr=0.00:idle
6.733,0.0167,0.67,0.00,cast,Windup,3.60,-0.18,75,effect.braced,npc.ashen_hollow.kera_voss=0.00:idle;npc.ashen_hollow.renn_vale=0.00:idle;npc.ashen_hollow.sel_arien=0.00:idle;npc.ashen_hollow.tavar_orr=0.00:idle
6.750,0.0167,0.00,0.00,cast,Active,3.60,-0.18,75,effect.braced,npc.ashen_hollow.kera_voss=0.00:idle;npc.ashen_hollow.renn_vale=0.00:idle;npc.ashen_hollow.sel_arien=0.00:idle;npc.ashen_hollow.tavar_orr=0.00:idle
6.767,0.0167,0.33,0.00,cast,Active,3.60,-0.18,75,effect.braced,npc.ashen_hollow.kera_voss=0.00:idle;npc.ashen_hollow.renn_vale=0.00:idle;npc.ashen_hollow.sel_arien=0.00:idle;npc.ashen_hollow.tavar_orr=0.00:idle
6.783,0.0167,0.67,0.00,cast,Active,3.60,-0.18,75,effect.braced,npc.ashen_hollow.kera_voss=0.00:idle;npc.ashen_hollow.renn_vale=0.00:idle;npc.ashen_hollow.sel_arien=0.00:idle;npc.ashen_hollow.tavar_orr=0.00:idle
6.800,0.0167,0.00,0.00,cast,Recovery,3.60,-0.18,75,effect.braced,npc.ashen_hollow.kera_voss=0.00:idle;npc.ashen_hollow.renn_vale=0.00:idle;npc.ashen_hollow.sel_arien=0.00:idle;npc.ashen_hollow.tavar_orr=0.00:idle
6.817,0.0167,0.33,0.00,cast,Recovery,3.60,-0.18,75,effect.braced,npc.ashen_hollow.kera_voss=0.00:idle;npc.ashen_hollow.renn_vale=0.00:idle;npc.ashen_hollow.sel_arien=0.00:idle;npc.ashen_hollow.tavar_orr=0.00:idle
6.833,0.0167,0.67,0.00,cast,Recovery,3.60,-0.18,75,effect.braced,npc.ashen_hollow.kera_voss=0.00:idle;npc.ashen_hollow.renn_vale=0.00:idle;npc.ashen_hollow.sel_arien=0.00:idle;npc.ashen_hollow.tavar_orr=0.00:idle
6.850,0.0167,0.00,0.00,cast,Recovery,3.60,-0.18,75,effect.braced,npc.ashen_hollow.kera_voss=0.00:idle;npc.ashen_hollow.renn_vale=0.00:idle;npc.ashen_hollow.sel_arien=0.00:idle;npc.ashen_hollow.tavar_orr=0.00:idle
6.867,0.0167,0.33,0.00,cast,Recovery,3.60,-0.18,75,effect.braced,npc.ashen_hollow.kera_voss=0.00:idle;npc.ashen_hollow.renn_vale=0.00:idle;npc.ashen_hollow.sel_arien=0.00:idle;npc.ashen_hollow.tavar_orr=0.00:idle
6.883,0.0167,0.67,0.00,cast,Recovery,3.60,-0.18,75,effect.braced,npc.ashen_hollow.kera_voss=0.00:idle;npc.ashen_hollow.renn_vale=0.00:idle;npc.ashen_hollow.sel_arien=0.00:idle;npc.ashen_hollow.tavar_orr=0.00:idle
6.900,0.0167,0.00,0.00,cast,Recovery,3.60,-0.18,75,effect.braced,npc.ashen_hollow.kera_voss=0.00:idle;npc.ashen_hollow.renn_vale=0.00:idle;npc.ashen_hollow.sel_arien=0.00:idle;npc.ashen_hollow.tavar_orr=0.00:idle
6.917,0.0167,0.33,0.00,cast,Recovery,3.60,-0.18,75,effect.braced,npc.ashen_hollow.kera_voss=0.00:idle;npc.ashen_hollow.renn_vale=0.00:idle;npc.ashen_hollow.sel_arien=0.00:idle;npc.ashen_hollow.tavar_orr=0.00:idle
6.933,0.0167,0.67,0.00,cast,Recovery,3.60,-0.18,75,effect.braced,npc.ashen_hollow.kera_voss=0.00:idle;npc.ashen_hollow.renn_vale=0.00:idle;npc.ashen_hollow.sel_arien=0.00:idle;npc.ashen_hollow.tavar_orr=0.00:idle
6.950,0.0167,0.00,0.00,cast,Recovery,3.60,-0.18,75,effect.braced,npc.ashen_hollow.kera_voss=0.00:idle;npc.ashen_hollow.renn_vale=0.00:idle;npc.ashen_hollow.sel_arien=0.00:idle;npc.ashen_hollow.tavar_orr=0.00:idle
6.967,0.0167,0.33,0.00,cast,Recovery,3.60,-0.18,75,effect.braced,npc.ashen_hollow.kera_voss=0.00:idle;npc.ashen_hollow.renn_vale=0.00:idle;npc.ashen_hollow.sel_arien=0.00:idle;npc.ashen_hollow.tavar_orr=0.00:idle
6.983,0.0167,0.67,0.00,cast,Recovery,3.60,-0.18,75,effect.braced,npc.ashen_hollow.kera_voss=0.00:idle;npc.ashen_hollow.renn_vale=0.00:idle;npc.ashen_hollow.sel_arien=0.00:idle;npc.ashen_hollow.tavar_orr=0.00:idle
7.000,0.0167,0.00,0.00,cast,Recovery,3.60,-0.18,75,effect.braced,npc.ashen_hollow.kera_voss=0.00:idle;npc.ashen_hollow.renn_vale=0.00:idle;npc.ashen_hollow.sel_arien=0.00:idle;npc.ashen_hollow.tavar_orr=0.00:idle
7.017,0.0167,0.33,0.00,cast,Recovery,3.60,-0.18,75,effect.braced,npc.ashen_hollow.kera_voss=0.00:idle;npc.ashen_hollow.renn_vale=0.00:idle;npc.ashen_hollow.sel_arien=0.00:idle;npc.ashen_hollow.tavar_orr=0.00:idle
7.033,0.0167,0.67,0.00,cast,Recovery,3.60,-0.18,75,effect.braced,npc.ashen_hollow.kera_voss=0.00:idle;npc.ashen_hollow.renn_vale=0.00:idle;npc.ashen_hollow.sel_arien=0.00:idle;npc.ashen_hollow.tavar_orr=0.00:idle
7.050,0.0167,0.00,0.00,cast,Recovery,3.60,-0.18,75,effect.braced,npc.ashen_hollow.kera_voss=0.00:idle;npc.ashen_hollow.renn_vale=0.00:idle;npc.ashen_hollow.sel_arien=0.00:idle;npc.ashen_hollow.tavar_orr=0.00:idle
7.067,0.0167,0.33,0.00,cast,Recovery,3.60,-0.18,75,effect.braced,npc.ashen_hollow.kera_voss=0.00:idle;npc.ashen_hollow.renn_vale=0.00:idle;npc.ashen_hollow.sel_arien=0.00:idle;npc.ashen_hollow.tavar_orr=0.00:idle
7.083,0.0167,0.67,0.00,cast,Recovery,3.60,-0.18,75,effect.braced,npc.ashen_hollow.kera_voss=0.00:idle;npc.ashen_hollow.renn_vale=0.00:idle;npc.ashen_hollow.sel_arien=0.00:idle;npc.ashen_hollow.tavar_orr=0.00:idle
7.100,0.0167,0.00,0.00,spear_ready,Idle,3.60,-0.18,75,effect.braced,npc.ashen_hollow.kera_voss=0.00:idle;npc.ashen_hollow.renn_vale=0.00:idle;npc.ashen_hollow.sel_arien=0.00:idle;npc.ashen_hollow.tavar_orr=0.00:idle
7.117,0.0167,0.33,0.00,spear_ready,Idle,3.60,-0.18,75,effect.braced,npc.ashen_hollow.kera_voss=0.00:idle;npc.ashen_hollow.renn_vale=0.00:idle;npc.ashen_hollow.sel_arien=0.00:idle;npc.ashen_hollow.tavar_orr=0.00:idle
7.133,0.0167,0.67,0.00,spear_ready,Idle,3.60,-0.18,75,effect.braced,npc.ashen_hollow.kera_voss=0.00:idle;npc.ashen_hollow.renn_vale=0.00:idle;npc.ashen_hollow.sel_arien=0.00:idle;npc.ashen_hollow.tavar_orr=0.00:idle
7.150,0.0167,0.00,0.00,spear_ready,Idle,3.60,-0.18,75,effect.braced,npc.ashen_hollow.kera_voss=0.00:idle;npc.ashen_hollow.renn_vale=0.00:idle;npc.ashen_hollow.sel_arien=0.00:idle;npc.ashen_hollow.tavar_orr=0.00:idle
7.167,0.0167,0.33,0.00,spear_ready,Idle,3.60,-0.18,75,effect.braced,npc.ashen_hollow.kera_voss=0.00:idle;npc.ashen_hollow.renn_vale=0.00:idle;npc.ashen_hollow.sel_arien=0.00:idle;npc.ashen_hollow.tavar_orr=0.00:idle
7.183,0.0167,0.67,0.00,spear_ready,Idle,3.60,-0.18,75,effect.braced,npc.ashen_hollow.kera_voss=0.00:idle;npc.ashen_hollow.renn_vale=0.00:idle;npc.ashen_hollow.sel_arien=0.00:idle;npc.ashen_hollow.tavar_orr=0.00:idle
7.200,0.0167,0.00,0.00,spear_ready,Idle,3.60,-0.18,75,effect.braced,npc.ashen_hollow.kera_voss=0.00:idle;npc.ashen_hollow.renn_vale=0.00:idle;npc.ashen_hollow.sel_arien=0.00:idle;npc.ashen_hollow.tavar_orr=0.00:idle
7.217,0.0167,0.33,0.00,spear_ready,Idle,3.60,-0.18,75,effect.braced,npc.ashen_hollow.kera_voss=0.00:idle;npc.ashen_hollow.renn_vale=0.00:idle;npc.ashen_hollow.sel_arien=0.00:idle;npc.ashen_hollow.tavar_orr=0.00:idle
7.233,0.0167,0.67,0.00,spear_ready,Idle,3.60,-0.18,75,effect.braced,npc.ashen_hollow.kera_voss=0.00:idle;npc.ashen_hollow.renn_vale=0.00:idle;npc.ashen_hollow.sel_arien=0.00:idle;npc.ashen_hollow.tavar_orr=0.00:idle
7.250,0.0167,0.00,0.00,spear_ready,Idle,3.60,-0.18,75,effect.braced,npc.ashen_hollow.kera_voss=0.00:idle;npc.ashen_hollow.renn_vale=0.00:idle;npc.ashen_hollow.sel_arien=0.00:idle;npc.ashen_hollow.tavar_orr=0.00:idle
7.267,0.0167,0.33,0.00,spear_ready,Idle,3.60,-0.18,75,effect.braced,npc.ashen_hollow.kera_voss=0.00:idle;npc.ashen_hollow.renn_vale=0.00:idle;npc.ashen_hollow.sel_arien=0.00:idle;npc.ashen_hollow.tavar_orr=0.00:idle
7.283,0.0167,0.67,0.00,spear_ready,Idle,3.60,-0.18,75,effect.braced,npc.ashen_hollow.kera_voss=0.00:idle;npc.ashen_hollow.renn_vale=0.00:idle;npc.ashen_hollow.sel_arien=0.00:idle;npc.ashen_hollow.tavar_orr=0.00:idle
7.300,0.0167,0.00,0.00,spear_ready,Idle,3.60,-0.18,75,effect.braced,npc.ashen_hollow.kera_voss=0.00:idle;npc.ashen_hollow.renn_vale=0.00:idle;npc.ashen_hollow.sel_arien=0.00:idle;npc.ashen_hollow.tavar_orr=0.00:idle
7.317,0.0167,0.33,0.00,spear_ready,Idle,3.60,-0.18,75,effect.braced,npc.ashen_hollow.kera_voss=0.00:idle;npc.ashen_hollow.renn_vale=0.00:idle;npc.ashen_hollow.sel_arien=0.00:idle;npc.ashen_hollow.tavar_orr=0.00:idle
7.333,0.0167,0.67,0.00,spear_ready,Idle,3.60,-0.18,75,effect.braced,npc.ashen_hollow.kera_voss=0.00:idle;npc.ashen_hollow.renn_vale=0.00:idle;npc.ashen_hollow.sel_arien=0.00:idle;npc.ashen_hollow.tavar_orr=0.00:idle
7.350,0.0167,0.00,0.00,spear_ready,Idle,3.60,-0.18,75,effect.braced,npc.ashen_hollow.kera_voss=0.00:idle;npc.ashen_hollow.renn_vale=0.00:idle;npc.ashen_hollow.sel_arien=0.00:idle;npc.ashen_hollow.tavar_orr=0.00:idle
7.367,0.0167,0.33,0.00,spear_ready,Idle,3.60,-0.18,75,effect.braced,npc.ashen_hollow.kera_voss=0.00:idle;npc.ashen_hollow.renn_vale=0.00:idle;npc.ashen_hollow.sel_arien=0.00:idle;npc.ashen_hollow.tavar_orr=0.00:idle
7.383,0.0167,0.67,0.00,spear_ready,Idle,3.60,-0.18,75,effect.braced,npc.ashen_hollow.kera_voss=0.00:idle;npc.ashen_hollow.renn_vale=0.00:idle;npc.ashen_hollow.sel_arien=0.00:idle;npc.ashen_hollow.tavar_orr=0.00:idle
7.400,0.0167,0.00,0.00,spear_ready,Idle,3.60,-0.18,75,effect.braced,npc.ashen_hollow.kera_voss=0.00:idle;npc.ashen_hollow.renn_vale=0.00:idle;npc.ashen_hollow.sel_arien=0.00:idle;npc.ashen_hollow.tavar_orr=0.00:idle
7.417,0.0167,0.33,0.00,spear_ready,Idle,3.60,-0.18,75,effect.braced,npc.ashen_hollow.kera_voss=0.00:idle;npc.ashen_hollow.renn_vale=0.00:idle;npc.ashen_hollow.sel_arien=0.00:idle;npc.ashen_hollow.tavar_orr=0.00:idle
7.433,0.0167,0.67,0.00,spear_ready,Idle,3.60,-0.18,75,effect.braced,npc.ashen_hollow.kera_voss=0.00:idle;npc.ashen_hollow.renn_vale=0.00:idle;npc.ashen_hollow.sel_arien=0.00:idle;npc.ashen_hollow.tavar_orr=0.00:idle
7.450,0.0167,0.00,0.00,spear_ready,Idle,3.60,-0.18,75,effect.braced,npc.ashen_hollow.kera_voss=0.00:idle;npc.ashen_hollow.renn_vale=0.00:idle;npc.ashen_hollow.sel_arien=0.00:idle;npc.ashen_hollow.tavar_orr=0.00:idle
7.467,0.0167,0.33,0.00,spear_ready,Idle,3.60,-0.18,75,effect.braced,npc.ashen_hollow.kera_voss=0.00:idle;npc.ashen_hollow.renn_vale=0.00:idle;npc.ashen_hollow.sel_arien=0.00:idle;npc.ashen_hollow.tavar_orr=0.00:idle
7.483,0.0167,0.67,0.00,spear_ready,Idle,3.60,-0.18,75,effect.braced,npc.ashen_hollow.kera_voss=0.00:idle;npc.ashen_hollow.renn_vale=0.00:idle;npc.ashen_hollow.sel_arien=0.00:idle;npc.ashen_hollow.tavar_orr=0.00:idle
7.500,0.0167,0.00,0.00,spear_ready,Idle,3.60,-0.18,75,effect.braced,npc.ashen_hollow.kera_voss=0.00:idle;npc.ashen_hollow.renn_vale=0.00:idle;npc.ashen_hollow.sel_arien=0.00:idle;npc.ashen_hollow.tavar_orr=0.00:idle
7.517,0.0167,0.33,0.00,spear_ready,Idle,3.60,-0.18,75,effect.braced,npc.ashen_hollow.kera_voss=0.00:idle;npc.ashen_hollow.renn_vale=0.00:idle;npc.ashen_hollow.sel_arien=0.00:idle;npc.ashen_hollow.tavar_orr=0.00:idle
7.533,0.0167,0.67,0.00,spear_ready,Idle,3.60,-0.18,75,effect.braced,npc.ashen_hollow.kera_voss=0.00:idle;npc.ashen_hollow.renn_vale=0.00:idle;npc.ashen_hollow.sel_arien=0.00:idle;npc.ashen_hollow.tavar_orr=0.00:idle
7.550,0.0167,0.00,0.00,spear_ready,Idle,3.60,-0.18,75,effect.braced,npc.ashen_hollow.kera_voss=0.00:idle;npc.ashen_hollow.renn_vale=0.00:idle;npc.ashen_hollow.sel_arien=0.00:idle;npc.ashen_hollow.tavar_orr=0.00:idle
7.567,0.0167,0.33,0.00,spear_ready,Idle,3.60,-0.18,75,effect.braced,npc.ashen_hollow.kera_voss=0.00:idle;npc.ashen_hollow.renn_vale=0.00:idle;npc.ashen_hollow.sel_arien=0.00:idle;npc.ashen_hollow.tavar_orr=0.00:idle
7.583,0.0167,0.67,0.00,spear_ready,Idle,3.60,-0.18,75,effect.braced,npc.ashen_hollow.kera_voss=0.00:idle;npc.ashen_hollow.renn_vale=0.00:idle;npc.ashen_hollow.sel_arien=0.00:idle;npc.ashen_hollow.tavar_orr=0.00:idle
7.600,0.0167,0.00,0.00,spear_ready,Idle,3.60,-0.18,75,effect.braced,npc.ashen_hollow.kera_voss=0.00:idle;npc.ashen_hollow.renn_vale=0.00:idle;npc.ashen_hollow.sel_arien=0.00:idle;npc.ashen_hollow.tavar_orr=0.00:idle
7.617,0.0167,0.33,0.00,spear_ready,Idle,3.60,-0.18,75,effect.braced,npc.ashen_hollow.kera_voss=0.00:idle;npc.ashen_hollow.renn_vale=0.00:idle;npc.ashen_hollow.sel_arien=0.00:idle;npc.ashen_hollow.tavar_orr=0.00:idle
7.633,0.0167,0.67,0.00,spear_ready,Idle,3.60,-0.18,75,effect.braced,npc.ashen_hollow.kera_voss=0.00:idle;npc.ashen_hollow.renn_vale=0.00:idle;npc.ashen_hollow.sel_arien=0.00:idle;npc.ashen_hollow.tavar_orr=0.00:idle
7.650,0.0167,0.00,0.00,spear_ready,Idle,3.60,-0.18,75,effect.braced,npc.ashen_hollow.kera_voss=0.00:idle;npc.ashen_hollow.renn_vale=0.00:idle;npc.ashen_hollow.sel_arien=0.00:idle;npc.ashen_hollow.tavar_orr=0.00:idle
7.667,0.0167,0.33,0.00,spear_ready,Idle,3.60,-0.18,75,effect.braced,npc.ashen_hollow.kera_voss=0.00:idle;npc.ashen_hollow.renn_vale=0.00:idle;npc.ashen_hollow.sel_arien=0.00:idle;npc.ashen_hollow.tavar_orr=0.00:idle
7.683,0.0167,0.67,0.00,spear_ready,Idle,3.60,-0.18,75,effect.braced,npc.ashen_hollow.kera_voss=0.00:idle;npc.ashen_hollow.renn_vale=0.00:idle;npc.ashen_hollow.sel_arien=0.00:idle;npc.ashen_hollow.tavar_orr=0.00:idle
7.700,0.0167,0.00,0.00,spear_ready,Idle,3.60,-0.18,75,effect.braced,npc.ashen_hollow.kera_voss=0.00:idle;npc.ashen_hollow.renn_vale=0.00:idle;npc.ashen_hollow.sel_arien=0.00:idle;npc.ashen_hollow.tavar_orr=0.00:idle
7.717,0.0167,0.33,0.00,spear_ready,Idle,3.60,-0.18,75,effect.braced,npc.ashen_hollow.kera_voss=0.00:idle;npc.ashen_hollow.renn_vale=0.00:idle;npc.ashen_hollow.sel_arien=0.00:idle;npc.ashen_hollow.tavar_orr=0.00:idle
7.733,0.0167,0.67,0.00,spear_ready,Idle,3.60,-0.18,75,effect.braced,npc.ashen_hollow.kera_voss=0.00:idle;npc.ashen_hollow.renn_vale=0.00:idle;npc.ashen_hollow.sel_arien=0.00:idle;npc.ashen_hollow.tavar_orr=0.00:idle
7.750,0.0167,0.00,0.00,spear_ready,Idle,3.60,-0.18,75,effect.braced,npc.ashen_hollow.kera_voss=0.00:idle;npc.ashen_hollow.renn_vale=0.00:idle;npc.ashen_hollow.sel_arien=0.00:idle;npc.ashen_hollow.tavar_orr=0.00:idle
7.767,0.0167,0.33,0.00,spear_ready,Idle,3.60,-0.18,75,effect.braced,npc.ashen_hollow.kera_voss=0.00:idle;npc.ashen_hollow.renn_vale=0.00:idle;npc.ashen_hollow.sel_arien=0.00:idle;npc.ashen_hollow.tavar_orr=0.00:idle
7.783,0.0167,0.67,0.00,spear_ready,Idle,3.60,-0.18,75,effect.braced,npc.ashen_hollow.kera_voss=0.00:idle;npc.ashen_hollow.renn_vale=0.00:idle;npc.ashen_hollow.sel_arien=0.00:idle;npc.ashen_hollow.tavar_orr=0.00:idle
7.800,0.0167,0.00,0.00,spear_ready,Idle,3.60,-0.18,75,effect.braced,npc.ashen_hollow.kera_voss=0.00:idle;npc.ashen_hollow.renn_vale=0.00:idle;npc.ashen_hollow.sel_arien=0.00:idle;npc.ashen_hollow.tavar_orr=0.00:idle
7.817,0.0167,0.33,0.00,spear_ready,Idle,3.60,-0.18,75,effect.braced,npc.ashen_hollow.kera_voss=0.00:idle;npc.ashen_hollow.renn_vale=0.00:idle;npc.ashen_hollow.sel_arien=0.00:idle;npc.ashen_hollow.tavar_orr=0.00:idle
7.833,0.0167,0.67,0.00,spear_ready,Idle,3.60,-0.18,75,effect.braced,npc.ashen_hollow.kera_voss=0.00:idle;npc.ashen_hollow.renn_vale=0.00:idle;npc.ashen_hollow.sel_arien=0.00:idle;npc.ashen_hollow.tavar_orr=0.00:idle
7.850,0.0167,0.00,0.00,spear_ready,Idle,3.60,-0.18,75,effect.braced,npc.ashen_hollow.kera_voss=0.00:idle;npc.ashen_hollow.renn_vale=0.00:idle;npc.ashen_hollow.sel_arien=0.00:idle;npc.ashen_hollow.tavar_orr=0.00:idle
7.867,0.0167,0.33,0.00,spear_ready,Idle,3.60,-0.18,75,effect.braced,npc.ashen_hollow.kera_voss=0.00:idle;npc.ashen_hollow.renn_vale=0.00:idle;npc.ashen_hollow.sel_arien=0.00:idle;npc.ashen_hollow.tavar_orr=0.00:idle
7.883,0.0167,0.67,0.00,spear_ready,Idle,3.60,-0.18,75,effect.braced,npc.ashen_hollow.kera_voss=0.00:idle;npc.ashen_hollow.renn_vale=0.00:idle;npc.ashen_hollow.sel_arien=0.00:idle;npc.ashen_hollow.tavar_orr=0.00:idle
7.900,0.0167,0.00,0.00,spear_ready,Idle,3.60,-0.18,75,effect.braced,npc.ashen_hollow.kera_voss=0.00:idle;npc.ashen_hollow.renn_vale=0.00:idle;npc.ashen_hollow.sel_arien=0.00:idle;npc.ashen_hollow.tavar_orr=0.00:idle
7.917,0.0167,0.33,0.00,spear_ready,Idle,3.60,-0.18,75,effect.braced,npc.ashen_hollow.kera_voss=0.00:idle;npc.ashen_hollow.renn_vale=0.00:idle;npc.ashen_hollow.sel_arien=0.00:idle;npc.ashen_hollow.tavar_orr=0.00:idle
7.933,0.0167,0.67,0.00,spear_ready,Idle,3.60,-0.18,75,effect.braced,npc.ashen_hollow.kera_voss=0.00:idle;npc.ashen_hollow.renn_vale=0.00:idle;npc.ashen_hollow.sel_arien=0.00:idle;npc.ashen_hollow.tavar_orr=0.00:idle
7.950,0.0167,0.00,0.00,spear_ready,Idle,3.60,-0.18,75,effect.braced,npc.ashen_hollow.kera_voss=0.00:idle;npc.ashen_hollow.renn_vale=0.00:idle;npc.ashen_hollow.sel_arien=0.00:idle;npc.ashen_hollow.tavar_orr=0.00:idle
7.967,0.0167,0.33,0.00,spear_ready,Idle,3.60,-0.18,75,effect.braced,npc.ashen_hollow.kera_voss=0.00:idle;npc.ashen_hollow.renn_vale=0.00:idle;npc.ashen_hollow.sel_arien=0.00:idle;npc.ashen_hollow.tavar_orr=0.00:idle
7.983,0.0167,0.67,0.00,spear_ready,Idle,3.60,-0.18,75,effect.braced,npc.ashen_hollow.kera_voss=0.00:idle;npc.ashen_hollow.renn_vale=0.00:idle;npc.ashen_hollow.sel_arien=0.00:idle;npc.ashen_hollow.tavar_orr=0.00:idle
8.000,0.0167,0.00,0.00,spear_ready,Idle,3.60,-0.18,75,effect.braced,npc.ashen_hollow.kera_voss=0.00:idle;npc.ashen_hollow.renn_vale=0.00:idle;npc.ashen_hollow.sel_arien=0.00:idle;npc.ashen_hollow.tavar_orr=0.00:idle
8.017,0.0167,0.33,0.00,spear_ready,Idle,3.60,-0.18,75,effect.braced,npc.ashen_hollow.kera_voss=0.00:idle;npc.ashen_hollow.renn_vale=0.00:idle;npc.ashen_hollow.sel_arien=0.00:idle;npc.ashen_hollow.tavar_orr=0.00:idle
8.033,0.0167,0.67,0.00,spear_ready,Idle,3.60,-0.18,75,effect.braced,npc.ashen_hollow.kera_voss=0.00:idle;npc.ashen_hollow.renn_vale=0.00:idle;npc.ashen_hollow.sel_arien=0.00:idle;npc.ashen_hollow.tavar_orr=0.00:idle
8.050,0.0167,0.00,0.00,spear_ready,Idle,3.60,-0.18,75,effect.braced,npc.ashen_hollow.kera_voss=0.00:idle;npc.ashen_hollow.renn_vale=0.00:idle;npc.ashen_hollow.sel_arien=0.00:idle;npc.ashen_hollow.tavar_orr=0.00:idle
8.067,0.0167,0.33,0.00,spear_ready,Idle,3.60,-0.18,75,effect.braced,npc.ashen_hollow.kera_voss=0.00:idle;npc.ashen_hollow.renn_vale=0.00:idle;npc.ashen_hollow.sel_arien=0.00:idle;npc.ashen_hollow.tavar_orr=0.00:idle
8.083,0.0167,0.67,0.00,spear_ready,Idle,3.60,-0.18,75,effect.braced,npc.ashen_hollow.kera_voss=0.00:idle;npc.ashen_hollow.renn_vale=0.00:idle;npc.ashen_hollow.sel_arien=0.00:idle;npc.ashen_hollow.tavar_orr=0.00:idle
8.100,0.0167,0.00,0.00,spear_ready,Idle,3.60,-0.18,75,effect.braced,npc.ashen_hollow.kera_voss=0.00:idle;npc.ashen_hollow.renn_vale=0.00:idle;npc.ashen_hollow.sel_arien=0.00:idle;npc.ashen_hollow.tavar_orr=0.00:idle
8.117,0.0167,0.33,0.00,spear_ready,Idle,3.60,-0.18,75,effect.braced,npc.ashen_hollow.kera_voss=0.00:idle;npc.ashen_hollow.renn_vale=0.00:idle;npc.ashen_hollow.sel_arien=0.00:idle;npc.ashen_hollow.tavar_orr=0.00:idle
8.133,0.0167,0.67,0.00,spear_ready,Idle,3.60,-0.18,75,effect.braced,npc.ashen_hollow.kera_voss=0.00:idle;npc.ashen_hollow.renn_vale=0.00:idle;npc.ashen_hollow.sel_arien=0.00:idle;npc.ashen_hollow.tavar_orr=0.00:idle
8.150,0.0167,0.00,0.00,spear_ready,Idle,3.60,-0.18,75,effect.braced,npc.ashen_hollow.kera_voss=0.00:idle;npc.ashen_hollow.renn_vale=0.00:idle;npc.ashen_hollow.sel_arien=0.00:idle;npc.ashen_hollow.tavar_orr=0.00:idle
8.167,0.0167,0.33,0.00,spear_ready,Idle,3.60,-0.18,75,effect.braced,npc.ashen_hollow.kera_voss=0.00:idle;npc.ashen_hollow.renn_vale=0.00:idle;npc.ashen_hollow.sel_arien=0.00:idle;npc.ashen_hollow.tavar_orr=0.00:idle
8.183,0.0167,0.67,0.00,spear_ready,Idle,3.60,-0.18,75,effect.braced,npc.ashen_hollow.kera_voss=0.00:idle;npc.ashen_hollow.renn_vale=0.00:idle;npc.ashen_hollow.sel_arien=0.00:idle;npc.ashen_hollow.tavar_orr=0.00:idle
8.200,0.0167,0.00,0.00,spear_ready,Idle,3.60,-0.18,75,effect.braced,npc.ashen_hollow.kera_voss=0.00:idle;npc.ashen_hollow.renn_vale=0.00:idle;npc.ashen_hollow.sel_arien=0.00:idle;npc.ashen_hollow.tavar_orr=0.00:idle
8.217,0.0167,0.33,0.00,spear_ready,Idle,3.60,-0.18,75,effect.braced,npc.ashen_hollow.kera_voss=0.00:idle;npc.ashen_hollow.renn_vale=0.00:idle;npc.ashen_hollow.sel_arien=0.00:idle;npc.ashen_hollow.tavar_orr=0.00:idle
8.233,0.0167,0.67,0.00,spear_ready,Idle,3.60,-0.18,75,effect.braced,npc.ashen_hollow.kera_voss=0.00:idle;npc.ashen_hollow.renn_vale=0.00:idle;npc.ashen_hollow.sel_arien=0.00:idle;npc.ashen_hollow.tavar_orr=0.00:idle
8.250,0.0167,0.00,0.00,spear_ready,Idle,3.60,-0.18,75,effect.braced,npc.ashen_hollow.kera_voss=0.00:idle;npc.ashen_hollow.renn_vale=0.00:idle;npc.ashen_hollow.sel_arien=0.00:idle;npc.ashen_hollow.tavar_orr=0.00:idle
8.267,0.0167,0.33,0.00,spear_ready,Idle,3.60,-0.18,75,effect.braced,npc.ashen_hollow.kera_voss=0.00:idle;npc.ashen_hollow.renn_vale=0.00:idle;npc.ashen_hollow.sel_arien=0.00:idle;npc.ashen_hollow.tavar_orr=0.00:idle
8.283,0.0167,0.67,0.00,spear_ready,Idle,3.60,-0.18,75,effect.braced,npc.ashen_hollow.kera_voss=0.00:idle;npc.ashen_hollow.renn_vale=0.00:idle;npc.ashen_hollow.sel_arien=0.00:idle;npc.ashen_hollow.tavar_orr=0.00:idle
8.300,0.0167,0.00,0.00,spear_ready,Idle,3.60,-0.18,75,effect.braced,npc.ashen_hollow.kera_voss=0.00:idle;npc.ashen_hollow.renn_vale=0.00:idle;npc.ashen_hollow.sel_arien=0.00:idle;npc.ashen_hollow.tavar_orr=0.00:idle
8.317,0.0167,0.33,0.00,spear_ready,Idle,3.60,-0.18,75,effect.braced,npc.ashen_hollow.kera_voss=0.00:idle;npc.ashen_hollow.renn_vale=0.00:idle;npc.ashen_hollow.sel_arien=0.00:idle;npc.ashen_hollow.tavar_orr=0.00:idle
8.333,0.0167,0.67,0.00,spear_ready,Idle,3.60,-0.18,75,effect.braced,npc.ashen_hollow.kera_voss=0.00:idle;npc.ashen_hollow.renn_vale=0.00:idle;npc.ashen_hollow.sel_arien=0.00:idle;npc.ashen_hollow.tavar_orr=0.00:idle
8.350,0.0167,0.00,0.00,spear_ready,Idle,3.60,-0.18,75,effect.braced,npc.ashen_hollow.kera_voss=0.00:idle;npc.ashen_hollow.renn_vale=0.00:idle;npc.ashen_hollow.sel_arien=0.00:idle;npc.ashen_hollow.tavar_orr=0.00:idle
8.367,0.0167,0.33,0.00,spear_ready,Idle,3.60,-0.18,75,effect.braced,npc.ashen_hollow.kera_voss=0.00:idle;npc.ashen_hollow.renn_vale=0.00:idle;npc.ashen_hollow.sel_arien=0.00:idle;npc.ashen_hollow.tavar_orr=0.00:idle
8.383,0.0167,0.67,0.00,spear_ready,Idle,3.60,-0.18,75,effect.braced,npc.ashen_hollow.kera_voss=0.00:idle;npc.ashen_hollow.renn_vale=0.00:idle;npc.ashen_hollow.sel_arien=0.00:idle;npc.ashen_hollow.tavar_orr=0.00:idle
8.400,0.0167,0.00,0.00,spear_ready,Idle,3.60,-0.18,75,effect.braced,npc.ashen_hollow.kera_voss=0.00:idle;npc.ashen_hollow.renn_vale=0.00:idle;npc.ashen_hollow.sel_arien=0.00:idle;npc.ashen_hollow.tavar_orr=0.00:idle
8.417,0.0167,0.33,0.00,spear_ready,Idle,3.60,-0.18,75,effect.braced,npc.ashen_hollow.kera_voss=0.00:idle;npc.ashen_hollow.renn_vale=0.00:idle;npc.ashen_hollow.sel_arien=0.00:idle;npc.ashen_hollow.tavar_orr=0.00:idle
8.433,0.0167,0.67,0.00,spear_ready,Idle,3.60,-0.18,75,effect.braced,npc.ashen_hollow.kera_voss=0.00:idle;npc.ashen_hollow.renn_vale=0.00:idle;npc.ashen_hollow.sel_arien=0.00:idle;npc.ashen_hollow.tavar_orr=0.00:idle
8.450,0.0167,0.00,0.00,spear_ready,Idle,3.60,-0.18,75,effect.braced,npc.ashen_hollow.kera_voss=0.00:idle;npc.ashen_hollow.renn_vale=0.00:idle;npc.ashen_hollow.sel_arien=0.00:idle;npc.ashen_hollow.tavar_orr=0.00:idle
8.467,0.0167,0.33,0.00,spear_ready,Idle,3.60,-0.18,75,effect.braced,npc.ashen_hollow.kera_voss=0.00:idle;npc.ashen_hollow.renn_vale=0.00:idle;npc.ashen_hollow.sel_arien=0.00:idle;npc.ashen_hollow.tavar_orr=0.00:idle
8.483,0.0167,0.67,0.00,spear_ready,Idle,3.60,-0.18,75,effect.braced,npc.ashen_hollow.kera_voss=0.00:idle;npc.ashen_hollow.renn_vale=0.00:idle;npc.ashen_hollow.sel_arien=0.00:idle;npc.ashen_hollow.tavar_orr=0.00:idle
8.500,0.0167,0.00,0.00,spear_ready,Idle,3.60,-0.18,75,effect.braced,npc.ashen_hollow.kera_voss=0.00:idle;npc.ashen_hollow.renn_vale=0.00:idle;npc.ashen_hollow.sel_arien=0.00:idle;npc.ashen_hollow.tavar_orr=0.00:idle
8.517,0.0167,0.33,0.00,spear_ready,Idle,3.60,-0.18,75,effect.braced,npc.ashen_hollow.kera_voss=0.00:idle;npc.ashen_hollow.renn_vale=0.00:idle;npc.ashen_hollow.sel_arien=0.00:idle;npc.ashen_hollow.tavar_orr=0.00:idle
8.533,0.0167,0.67,0.00,spear_ready,Idle,3.60,-0.18,75,effect.braced,npc.ashen_hollow.kera_voss=0.00:idle;npc.ashen_hollow.renn_vale=0.00:idle;npc.ashen_hollow.sel_arien=0.00:idle;npc.ashen_hollow.tavar_orr=0.00:idle
8.550,0.0167,0.00,0.00,spear_ready,Idle,3.60,-0.18,75,effect.braced,npc.ashen_hollow.kera_voss=0.00:idle;npc.ashen_hollow.renn_vale=0.00:idle;npc.ashen_hollow.sel_arien=0.00:idle;npc.ashen_hollow.tavar_orr=0.00:idle
8.567,0.0167,0.33,0.00,spear_ready,Idle,3.60,-0.18,75,effect.braced,npc.ashen_hollow.kera_voss=0.00:idle;npc.ashen_hollow.renn_vale=0.00:idle;npc.ashen_hollow.sel_arien=0.00:idle;npc.ashen_hollow.tavar_orr=0.00:idle
8.583,0.0167,0.67,0.00,spear_ready,Idle,3.60,-0.18,75,effect.braced,npc.ashen_hollow.kera_voss=0.00:idle;npc.ashen_hollow.renn_vale=0.00:idle;npc.ashen_hollow.sel_arien=0.00:idle;npc.ashen_hollow.tavar_orr=0.00:idle
8.600,0.0167,0.00,0.00,spear_ready,Idle,3.60,-0.18,75,effect.braced,npc.ashen_hollow.kera_voss=0.00:idle;npc.ashen_hollow.renn_vale=0.00:idle;npc.ashen_hollow.sel_arien=0.00:idle;npc.ashen_hollow.tavar_orr=0.00:idle
8.617,0.0167,0.33,0.00,spear_ready,Idle,3.60,-0.18,75,effect.braced,npc.ashen_hollow.kera_voss=0.00:idle;npc.ashen_hollow.renn_vale=0.00:idle;npc.ashen_hollow.sel_arien=0.00:idle;npc.ashen_hollow.tavar_orr=0.00:idle
8.633,0.0167,0.67,0.00,spear_ready,Idle,3.60,-0.18,75,effect.braced,npc.ashen_hollow.kera_voss=0.00:idle;npc.ashen_hollow.renn_vale=0.00:idle;npc.ashen_hollow.sel_arien=0.00:idle;npc.ashen_hollow.tavar_orr=0.00:idle
8.650,0.0167,0.00,0.00,spear_ready,Idle,3.60,-0.18,75,effect.braced,npc.ashen_hollow.kera_voss=0.00:idle;npc.ashen_hollow.renn_vale=0.00:idle;npc.ashen_hollow.sel_arien=0.00:idle;npc.ashen_hollow.tavar_orr=0.00:idle
8.667,0.0167,0.33,0.00,spear_ready,Idle,3.60,-0.18,75,effect.braced,npc.ashen_hollow.kera_voss=0.00:idle;npc.ashen_hollow.renn_vale=0.00:idle;npc.ashen_hollow.sel_arien=0.00:idle;npc.ashen_hollow.tavar_orr=0.00:idle
8.683,0.0167,0.67,0.00,spear_ready,Idle,3.60,-0.18,75,effect.braced,npc.ashen_hollow.kera_voss=0.00:idle;npc.ashen_hollow.renn_vale=0.00:idle;npc.ashen_hollow.sel_arien=0.00:idle;npc.ashen_hollow.tavar_orr=0.00:idle
8.700,0.0167,0.00,0.00,spear_ready,Idle,3.60,-0.18,75,effect.braced,npc.ashen_hollow.kera_voss=0.00:idle;npc.ashen_hollow.renn_vale=0.00:idle;npc.ashen_hollow.sel_arien=0.00:idle;npc.ashen_hollow.tavar_orr=0.00:idle
8.717,0.0167,0.33,0.00,spear_ready,Idle,3.60,-0.18,75,effect.braced,npc.ashen_hollow.kera_voss=0.00:idle;npc.ashen_hollow.renn_vale=0.00:idle;npc.ashen_hollow.sel_arien=0.00:idle;npc.ashen_hollow.tavar_orr=0.00:idle
8.733,0.0167,0.67,0.00,spear_ready,Idle,3.60,-0.18,75,effect.braced,npc.ashen_hollow.kera_voss=0.00:idle;npc.ashen_hollow.renn_vale=0.00:idle;npc.ashen_hollow.sel_arien=0.00:idle;npc.ashen_hollow.tavar_orr=0.00:idle
8.750,0.0167,0.00,0.00,spear_ready,Idle,3.60,-0.18,75,effect.braced,npc.ashen_hollow.kera_voss=0.00:idle;npc.ashen_hollow.renn_vale=0.00:idle;npc.ashen_hollow.sel_arien=0.00:idle;npc.ashen_hollow.tavar_orr=0.00:idle
8.767,0.0167,0.33,0.00,spear_ready,Idle,3.60,-0.18,75,effect.braced,npc.ashen_hollow.kera_voss=0.00:idle;npc.ashen_hollow.renn_vale=0.00:idle;npc.ashen_hollow.sel_arien=0.00:idle;npc.ashen_hollow.tavar_orr=0.00:idle
8.783,0.0167,0.67,0.00,spear_ready,Idle,3.60,-0.18,75,effect.braced,npc.ashen_hollow.kera_voss=0.00:idle;npc.ashen_hollow.renn_vale=0.00:idle;npc.ashen_hollow.sel_arien=0.00:idle;npc.ashen_hollow.tavar_orr=0.00:idle
8.800,0.0167,0.00,0.00,spear_ready,Idle,3.60,-0.18,75,effect.braced,npc.ashen_hollow.kera_voss=0.00:idle;npc.ashen_hollow.renn_vale=0.00:idle;npc.ashen_hollow.sel_arien=0.00:idle;npc.ashen_hollow.tavar_orr=0.00:idle
8.817,0.0167,0.33,0.00,spear_ready,Idle,3.60,-0.18,75,effect.braced,npc.ashen_hollow.kera_voss=0.00:idle;npc.ashen_hollow.renn_vale=0.00:idle;npc.ashen_hollow.sel_arien=0.00:idle;npc.ashen_hollow.tavar_orr=0.00:idle
8.833,0.0167,0.67,0.00,spear_ready,Idle,3.60,-0.18,75,effect.braced,npc.ashen_hollow.kera_voss=0.00:idle;npc.ashen_hollow.renn_vale=0.00:idle;npc.ashen_hollow.sel_arien=0.00:idle;npc.ashen_hollow.tavar_orr=0.00:idle
8.850,0.0167,0.00,0.00,spear_ready,Idle,3.60,-0.18,75,effect.braced,npc.ashen_hollow.kera_voss=0.00:idle;npc.ashen_hollow.renn_vale=0.00:idle;npc.ashen_hollow.sel_arien=0.00:idle;npc.ashen_hollow.tavar_orr=0.00:idle
8.867,0.0167,0.33,0.00,spear_ready,Idle,3.60,-0.18,75,effect.braced,npc.ashen_hollow.kera_voss=0.00:idle;npc.ashen_hollow.renn_vale=0.00:idle;npc.ashen_hollow.sel_arien=0.00:idle;npc.ashen_hollow.tavar_orr=0.00:idle
8.883,0.0167,0.67,0.00,spear_ready,Idle,3.60,-0.18,75,effect.braced,npc.ashen_hollow.kera_voss=0.00:idle;npc.ashen_hollow.renn_vale=0.00:idle;npc.ashen_hollow.sel_arien=0.00:idle;npc.ashen_hollow.tavar_orr=0.00:idle
8.900,0.0167,0.00,0.00,spear_ready,Idle,3.60,-0.18,75,effect.braced,npc.ashen_hollow.kera_voss=0.00:idle;npc.ashen_hollow.renn_vale=0.00:idle;npc.ashen_hollow.sel_arien=0.00:idle;npc.ashen_hollow.tavar_orr=0.00:idle
8.917,0.0167,0.33,0.00,spear_ready,Idle,3.60,-0.18,75,effect.braced,npc.ashen_hollow.kera_voss=0.00:idle;npc.ashen_hollow.renn_vale=0.00:idle;npc.ashen_hollow.sel_arien=0.00:idle;npc.ashen_hollow.tavar_orr=0.00:idle
8.933,0.0167,0.67,0.00,spear_ready,Idle,3.60,-0.18,75,effect.braced,npc.ashen_hollow.kera_voss=0.00:idle;npc.ashen_hollow.renn_vale=0.00:idle;npc.ashen_hollow.sel_arien=0.00:idle;npc.ashen_hollow.tavar_orr=0.00:idle
8.950,0.0167,0.00,0.00,spear_ready,Idle,3.60,-0.18,75,effect.braced,npc.ashen_hollow.kera_voss=0.00:idle;npc.ashen_hollow.renn_vale=0.00:idle;npc.ashen_hollow.sel_arien=0.00:idle;npc.ashen_hollow.tavar_orr=0.00:idle
8.967,0.0167,0.33,0.00,spear_ready,Idle,3.60,-0.18,75,effect.braced,npc.ashen_hollow.kera_voss=0.00:idle;npc.ashen_hollow.renn_vale=0.00:idle;npc.ashen_hollow.sel_arien=0.00:idle;npc.ashen_hollow.tavar_orr=0.00:idle
8.983,0.0167,0.67,0.00,spear_ready,Idle,3.60,-0.18,75,effect.braced,npc.ashen_hollow.kera_voss=0.00:idle;npc.ashen_hollow.renn_vale=0.00:idle;npc.ashen_hollow.sel_arien=0.00:idle;npc.ashen_hollow.tavar_orr=0.00:idle
9.000,0.0167,0.00,0.00,spear_ready,Idle,3.60,-0.18,75,effect.braced,npc.ashen_hollow.kera_voss=0.00:idle;npc.ashen_hollow.renn_vale=0.00:idle;npc.ashen_hollow.sel_arien=0.00:idle;npc.ashen_hollow.tavar_orr=0.00:idle
9.017,0.0167,0.33,0.00,spear_ready,Idle,3.60,-0.18,75,effect.braced,npc.ashen_hollow.kera_voss=0.00:idle;npc.ashen_hollow.renn_vale=0.00:idle;npc.ashen_hollow.sel_arien=0.00:idle;npc.ashen_hollow.tavar_orr=0.00:idle
9.033,0.0167,0.67,0.00,spear_ready,Idle,3.60,-0.18,75,effect.braced,npc.ashen_hollow.kera_voss=0.00:idle;npc.ashen_hollow.renn_vale=0.00:idle;npc.ashen_hollow.sel_arien=0.00:idle;npc.ashen_hollow.tavar_orr=0.00:idle
9.050,0.0167,0.00,0.00,spear_ready,Idle,3.60,-0.18,75,effect.braced,npc.ashen_hollow.kera_voss=0.00:idle;npc.ashen_hollow.renn_vale=0.00:idle;npc.ashen_hollow.sel_arien=0.00:idle;npc.ashen_hollow.tavar_orr=0.00:idle
9.067,0.0167,0.33,0.00,spear_ready,Idle,3.60,-0.18,75,effect.braced,npc.ashen_hollow.kera_voss=0.00:idle;npc.ashen_hollow.renn_vale=0.00:idle;npc.ashen_hollow.sel_arien=0.00:idle;npc.ashen_hollow.tavar_orr=0.00:idle
9.083,0.0167,0.67,0.00,spear_ready,Idle,3.60,-0.18,75,effect.braced,npc.ashen_hollow.kera_voss=0.00:idle;npc.ashen_hollow.renn_vale=0.00:idle;npc.ashen_hollow.sel_arien=0.00:idle;npc.ashen_hollow.tavar_orr=0.00:idle
9.100,0.0167,0.00,0.00,spear_ready,Idle,3.60,-0.18,75,effect.braced,npc.ashen_hollow.kera_voss=0.00:idle;npc.ashen_hollow.renn_vale=0.00:idle;npc.ashen_hollow.sel_arien=0.00:idle;npc.ashen_hollow.tavar_orr=0.00:idle
9.117,0.0167,0.33,0.00,spear_ready,Idle,3.60,-0.18,75,effect.braced,npc.ashen_hollow.kera_voss=0.00:idle;npc.ashen_hollow.renn_vale=0.00:idle;npc.ashen_hollow.sel_arien=0.00:idle;npc.ashen_hollow.tavar_orr=0.00:idle
9.133,0.0167,0.67,0.00,spear_ready,Idle,3.60,-0.18,75,effect.braced,npc.ashen_hollow.kera_voss=0.00:idle;npc.ashen_hollow.renn_vale=0.00:idle;npc.ashen_hollow.sel_arien=0.00:idle;npc.ashen_hollow.tavar_orr=0.00:idle
9.150,0.0167,0.00,0.00,spear_ready,Idle,3.60,-0.18,75,effect.braced,npc.ashen_hollow.kera_voss=0.00:idle;npc.ashen_hollow.renn_vale=0.00:idle;npc.ashen_hollow.sel_arien=0.00:idle;npc.ashen_hollow.tavar_orr=0.00:idle
9.167,0.0167,0.33,0.00,spear_ready,Idle,3.60,-0.18,75,effect.braced,npc.ashen_hollow.kera_voss=0.00:idle;npc.ashen_hollow.renn_vale=0.00:idle;npc.ashen_hollow.sel_arien=0.00:idle;npc.ashen_hollow.tavar_orr=0.00:idle
9.183,0.0167,0.67,0.00,spear_ready,Idle,3.60,-0.18,75,effect.braced,npc.ashen_hollow.kera_voss=0.00:idle;npc.ashen_hollow.renn_vale=0.00:idle;npc.ashen_hollow.sel_arien=0.00:idle;npc.ashen_hollow.tavar_orr=0.00:idle
9.200,0.0167,0.00,0.00,spear_ready,Idle,3.60,-0.18,75,effect.braced,npc.ashen_hollow.kera_voss=0.00:idle;npc.ashen_hollow.renn_vale=0.00:idle;npc.ashen_hollow.sel_arien=0.00:idle;npc.ashen_hollow.tavar_orr=0.00:idle
9.217,0.0167,0.33,0.00,spear_ready,Idle,3.60,-0.18,75,effect.braced,npc.ashen_hollow.kera_voss=0.00:idle;npc.ashen_hollow.renn_vale=0.00:idle;npc.ashen_hollow.sel_arien=0.00:idle;npc.ashen_hollow.tavar_orr=0.00:idle
9.233,0.0167,0.67,0.00,spear_ready,Idle,3.60,-0.18,75,effect.braced,npc.ashen_hollow.kera_voss=0.00:idle;npc.ashen_hollow.renn_vale=0.00:idle;npc.ashen_hollow.sel_arien=0.00:idle;npc.ashen_hollow.tavar_orr=0.00:idle
9.250,0.0167,0.00,0.00,spear_ready,Idle,3.60,-0.18,75,effect.braced,npc.ashen_hollow.kera_voss=0.00:idle;npc.ashen_hollow.renn_vale=0.00:idle;npc.ashen_hollow.sel_arien=0.00:idle;npc.ashen_hollow.tavar_orr=0.00:idle
9.267,0.0167,0.33,0.00,spear_ready,Idle,3.60,-0.18,75,effect.braced,npc.ashen_hollow.kera_voss=0.00:idle;npc.ashen_hollow.renn_vale=0.00:idle;npc.ashen_hollow.sel_arien=0.00:idle;npc.ashen_hollow.tavar_orr=0.00:idle
9.283,0.0167,0.67,0.00,spear_ready,Idle,3.60,-0.18,75,effect.braced,npc.ashen_hollow.kera_voss=0.00:idle;npc.ashen_hollow.renn_vale=0.00:idle;npc.ashen_hollow.sel_arien=0.00:idle;npc.ashen_hollow.tavar_orr=0.00:idle
9.300,0.0167,0.00,0.00,spear_ready,Idle,3.60,-0.18,75,effect.braced,npc.ashen_hollow.kera_voss=0.00:idle;npc.ashen_hollow.renn_vale=0.00:idle;npc.ashen_hollow.sel_arien=0.00:idle;npc.ashen_hollow.tavar_orr=0.00:idle
9.317,0.0167,0.33,0.00,spear_ready,Idle,3.60,-0.18,75,effect.braced,npc.ashen_hollow.kera_voss=0.00:idle;npc.ashen_hollow.renn_vale=0.00:idle;npc.ashen_hollow.sel_arien=0.00:idle;npc.ashen_hollow.tavar_orr=0.00:idle
9.333,0.0167,0.67,0.00,spear_ready,Idle,3.60,-0.18,75,effect.braced,npc.ashen_hollow.kera_voss=0.00:idle;npc.ashen_hollow.renn_vale=0.00:idle;npc.ashen_hollow.sel_arien=0.00:idle;npc.ashen_hollow.tavar_orr=0.00:idle
9.350,0.0167,0.00,0.00,spear_ready,Idle,3.60,-0.18,75,effect.braced,npc.ashen_hollow.kera_voss=0.00:idle;npc.ashen_hollow.renn_vale=0.00:idle;npc.ashen_hollow.sel_arien=0.00:idle;npc.ashen_hollow.tavar_orr=0.00:idle
9.367,0.0167,0.33,0.00,spear_ready,Idle,3.60,-0.18,75,effect.braced,npc.ashen_hollow.kera_voss=0.00:idle;npc.ashen_hollow.renn_vale=0.00:idle;npc.ashen_hollow.sel_arien=0.00:idle;npc.ashen_hollow.tavar_orr=0.00:idle
9.383,0.0167,0.67,0.00,spear_ready,Idle,3.60,-0.18,75,effect.braced,npc.ashen_hollow.kera_voss=0.00:idle;npc.ashen_hollow.renn_vale=0.00:idle;npc.ashen_hollow.sel_arien=0.00:idle;npc.ashen_hollow.tavar_orr=0.00:idle
9.400,0.0167,0.00,0.00,spear_ready,Idle,3.60,-0.18,75,effect.braced,npc.ashen_hollow.kera_voss=0.00:idle;npc.ashen_hollow.renn_vale=0.00:idle;npc.ashen_hollow.sel_arien=0.00:idle;npc.ashen_hollow.tavar_orr=0.00:idle
9.417,0.0167,0.33,0.00,spear_ready,Idle,3.60,-0.18,75,effect.braced,npc.ashen_hollow.kera_voss=0.00:idle;npc.ashen_hollow.renn_vale=0.00:idle;npc.ashen_hollow.sel_arien=0.00:idle;npc.ashen_hollow.tavar_orr=0.00:idle
9.433,0.0167,0.67,0.00,spear_ready,Idle,3.60,-0.18,75,effect.braced,npc.ashen_hollow.kera_voss=0.00:idle;npc.ashen_hollow.renn_vale=0.00:idle;npc.ashen_hollow.sel_arien=0.00:idle;npc.ashen_hollow.tavar_orr=0.00:idle
9.450,0.0167,0.00,0.00,spear_ready,Idle,3.60,-0.18,75,effect.braced,npc.ashen_hollow.kera_voss=0.00:idle;npc.ashen_hollow.renn_vale=0.00:idle;npc.ashen_hollow.sel_arien=0.00:idle;npc.ashen_hollow.tavar_orr=0.00:idle
9.467,0.0167,0.33,0.00,spear_ready,Idle,3.60,-0.18,75,effect.braced,npc.ashen_hollow.kera_voss=0.00:idle;npc.ashen_hollow.renn_vale=0.00:idle;npc.ashen_hollow.sel_arien=0.00:idle;npc.ashen_hollow.tavar_orr=0.00:idle
9.483,0.0167,0.67,0.00,spear_ready,Idle,3.60,-0.18,75,effect.braced,npc.ashen_hollow.kera_voss=0.00:idle;npc.ashen_hollow.renn_vale=0.00:idle;npc.ashen_hollow.sel_arien=0.00:idle;npc.ashen_hollow.tavar_orr=0.00:idle
9.500,0.0167,0.00,0.00,spear_ready,Idle,3.60,-0.18,75,effect.braced,npc.ashen_hollow.kera_voss=0.00:idle;npc.ashen_hollow.renn_vale=0.00:idle;npc.ashen_hollow.sel_arien=0.00:idle;npc.ashen_hollow.tavar_orr=0.00:idle
9.517,0.0167,0.33,0.00,spear_ready,Idle,3.60,-0.18,75,effect.braced,npc.ashen_hollow.kera_voss=0.00:idle;npc.ashen_hollow.renn_vale=0.00:idle;npc.ashen_hollow.sel_arien=0.00:idle;npc.ashen_hollow.tavar_orr=0.00:idle
9.533,0.0167,0.67,0.00,spear_ready,Idle,3.60,-0.18,75,effect.braced,npc.ashen_hollow.kera_voss=0.00:idle;npc.ashen_hollow.renn_vale=0.00:idle;npc.ashen_hollow.sel_arien=0.00:idle;npc.ashen_hollow.tavar_orr=0.00:idle
9.550,0.0167,0.00,0.00,spear_ready,Idle,3.60,-0.18,75,effect.braced,npc.ashen_hollow.kera_voss=0.00:idle;npc.ashen_hollow.renn_vale=0.00:idle;npc.ashen_hollow.sel_arien=0.00:idle;npc.ashen_hollow.tavar_orr=0.00:idle
9.567,0.0167,0.33,0.00,spear_ready,Idle,3.60,-0.18,75,effect.braced,npc.ashen_hollow.kera_voss=0.00:idle;npc.ashen_hollow.renn_vale=0.00:idle;npc.ashen_hollow.sel_arien=0.00:idle;npc.ashen_hollow.tavar_orr=0.00:idle
9.583,0.0167,0.67,0.00,spear_ready,Idle,3.60,-0.18,75,effect.braced,npc.ashen_hollow.kera_voss=0.00:idle;npc.ashen_hollow.renn_vale=0.00:idle;npc.ashen_hollow.sel_arien=0.00:idle;npc.ashen_hollow.tavar_orr=0.00:idle
9.600,0.0167,0.00,0.00,spear_ready,Idle,3.60,-0.18,75,effect.braced,npc.ashen_hollow.kera_voss=0.00:idle;npc.ashen_hollow.renn_vale=0.00:idle;npc.ashen_hollow.sel_arien=0.00:idle;npc.ashen_hollow.tavar_orr=0.00:idle
9.617,0.0167,0.33,0.00,spear_ready,Idle,3.60,-0.18,75,effect.braced,npc.ashen_hollow.kera_voss=0.00:idle;npc.ashen_hollow.renn_vale=0.00:idle;npc.ashen_hollow.sel_arien=0.00:idle;npc.ashen_hollow.tavar_orr=0.00:idle
9.633,0.0167,0.67,0.00,spear_ready,Idle,3.60,-0.18,75,effect.braced,npc.ashen_hollow.kera_voss=0.00:idle;npc.ashen_hollow.renn_vale=0.00:idle;npc.ashen_hollow.sel_arien=0.00:idle;npc.ashen_hollow.tavar_orr=0.00:idle
9.650,0.0167,0.00,0.00,spear_ready,Idle,3.60,-0.18,75,effect.braced,npc.ashen_hollow.kera_voss=0.00:idle;npc.ashen_hollow.renn_vale=0.00:idle;npc.ashen_hollow.sel_arien=0.00:idle;npc.ashen_hollow.tavar_orr=0.00:idle
9.667,0.0167,0.33,0.00,spear_ready,Idle,3.60,-0.18,75,effect.braced,npc.ashen_hollow.kera_voss=0.00:idle;npc.ashen_hollow.renn_vale=0.00:idle;npc.ashen_hollow.sel_arien=0.00:idle;npc.ashen_hollow.tavar_orr=0.00:idle
9.683,0.0167,0.67,0.00,spear_ready,Idle,3.60,-0.18,75,effect.braced,npc.ashen_hollow.kera_voss=0.00:idle;npc.ashen_hollow.renn_vale=0.00:idle;npc.ashen_hollow.sel_arien=0.00:idle;npc.ashen_hollow.tavar_orr=0.00:idle
9.700,0.0167,0.00,0.00,spear_ready,Idle,3.60,-0.18,75,effect.braced,npc.ashen_hollow.kera_voss=0.00:idle;npc.ashen_hollow.renn_vale=0.00:idle;npc.ashen_hollow.sel_arien=0.00:idle;npc.ashen_hollow.tavar_orr=0.00:idle
9.717,0.0167,0.33,0.00,spear_ready,Idle,3.60,-0.18,75,effect.braced,npc.ashen_hollow.kera_voss=0.00:idle;npc.ashen_hollow.renn_vale=0.00:idle;npc.ashen_hollow.sel_arien=0.00:idle;npc.ashen_hollow.tavar_orr=0.00:idle
9.733,0.0167,0.67,0.00,spear_ready,Idle,3.60,-0.18,75,effect.braced,npc.ashen_hollow.kera_voss=0.00:idle;npc.ashen_hollow.renn_vale=0.00:idle;npc.ashen_hollow.sel_arien=0.00:idle;npc.ashen_hollow.tavar_orr=0.00:idle
9.750,0.0167,0.00,0.00,spear_ready,Idle,3.60,-0.18,75,effect.braced,npc.ashen_hollow.kera_voss=0.00:idle;npc.ashen_hollow.renn_vale=0.00:idle;npc.ashen_hollow.sel_arien=0.00:idle;npc.ashen_hollow.tavar_orr=0.00:idle
9.767,0.0167,0.33,0.00,spear_ready,Idle,3.60,-0.18,75,effect.braced,npc.ashen_hollow.kera_voss=0.00:idle;npc.ashen_hollow.renn_vale=0.00:idle;npc.ashen_hollow.sel_arien=0.00:idle;npc.ashen_hollow.tavar_orr=0.00:idle
9.783,0.0167,0.67,0.00,spear_ready,Idle,3.60,-0.18,75,effect.braced,npc.ashen_hollow.kera_voss=0.00:idle;npc.ashen_hollow.renn_vale=0.00:idle;npc.ashen_hollow.sel_arien=0.00:idle;npc.ashen_hollow.tavar_orr=0.00:idle
9.800,0.0167,0.00,0.00,spear_ready,Idle,3.60,-0.18,75,effect.braced,npc.ashen_hollow.kera_voss=0.00:idle;npc.ashen_hollow.renn_vale=0.00:idle;npc.ashen_hollow.sel_arien=0.00:idle;npc.ashen_hollow.tavar_orr=0.00:idle
9.817,0.0167,0.33,0.00,spear_ready,Idle,3.60,-0.18,75,effect.braced,npc.ashen_hollow.kera_voss=0.00:idle;npc.ashen_hollow.renn_vale=0.00:idle;npc.ashen_hollow.sel_arien=0.00:idle;npc.ashen_hollow.tavar_orr=0.00:idle
9.833,0.0167,0.67,0.00,spear_ready,Idle,3.60,-0.18,75,effect.braced,npc.ashen_hollow.kera_voss=0.00:idle;npc.ashen_hollow.renn_vale=0.00:idle;npc.ashen_hollow.sel_arien=0.00:idle;npc.ashen_hollow.tavar_orr=0.00:idle
9.850,0.0167,0.00,0.00,spear_ready,Idle,3.60,-0.18,75,effect.braced,npc.ashen_hollow.kera_voss=0.00:idle;npc.ashen_hollow.renn_vale=0.00:idle;npc.ashen_hollow.sel_arien=0.00:idle;npc.ashen_hollow.tavar_orr=0.00:idle
9.867,0.0167,0.33,0.00,spear_ready,Idle,3.60,-0.18,75,effect.braced,npc.ashen_hollow.kera_voss=0.00:idle;npc.ashen_hollow.renn_vale=0.00:idle;npc.ashen_hollow.sel_arien=0.00:idle;npc.ashen_hollow.tavar_orr=0.00:idle
9.883,0.0167,0.67,0.00,spear_ready,Idle,3.60,-0.18,75,effect.braced,npc.ashen_hollow.kera_voss=0.00:idle;npc.ashen_hollow.renn_vale=0.00:idle;npc.ashen_hollow.sel_arien=0.00:idle;npc.ashen_hollow.tavar_orr=0.00:idle
9.900,0.0167,0.00,0.00,spear_ready,Idle,3.60,-0.18,75,effect.braced,npc.ashen_hollow.kera_voss=0.00:idle;npc.ashen_hollow.renn_vale=0.00:idle;npc.ashen_hollow.sel_arien=0.00:idle;npc.ashen_hollow.tavar_orr=0.00:idle
9.917,0.0167,0.33,0.00,spear_ready,Idle,3.60,-0.18,75,effect.braced,npc.ashen_hollow.kera_voss=0.00:idle;npc.ashen_hollow.renn_vale=0.00:idle;npc.ashen_hollow.sel_arien=0.00:idle;npc.ashen_hollow.tavar_orr=0.00:idle
9.933,0.0167,0.67,0.00,spear_ready,Idle,3.60,-0.18,75,effect.braced,npc.ashen_hollow.kera_voss=0.00:idle;npc.ashen_hollow.renn_vale=0.00:idle;npc.ashen_hollow.sel_arien=0.00:idle;npc.ashen_hollow.tavar_orr=0.00:idle
9.950,0.0167,0.00,0.00,spear_ready,Idle,3.60,-0.18,75,effect.braced,npc.ashen_hollow.kera_voss=0.00:idle;npc.ashen_hollow.renn_vale=0.00:idle;npc.ashen_hollow.sel_arien=0.00:idle;npc.ashen_hollow.tavar_orr=0.00:idle
9.967,0.0167,0.33,0.00,spear_ready,Idle,3.60,-0.18,75,effect.braced,npc.ashen_hollow.kera_voss=0.00:idle;npc.ashen_hollow.renn_vale=0.00:idle;npc.ashen_hollow.sel_arien=0.00:idle;npc.ashen_hollow.tavar_orr=0.00:idle
9.983,0.0167,0.67,0.00,spear_ready,Idle,3.60,-0.18,75,effect.braced,npc.ashen_hollow.kera_voss=0.00:idle;npc.ashen_hollow.renn_vale=0.00:idle;npc.ashen_hollow.sel_arien=0.00:idle;npc.ashen_hollow.tavar_orr=0.00:idle
10.000,0.0167,0.00,0.00,spear_ready,Idle,3.60,-0.18,75,effect.braced,npc.ashen_hollow.kera_voss=0.00:idle;npc.ashen_hollow.renn_vale=0.00:idle;npc.ashen_hollow.sel_arien=0.00:idle;npc.ashen_hollow.tavar_orr=0.00:idle
10.017,0.0167,0.33,0.00,spear_ready,Idle,3.60,-0.18,75,effect.braced,npc.ashen_hollow.kera_voss=0.00:idle;npc.ashen_hollow.renn_vale=0.00:idle;npc.ashen_hollow.sel_arien=0.00:idle;npc.ashen_hollow.tavar_orr=0.00:idle
10.033,0.0167,0.67,0.00,spear_ready,Idle,3.60,-0.18,75,effect.braced,npc.ashen_hollow.kera_voss=0.00:idle;npc.ashen_hollow.renn_vale=0.00:idle;npc.ashen_hollow.sel_arien=0.00:idle;npc.ashen_hollow.tavar_orr=0.00:idle
10.050,0.0167,0.00,0.00,spear_ready,Idle,3.60,-0.18,75,effect.braced,npc.ashen_hollow.kera_voss=0.00:idle;npc.ashen_hollow.renn_vale=0.00:idle;npc.ashen_hollow.sel_arien=0.00:idle;npc.ashen_hollow.tavar_orr=0.00:idle
10.067,0.0167,0.33,0.00,spear_ready,Idle,3.60,-0.18,75,effect.braced,npc.ashen_hollow.kera_voss=0.00:idle;npc.ashen_hollow.renn_vale=0.00:idle;npc.ashen_hollow.sel_arien=0.00:idle;npc.ashen_hollow.tavar_orr=0.00:idle
10.083,0.0167,0.67,0.00,spear_ready,Idle,3.60,-0.18,75,effect.braced,npc.ashen_hollow.kera_voss=0.00:idle;npc.ashen_hollow.renn_vale=0.00:idle;npc.ashen_hollow.sel_arien=0.00:idle;npc.ashen_hollow.tavar_orr=0.00:idle
10.100,0.0167,0.00,0.00,spear_ready,Idle,3.60,-0.18,75,effect.braced,npc.ashen_hollow.kera_voss=0.00:idle;npc.ashen_hollow.renn_vale=0.00:idle;npc.ashen_hollow.sel_arien=0.00:idle;npc.ashen_hollow.tavar_orr=0.00:idle
10.117,0.0167,0.33,0.00,spear_ready,Idle,3.60,-0.18,75,effect.braced,npc.ashen_hollow.kera_voss=0.00:idle;npc.ashen_hollow.renn_vale=0.00:idle;npc.ashen_hollow.sel_arien=0.00:idle;npc.ashen_hollow.tavar_orr=0.00:idle
10.133,0.0167,0.67,0.00,spear_ready,Idle,3.60,-0.18,75,effect.braced,npc.ashen_hollow.kera_voss=0.00:idle;npc.ashen_hollow.renn_vale=0.00:idle;npc.ashen_hollow.sel_arien=0.00:idle;npc.ashen_hollow.tavar_orr=0.00:idle
10.150,0.0167,0.00,0.00,spear_ready,Idle,3.60,-0.18,75,effect.braced,npc.ashen_hollow.kera_voss=0.00:idle;npc.ashen_hollow.renn_vale=0.00:idle;npc.ashen_hollow.sel_arien=0.00:idle;npc.ashen_hollow.tavar_orr=0.00:idle
10.167,0.0167,0.33,0.00,spear_ready,Idle,3.60,-0.18,75,effect.braced,npc.ashen_hollow.kera_voss=0.00:idle;npc.ashen_hollow.renn_vale=0.00:idle;npc.ashen_hollow.sel_arien=0.00:idle;npc.ashen_hollow.tavar_orr=0.00:idle
10.183,0.0167,0.67,0.00,spear_ready,Idle,3.60,-0.18,75,effect.braced,npc.ashen_hollow.kera_voss=0.00:idle;npc.ashen_hollow.renn_vale=0.00:idle;npc.ashen_hollow.sel_arien=0.00:idle;npc.ashen_hollow.tavar_orr=0.00:idle
10.200,0.0167,0.00,0.00,spear_ready,Idle,3.60,-0.18,75,effect.braced,npc.ashen_hollow.kera_voss=0.00:idle;npc.ashen_hollow.renn_vale=0.00:idle;npc.ashen_hollow.sel_arien=0.00:idle;npc.ashen_hollow.tavar_orr=0.00:idle
10.217,0.0167,0.33,0.00,spear_ready,Idle,3.60,-0.18,75,effect.braced,npc.ashen_hollow.kera_voss=0.00:idle;npc.ashen_hollow.renn_vale=0.00:idle;npc.ashen_hollow.sel_arien=0.00:idle;npc.ashen_hollow.tavar_orr=0.00:idle
10.233,0.0167,0.67,0.00,spear_ready,Idle,3.60,-0.18,75,effect.braced,npc.ashen_hollow.kera_voss=0.00:idle;npc.ashen_hollow.renn_vale=0.00:idle;npc.ashen_hollow.sel_arien=0.00:idle;npc.ashen_hollow.tavar_orr=0.00:idle
10.250,0.0167,0.00,0.00,spear_ready,Idle,3.60,-0.18,75,effect.braced,npc.ashen_hollow.kera_voss=0.00:idle;npc.ashen_hollow.renn_vale=0.00:idle;npc.ashen_hollow.sel_arien=0.00:idle;npc.ashen_hollow.tavar_orr=0.00:idle
10.267,0.0167,0.33,0.00,spear_ready,Idle,3.60,-0.18,75,effect.braced,npc.ashen_hollow.kera_voss=0.00:idle;npc.ashen_hollow.renn_vale=0.00:idle;npc.ashen_hollow.sel_arien=0.00:idle;npc.ashen_hollow.tavar_orr=0.00:idle
10.283,0.0167,0.67,0.00,spear_ready,Idle,3.60,-0.18,75,effect.braced,npc.ashen_hollow.kera_voss=0.00:idle;npc.ashen_hollow.renn_vale=0.00:idle;npc.ashen_hollow.sel_arien=0.00:idle;npc.ashen_hollow.tavar_orr=0.00:idle
10.300,0.0167,0.00,0.00,spear_ready,Idle,3.60,-0.18,75,effect.braced,npc.ashen_hollow.kera_voss=0.00:idle;npc.ashen_hollow.renn_vale=0.00:idle;npc.ashen_hollow.sel_arien=0.00:idle;npc.ashen_hollow.tavar_orr=0.00:idle
10.317,0.0167,0.33,0.00,spear_ready,Idle,3.60,-0.18,75,effect.braced,npc.ashen_hollow.kera_voss=0.00:idle;npc.ashen_hollow.renn_vale=0.00:idle;npc.ashen_hollow.sel_arien=0.00:idle;npc.ashen_hollow.tavar_orr=0.00:idle
10.333,0.0167,0.67,0.00,spear_ready,Idle,3.60,-0.18,75,effect.braced,npc.ashen_hollow.kera_voss=0.00:idle;npc.ashen_hollow.renn_vale=0.00:idle;npc.ashen_hollow.sel_arien=0.00:idle;npc.ashen_hollow.tavar_orr=0.00:idle
10.350,0.0167,0.00,0.00,spear_ready,Idle,3.60,-0.18,75,effect.braced,npc.ashen_hollow.kera_voss=0.00:idle;npc.ashen_hollow.renn_vale=0.00:idle;npc.ashen_hollow.sel_arien=0.00:idle;npc.ashen_hollow.tavar_orr=0.00:idle
10.367,0.0167,0.33,0.00,spear_ready,Idle,3.60,-0.18,75,effect.braced,npc.ashen_hollow.kera_voss=0.00:idle;npc.ashen_hollow.renn_vale=0.00:idle;npc.ashen_hollow.sel_arien=0.00:idle;npc.ashen_hollow.tavar_orr=0.00:idle
10.383,0.0167,0.67,0.00,spear_ready,Idle,3.60,-0.18,75,effect.braced,npc.ashen_hollow.kera_voss=0.00:idle;npc.ashen_hollow.renn_vale=0.00:idle;npc.ashen_hollow.sel_arien=0.00:idle;npc.ashen_hollow.tavar_orr=0.00:idle
10.400,0.0167,0.00,0.00,spear_ready,Idle,3.60,-0.18,75,effect.braced,npc.ashen_hollow.kera_voss=0.00:idle;npc.ashen_hollow.renn_vale=0.00:idle;npc.ashen_hollow.sel_arien=0.00:idle;npc.ashen_hollow.tavar_orr=0.00:idle
10.417,0.0167,0.33,0.00,spear_ready,Idle,3.60,-0.18,75,effect.braced,npc.ashen_hollow.kera_voss=0.00:idle;npc.ashen_hollow.renn_vale=0.00:idle;npc.ashen_hollow.sel_arien=0.00:idle;npc.ashen_hollow.tavar_orr=0.00:idle
10.433,0.0167,0.67,0.00,spear_ready,Idle,3.60,-0.18,75,effect.braced,npc.ashen_hollow.kera_voss=0.00:idle;npc.ashen_hollow.renn_vale=0.00:idle;npc.ashen_hollow.sel_arien=0.00:idle;npc.ashen_hollow.tavar_orr=0.00:idle
10.450,0.0167,0.00,0.00,spear_ready,Idle,3.60,-0.18,75,effect.braced,npc.ashen_hollow.kera_voss=0.00:idle;npc.ashen_hollow.renn_vale=0.00:idle;npc.ashen_hollow.sel_arien=0.00:idle;npc.ashen_hollow.tavar_orr=0.00:idle
10.467,0.0167,0.33,0.00,spear_ready,Idle,3.60,-0.18,75,effect.braced,npc.ashen_hollow.kera_voss=0.00:idle;npc.ashen_hollow.renn_vale=0.00:idle;npc.ashen_hollow.sel_arien=0.00:idle;npc.ashen_hollow.tavar_orr=0.00:idle
10.483,0.0167,0.67,0.00,spear_ready,Idle,3.60,-0.18,75,effect.braced,npc.ashen_hollow.kera_voss=0.00:idle;npc.ashen_hollow.renn_vale=0.00:idle;npc.ashen_hollow.sel_arien=0.00:idle;npc.ashen_hollow.tavar_orr=0.00:idle
10.500,0.0167,0.00,0.00,spear_ready,Idle,3.60,-0.18,75,effect.braced,npc.ashen_hollow.kera_voss=0.00:idle;npc.ashen_hollow.renn_vale=0.00:idle;npc.ashen_hollow.sel_arien=0.00:idle;npc.ashen_hollow.tavar_orr=0.00:idle
10.517,0.0167,0.33,0.00,spear_ready,Idle,3.60,-0.18,75,effect.braced,npc.ashen_hollow.kera_voss=0.00:idle;npc.ashen_hollow.renn_vale=0.00:idle;npc.ashen_hollow.sel_arien=0.00:idle;npc.ashen_hollow.tavar_orr=0.00:idle
10.533,0.0167,0.67,0.00,spear_ready,Idle,3.60,-0.18,75,effect.braced,npc.ashen_hollow.kera_voss=0.00:idle;npc.ashen_hollow.renn_vale=0.00:idle;npc.ashen_hollow.sel_arien=0.00:idle;npc.ashen_hollow.tavar_orr=0.00:idle
10.550,0.0167,0.00,0.00,spear_ready,Idle,3.60,-0.18,75,effect.braced,npc.ashen_hollow.kera_voss=0.00:idle;npc.ashen_hollow.renn_vale=0.00:idle;npc.ashen_hollow.sel_arien=0.00:idle;npc.ashen_hollow.tavar_orr=0.00:idle
10.567,0.0167,0.33,0.00,spear_ready,Idle,3.60,-0.18,75,effect.braced,npc.ashen_hollow.kera_voss=0.00:idle;npc.ashen_hollow.renn_vale=0.00:idle;npc.ashen_hollow.sel_arien=0.00:idle;npc.ashen_hollow.tavar_orr=0.00:idle
10.583,0.0167,0.67,0.00,spear_ready,Idle,3.60,-0.18,75,effect.braced,npc.ashen_hollow.kera_voss=0.00:idle;npc.ashen_hollow.renn_vale=0.00:idle;npc.ashen_hollow.sel_arien=0.00:idle;npc.ashen_hollow.tavar_orr=0.00:idle
10.600,0.0167,0.00,0.00,spear_ready,Idle,3.60,-0.18,75,effect.braced,npc.ashen_hollow.kera_voss=0.00:idle;npc.ashen_hollow.renn_vale=0.00:idle;npc.ashen_hollow.sel_arien=0.00:idle;npc.ashen_hollow.tavar_orr=0.00:idle
10.617,0.0167,0.33,0.00,spear_ready,Idle,3.60,-0.18,75,effect.braced,npc.ashen_hollow.kera_voss=0.00:idle;npc.ashen_hollow.renn_vale=0.00:idle;npc.ashen_hollow.sel_arien=0.00:idle;npc.ashen_hollow.tavar_orr=0.00:idle
10.633,0.0167,0.67,0.00,spear_ready,Idle,3.60,-0.18,75,effect.braced,npc.ashen_hollow.kera_voss=0.00:idle;npc.ashen_hollow.renn_vale=0.00:idle;npc.ashen_hollow.sel_arien=0.00:idle;npc.ashen_hollow.tavar_orr=0.00:idle
10.650,0.0167,0.00,0.00,spear_ready,Idle,3.60,-0.18,75,effect.braced,npc.ashen_hollow.kera_voss=0.00:idle;npc.ashen_hollow.renn_vale=0.00:idle;npc.ashen_hollow.sel_arien=0.00:idle;npc.ashen_hollow.tavar_orr=0.00:idle
10.667,0.0167,0.33,0.00,spear_ready,Idle,3.60,-0.18,75,effect.braced,npc.ashen_hollow.kera_voss=0.00:idle;npc.ashen_hollow.renn_vale=0.00:idle;npc.ashen_hollow.sel_arien=0.00:idle;npc.ashen_hollow.tavar_orr=0.00:idle
10.683,0.0167,0.67,0.00,spear_ready,Idle,3.60,-0.18,75,effect.braced,npc.ashen_hollow.kera_voss=0.00:idle;npc.ashen_hollow.renn_vale=0.00:idle;npc.ashen_hollow.sel_arien=0.00:idle;npc.ashen_hollow.tavar_orr=0.00:idle
10.700,0.0167,0.00,0.00,spear_ready,Idle,3.60,-0.18,75,effect.braced,npc.ashen_hollow.kera_voss=0.00:idle;npc.ashen_hollow.renn_vale=0.00:idle;npc.ashen_hollow.sel_arien=0.00:idle;npc.ashen_hollow.tavar_orr=0.00:idle
10.717,0.0167,0.33,0.00,spear_ready,Idle,3.60,-0.18,75,effect.braced,npc.ashen_hollow.kera_voss=0.00:idle;npc.ashen_hollow.renn_vale=0.00:idle;npc.ashen_hollow.sel_arien=0.00:idle;npc.ashen_hollow.tavar_orr=0.00:idle
10.733,0.0167,0.67,0.00,spear_ready,Idle,3.60,-0.18,75,effect.braced,npc.ashen_hollow.kera_voss=0.00:idle;npc.ashen_hollow.renn_vale=0.00:idle;npc.ashen_hollow.sel_arien=0.00:idle;npc.ashen_hollow.tavar_orr=0.00:idle
10.750,0.0167,0.00,0.00,spear_ready,Idle,3.60,-0.18,75,effect.braced,npc.ashen_hollow.kera_voss=0.00:idle;npc.ashen_hollow.renn_vale=0.00:idle;npc.ashen_hollow.sel_arien=0.00:idle;npc.ashen_hollow.tavar_orr=0.00:idle
10.767,0.0167,0.33,0.00,spear_ready,Idle,3.60,-0.18,75,effect.braced,npc.ashen_hollow.kera_voss=0.00:idle;npc.ashen_hollow.renn_vale=0.00:idle;npc.ashen_hollow.sel_arien=0.00:idle;npc.ashen_hollow.tavar_orr=0.00:idle
10.783,0.0167,0.67,0.00,spear_ready,Idle,3.60,-0.18,75,effect.braced,npc.ashen_hollow.kera_voss=0.00:idle;npc.ashen_hollow.renn_vale=0.00:idle;npc.ashen_hollow.sel_arien=0.00:idle;npc.ashen_hollow.tavar_orr=0.00:idle
10.800,0.0167,0.00,0.00,spear_ready,Idle,3.60,-0.18,75,effect.braced,npc.ashen_hollow.kera_voss=0.00:idle;npc.ashen_hollow.renn_vale=0.00:idle;npc.ashen_hollow.sel_arien=0.00:idle;npc.ashen_hollow.tavar_orr=0.00:idle
10.817,0.0167,0.33,0.00,spear_ready,Idle,3.60,-0.18,75,effect.braced,npc.ashen_hollow.kera_voss=0.00:idle;npc.ashen_hollow.renn_vale=0.00:idle;npc.ashen_hollow.sel_arien=0.00:idle;npc.ashen_hollow.tavar_orr=0.00:idle
10.833,0.0167,0.67,0.00,spear_ready,Idle,3.60,-0.18,75,effect.braced,npc.ashen_hollow.kera_voss=0.00:idle;npc.ashen_hollow.renn_vale=0.00:idle;npc.ashen_hollow.sel_arien=0.00:idle;npc.ashen_hollow.tavar_orr=0.00:idle
10.850,0.0167,0.00,0.00,spear_ready,Idle,3.60,-0.18,75,effect.braced,npc.ashen_hollow.kera_voss=0.00:idle;npc.ashen_hollow.renn_vale=0.00:idle;npc.ashen_hollow.sel_arien=0.00:idle;npc.ashen_hollow.tavar_orr=0.00:idle
10.867,0.0167,0.33,0.00,spear_ready,Idle,3.60,-0.18,75,effect.braced,npc.ashen_hollow.kera_voss=0.00:idle;npc.ashen_hollow.renn_vale=0.00:idle;npc.ashen_hollow.sel_arien=0.00:idle;npc.ashen_hollow.tavar_orr=0.00:idle
10.883,0.0167,0.67,0.00,spear_ready,Idle,3.60,-0.18,75,effect.braced,npc.ashen_hollow.kera_voss=0.00:idle;npc.ashen_hollow.renn_vale=0.00:idle;npc.ashen_hollow.sel_arien=0.00:idle;npc.ashen_hollow.tavar_orr=0.00:idle
10.900,0.0167,0.00,0.00,spear_ready,Idle,3.60,-0.18,75,effect.braced,npc.ashen_hollow.kera_voss=0.00:idle;npc.ashen_hollow.renn_vale=0.00:idle;npc.ashen_hollow.sel_arien=0.00:idle;npc.ashen_hollow.tavar_orr=0.00:idle
10.917,0.0167,0.33,0.00,spear_ready,Idle,3.60,-0.18,75,effect.braced,npc.ashen_hollow.kera_voss=0.00:idle;npc.ashen_hollow.renn_vale=0.00:idle;npc.ashen_hollow.sel_arien=0.00:idle;npc.ashen_hollow.tavar_orr=0.00:idle
10.933,0.0167,0.67,0.00,spear_ready,Idle,3.60,-0.18,75,effect.braced,npc.ashen_hollow.kera_voss=0.00:idle;npc.ashen_hollow.renn_vale=0.00:idle;npc.ashen_hollow.sel_arien=0.00:idle;npc.ashen_hollow.tavar_orr=0.00:idle
10.950,0.0167,0.00,0.00,spear_ready,Idle,3.60,-0.18,75,effect.braced,npc.ashen_hollow.kera_voss=0.00:idle;npc.ashen_hollow.renn_vale=0.00:idle;npc.ashen_hollow.sel_arien=0.00:idle;npc.ashen_hollow.tavar_orr=0.00:idle
10.967,0.0167,0.33,0.00,spear_ready,Idle,3.60,-0.18,75,effect.braced,npc.ashen_hollow.kera_voss=0.00:idle;npc.ashen_hollow.renn_vale=0.00:idle;npc.ashen_hollow.sel_arien=0.00:idle;npc.ashen_hollow.tavar_orr=0.00:idle
10.983,0.0167,0.67,0.00,spear_ready,Idle,3.60,-0.18,75,effect.braced,npc.ashen_hollow.kera_voss=0.00:idle;npc.ashen_hollow.renn_vale=0.00:idle;npc.ashen_hollow.sel_arien=0.00:idle;npc.ashen_hollow.tavar_orr=0.00:idle
11.000,0.0167,0.00,0.00,spear_ready,Idle,3.60,-0.18,75,effect.braced,npc.ashen_hollow.kera_voss=0.00:idle;npc.ashen_hollow.renn_vale=0.00:idle;npc.ashen_hollow.sel_arien=0.00:idle;npc.ashen_hollow.tavar_orr=0.00:idle
11.017,0.0167,0.33,0.00,spear_ready,Idle,3.60,-0.18,75,effect.braced,npc.ashen_hollow.kera_voss=0.00:idle;npc.ashen_hollow.renn_vale=0.00:idle;npc.ashen_hollow.sel_arien=0.00:idle;npc.ashen_hollow.tavar_orr=0.00:idle
11.033,0.0167,0.67,0.00,spear_ready,Idle,3.60,-0.18,75,effect.braced,npc.ashen_hollow.kera_voss=0.00:idle;npc.ashen_hollow.renn_vale=0.00:idle;npc.ashen_hollow.sel_arien=0.00:idle;npc.ashen_hollow.tavar_orr=0.00:idle
11.050,0.0167,0.00,0.00,spear_ready,Idle,3.60,-0.18,75,effect.braced,npc.ashen_hollow.kera_voss=0.00:idle;npc.ashen_hollow.renn_vale=0.00:idle;npc.ashen_hollow.sel_arien=0.00:idle;npc.ashen_hollow.tavar_orr=0.00:idle
11.067,0.0167,0.33,0.00,spear_ready,Idle,3.60,-0.18,75,effect.braced,npc.ashen_hollow.kera_voss=0.00:idle;npc.ashen_hollow.renn_vale=0.00:idle;npc.ashen_hollow.sel_arien=0.00:idle;npc.ashen_hollow.tavar_orr=0.00:idle
11.083,0.0167,0.67,0.00,spear_ready,Idle,3.60,-0.18,75,effect.braced,npc.ashen_hollow.kera_voss=0.00:idle;npc.ashen_hollow.renn_vale=0.00:idle;npc.ashen_hollow.sel_arien=0.00:idle;npc.ashen_hollow.tavar_orr=0.00:idle
11.100,0.0167,0.00,0.00,spear_ready,Idle,3.60,-0.18,75,effect.braced,npc.ashen_hollow.kera_voss=0.00:idle;npc.ashen_hollow.renn_vale=0.00:idle;npc.ashen_hollow.sel_arien=0.00:idle;npc.ashen_hollow.tavar_orr=0.00:idle
11.117,0.0167,0.33,0.00,spear_ready,Idle,3.60,-0.18,75,effect.braced,npc.ashen_hollow.kera_voss=0.00:idle;npc.ashen_hollow.renn_vale=0.00:idle;npc.ashen_hollow.sel_arien=0.00:idle;npc.ashen_hollow.tavar_orr=0.00:idle
11.133,0.0167,0.67,0.00,spear_ready,Idle,3.60,-0.18,75,effect.braced,npc.ashen_hollow.kera_voss=0.00:idle;npc.ashen_hollow.renn_vale=0.00:idle;npc.ashen_hollow.sel_arien=0.00:idle;npc.ashen_hollow.tavar_orr=0.00:idle
11.150,0.0167,0.00,0.00,spear_ready,Idle,3.60,-0.18,75,effect.braced,npc.ashen_hollow.kera_voss=0.00:idle;npc.ashen_hollow.renn_vale=0.00:idle;npc.ashen_hollow.sel_arien=0.00:idle;npc.ashen_hollow.tavar_orr=0.00:idle
11.167,0.0167,0.33,0.00,spear_ready,Idle,3.60,-0.18,75,effect.braced,npc.ashen_hollow.kera_voss=0.00:idle;npc.ashen_hollow.renn_vale=0.00:idle;npc.ashen_hollow.sel_arien=0.00:idle;npc.ashen_hollow.tavar_orr=0.00:idle
11.183,0.0167,0.67,0.00,spear_ready,Idle,3.60,-0.18,75,effect.braced,npc.ashen_hollow.kera_voss=0.00:idle;npc.ashen_hollow.renn_vale=0.00:idle;npc.ashen_hollow.sel_arien=0.00:idle;npc.ashen_hollow.tavar_orr=0.00:idle
11.200,0.0167,0.00,0.00,spear_ready,Idle,3.60,-0.18,75,effect.braced,npc.ashen_hollow.kera_voss=0.00:idle;npc.ashen_hollow.renn_vale=0.00:idle;npc.ashen_hollow.sel_arien=0.00:idle;npc.ashen_hollow.tavar_orr=0.00:idle
11.217,0.0167,0.33,0.00,spear_ready,Idle,3.60,-0.18,75,effect.braced,npc.ashen_hollow.kera_voss=0.00:idle;npc.ashen_hollow.renn_vale=0.00:idle;npc.ashen_hollow.sel_arien=0.00:idle;npc.ashen_hollow.tavar_orr=0.00:idle
11.233,0.0167,0.67,0.00,spear_ready,Idle,3.60,-0.18,75,effect.braced,npc.ashen_hollow.kera_voss=0.00:idle;npc.ashen_hollow.renn_vale=0.00:idle;npc.ashen_hollow.sel_arien=0.00:idle;npc.ashen_hollow.tavar_orr=0.00:idle
11.250,0.0167,0.00,0.00,spear_ready,Idle,3.60,-0.18,75,effect.braced,npc.ashen_hollow.kera_voss=0.00:idle;npc.ashen_hollow.renn_vale=0.00:idle;npc.ashen_hollow.sel_arien=0.00:idle;npc.ashen_hollow.tavar_orr=0.00:idle
11.267,0.0167,0.33,0.00,spear_ready,Idle,3.60,-0.18,75,effect.braced,npc.ashen_hollow.kera_voss=0.00:idle;npc.ashen_hollow.renn_vale=0.00:idle;npc.ashen_hollow.sel_arien=0.00:idle;npc.ashen_hollow.tavar_orr=0.00:idle
11.283,0.0167,0.67,0.00,spear_ready,Idle,3.60,-0.18,75,effect.braced,npc.ashen_hollow.kera_voss=0.00:idle;npc.ashen_hollow.renn_vale=0.00:idle;npc.ashen_hollow.sel_arien=0.00:idle;npc.ashen_hollow.tavar_orr=0.00:idle
11.300,0.0167,0.00,0.00,spear_ready,Idle,3.60,-0.18,75,effect.braced,npc.ashen_hollow.kera_voss=0.00:idle;npc.ashen_hollow.renn_vale=0.00:idle;npc.ashen_hollow.sel_arien=0.00:idle;npc.ashen_hollow.tavar_orr=0.00:idle
11.317,0.0167,0.33,0.00,spear_ready,Idle,3.60,-0.18,75,effect.braced,npc.ashen_hollow.kera_voss=0.00:idle;npc.ashen_hollow.renn_vale=0.00:idle;npc.ashen_hollow.sel_arien=0.00:idle;npc.ashen_hollow.tavar_orr=0.00:idle
11.333,0.0167,0.67,0.00,spear_ready,Idle,3.60,-0.18,75,effect.braced,npc.ashen_hollow.kera_voss=0.00:idle;npc.ashen_hollow.renn_vale=0.00:idle;npc.ashen_hollow.sel_arien=0.00:idle;npc.ashen_hollow.tavar_orr=0.00:idle
11.350,0.0167,0.00,0.00,spear_ready,Idle,3.60,-0.18,75,effect.braced,npc.ashen_hollow.kera_voss=0.00:idle;npc.ashen_hollow.renn_vale=0.00:idle;npc.ashen_hollow.sel_arien=0.00:idle;npc.ashen_hollow.tavar_orr=0.00:idle
11.367,0.0167,0.33,0.00,spear_ready,Idle,3.60,-0.18,75,effect.braced,npc.ashen_hollow.kera_voss=0.00:idle;npc.ashen_hollow.renn_vale=0.00:idle;npc.ashen_hollow.sel_arien=0.00:idle;npc.ashen_hollow.tavar_orr=0.00:idle
11.383,0.0167,0.67,0.00,spear_ready,Idle,3.60,-0.18,75,effect.braced,npc.ashen_hollow.kera_voss=0.00:idle;npc.ashen_hollow.renn_vale=0.00:idle;npc.ashen_hollow.sel_arien=0.00:idle;npc.ashen_hollow.tavar_orr=0.00:idle
11.400,0.0167,0.00,0.00,spear_ready,Idle,3.60,-0.18,75,effect.braced,npc.ashen_hollow.kera_voss=0.00:idle;npc.ashen_hollow.renn_vale=0.00:idle;npc.ashen_hollow.sel_arien=0.00:idle;npc.ashen_hollow.tavar_orr=0.00:idle
11.417,0.0167,0.33,0.00,spear_ready,Idle,3.60,-0.18,75,effect.braced,npc.ashen_hollow.kera_voss=0.00:idle;npc.ashen_hollow.renn_vale=0.00:idle;npc.ashen_hollow.sel_arien=0.00:idle;npc.ashen_hollow.tavar_orr=0.00:idle
11.433,0.0167,0.67,0.00,spear_ready,Idle,3.60,-0.18,75,effect.braced,npc.ashen_hollow.kera_voss=0.00:idle;npc.ashen_hollow.renn_vale=0.00:idle;npc.ashen_hollow.sel_arien=0.00:idle;npc.ashen_hollow.tavar_orr=0.00:idle
11.450,0.0167,0.00,0.00,spear_ready,Idle,3.60,-0.18,75,effect.braced,npc.ashen_hollow.kera_voss=0.00:idle;npc.ashen_hollow.renn_vale=0.00:idle;npc.ashen_hollow.sel_arien=0.00:idle;npc.ashen_hollow.tavar_orr=0.00:idle
11.467,0.0167,0.33,0.00,spear_ready,Idle,3.60,-0.18,75,effect.braced,npc.ashen_hollow.kera_voss=0.00:idle;npc.ashen_hollow.renn_vale=0.00:idle;npc.ashen_hollow.sel_arien=0.00:idle;npc.ashen_hollow.tavar_orr=0.00:idle
11.483,0.0167,0.67,0.00,spear_ready,Idle,3.60,-0.18,75,effect.braced,npc.ashen_hollow.kera_voss=0.00:idle;npc.ashen_hollow.renn_vale=0.00:idle;npc.ashen_hollow.sel_arien=0.00:idle;npc.ashen_hollow.tavar_orr=0.00:idle
11.500,0.0167,0.00,0.00,spear_ready,Idle,3.60,-0.18,75,effect.braced,npc.ashen_hollow.kera_voss=0.00:idle;npc.ashen_hollow.renn_vale=0.00:idle;npc.ashen_hollow.sel_arien=0.00:idle;npc.ashen_hollow.tavar_orr=0.00:idle
11.517,0.0167,0.33,0.00,spear_ready,Idle,3.60,-0.18,75,effect.braced,npc.ashen_hollow.kera_voss=0.00:idle;npc.ashen_hollow.renn_vale=0.00:idle;npc.ashen_hollow.sel_arien=0.00:idle;npc.ashen_hollow.tavar_orr=0.00:idle
11.533,0.0167,0.67,0.00,spear_ready,Idle,3.60,-0.18,75,effect.braced,npc.ashen_hollow.kera_voss=0.00:idle;npc.ashen_hollow.renn_vale=0.00:idle;npc.ashen_hollow.sel_arien=0.00:idle;npc.ashen_hollow.tavar_orr=0.00:idle
11.550,0.0167,0.00,0.00,spear_ready,Idle,3.60,-0.18,75,effect.braced,npc.ashen_hollow.kera_voss=0.00:idle;npc.ashen_hollow.renn_vale=0.00:idle;npc.ashen_hollow.sel_arien=0.00:idle;npc.ashen_hollow.tavar_orr=0.00:idle
11.567,0.0167,0.33,0.00,spear_ready,Idle,3.60,-0.18,75,effect.braced,npc.ashen_hollow.kera_voss=0.00:idle;npc.ashen_hollow.renn_vale=0.00:idle;npc.ashen_hollow.sel_arien=0.00:idle;npc.ashen_hollow.tavar_orr=0.00:idle
11.583,0.0167,0.67,0.00,spear_ready,Idle,3.60,-0.18,75,effect.braced,npc.ashen_hollow.kera_voss=0.00:idle;npc.ashen_hollow.renn_vale=0.00:idle;npc.ashen_hollow.sel_arien=0.00:idle;npc.ashen_hollow.tavar_orr=0.00:idle
11.600,0.0167,0.00,0.00,spear_ready,Idle,3.60,-0.18,75,effect.braced,npc.ashen_hollow.kera_voss=0.00:idle;npc.ashen_hollow.renn_vale=0.00:idle;npc.ashen_hollow.sel_arien=0.00:idle;npc.ashen_hollow.tavar_orr=0.00:idle
11.617,0.0167,0.33,0.00,spear_ready,Idle,3.60,-0.18,75,effect.braced,npc.ashen_hollow.kera_voss=0.00:idle;npc.ashen_hollow.renn_vale=0.00:idle;npc.ashen_hollow.sel_arien=0.00:idle;npc.ashen_hollow.tavar_orr=0.00:idle
11.633,0.0167,0.67,0.00,spear_ready,Idle,3.60,-0.18,75,effect.braced,npc.ashen_hollow.kera_voss=0.00:idle;npc.ashen_hollow.renn_vale=0.00:idle;npc.ashen_hollow.sel_arien=0.00:idle;npc.ashen_hollow.tavar_orr=0.00:idle
11.650,0.0167,0.00,0.00,spear_ready,Idle,3.60,-0.18,75,effect.braced,npc.ashen_hollow.kera_voss=0.00:idle;npc.ashen_hollow.renn_vale=0.00:idle;npc.ashen_hollow.sel_arien=0.00:idle;npc.ashen_hollow.tavar_orr=0.00:idle
11.667,0.0167,0.33,0.00,spear_ready,Idle,3.60,-0.18,75,effect.braced,npc.ashen_hollow.kera_voss=0.00:idle;npc.ashen_hollow.renn_vale=0.00:idle;npc.ashen_hollow.sel_arien=0.00:idle;npc.ashen_hollow.tavar_orr=0.00:idle
11.683,0.0167,0.67,0.00,spear_ready,Idle,3.60,-0.18,75,effect.braced,npc.ashen_hollow.kera_voss=0.00:idle;npc.ashen_hollow.renn_vale=0.00:idle;npc.ashen_hollow.sel_arien=0.00:idle;npc.ashen_hollow.tavar_orr=0.00:idle
11.700,0.0167,0.00,0.00,spear_ready,Idle,3.60,-0.18,75,effect.braced,npc.ashen_hollow.kera_voss=0.00:idle;npc.ashen_hollow.renn_vale=0.00:idle;npc.ashen_hollow.sel_arien=0.00:idle;npc.ashen_hollow.tavar_orr=0.00:idle
11.717,0.0167,0.33,0.00,spear_ready,Idle,3.60,-0.18,75,effect.braced,npc.ashen_hollow.kera_voss=0.00:idle;npc.ashen_hollow.renn_vale=0.00:idle;npc.ashen_hollow.sel_arien=0.00:idle;npc.ashen_hollow.tavar_orr=0.00:idle
11.733,0.0167,0.67,0.00,spear_ready,Idle,3.60,-0.18,75,effect.braced,npc.ashen_hollow.kera_voss=0.00:idle;npc.ashen_hollow.renn_vale=0.00:idle;npc.ashen_hollow.sel_arien=0.00:idle;npc.ashen_hollow.tavar_orr=0.00:idle
11.750,0.0167,0.00,0.00,spear_ready,Idle,3.60,-0.18,75,effect.braced,npc.ashen_hollow.kera_voss=0.00:idle;npc.ashen_hollow.renn_vale=0.00:idle;npc.ashen_hollow.sel_arien=0.00:idle;npc.ashen_hollow.tavar_orr=0.00:idle
11.767,0.0167,0.33,0.00,spear_ready,Idle,3.60,-0.18,75,effect.braced,npc.ashen_hollow.kera_voss=0.00:idle;npc.ashen_hollow.renn_vale=0.00:idle;npc.ashen_hollow.sel_arien=0.00:idle;npc.ashen_hollow.tavar_orr=0.00:idle
11.783,0.0167,0.67,0.00,spear_ready,Idle,3.60,-0.18,75,effect.braced,npc.ashen_hollow.kera_voss=0.00:idle;npc.ashen_hollow.renn_vale=0.00:idle;npc.ashen_hollow.sel_arien=0.00:idle;npc.ashen_hollow.tavar_orr=0.00:idle
11.800,0.0167,0.00,0.00,spear_ready,Idle,3.60,-0.18,75,effect.braced,npc.ashen_hollow.kera_voss=0.00:idle;npc.ashen_hollow.renn_vale=0.00:idle;npc.ashen_hollow.sel_arien=0.00:idle;npc.ashen_hollow.tavar_orr=0.00:idle
11.817,0.0167,0.33,0.00,spear_ready,Idle,3.60,-0.18,75,effect.braced,npc.ashen_hollow.kera_voss=0.00:idle;npc.ashen_hollow.renn_vale=0.00:idle;npc.ashen_hollow.sel_arien=0.00:idle;npc.ashen_hollow.tavar_orr=0.00:idle
11.833,0.0167,0.67,0.00,spear_ready,Idle,3.60,-0.18,75,effect.braced,npc.ashen_hollow.kera_voss=0.00:idle;npc.ashen_hollow.renn_vale=0.00:idle;npc.ashen_hollow.sel_arien=0.00:idle;npc.ashen_hollow.tavar_orr=0.00:idle
11.850,0.0167,0.00,0.00,spear_ready,Idle,3.60,-0.18,75,effect.braced,npc.ashen_hollow.kera_voss=0.00:idle;npc.ashen_hollow.renn_vale=0.00:idle;npc.ashen_hollow.sel_arien=0.00:idle;npc.ashen_hollow.tavar_orr=0.00:idle
11.867,0.0167,0.33,0.00,spear_ready,Idle,3.60,-0.18,75,effect.braced,npc.ashen_hollow.kera_voss=0.00:idle;npc.ashen_hollow.renn_vale=0.00:idle;npc.ashen_hollow.sel_arien=0.00:idle;npc.ashen_hollow.tavar_orr=0.00:idle
11.883,0.0167,0.67,0.00,spear_ready,Idle,3.60,-0.18,75,effect.braced,npc.ashen_hollow.kera_voss=0.00:idle;npc.ashen_hollow.renn_vale=0.00:idle;npc.ashen_hollow.sel_arien=0.00:idle;npc.ashen_hollow.tavar_orr=0.00:idle
11.900,0.0167,0.00,0.00,spear_ready,Idle,3.60,-0.18,75,effect.braced,npc.ashen_hollow.kera_voss=0.00:idle;npc.ashen_hollow.renn_vale=0.00:idle;npc.ashen_hollow.sel_arien=0.00:idle;npc.ashen_hollow.tavar_orr=0.00:idle
11.917,0.0167,0.33,0.00,spear_ready,Idle,3.60,-0.18,75,effect.braced,npc.ashen_hollow.kera_voss=0.00:idle;npc.ashen_hollow.renn_vale=0.00:idle;npc.ashen_hollow.sel_arien=0.00:idle;npc.ashen_hollow.tavar_orr=0.00:idle
11.933,0.0167,0.67,0.00,spear_ready,Idle,3.60,-0.18,75,effect.braced,npc.ashen_hollow.kera_voss=0.00:idle;npc.ashen_hollow.renn_vale=0.00:idle;npc.ashen_hollow.sel_arien=0.00:idle;npc.ashen_hollow.tavar_orr=0.00:idle
11.950,0.0167,0.00,0.00,spear_ready,Idle,3.60,-0.18,75,effect.braced,npc.ashen_hollow.kera_voss=0.00:idle;npc.ashen_hollow.renn_vale=0.00:idle;npc.ashen_hollow.sel_arien=0.00:idle;npc.ashen_hollow.tavar_orr=0.00:idle
11.967,0.0167,0.33,0.00,spear_ready,Idle,3.60,-0.18,75,effect.braced,npc.ashen_hollow.kera_voss=0.00:idle;npc.ashen_hollow.renn_vale=0.00:idle;npc.ashen_hollow.sel_arien=0.00:idle;npc.ashen_hollow.tavar_orr=0.00:idle
11.983,0.0167,0.67,0.00,spear_ready,Idle,3.60,-0.18,75,effect.braced,npc.ashen_hollow.kera_voss=0.00:idle;npc.ashen_hollow.renn_vale=0.00:idle;npc.ashen_hollow.sel_arien=0.00:idle;npc.ashen_hollow.tavar_orr=0.00:idle
12.000,0.0167,0.00,0.00,spear_ready,Idle,3.60,-0.18,75,effect.braced,npc.ashen_hollow.kera_voss=0.00:idle;npc.ashen_hollow.renn_vale=0.00:idle;npc.ashen_hollow.sel_arien=0.00:idle;npc.ashen_hollow.tavar_orr=0.00:idle
12.017,0.0167,0.33,0.00,spear_ready,Idle,3.60,-0.18,75,effect.braced,npc.ashen_hollow.kera_voss=0.00:idle;npc.ashen_hollow.renn_vale=0.00:idle;npc.ashen_hollow.sel_arien=0.00:idle;npc.ashen_hollow.tavar_orr=0.00:idle
12.033,0.0167,0.67,0.00,spear_ready,Idle,3.60,-0.18,75,effect.braced,npc.ashen_hollow.kera_voss=0.00:idle;npc.ashen_hollow.renn_vale=0.00:idle;npc.ashen_hollow.sel_arien=0.00:idle;npc.ashen_hollow.tavar_orr=0.00:idle
12.050,0.0167,0.00,0.00,spear_ready,Idle,3.60,-0.18,75,effect.braced,npc.ashen_hollow.kera_voss=0.00:idle;npc.ashen_hollow.renn_vale=0.00:idle;npc.ashen_hollow.sel_arien=0.00:idle;npc.ashen_hollow.tavar_orr=0.00:idle
12.067,0.0167,0.33,0.00,spear_ready,Idle,3.60,-0.18,75,effect.braced,npc.ashen_hollow.kera_voss=0.00:idle;npc.ashen_hollow.renn_vale=0.00:idle;npc.ashen_hollow.sel_arien=0.00:idle;npc.ashen_hollow.tavar_orr=0.00:idle
12.083,0.0167,0.67,0.00,spear_ready,Idle,3.60,-0.18,75,effect.braced,npc.ashen_hollow.kera_voss=0.00:idle;npc.ashen_hollow.renn_vale=0.00:idle;npc.ashen_hollow.sel_arien=0.00:idle;npc.ashen_hollow.tavar_orr=0.00:idle
12.100,0.0167,0.00,0.00,spear_ready,Idle,3.60,-0.18,75,effect.braced,npc.ashen_hollow.kera_voss=0.00:idle;npc.ashen_hollow.renn_vale=0.00:idle;npc.ashen_hollow.sel_arien=0.00:idle;npc.ashen_hollow.tavar_orr=0.00:idle
12.117,0.0167,0.33,0.00,spear_ready,Idle,3.60,-0.18,75,effect.braced,npc.ashen_hollow.kera_voss=0.00:idle;npc.ashen_hollow.renn_vale=0.00:idle;npc.ashen_hollow.sel_arien=0.00:idle;npc.ashen_hollow.tavar_orr=0.00:idle
12.133,0.0167,0.67,0.00,spear_ready,Idle,3.60,-0.18,75,effect.braced,npc.ashen_hollow.kera_voss=0.00:idle;npc.ashen_hollow.renn_vale=0.00:idle;npc.ashen_hollow.sel_arien=0.00:idle;npc.ashen_hollow.tavar_orr=0.00:idle
12.150,0.0167,0.00,0.00,spear_ready,Idle,3.60,-0.18,75,effect.braced,npc.ashen_hollow.kera_voss=0.00:idle;npc.ashen_hollow.renn_vale=0.00:idle;npc.ashen_hollow.sel_arien=0.00:idle;npc.ashen_hollow.tavar_orr=0.00:idle
12.167,0.0167,0.33,0.00,spear_ready,Idle,3.60,-0.18,75,effect.braced,npc.ashen_hollow.kera_voss=0.00:idle;npc.ashen_hollow.renn_vale=0.00:idle;npc.ashen_hollow.sel_arien=0.00:idle;npc.ashen_hollow.tavar_orr=0.00:idle
12.183,0.0167,0.67,0.00,spear_ready,Idle,3.60,-0.18,75,effect.braced,npc.ashen_hollow.kera_voss=0.00:idle;npc.ashen_hollow.renn_vale=0.00:idle;npc.ashen_hollow.sel_arien=0.00:idle;npc.ashen_hollow.tavar_orr=0.00:idle
12.200,0.0167,0.00,0.00,spear_ready,Idle,3.60,-0.18,75,effect.braced,npc.ashen_hollow.kera_voss=0.00:idle;npc.ashen_hollow.renn_vale=0.00:idle;npc.ashen_hollow.sel_arien=0.00:idle;npc.ashen_hollow.tavar_orr=0.00:idle
12.217,0.0167,0.33,0.00,spear_ready,Idle,3.60,-0.18,75,effect.braced,npc.ashen_hollow.kera_voss=0.00:idle;npc.ashen_hollow.renn_vale=0.00:idle;npc.ashen_hollow.sel_arien=0.00:idle;npc.ashen_hollow.tavar_orr=0.00:idle
12.233,0.0167,0.67,0.00,spear_ready,Idle,3.60,-0.18,75,effect.braced,npc.ashen_hollow.kera_voss=0.00:idle;npc.ashen_hollow.renn_vale=0.00:idle;npc.ashen_hollow.sel_arien=0.00:idle;npc.ashen_hollow.tavar_orr=0.00:idle
12.250,0.0167,0.00,0.00,spear_ready,Idle,3.60,-0.18,75,effect.braced,npc.ashen_hollow.kera_voss=0.00:idle;npc.ashen_hollow.renn_vale=0.00:idle;npc.ashen_hollow.sel_arien=0.00:idle;npc.ashen_hollow.tavar_orr=0.00:idle
12.267,0.0167,0.33,0.00,spear_ready,Idle,3.60,-0.18,75,effect.braced,npc.ashen_hollow.kera_voss=0.00:idle;npc.ashen_hollow.renn_vale=0.00:idle;npc.ashen_hollow.sel_arien=0.00:idle;npc.ashen_hollow.tavar_orr=0.00:idle
12.283,0.0167,0.67,0.00,spear_ready,Idle,3.60,-0.18,75,effect.braced,npc.ashen_hollow.kera_voss=0.00:idle;npc.ashen_hollow.renn_vale=0.00:idle;npc.ashen_hollow.sel_arien=0.00:idle;npc.ashen_hollow.tavar_orr=0.00:idle
12.300,0.0167,0.00,0.00,spear_ready,Idle,3.60,-0.18,75,effect.braced,npc.ashen_hollow.kera_voss=0.00:idle;npc.ashen_hollow.renn_vale=0.00:idle;npc.ashen_hollow.sel_arien=0.00:idle;npc.ashen_hollow.tavar_orr=0.00:idle
12.317,0.0167,0.33,0.00,spear_ready,Idle,3.60,-0.18,75,effect.braced,npc.ashen_hollow.kera_voss=0.00:idle;npc.ashen_hollow.renn_vale=0.00:idle;npc.ashen_hollow.sel_arien=0.00:idle;npc.ashen_hollow.tavar_orr=0.00:idle
12.333,0.0167,0.67,0.00,cast,Windup,3.60,-0.18,75,effect.braced,npc.ashen_hollow.kera_voss=0.00:idle;npc.ashen_hollow.renn_vale=0.00:idle;npc.ashen_hollow.sel_arien=0.00:idle;npc.ashen_hollow.tavar_orr=0.00:idle
12.350,0.0167,0.00,0.00,cast,Windup,3.60,-0.18,75,effect.braced,npc.ashen_hollow.kera_voss=0.00:idle;npc.ashen_hollow.renn_vale=0.00:idle;npc.ashen_hollow.sel_arien=0.00:idle;npc.ashen_hollow.tavar_orr=0.00:idle
12.367,0.0167,0.33,0.00,cast,Windup,3.60,-0.18,75,effect.braced,npc.ashen_hollow.kera_voss=0.00:idle;npc.ashen_hollow.renn_vale=0.00:idle;npc.ashen_hollow.sel_arien=0.00:idle;npc.ashen_hollow.tavar_orr=0.00:idle
12.383,0.0167,0.67,0.00,cast,Windup,3.60,-0.18,75,effect.braced,npc.ashen_hollow.kera_voss=0.00:idle;npc.ashen_hollow.renn_vale=0.00:idle;npc.ashen_hollow.sel_arien=0.00:idle;npc.ashen_hollow.tavar_orr=0.00:idle
12.400,0.0167,0.00,0.00,cast,Windup,3.60,-0.18,75,effect.braced,npc.ashen_hollow.kera_voss=0.00:idle;npc.ashen_hollow.renn_vale=0.00:idle;npc.ashen_hollow.sel_arien=0.00:idle;npc.ashen_hollow.tavar_orr=0.00:idle
12.417,0.0167,0.33,0.00,cast,Windup,3.60,-0.18,75,effect.braced,npc.ashen_hollow.kera_voss=0.00:idle;npc.ashen_hollow.renn_vale=0.00:idle;npc.ashen_hollow.sel_arien=0.00:idle;npc.ashen_hollow.tavar_orr=0.00:idle
12.433,0.0167,0.67,0.00,cast,Windup,3.60,-0.18,75,effect.braced,npc.ashen_hollow.kera_voss=0.00:idle;npc.ashen_hollow.renn_vale=0.00:idle;npc.ashen_hollow.sel_arien=0.00:idle;npc.ashen_hollow.tavar_orr=0.00:idle
12.450,0.0167,0.00,0.00,cast,Windup,3.60,-0.18,75,effect.braced,npc.ashen_hollow.kera_voss=0.00:idle;npc.ashen_hollow.renn_vale=0.00:idle;npc.ashen_hollow.sel_arien=0.00:idle;npc.ashen_hollow.tavar_orr=0.00:idle
12.467,0.0167,0.33,0.00,cast,Windup,3.60,-0.18,75,effect.braced,npc.ashen_hollow.kera_voss=0.00:idle;npc.ashen_hollow.renn_vale=0.00:idle;npc.ashen_hollow.sel_arien=0.00:idle;npc.ashen_hollow.tavar_orr=0.00:idle
12.483,0.0167,0.67,0.00,cast,Windup,3.60,-0.18,75,effect.braced,npc.ashen_hollow.kera_voss=0.00:idle;npc.ashen_hollow.renn_vale=0.00:idle;npc.ashen_hollow.sel_arien=0.00:idle;npc.ashen_hollow.tavar_orr=0.00:idle
12.500,0.0167,0.00,0.00,cast,Windup,3.60,-0.18,75,effect.braced,npc.ashen_hollow.kera_voss=0.00:idle;npc.ashen_hollow.renn_vale=0.00:idle;npc.ashen_hollow.sel_arien=0.00:idle;npc.ashen_hollow.tavar_orr=0.00:idle
12.517,0.0167,0.33,0.00,cast,Windup,3.60,-0.18,75,effect.braced,npc.ashen_hollow.kera_voss=0.00:idle;npc.ashen_hollow.renn_vale=0.00:idle;npc.ashen_hollow.sel_arien=0.00:idle;npc.ashen_hollow.tavar_orr=0.00:idle
12.533,0.0167,0.67,0.00,cast,Windup,3.60,-0.18,75,effect.braced,npc.ashen_hollow.kera_voss=0.00:idle;npc.ashen_hollow.renn_vale=0.00:idle;npc.ashen_hollow.sel_arien=0.00:idle;npc.ashen_hollow.tavar_orr=0.00:idle
12.550,0.0167,0.00,0.00,cast,Windup,3.60,-0.18,75,effect.braced,npc.ashen_hollow.kera_voss=0.00:idle;npc.ashen_hollow.renn_vale=0.00:idle;npc.ashen_hollow.sel_arien=0.00:idle;npc.ashen_hollow.tavar_orr=0.00:idle
12.567,0.0167,0.33,0.00,cast,Windup,3.60,-0.18,75,effect.braced,npc.ashen_hollow.kera_voss=0.00:idle;npc.ashen_hollow.renn_vale=0.00:idle;npc.ashen_hollow.sel_arien=0.00:idle;npc.ashen_hollow.tavar_orr=0.00:idle
12.583,0.0167,0.67,0.00,cast,Windup,3.60,-0.18,75,effect.braced,npc.ashen_hollow.kera_voss=0.00:idle;npc.ashen_hollow.renn_vale=0.00:idle;npc.ashen_hollow.sel_arien=0.00:idle;npc.ashen_hollow.tavar_orr=0.00:idle
12.600,0.0167,0.00,0.00,cast,Windup,3.60,-0.18,75,effect.braced,npc.ashen_hollow.kera_voss=0.00:idle;npc.ashen_hollow.renn_vale=0.00:idle;npc.ashen_hollow.sel_arien=0.00:idle;npc.ashen_hollow.tavar_orr=0.00:idle
12.617,0.0167,0.33,0.00,cast,Windup,3.60,-0.18,75,effect.braced,npc.ashen_hollow.kera_voss=0.00:idle;npc.ashen_hollow.renn_vale=0.00:idle;npc.ashen_hollow.sel_arien=0.00:idle;npc.ashen_hollow.tavar_orr=0.00:idle
12.633,0.0167,0.67,0.00,cast,Windup,3.60,-0.18,75,effect.braced,npc.ashen_hollow.kera_voss=0.00:idle;npc.ashen_hollow.renn_vale=0.00:idle;npc.ashen_hollow.sel_arien=0.00:idle;npc.ashen_hollow.tavar_orr=0.00:idle
12.650,0.0167,0.00,0.00,cast,Windup,3.60,-0.18,75,effect.braced,npc.ashen_hollow.kera_voss=0.00:idle;npc.ashen_hollow.renn_vale=0.00:idle;npc.ashen_hollow.sel_arien=0.00:idle;npc.ashen_hollow.tavar_orr=0.00:idle
12.667,0.0167,0.33,0.00,cast,Windup,3.60,-0.18,75,effect.braced,npc.ashen_hollow.kera_voss=0.00:idle;npc.ashen_hollow.renn_vale=0.00:idle;npc.ashen_hollow.sel_arien=0.00:idle;npc.ashen_hollow.tavar_orr=0.00:idle
12.683,0.0167,0.67,0.00,cast,Windup,3.60,-0.18,75,effect.braced,npc.ashen_hollow.kera_voss=0.00:idle;npc.ashen_hollow.renn_vale=0.00:idle;npc.ashen_hollow.sel_arien=0.00:idle;npc.ashen_hollow.tavar_orr=0.00:idle
12.700,0.0167,0.00,0.00,cast,Windup,3.60,-0.18,75,effect.braced,npc.ashen_hollow.kera_voss=0.00:idle;npc.ashen_hollow.renn_vale=0.00:idle;npc.ashen_hollow.sel_arien=0.00:idle;npc.ashen_hollow.tavar_orr=0.00:idle
12.717,0.0167,0.33,0.00,cast,Windup,3.60,-0.18,75,effect.braced,npc.ashen_hollow.kera_voss=0.00:idle;npc.ashen_hollow.renn_vale=0.00:idle;npc.ashen_hollow.sel_arien=0.00:idle;npc.ashen_hollow.tavar_orr=0.00:idle
12.733,0.0167,0.67,0.00,cast,Windup,3.60,-0.18,75,effect.braced,npc.ashen_hollow.kera_voss=0.00:idle;npc.ashen_hollow.renn_vale=0.00:idle;npc.ashen_hollow.sel_arien=0.00:idle;npc.ashen_hollow.tavar_orr=0.00:idle
12.750,0.0167,0.00,0.00,cast,Windup,3.60,-0.18,75,effect.braced,npc.ashen_hollow.kera_voss=0.00:idle;npc.ashen_hollow.renn_vale=0.00:idle;npc.ashen_hollow.sel_arien=0.00:idle;npc.ashen_hollow.tavar_orr=0.00:idle
12.767,0.0167,0.33,0.00,cast,Windup,3.60,-0.18,75,effect.braced,npc.ashen_hollow.kera_voss=0.00:idle;npc.ashen_hollow.renn_vale=0.00:idle;npc.ashen_hollow.sel_arien=0.00:idle;npc.ashen_hollow.tavar_orr=0.00:idle
12.783,0.0167,0.67,0.00,cast,Windup,3.60,-0.18,75,effect.braced,npc.ashen_hollow.kera_voss=0.00:idle;npc.ashen_hollow.renn_vale=0.00:idle;npc.ashen_hollow.sel_arien=0.00:idle;npc.ashen_hollow.tavar_orr=0.00:idle
12.800,0.0167,0.00,0.00,cast,Windup,3.60,-0.18,75,effect.braced,npc.ashen_hollow.kera_voss=0.00:idle;npc.ashen_hollow.renn_vale=0.00:idle;npc.ashen_hollow.sel_arien=0.00:idle;npc.ashen_hollow.tavar_orr=0.00:idle
12.817,0.0167,0.33,0.00,cast,Windup,3.60,-0.18,75,effect.braced,npc.ashen_hollow.kera_voss=0.00:idle;npc.ashen_hollow.renn_vale=0.00:idle;npc.ashen_hollow.sel_arien=0.00:idle;npc.ashen_hollow.tavar_orr=0.00:idle
12.833,0.0167,0.67,0.00,cast,Windup,3.60,-0.18,75,effect.braced,npc.ashen_hollow.kera_voss=0.00:idle;npc.ashen_hollow.renn_vale=0.00:idle;npc.ashen_hollow.sel_arien=0.00:idle;npc.ashen_hollow.tavar_orr=0.00:idle
12.850,0.0167,0.00,0.00,cast,Windup,3.60,-0.18,75,effect.braced,npc.ashen_hollow.kera_voss=0.00:idle;npc.ashen_hollow.renn_vale=0.00:idle;npc.ashen_hollow.sel_arien=0.00:idle;npc.ashen_hollow.tavar_orr=0.00:idle
12.867,0.0167,0.33,0.00,cast,Windup,3.60,-0.18,75,effect.braced,npc.ashen_hollow.kera_voss=0.00:idle;npc.ashen_hollow.renn_vale=0.00:idle;npc.ashen_hollow.sel_arien=0.00:idle;npc.ashen_hollow.tavar_orr=0.00:idle
12.883,0.0167,0.67,0.00,cast,Windup,3.60,-0.18,75,effect.braced,npc.ashen_hollow.kera_voss=0.00:idle;npc.ashen_hollow.renn_vale=0.00:idle;npc.ashen_hollow.sel_arien=0.00:idle;npc.ashen_hollow.tavar_orr=0.00:idle
12.900,0.0167,0.00,0.00,cast,Windup,3.60,-0.18,75,effect.braced,npc.ashen_hollow.kera_voss=0.00:idle;npc.ashen_hollow.renn_vale=0.00:idle;npc.ashen_hollow.sel_arien=0.00:idle;npc.ashen_hollow.tavar_orr=0.00:idle
12.917,0.0167,0.33,0.00,cast,Windup,3.60,-0.18,75,effect.braced,npc.ashen_hollow.kera_voss=0.00:idle;npc.ashen_hollow.renn_vale=0.00:idle;npc.ashen_hollow.sel_arien=0.00:idle;npc.ashen_hollow.tavar_orr=0.00:idle
12.933,0.0167,0.67,0.00,cast,Windup,3.60,-0.18,75,effect.braced,npc.ashen_hollow.kera_voss=0.00:idle;npc.ashen_hollow.renn_vale=0.00:idle;npc.ashen_hollow.sel_arien=0.00:idle;npc.ashen_hollow.tavar_orr=0.00:idle
12.950,0.0167,0.00,0.00,cast,Windup,3.60,-0.18,75,effect.braced,npc.ashen_hollow.kera_voss=0.00:idle;npc.ashen_hollow.renn_vale=0.00:idle;npc.ashen_hollow.sel_arien=0.00:idle;npc.ashen_hollow.tavar_orr=0.00:idle
12.967,0.0167,0.33,0.00,cast,Windup,3.60,-0.18,75,effect.braced,npc.ashen_hollow.kera_voss=0.00:idle;npc.ashen_hollow.renn_vale=0.00:idle;npc.ashen_hollow.sel_arien=0.00:idle;npc.ashen_hollow.tavar_orr=0.00:idle
12.983,0.0167,0.67,0.00,cast,Windup,3.60,-0.18,75,effect.braced,npc.ashen_hollow.kera_voss=0.00:idle;npc.ashen_hollow.renn_vale=0.00:idle;npc.ashen_hollow.sel_arien=0.00:idle;npc.ashen_hollow.tavar_orr=0.00:idle
13.000,0.0167,0.00,0.00,cast,Windup,3.60,-0.18,75,effect.braced,npc.ashen_hollow.kera_voss=0.00:idle;npc.ashen_hollow.renn_vale=0.00:idle;npc.ashen_hollow.sel_arien=0.00:idle;npc.ashen_hollow.tavar_orr=0.00:idle
13.017,0.0167,0.33,0.00,cast,Windup,3.60,-0.18,75,effect.braced,npc.ashen_hollow.kera_voss=0.00:idle;npc.ashen_hollow.renn_vale=0.00:idle;npc.ashen_hollow.sel_arien=0.00:idle;npc.ashen_hollow.tavar_orr=0.00:idle
13.033,0.0167,0.67,0.00,cast,Windup,3.60,-0.18,75,effect.braced,npc.ashen_hollow.kera_voss=0.00:idle;npc.ashen_hollow.renn_vale=0.00:idle;npc.ashen_hollow.sel_arien=0.00:idle;npc.ashen_hollow.tavar_orr=0.00:idle
13.050,0.0167,0.00,0.00,cast,Windup,3.60,-0.18,75,effect.braced,npc.ashen_hollow.kera_voss=0.00:idle;npc.ashen_hollow.renn_vale=0.00:idle;npc.ashen_hollow.sel_arien=0.00:idle;npc.ashen_hollow.tavar_orr=0.00:idle
13.067,0.0167,0.33,0.00,cast,Windup,3.60,-0.18,75,effect.braced,npc.ashen_hollow.kera_voss=0.00:idle;npc.ashen_hollow.renn_vale=0.00:idle;npc.ashen_hollow.sel_arien=0.00:idle;npc.ashen_hollow.tavar_orr=0.00:idle
13.083,0.0167,0.67,0.00,cast,Windup,3.60,-0.18,75,effect.braced,npc.ashen_hollow.kera_voss=0.00:idle;npc.ashen_hollow.renn_vale=0.00:idle;npc.ashen_hollow.sel_arien=0.00:idle;npc.ashen_hollow.tavar_orr=0.00:idle
13.100,0.0167,0.00,0.00,cast,Windup,3.60,-0.18,75,effect.braced,npc.ashen_hollow.kera_voss=0.00:idle;npc.ashen_hollow.renn_vale=0.00:idle;npc.ashen_hollow.sel_arien=0.00:idle;npc.ashen_hollow.tavar_orr=0.00:idle
13.117,0.0167,0.33,0.00,cast,Windup,3.60,-0.18,75,effect.braced,npc.ashen_hollow.kera_voss=0.00:idle;npc.ashen_hollow.renn_vale=0.00:idle;npc.ashen_hollow.sel_arien=0.00:idle;npc.ashen_hollow.tavar_orr=0.00:idle
13.133,0.0167,0.67,0.00,cast,Windup,3.60,-0.18,75,effect.braced,npc.ashen_hollow.kera_voss=0.00:idle;npc.ashen_hollow.renn_vale=0.00:idle;npc.ashen_hollow.sel_arien=0.00:idle;npc.ashen_hollow.tavar_orr=0.00:idle
13.150,0.0167,0.00,0.00,cast,Windup,3.60,-0.18,75,effect.braced,npc.ashen_hollow.kera_voss=0.00:idle;npc.ashen_hollow.renn_vale=0.00:idle;npc.ashen_hollow.sel_arien=0.00:idle;npc.ashen_hollow.tavar_orr=0.00:idle
13.167,0.0167,0.33,0.00,cast,Windup,3.60,-0.18,75,effect.braced,npc.ashen_hollow.kera_voss=0.00:idle;npc.ashen_hollow.renn_vale=0.00:idle;npc.ashen_hollow.sel_arien=0.00:idle;npc.ashen_hollow.tavar_orr=0.00:idle
13.183,0.0167,0.67,0.00,cast,Windup,3.60,-0.18,75,effect.braced,npc.ashen_hollow.kera_voss=0.00:idle;npc.ashen_hollow.renn_vale=0.00:idle;npc.ashen_hollow.sel_arien=0.00:idle;npc.ashen_hollow.tavar_orr=0.00:idle
13.200,0.0167,0.00,0.00,cast,Windup,3.60,-0.18,75,effect.braced,npc.ashen_hollow.kera_voss=0.00:idle;npc.ashen_hollow.renn_vale=0.00:idle;npc.ashen_hollow.sel_arien=0.00:idle;npc.ashen_hollow.tavar_orr=0.00:idle
13.217,0.0167,0.33,0.00,cast,Windup,3.60,-0.18,75,effect.braced,npc.ashen_hollow.kera_voss=0.00:idle;npc.ashen_hollow.renn_vale=0.00:idle;npc.ashen_hollow.sel_arien=0.00:idle;npc.ashen_hollow.tavar_orr=0.00:idle
13.233,0.0167,0.67,0.00,cast,Windup,3.60,-0.18,75,effect.braced,npc.ashen_hollow.kera_voss=0.00:idle;npc.ashen_hollow.renn_vale=0.00:idle;npc.ashen_hollow.sel_arien=0.00:idle;npc.ashen_hollow.tavar_orr=0.00:idle
13.250,0.0167,0.00,0.00,cast,Windup,3.60,-0.18,75,effect.braced,npc.ashen_hollow.kera_voss=0.00:idle;npc.ashen_hollow.renn_vale=0.00:idle;npc.ashen_hollow.sel_arien=0.00:idle;npc.ashen_hollow.tavar_orr=0.00:idle
13.267,0.0167,0.33,0.00,cast,Windup,3.60,-0.18,75,effect.braced,npc.ashen_hollow.kera_voss=0.00:idle;npc.ashen_hollow.renn_vale=0.00:idle;npc.ashen_hollow.sel_arien=0.00:idle;npc.ashen_hollow.tavar_orr=0.00:idle
13.283,0.0167,0.67,0.00,cast,Windup,3.60,-0.18,75,effect.braced,npc.ashen_hollow.kera_voss=0.00:idle;npc.ashen_hollow.renn_vale=0.00:idle;npc.ashen_hollow.sel_arien=0.00:idle;npc.ashen_hollow.tavar_orr=0.00:idle
13.300,0.0167,0.00,0.00,cast,Windup,3.60,-0.18,75,effect.braced,npc.ashen_hollow.kera_voss=0.00:idle;npc.ashen_hollow.renn_vale=0.00:idle;npc.ashen_hollow.sel_arien=0.00:idle;npc.ashen_hollow.tavar_orr=0.00:idle
13.317,0.0167,0.33,0.00,cast,Windup,3.60,-0.18,75,effect.braced,npc.ashen_hollow.kera_voss=0.00:idle;npc.ashen_hollow.renn_vale=0.00:idle;npc.ashen_hollow.sel_arien=0.00:idle;npc.ashen_hollow.tavar_orr=0.00:idle
13.333,0.0167,0.67,0.00,cast,Windup,3.60,-0.18,75,effect.braced,npc.ashen_hollow.kera_voss=0.00:idle;npc.ashen_hollow.renn_vale=0.00:idle;npc.ashen_hollow.sel_arien=0.00:idle;npc.ashen_hollow.tavar_orr=0.00:idle
13.350,0.0167,0.00,0.00,cast,Active,3.60,-0.18,75,effect.braced|effect.mending,npc.ashen_hollow.kera_voss=0.00:idle;npc.ashen_hollow.renn_vale=0.00:idle;npc.ashen_hollow.sel_arien=0.00:idle;npc.ashen_hollow.tavar_orr=0.00:idle
13.367,0.0167,0.33,0.00,cast,Active,3.60,-0.18,75,effect.braced|effect.mending,npc.ashen_hollow.kera_voss=0.00:idle;npc.ashen_hollow.renn_vale=0.00:idle;npc.ashen_hollow.sel_arien=0.00:idle;npc.ashen_hollow.tavar_orr=0.00:idle
13.383,0.0167,0.67,0.00,cast,Active,3.60,-0.18,75,effect.braced|effect.mending,npc.ashen_hollow.kera_voss=0.00:idle;npc.ashen_hollow.renn_vale=0.00:idle;npc.ashen_hollow.sel_arien=0.00:idle;npc.ashen_hollow.tavar_orr=0.00:idle
13.400,0.0167,0.00,0.00,cast,Recovery,3.60,-0.18,75,effect.braced|effect.mending,npc.ashen_hollow.kera_voss=0.00:idle;npc.ashen_hollow.renn_vale=0.00:idle;npc.ashen_hollow.sel_arien=0.00:idle;npc.ashen_hollow.tavar_orr=0.00:idle
13.417,0.0167,0.33,0.00,cast,Recovery,3.60,-0.18,75,effect.braced|effect.mending,npc.ashen_hollow.kera_voss=0.00:idle;npc.ashen_hollow.renn_vale=0.00:idle;npc.ashen_hollow.sel_arien=0.00:idle;npc.ashen_hollow.tavar_orr=0.00:idle
13.433,0.0167,0.67,0.00,cast,Recovery,3.60,-0.18,75,effect.braced|effect.mending,npc.ashen_hollow.kera_voss=0.00:idle;npc.ashen_hollow.renn_vale=0.00:idle;npc.ashen_hollow.sel_arien=0.00:idle;npc.ashen_hollow.tavar_orr=0.00:idle
13.450,0.0167,0.00,0.00,cast,Recovery,3.60,-0.18,75,effect.braced|effect.mending,npc.ashen_hollow.kera_voss=0.00:idle;npc.ashen_hollow.renn_vale=0.00:idle;npc.ashen_hollow.sel_arien=0.00:idle;npc.ashen_hollow.tavar_orr=0.00:idle
13.467,0.0167,0.33,0.00,cast,Recovery,3.60,-0.18,75,effect.braced|effect.mending,npc.ashen_hollow.kera_voss=0.00:idle;npc.ashen_hollow.renn_vale=0.00:idle;npc.ashen_hollow.sel_arien=0.00:idle;npc.ashen_hollow.tavar_orr=0.00:idle
13.483,0.0167,0.67,0.00,cast,Recovery,3.60,-0.18,75,effect.braced|effect.mending,npc.ashen_hollow.kera_voss=0.00:idle;npc.ashen_hollow.renn_vale=0.00:idle;npc.ashen_hollow.sel_arien=0.00:idle;npc.ashen_hollow.tavar_orr=0.00:idle
13.500,0.0167,0.00,0.00,cast,Recovery,3.60,-0.18,75,effect.braced|effect.mending,npc.ashen_hollow.kera_voss=0.00:idle;npc.ashen_hollow.renn_vale=0.00:idle;npc.ashen_hollow.sel_arien=0.00:idle;npc.ashen_hollow.tavar_orr=0.00:idle
13.517,0.0167,0.33,0.00,cast,Recovery,3.60,-0.18,75,effect.braced|effect.mending,npc.ashen_hollow.kera_voss=0.00:idle;npc.ashen_hollow.renn_vale=0.00:idle;npc.ashen_hollow.sel_arien=0.00:idle;npc.ashen_hollow.tavar_orr=0.00:idle
13.533,0.0167,0.67,0.00,cast,Recovery,3.60,-0.18,75,effect.braced|effect.mending,npc.ashen_hollow.kera_voss=0.00:idle;npc.ashen_hollow.renn_vale=0.00:idle;npc.ashen_hollow.sel_arien=0.00:idle;npc.ashen_hollow.tavar_orr=0.00:idle
13.550,0.0167,0.00,0.00,cast,Recovery,3.60,-0.18,75,effect.braced|effect.mending,npc.ashen_hollow.kera_voss=0.00:idle;npc.ashen_hollow.renn_vale=0.00:idle;npc.ashen_hollow.sel_arien=0.00:idle;npc.ashen_hollow.tavar_orr=0.00:idle
13.567,0.0167,0.33,0.00,cast,Recovery,3.60,-0.18,75,effect.braced|effect.mending,npc.ashen_hollow.kera_voss=0.00:idle;npc.ashen_hollow.renn_vale=0.00:idle;npc.ashen_hollow.sel_arien=0.00:idle;npc.ashen_hollow.tavar_orr=0.00:idle
13.583,0.0167,0.67,0.00,cast,Recovery,3.60,-0.18,75,effect.braced|effect.mending,npc.ashen_hollow.kera_voss=0.00:idle;npc.ashen_hollow.renn_vale=0.00:idle;npc.ashen_hollow.sel_arien=0.00:idle;npc.ashen_hollow.tavar_orr=0.00:idle
13.600,0.0167,0.00,0.00,cast,Recovery,3.60,-0.18,75,effect.braced|effect.mending,npc.ashen_hollow.kera_voss=0.00:idle;npc.ashen_hollow.renn_vale=0.00:idle;npc.ashen_hollow.sel_arien=0.00:idle;npc.ashen_hollow.tavar_orr=0.00:idle
13.617,0.0167,0.33,0.00,cast,Recovery,3.60,-0.18,75,effect.braced|effect.mending,npc.ashen_hollow.kera_voss=0.00:idle;npc.ashen_hollow.renn_vale=0.00:idle;npc.ashen_hollow.sel_arien=0.00:idle;npc.ashen_hollow.tavar_orr=0.00:idle
13.633,0.0167,0.67,0.00,cast,Recovery,3.60,-0.18,75,effect.braced|effect.mending,npc.ashen_hollow.kera_voss=0.00:idle;npc.ashen_hollow.renn_vale=0.00:idle;npc.ashen_hollow.sel_arien=0.00:idle;npc.ashen_hollow.tavar_orr=0.00:idle
13.650,0.0167,0.00,0.00,cast,Recovery,3.60,-0.18,75,effect.braced|effect.mending,npc.ashen_hollow.kera_voss=0.00:idle;npc.ashen_hollow.renn_vale=0.00:idle;npc.ashen_hollow.sel_arien=0.00:idle;npc.ashen_hollow.tavar_orr=0.00:idle
13.667,0.0167,0.33,0.00,cast,Recovery,3.60,-0.18,75,effect.braced|effect.mending,npc.ashen_hollow.kera_voss=0.00:idle;npc.ashen_hollow.renn_vale=0.00:idle;npc.ashen_hollow.sel_arien=0.00:idle;npc.ashen_hollow.tavar_orr=0.00:idle
13.683,0.0167,0.67,0.00,cast,Recovery,3.60,-0.18,75,effect.braced|effect.mending,npc.ashen_hollow.kera_voss=0.00:idle;npc.ashen_hollow.renn_vale=0.00:idle;npc.ashen_hollow.sel_arien=0.00:idle;npc.ashen_hollow.tavar_orr=0.00:idle
13.700,0.0167,0.00,0.00,spear_ready,Idle,3.60,-0.18,75,effect.braced|effect.mending,npc.ashen_hollow.kera_voss=0.00:idle;npc.ashen_hollow.renn_vale=0.00:idle;npc.ashen_hollow.sel_arien=0.00:idle;npc.ashen_hollow.tavar_orr=0.00:idle
13.717,0.0167,0.33,0.00,spear_ready,Idle,3.60,-0.18,75,effect.braced|effect.mending,npc.ashen_hollow.kera_voss=0.00:idle;npc.ashen_hollow.renn_vale=0.00:idle;npc.ashen_hollow.sel_arien=0.00:idle;npc.ashen_hollow.tavar_orr=0.00:idle
13.733,0.0167,0.67,0.00,spear_ready,Idle,3.60,-0.18,75,effect.braced|effect.mending,npc.ashen_hollow.kera_voss=0.00:idle;npc.ashen_hollow.renn_vale=0.00:idle;npc.ashen_hollow.sel_arien=0.00:idle;npc.ashen_hollow.tavar_orr=0.00:idle
13.750,0.0167,0.00,0.00,spear_ready,Idle,3.60,-0.18,75,effect.braced|effect.mending,npc.ashen_hollow.kera_voss=0.00:idle;npc.ashen_hollow.renn_vale=0.00:idle;npc.ashen_hollow.sel_arien=0.00:idle;npc.ashen_hollow.tavar_orr=0.00:idle
13.767,0.0167,0.33,0.00,spear_ready,Idle,3.60,-0.18,75,effect.braced|effect.mending,npc.ashen_hollow.kera_voss=0.00:idle;npc.ashen_hollow.renn_vale=0.00:idle;npc.ashen_hollow.sel_arien=0.00:idle;npc.ashen_hollow.tavar_orr=0.00:idle
13.783,0.0167,0.67,0.00,spear_ready,Idle,3.60,-0.18,75,effect.braced|effect.mending,npc.ashen_hollow.kera_voss=0.00:idle;npc.ashen_hollow.renn_vale=0.00:idle;npc.ashen_hollow.sel_arien=0.00:idle;npc.ashen_hollow.tavar_orr=0.00:idle
13.800,0.0167,0.00,0.00,spear_ready,Idle,3.60,-0.18,75,effect.braced|effect.mending,npc.ashen_hollow.kera_voss=0.00:idle;npc.ashen_hollow.renn_vale=0.00:idle;npc.ashen_hollow.sel_arien=0.00:idle;npc.ashen_hollow.tavar_orr=0.00:idle
13.817,0.0167,0.33,0.00,spear_ready,Idle,3.60,-0.18,75,effect.braced|effect.mending,npc.ashen_hollow.kera_voss=0.00:idle;npc.ashen_hollow.renn_vale=0.00:idle;npc.ashen_hollow.sel_arien=0.00:idle;npc.ashen_hollow.tavar_orr=0.00:idle
13.833,0.0167,0.67,0.00,spear_ready,Idle,3.60,-0.18,75,effect.braced|effect.mending,npc.ashen_hollow.kera_voss=0.00:idle;npc.ashen_hollow.renn_vale=0.00:idle;npc.ashen_hollow.sel_arien=0.00:idle;npc.ashen_hollow.tavar_orr=0.00:idle
13.850,0.0167,0.00,0.00,spear_ready,Idle,3.60,-0.18,75,effect.braced|effect.mending,npc.ashen_hollow.kera_voss=0.00:idle;npc.ashen_hollow.renn_vale=0.00:idle;npc.ashen_hollow.sel_arien=0.00:idle;npc.ashen_hollow.tavar_orr=0.00:idle
13.867,0.0167,0.33,0.00,spear_ready,Idle,3.60,-0.18,75,effect.braced|effect.mending,npc.ashen_hollow.kera_voss=0.00:idle;npc.ashen_hollow.renn_vale=0.00:idle;npc.ashen_hollow.sel_arien=0.00:idle;npc.ashen_hollow.tavar_orr=0.00:idle
13.883,0.0167,0.67,0.00,spear_ready,Idle,3.60,-0.18,75,effect.braced|effect.mending,npc.ashen_hollow.kera_voss=0.00:idle;npc.ashen_hollow.renn_vale=0.00:idle;npc.ashen_hollow.sel_arien=0.00:idle;npc.ashen_hollow.tavar_orr=0.00:idle
13.900,0.0167,0.00,0.00,spear_ready,Idle,3.60,-0.18,75,effect.braced|effect.mending,npc.ashen_hollow.kera_voss=0.00:idle;npc.ashen_hollow.renn_vale=0.00:idle;npc.ashen_hollow.sel_arien=0.00:idle;npc.ashen_hollow.tavar_orr=0.00:idle
13.917,0.0167,0.33,0.00,spear_ready,Idle,3.60,-0.18,75,effect.braced|effect.mending,npc.ashen_hollow.kera_voss=0.00:idle;npc.ashen_hollow.renn_vale=0.00:idle;npc.ashen_hollow.sel_arien=0.00:idle;npc.ashen_hollow.tavar_orr=0.00:idle
13.933,0.0167,0.67,0.00,spear_ready,Idle,3.60,-0.18,75,effect.braced|effect.mending,npc.ashen_hollow.kera_voss=0.00:idle;npc.ashen_hollow.renn_vale=0.00:idle;npc.ashen_hollow.sel_arien=0.00:idle;npc.ashen_hollow.tavar_orr=0.00:idle
13.950,0.0167,0.00,0.00,spear_ready,Idle,3.60,-0.18,75,effect.braced|effect.mending,npc.ashen_hollow.kera_voss=0.00:idle;npc.ashen_hollow.renn_vale=0.00:idle;npc.ashen_hollow.sel_arien=0.00:idle;npc.ashen_hollow.tavar_orr=0.00:idle
13.967,0.0167,0.33,0.00,spear_ready,Idle,3.60,-0.18,75,effect.braced|effect.mending,npc.ashen_hollow.kera_voss=0.00:idle;npc.ashen_hollow.renn_vale=0.00:idle;npc.ashen_hollow.sel_arien=0.00:idle;npc.ashen_hollow.tavar_orr=0.00:idle
13.983,0.0167,0.67,0.00,spear_ready,Idle,3.60,-0.18,75,effect.braced|effect.mending,npc.ashen_hollow.kera_voss=0.00:idle;npc.ashen_hollow.renn_vale=0.00:idle;npc.ashen_hollow.sel_arien=0.00:idle;npc.ashen_hollow.tavar_orr=0.00:idle
14.000,0.0167,0.00,0.00,spear_ready,Idle,3.60,-0.18,75,effect.braced|effect.mending,npc.ashen_hollow.kera_voss=0.00:idle;npc.ashen_hollow.renn_vale=0.00:idle;npc.ashen_hollow.sel_arien=0.00:idle;npc.ashen_hollow.tavar_orr=0.00:idle
14.017,0.0167,0.33,0.00,spear_ready,Idle,3.60,-0.18,75,effect.braced|effect.mending,npc.ashen_hollow.kera_voss=0.00:idle;npc.ashen_hollow.renn_vale=0.00:idle;npc.ashen_hollow.sel_arien=0.00:idle;npc.ashen_hollow.tavar_orr=0.00:idle
14.033,0.0167,0.67,0.00,spear_ready,Idle,3.60,-0.18,75,effect.braced|effect.mending,npc.ashen_hollow.kera_voss=0.00:idle;npc.ashen_hollow.renn_vale=0.00:idle;npc.ashen_hollow.sel_arien=0.00:idle;npc.ashen_hollow.tavar_orr=0.00:idle
14.050,0.0167,0.00,0.00,spear_ready,Idle,3.60,-0.18,75,effect.braced|effect.mending,npc.ashen_hollow.kera_voss=0.00:idle;npc.ashen_hollow.renn_vale=0.00:idle;npc.ashen_hollow.sel_arien=0.00:idle;npc.ashen_hollow.tavar_orr=0.00:idle
14.067,0.0167,0.33,0.00,spear_ready,Idle,3.60,-0.18,75,effect.braced|effect.mending,npc.ashen_hollow.kera_voss=0.00:idle;npc.ashen_hollow.renn_vale=0.00:idle;npc.ashen_hollow.sel_arien=0.00:idle;npc.ashen_hollow.tavar_orr=0.00:idle
14.083,0.0167,0.67,0.00,spear_ready,Idle,3.60,-0.18,75,effect.braced|effect.mending,npc.ashen_hollow.kera_voss=0.00:idle;npc.ashen_hollow.renn_vale=0.00:idle;npc.ashen_hollow.sel_arien=0.00:idle;npc.ashen_hollow.tavar_orr=0.00:idle
14.100,0.0167,0.00,0.00,spear_ready,Idle,3.60,-0.18,75,effect.braced|effect.mending,npc.ashen_hollow.kera_voss=0.00:idle;npc.ashen_hollow.renn_vale=0.00:idle;npc.ashen_hollow.sel_arien=0.00:idle;npc.ashen_hollow.tavar_orr=0.00:idle
14.117,0.0167,0.33,0.00,spear_ready,Idle,3.60,-0.18,75,effect.braced|effect.mending,npc.ashen_hollow.kera_voss=0.00:idle;npc.ashen_hollow.renn_vale=0.00:idle;npc.ashen_hollow.sel_arien=0.00:idle;npc.ashen_hollow.tavar_orr=0.00:idle
14.133,0.0167,0.67,0.00,spear_ready,Idle,3.60,-0.18,75,effect.braced|effect.mending,npc.ashen_hollow.kera_voss=0.00:idle;npc.ashen_hollow.renn_vale=0.00:idle;npc.ashen_hollow.sel_arien=0.00:idle;npc.ashen_hollow.tavar_orr=0.00:idle
14.150,0.0167,0.00,0.00,spear_ready,Idle,3.60,-0.18,75,effect.braced|effect.mending,npc.ashen_hollow.kera_voss=0.00:idle;npc.ashen_hollow.renn_vale=0.00:idle;npc.ashen_hollow.sel_arien=0.00:idle;npc.ashen_hollow.tavar_orr=0.00:idle
14.167,0.0167,0.33,0.00,spear_ready,Idle,3.60,-0.18,75,effect.braced|effect.mending,npc.ashen_hollow.kera_voss=0.00:idle;npc.ashen_hollow.renn_vale=0.00:idle;npc.ashen_hollow.sel_arien=0.00:idle;npc.ashen_hollow.tavar_orr=0.00:idle
14.183,0.0167,0.67,0.00,spear_ready,Idle,3.60,-0.18,75,effect.braced|effect.mending,npc.ashen_hollow.kera_voss=0.00:idle;npc.ashen_hollow.renn_vale=0.00:idle;npc.ashen_hollow.sel_arien=0.00:idle;npc.ashen_hollow.tavar_orr=0.00:idle
14.200,0.0167,0.00,0.00,spear_ready,Idle,3.60,-0.18,75,effect.braced|effect.mending,npc.ashen_hollow.kera_voss=0.00:idle;npc.ashen_hollow.renn_vale=0.00:idle;npc.ashen_hollow.sel_arien=0.00:idle;npc.ashen_hollow.tavar_orr=0.00:idle
14.217,0.0167,0.33,0.00,spear_ready,Idle,3.60,-0.18,75,effect.braced|effect.mending,npc.ashen_hollow.kera_voss=0.00:idle;npc.ashen_hollow.renn_vale=0.00:idle;npc.ashen_hollow.sel_arien=0.00:idle;npc.ashen_hollow.tavar_orr=0.00:idle
14.233,0.0167,0.67,0.00,spear_ready,Idle,3.60,-0.18,75,effect.braced|effect.mending,npc.ashen_hollow.kera_voss=0.00:idle;npc.ashen_hollow.renn_vale=0.00:idle;npc.ashen_hollow.sel_arien=0.00:idle;npc.ashen_hollow.tavar_orr=0.00:idle
14.250,0.0167,0.00,0.00,spear_ready,Idle,3.60,-0.18,75,effect.braced|effect.mending,npc.ashen_hollow.kera_voss=0.00:idle;npc.ashen_hollow.renn_vale=0.00:idle;npc.ashen_hollow.sel_arien=0.00:idle;npc.ashen_hollow.tavar_orr=0.00:idle
14.267,0.0167,0.33,0.00,spear_ready,Idle,3.60,-0.18,75,effect.braced|effect.mending,npc.ashen_hollow.kera_voss=0.00:idle;npc.ashen_hollow.renn_vale=0.00:idle;npc.ashen_hollow.sel_arien=0.00:idle;npc.ashen_hollow.tavar_orr=0.00:idle
14.283,0.0167,0.67,0.00,spear_ready,Idle,3.60,-0.18,75,effect.braced|effect.mending,npc.ashen_hollow.kera_voss=0.00:idle;npc.ashen_hollow.renn_vale=0.00:idle;npc.ashen_hollow.sel_arien=0.00:idle;npc.ashen_hollow.tavar_orr=0.00:idle
14.300,0.0167,0.00,0.00,spear_ready,Idle,3.60,-0.18,75,effect.braced|effect.mending,npc.ashen_hollow.kera_voss=0.00:idle;npc.ashen_hollow.renn_vale=0.00:idle;npc.ashen_hollow.sel_arien=0.00:idle;npc.ashen_hollow.tavar_orr=0.00:idle
14.317,0.0167,0.33,0.00,spear_ready,Idle,3.60,-0.18,75,effect.braced|effect.mending,npc.ashen_hollow.kera_voss=0.00:idle;npc.ashen_hollow.renn_vale=0.00:idle;npc.ashen_hollow.sel_arien=0.00:idle;npc.ashen_hollow.tavar_orr=0.00:idle
14.333,0.0167,0.67,0.00,spear_ready,Idle,3.60,-0.18,75,effect.braced|effect.mending,npc.ashen_hollow.kera_voss=0.00:idle;npc.ashen_hollow.renn_vale=0.00:idle;npc.ashen_hollow.sel_arien=0.00:idle;npc.ashen_hollow.tavar_orr=0.00:idle
14.350,0.0167,0.00,0.00,spear_ready,Idle,3.60,-0.18,75,effect.braced|effect.mending,npc.ashen_hollow.kera_voss=0.00:idle;npc.ashen_hollow.renn_vale=0.00:idle;npc.ashen_hollow.sel_arien=0.00:idle;npc.ashen_hollow.tavar_orr=0.00:idle
14.367,0.0167,0.33,0.00,spear_ready,Idle,3.60,-0.18,75,effect.braced|effect.mending,npc.ashen_hollow.kera_voss=0.00:idle;npc.ashen_hollow.renn_vale=0.00:idle;npc.ashen_hollow.sel_arien=0.00:idle;npc.ashen_hollow.tavar_orr=0.00:idle
14.383,0.0167,0.67,0.00,spear_ready,Idle,3.60,-0.18,75,effect.braced|effect.mending,npc.ashen_hollow.kera_voss=0.00:idle;npc.ashen_hollow.renn_vale=0.00:idle;npc.ashen_hollow.sel_arien=0.00:idle;npc.ashen_hollow.tavar_orr=0.00:idle
14.400,0.0167,0.00,0.00,spear_ready,Idle,3.60,-0.18,75,effect.braced|effect.mending,npc.ashen_hollow.kera_voss=0.00:idle;npc.ashen_hollow.renn_vale=0.00:idle;npc.ashen_hollow.sel_arien=0.00:idle;npc.ashen_hollow.tavar_orr=0.00:idle
14.417,0.0167,0.33,0.00,spear_ready,Idle,3.60,-0.18,75,effect.braced|effect.mending,npc.ashen_hollow.kera_voss=0.00:idle;npc.ashen_hollow.renn_vale=0.00:idle;npc.ashen_hollow.sel_arien=0.00:idle;npc.ashen_hollow.tavar_orr=0.00:idle
14.433,0.0167,0.67,0.00,spear_ready,Idle,3.60,-0.18,75,effect.braced|effect.mending,npc.ashen_hollow.kera_voss=0.00:idle;npc.ashen_hollow.renn_vale=0.00:idle;npc.ashen_hollow.sel_arien=0.00:idle;npc.ashen_hollow.tavar_orr=0.00:idle
14.450,0.0167,0.00,0.00,spear_ready,Idle,3.60,-0.18,75,effect.braced|effect.mending,npc.ashen_hollow.kera_voss=0.00:idle;npc.ashen_hollow.renn_vale=0.00:idle;npc.ashen_hollow.sel_arien=0.00:idle;npc.ashen_hollow.tavar_orr=0.00:idle
14.467,0.0167,0.33,0.00,spear_ready,Idle,3.60,-0.18,75,effect.braced|effect.mending,npc.ashen_hollow.kera_voss=0.00:idle;npc.ashen_hollow.renn_vale=0.00:idle;npc.ashen_hollow.sel_arien=0.00:idle;npc.ashen_hollow.tavar_orr=0.00:idle
14.483,0.0167,0.67,0.00,spear_ready,Idle,3.60,-0.18,75,effect.braced|effect.mending,npc.ashen_hollow.kera_voss=0.00:idle;npc.ashen_hollow.renn_vale=0.00:idle;npc.ashen_hollow.sel_arien=0.00:idle;npc.ashen_hollow.tavar_orr=0.00:idle
14.500,0.0167,0.00,0.00,spear_ready,Idle,3.60,-0.18,75,effect.braced|effect.mending,npc.ashen_hollow.kera_voss=0.00:idle;npc.ashen_hollow.renn_vale=0.00:idle;npc.ashen_hollow.sel_arien=0.00:idle;npc.ashen_hollow.tavar_orr=0.00:idle
14.517,0.0167,0.33,0.00,spear_ready,Idle,3.60,-0.18,75,effect.braced|effect.mending,npc.ashen_hollow.kera_voss=0.00:idle;npc.ashen_hollow.renn_vale=0.00:idle;npc.ashen_hollow.sel_arien=0.00:idle;npc.ashen_hollow.tavar_orr=0.00:idle
14.533,0.0167,0.67,0.00,spear_ready,Idle,3.60,-0.18,75,effect.braced|effect.mending,npc.ashen_hollow.kera_voss=0.00:idle;npc.ashen_hollow.renn_vale=0.00:idle;npc.ashen_hollow.sel_arien=0.00:idle;npc.ashen_hollow.tavar_orr=0.00:idle
14.550,0.0167,0.00,0.00,spear_ready,Idle,3.60,-0.18,75,effect.braced|effect.mending,npc.ashen_hollow.kera_voss=0.00:idle;npc.ashen_hollow.renn_vale=0.00:idle;npc.ashen_hollow.sel_arien=0.00:idle;npc.ashen_hollow.tavar_orr=0.00:idle
14.567,0.0167,0.33,0.00,spear_ready,Idle,3.60,-0.18,75,effect.braced|effect.mending,npc.ashen_hollow.kera_voss=0.00:idle;npc.ashen_hollow.renn_vale=0.00:idle;npc.ashen_hollow.sel_arien=0.00:idle;npc.ashen_hollow.tavar_orr=0.00:idle
14.583,0.0167,0.67,0.00,spear_ready,Idle,3.60,-0.18,75,effect.braced|effect.mending,npc.ashen_hollow.kera_voss=0.00:idle;npc.ashen_hollow.renn_vale=0.00:idle;npc.ashen_hollow.sel_arien=0.00:idle;npc.ashen_hollow.tavar_orr=0.00:idle
14.600,0.0167,0.00,0.00,spear_ready,Idle,3.60,-0.18,75,effect.braced|effect.mending,npc.ashen_hollow.kera_voss=0.00:idle;npc.ashen_hollow.renn_vale=0.00:idle;npc.ashen_hollow.sel_arien=0.00:idle;npc.ashen_hollow.tavar_orr=0.00:idle
14.617,0.0167,0.33,0.00,spear_ready,Idle,3.60,-0.18,75,effect.braced|effect.mending,npc.ashen_hollow.kera_voss=0.00:idle;npc.ashen_hollow.renn_vale=0.00:idle;npc.ashen_hollow.sel_arien=0.00:idle;npc.ashen_hollow.tavar_orr=0.00:idle
14.633,0.0167,0.67,0.00,spear_ready,Idle,3.60,-0.18,75,effect.braced|effect.mending,npc.ashen_hollow.kera_voss=0.00:idle;npc.ashen_hollow.renn_vale=0.00:idle;npc.ashen_hollow.sel_arien=0.00:idle;npc.ashen_hollow.tavar_orr=0.00:idle
14.650,0.0167,0.00,0.00,spear_ready,Idle,3.60,-0.17,75,effect.braced|effect.mending,npc.ashen_hollow.kera_voss=0.00:idle;npc.ashen_hollow.renn_vale=0.00:idle;npc.ashen_hollow.sel_arien=0.00:idle;npc.ashen_hollow.tavar_orr=0.00:idle
14.667,0.0167,0.33,0.00,spear_ready,Idle,3.32,-0.17,75,effect.braced|effect.mending,npc.ashen_hollow.kera_voss=0.00:idle;npc.ashen_hollow.renn_vale=0.00:idle;npc.ashen_hollow.sel_arien=0.00:idle;npc.ashen_hollow.tavar_orr=0.00:idle
14.683,0.0167,0.67,0.00,spear_ready,Idle,3.09,-0.16,75,effect.braced|effect.mending,npc.ashen_hollow.kera_voss=0.00:idle;npc.ashen_hollow.renn_vale=0.00:idle;npc.ashen_hollow.sel_arien=0.00:idle;npc.ashen_hollow.tavar_orr=0.00:idle
14.700,0.0167,0.00,0.00,spear_ready,Idle,2.89,-0.16,75,effect.braced|effect.mending,npc.ashen_hollow.kera_voss=0.00:idle;npc.ashen_hollow.renn_vale=0.00:idle;npc.ashen_hollow.sel_arien=0.00:idle;npc.ashen_hollow.tavar_orr=0.00:idle
14.717,0.0167,0.33,0.00,spear_ready,Idle,2.72,-0.15,75,effect.braced|effect.mending,npc.ashen_hollow.kera_voss=0.00:idle;npc.ashen_hollow.renn_vale=0.00:idle;npc.ashen_hollow.sel_arien=0.00:idle;npc.ashen_hollow.tavar_orr=0.00:idle
14.733,0.0167,0.67,0.00,spear_ready,Idle,2.58,-0.15,75,effect.braced|effect.mending,npc.ashen_hollow.kera_voss=0.00:idle;npc.ashen_hollow.renn_vale=0.00:idle;npc.ashen_hollow.sel_arien=0.00:idle;npc.ashen_hollow.tavar_orr=0.00:idle
14.750,0.0167,0.00,0.00,spear_ready,Idle,2.46,-0.14,75,effect.braced|effect.mending,npc.ashen_hollow.kera_voss=0.00:idle;npc.ashen_hollow.renn_vale=0.00:idle;npc.ashen_hollow.sel_arien=0.00:idle;npc.ashen_hollow.tavar_orr=0.00:idle
14.767,0.0167,0.33,0.00,spear_ready,Idle,2.36,-0.14,75,effect.braced|effect.mending,npc.ashen_hollow.kera_voss=0.00:idle;npc.ashen_hollow.renn_vale=0.00:idle;npc.ashen_hollow.sel_arien=0.00:idle;npc.ashen_hollow.tavar_orr=0.00:idle
14.783,0.0167,0.67,0.00,spear_ready,Idle,2.27,-0.13,75,effect.braced|effect.mending,npc.ashen_hollow.kera_voss=0.00:idle;npc.ashen_hollow.renn_vale=0.00:idle;npc.ashen_hollow.sel_arien=0.00:idle;npc.ashen_hollow.tavar_orr=0.00:idle
14.800,0.0167,0.00,0.00,spear_ready,Idle,2.20,-0.13,75,effect.braced|effect.mending,npc.ashen_hollow.kera_voss=0.00:idle;npc.ashen_hollow.renn_vale=0.00:idle;npc.ashen_hollow.sel_arien=0.00:idle;npc.ashen_hollow.tavar_orr=0.00:idle
14.817,0.0167,0.33,0.00,spear_ready,Idle,2.14,-0.12,75,effect.braced|effect.mending,npc.ashen_hollow.kera_voss=0.00:idle;npc.ashen_hollow.renn_vale=0.00:idle;npc.ashen_hollow.sel_arien=0.00:idle;npc.ashen_hollow.tavar_orr=0.00:idle
14.833,0.0167,0.67,0.00,spear_ready,Idle,2.09,-0.12,75,effect.braced|effect.mending,npc.ashen_hollow.kera_voss=0.00:idle;npc.ashen_hollow.renn_vale=0.00:idle;npc.ashen_hollow.sel_arien=0.00:idle;npc.ashen_hollow.tavar_orr=0.00:idle
14.850,0.0167,0.00,0.00,spear_ready,Idle,2.04,-0.12,75,effect.braced|effect.mending,npc.ashen_hollow.kera_voss=0.00:idle;npc.ashen_hollow.renn_vale=0.00:idle;npc.ashen_hollow.sel_arien=0.00:idle;npc.ashen_hollow.tavar_orr=0.00:idle
14.867,0.0167,0.33,0.00,spear_ready,Idle,2.01,-0.11,75,effect.braced|effect.mending,npc.ashen_hollow.kera_voss=0.00:idle;npc.ashen_hollow.renn_vale=0.00:idle;npc.ashen_hollow.sel_arien=0.00:idle;npc.ashen_hollow.tavar_orr=0.00:idle
14.883,0.0167,0.67,0.00,spear_ready,Idle,1.97,-0.11,75,effect.braced|effect.mending,npc.ashen_hollow.kera_voss=0.00:idle;npc.ashen_hollow.renn_vale=0.00:idle;npc.ashen_hollow.sel_arien=0.00:idle;npc.ashen_hollow.tavar_orr=0.00:idle
14.900,0.0167,0.00,0.00,spear_ready,Idle,1.95,-0.11,75,effect.braced|effect.mending,npc.ashen_hollow.kera_voss=0.00:idle;npc.ashen_hollow.renn_vale=0.00:idle;npc.ashen_hollow.sel_arien=0.00:idle;npc.ashen_hollow.tavar_orr=0.00:idle
14.917,0.0167,0.33,0.00,spear_ready,Idle,1.93,-0.10,75,effect.braced|effect.mending,npc.ashen_hollow.kera_voss=0.00:idle;npc.ashen_hollow.renn_vale=0.00:idle;npc.ashen_hollow.sel_arien=0.00:idle;npc.ashen_hollow.tavar_orr=0.00:idle
14.933,0.0167,0.67,0.00,spear_ready,Idle,1.91,-0.10,75,effect.braced|effect.mending,npc.ashen_hollow.kera_voss=0.00:idle;npc.ashen_hollow.renn_vale=0.00:idle;npc.ashen_hollow.sel_arien=0.00:idle;npc.ashen_hollow.tavar_orr=0.00:idle
14.950,0.0167,0.00,0.00,spear_ready,Idle,1.89,-0.10,75,effect.braced|effect.mending,npc.ashen_hollow.kera_voss=0.00:idle;npc.ashen_hollow.renn_vale=0.00:idle;npc.ashen_hollow.sel_arien=0.00:idle;npc.ashen_hollow.tavar_orr=0.00:idle
14.967,0.0167,0.33,0.00,spear_ready,Idle,1.88,-0.10,75,effect.braced|effect.mending,npc.ashen_hollow.kera_voss=0.00:idle;npc.ashen_hollow.renn_vale=0.00:idle;npc.ashen_hollow.sel_arien=0.00:idle;npc.ashen_hollow.tavar_orr=0.00:idle
14.983,0.0167,0.67,0.00,spear_ready,Idle,1.86,-0.09,75,effect.braced|effect.mending,npc.ashen_hollow.kera_voss=0.00:idle;npc.ashen_hollow.renn_vale=0.00:idle;npc.ashen_hollow.sel_arien=0.00:idle;npc.ashen_hollow.tavar_orr=0.00:idle
15.000,0.0167,0.00,0.00,spear_ready,Idle,1.85,-0.09,75,effect.braced|effect.mending,npc.ashen_hollow.kera_voss=0.00:idle;npc.ashen_hollow.renn_vale=0.00:idle;npc.ashen_hollow.sel_arien=0.00:idle;npc.ashen_hollow.tavar_orr=0.00:idle
15.017,0.0167,0.33,0.00,spear_ready,Idle,1.85,-0.09,75,effect.braced|effect.mending,npc.ashen_hollow.kera_voss=0.00:idle;npc.ashen_hollow.renn_vale=0.00:idle;npc.ashen_hollow.sel_arien=0.00:idle;npc.ashen_hollow.tavar_orr=0.00:idle
15.033,0.0167,0.67,0.00,spear_ready,Idle,1.84,-0.09,75,effect.braced|effect.mending,npc.ashen_hollow.kera_voss=0.00:idle;npc.ashen_hollow.renn_vale=0.00:idle;npc.ashen_hollow.sel_arien=0.00:idle;npc.ashen_hollow.tavar_orr=0.00:idle
15.050,0.0167,0.00,0.00,spear_ready,Idle,1.83,-0.09,75,effect.braced|effect.mending,npc.ashen_hollow.kera_voss=0.00:idle;npc.ashen_hollow.renn_vale=0.00:idle;npc.ashen_hollow.sel_arien=0.00:idle;npc.ashen_hollow.tavar_orr=0.00:idle
15.067,0.0167,0.33,0.00,spear_ready,Idle,1.83,-0.08,75,effect.braced|effect.mending,npc.ashen_hollow.kera_voss=0.00:idle;npc.ashen_hollow.renn_vale=0.00:idle;npc.ashen_hollow.sel_arien=0.00:idle;npc.ashen_hollow.tavar_orr=0.00:idle
15.083,0.0167,0.67,0.00,spear_ready,Idle,1.82,-0.08,75,effect.braced|effect.mending,npc.ashen_hollow.kera_voss=0.00:idle;npc.ashen_hollow.renn_vale=0.00:idle;npc.ashen_hollow.sel_arien=0.00:idle;npc.ashen_hollow.tavar_orr=0.00:idle
15.100,0.0167,0.00,0.00,spear_ready,Idle,1.82,-0.08,75,effect.braced|effect.mending,npc.ashen_hollow.kera_voss=0.00:idle;npc.ashen_hollow.renn_vale=0.00:idle;npc.ashen_hollow.sel_arien=0.00:idle;npc.ashen_hollow.tavar_orr=0.00:idle
15.117,0.0167,0.33,0.00,spear_ready,Idle,1.82,-0.08,75,effect.braced|effect.mending,npc.ashen_hollow.kera_voss=0.00:idle;npc.ashen_hollow.renn_vale=0.00:idle;npc.ashen_hollow.sel_arien=0.00:idle;npc.ashen_hollow.tavar_orr=0.00:idle
15.133,0.0167,0.67,0.00,spear_ready,Idle,1.81,-0.08,75,effect.braced|effect.mending,npc.ashen_hollow.kera_voss=0.00:idle;npc.ashen_hollow.renn_vale=0.00:idle;npc.ashen_hollow.sel_arien=0.00:idle;npc.ashen_hollow.tavar_orr=0.00:idle
15.150,0.0167,0.00,0.00,spear_ready,Idle,1.81,-0.08,75,effect.braced|effect.mending,npc.ashen_hollow.kera_voss=0.00:idle;npc.ashen_hollow.renn_vale=0.00:idle;npc.ashen_hollow.sel_arien=0.00:idle;npc.ashen_hollow.tavar_orr=0.00:idle
15.167,0.0167,0.33,0.00,spear_ready,Idle,1.81,-0.08,75,effect.braced|effect.mending,npc.ashen_hollow.kera_voss=0.00:idle;npc.ashen_hollow.renn_vale=0.00:idle;npc.ashen_hollow.sel_arien=0.00:idle;npc.ashen_hollow.tavar_orr=0.00:idle
15.183,0.0167,0.67,0.00,spear_ready,Idle,1.81,-0.07,75,effect.braced|effect.mending,npc.ashen_hollow.kera_voss=0.00:idle;npc.ashen_hollow.renn_vale=0.00:idle;npc.ashen_hollow.sel_arien=0.00:idle;npc.ashen_hollow.tavar_orr=0.00:idle
15.200,0.0167,0.00,0.00,spear_ready,Idle,1.81,-0.07,75,effect.braced|effect.mending,npc.ashen_hollow.kera_voss=0.00:idle;npc.ashen_hollow.renn_vale=0.00:idle;npc.ashen_hollow.sel_arien=0.00:idle;npc.ashen_hollow.tavar_orr=0.00:idle
15.217,0.0167,0.33,0.00,spear_ready,Idle,1.81,-0.07,75,effect.braced|effect.mending,npc.ashen_hollow.kera_voss=0.00:idle;npc.ashen_hollow.renn_vale=0.00:idle;npc.ashen_hollow.sel_arien=0.00:idle;npc.ashen_hollow.tavar_orr=0.00:idle
15.233,0.0167,0.67,0.00,spear_ready,Idle,1.81,-0.07,75,effect.braced|effect.mending,npc.ashen_hollow.kera_voss=0.00:idle;npc.ashen_hollow.renn_vale=0.00:idle;npc.ashen_hollow.sel_arien=0.00:idle;npc.ashen_hollow.tavar_orr=0.00:idle
15.250,0.0167,0.00,0.00,spear_ready,Idle,1.80,-0.07,75,effect.braced|effect.mending,npc.ashen_hollow.kera_voss=0.00:idle;npc.ashen_hollow.renn_vale=0.00:idle;npc.ashen_hollow.sel_arien=0.00:idle;npc.ashen_hollow.tavar_orr=0.00:idle
15.267,0.0167,0.33,0.00,spear_ready,Idle,1.80,-0.07,75,effect.braced|effect.mending,npc.ashen_hollow.kera_voss=0.00:idle;npc.ashen_hollow.renn_vale=0.00:idle;npc.ashen_hollow.sel_arien=0.00:idle;npc.ashen_hollow.tavar_orr=0.00:idle
15.283,0.0167,0.67,0.00,spear_ready,Idle,1.80,-0.07,75,effect.braced|effect.mending,npc.ashen_hollow.kera_voss=0.00:idle;npc.ashen_hollow.renn_vale=0.00:idle;npc.ashen_hollow.sel_arien=0.00:idle;npc.ashen_hollow.tavar_orr=0.00:idle
15.300,0.0167,0.00,0.00,spear_ready,Idle,1.80,-0.07,75,effect.braced|effect.mending,npc.ashen_hollow.kera_voss=0.00:idle;npc.ashen_hollow.renn_vale=0.00:idle;npc.ashen_hollow.sel_arien=0.00:idle;npc.ashen_hollow.tavar_orr=0.00:idle
15.317,0.0167,0.33,0.00,spear_ready,Idle,1.80,-0.07,75,effect.braced|effect.mending,npc.ashen_hollow.kera_voss=0.00:idle;npc.ashen_hollow.renn_vale=0.00:idle;npc.ashen_hollow.sel_arien=0.00:idle;npc.ashen_hollow.tavar_orr=0.00:idle
15.333,0.0167,0.67,0.00,spear_ready,Idle,1.80,-0.07,75,effect.braced|effect.mending,npc.ashen_hollow.kera_voss=0.00:idle;npc.ashen_hollow.renn_vale=0.00:idle;npc.ashen_hollow.sel_arien=0.00:idle;npc.ashen_hollow.tavar_orr=0.00:idle
15.350,0.0167,0.00,0.00,spear_ready,Idle,1.80,-0.06,75,effect.braced|effect.mending,npc.ashen_hollow.kera_voss=0.00:idle;npc.ashen_hollow.renn_vale=0.00:idle;npc.ashen_hollow.sel_arien=0.00:idle;npc.ashen_hollow.tavar_orr=0.00:idle
15.367,0.0167,0.33,0.00,spear_ready,Idle,1.80,-0.06,75,effect.braced|effect.mending,npc.ashen_hollow.kera_voss=0.00:idle;npc.ashen_hollow.renn_vale=0.00:idle;npc.ashen_hollow.sel_arien=0.00:idle;npc.ashen_hollow.tavar_orr=0.00:idle
15.383,0.0167,0.67,0.00,spear_ready,Idle,1.80,-0.06,75,effect.braced|effect.mending,npc.ashen_hollow.kera_voss=0.00:idle;npc.ashen_hollow.renn_vale=0.00:idle;npc.ashen_hollow.sel_arien=0.00:idle;npc.ashen_hollow.tavar_orr=0.00:idle
15.400,0.0167,0.00,0.00,spear_ready,Idle,1.80,-0.06,75,effect.braced|effect.mending,npc.ashen_hollow.kera_voss=0.00:idle;npc.ashen_hollow.renn_vale=0.00:idle;npc.ashen_hollow.sel_arien=0.00:idle;npc.ashen_hollow.tavar_orr=0.00:idle
15.417,0.0167,0.33,0.00,spear_ready,Idle,1.80,-0.06,75,effect.braced|effect.mending,npc.ashen_hollow.kera_voss=0.00:idle;npc.ashen_hollow.renn_vale=0.00:idle;npc.ashen_hollow.sel_arien=0.00:idle;npc.ashen_hollow.tavar_orr=0.00:idle
15.433,0.0167,0.67,0.00,spear_ready,Idle,1.80,-0.06,75,effect.braced|effect.mending,npc.ashen_hollow.kera_voss=0.00:idle;npc.ashen_hollow.renn_vale=0.00:idle;npc.ashen_hollow.sel_arien=0.00:idle;npc.ashen_hollow.tavar_orr=0.00:idle
15.450,0.0167,0.00,0.00,spear_ready,Idle,1.80,-0.06,75,effect.braced|effect.mending,npc.ashen_hollow.kera_voss=0.00:idle;npc.ashen_hollow.renn_vale=0.00:idle;npc.ashen_hollow.sel_arien=0.00:idle;npc.ashen_hollow.tavar_orr=0.00:idle
15.467,0.0167,0.33,0.00,spear_ready,Idle,1.80,-0.06,75,effect.braced|effect.mending,npc.ashen_hollow.kera_voss=0.00:idle;npc.ashen_hollow.renn_vale=0.00:idle;npc.ashen_hollow.sel_arien=0.00:idle;npc.ashen_hollow.tavar_orr=0.00:idle
15.483,0.0167,0.67,0.00,spear_ready,Idle,1.80,-0.06,75,effect.braced|effect.mending,npc.ashen_hollow.kera_voss=0.00:idle;npc.ashen_hollow.renn_vale=0.00:idle;npc.ashen_hollow.sel_arien=0.00:idle;npc.ashen_hollow.tavar_orr=0.00:idle
15.500,0.0167,0.00,0.00,spear_ready,Idle,1.80,-0.06,75,effect.braced|effect.mending,npc.ashen_hollow.kera_voss=0.00:idle;npc.ashen_hollow.renn_vale=0.00:idle;npc.ashen_hollow.sel_arien=0.00:idle;npc.ashen_hollow.tavar_orr=0.00:idle
15.517,0.0167,0.33,0.00,spear_ready,Idle,1.80,-0.06,75,effect.braced|effect.mending,npc.ashen_hollow.kera_voss=0.00:idle;npc.ashen_hollow.renn_vale=0.00:idle;npc.ashen_hollow.sel_arien=0.00:idle;npc.ashen_hollow.tavar_orr=0.00:idle
15.533,0.0167,0.67,0.00,spear_ready,Idle,1.80,-0.06,75,effect.braced|effect.mending,npc.ashen_hollow.kera_voss=0.00:idle;npc.ashen_hollow.renn_vale=0.00:idle;npc.ashen_hollow.sel_arien=0.00:idle;npc.ashen_hollow.tavar_orr=0.00:idle
15.550,0.0167,0.00,0.00,spear_ready,Idle,1.80,-0.06,75,effect.braced|effect.mending,npc.ashen_hollow.kera_voss=0.00:idle;npc.ashen_hollow.renn_vale=0.00:idle;npc.ashen_hollow.sel_arien=0.00:idle;npc.ashen_hollow.tavar_orr=0.00:idle
15.567,0.0167,0.33,0.00,spear_ready,Idle,1.80,-0.06,75,effect.braced|effect.mending,npc.ashen_hollow.kera_voss=0.00:idle;npc.ashen_hollow.renn_vale=0.00:idle;npc.ashen_hollow.sel_arien=0.00:idle;npc.ashen_hollow.tavar_orr=0.00:idle
15.583,0.0167,0.67,0.00,spear_ready,Idle,1.80,-0.06,75,effect.braced|effect.mending,npc.ashen_hollow.kera_voss=0.00:idle;npc.ashen_hollow.renn_vale=0.00:idle;npc.ashen_hollow.sel_arien=0.00:idle;npc.ashen_hollow.tavar_orr=0.00:idle
15.600,0.0167,0.00,0.00,spear_ready,Idle,1.80,-0.06,75,effect.braced|effect.mending,npc.ashen_hollow.kera_voss=0.00:idle;npc.ashen_hollow.renn_vale=0.00:idle;npc.ashen_hollow.sel_arien=0.00:idle;npc.ashen_hollow.tavar_orr=0.00:idle
15.617,0.0167,0.33,0.00,spear_ready,Idle,1.80,-0.06,75,effect.braced|effect.mending,npc.ashen_hollow.kera_voss=0.00:idle;npc.ashen_hollow.renn_vale=0.00:idle;npc.ashen_hollow.sel_arien=0.00:idle;npc.ashen_hollow.tavar_orr=0.00:idle
15.633,0.0167,0.67,0.00,spear_ready,Idle,1.80,-0.06,75,effect.braced|effect.mending,npc.ashen_hollow.kera_voss=0.00:idle;npc.ashen_hollow.renn_vale=0.00:idle;npc.ashen_hollow.sel_arien=0.00:idle;npc.ashen_hollow.tavar_orr=0.00:idle
15.650,0.0167,0.00,0.00,spear_ready,Idle,1.80,-0.06,75,effect.braced|effect.mending,npc.ashen_hollow.kera_voss=0.00:idle;npc.ashen_hollow.renn_vale=0.00:idle;npc.ashen_hollow.sel_arien=0.00:idle;npc.ashen_hollow.tavar_orr=0.00:idle
15.667,0.0167,0.33,0.00,spear_ready,Idle,1.80,-0.06,75,effect.braced|effect.mending,npc.ashen_hollow.kera_voss=0.00:idle;npc.ashen_hollow.renn_vale=0.00:idle;npc.ashen_hollow.sel_arien=0.00:idle;npc.ashen_hollow.tavar_orr=0.00:idle
15.683,0.0167,0.67,0.00,spear_ready,Idle,1.80,-0.06,75,effect.braced|effect.mending,npc.ashen_hollow.kera_voss=0.00:idle;npc.ashen_hollow.renn_vale=0.00:idle;npc.ashen_hollow.sel_arien=0.00:idle;npc.ashen_hollow.tavar_orr=0.00:idle
15.700,0.0167,0.00,0.00,spear_ready,Idle,1.80,-0.05,75,effect.braced|effect.mending,npc.ashen_hollow.kera_voss=0.00:idle;npc.ashen_hollow.renn_vale=0.00:idle;npc.ashen_hollow.sel_arien=0.00:idle;npc.ashen_hollow.tavar_orr=0.00:idle
15.717,0.0167,0.33,0.00,spear_ready,Idle,1.80,-0.05,75,effect.braced|effect.mending,npc.ashen_hollow.kera_voss=0.00:idle;npc.ashen_hollow.renn_vale=0.00:idle;npc.ashen_hollow.sel_arien=0.00:idle;npc.ashen_hollow.tavar_orr=0.00:idle
15.733,0.0167,0.67,0.00,spear_ready,Idle,1.80,-0.05,75,effect.braced|effect.mending,npc.ashen_hollow.kera_voss=0.00:idle;npc.ashen_hollow.renn_vale=0.00:idle;npc.ashen_hollow.sel_arien=0.00:idle;npc.ashen_hollow.tavar_orr=0.00:idle
15.750,0.0167,0.00,0.00,spear_ready,Idle,1.80,-0.05,75,effect.braced|effect.mending,npc.ashen_hollow.kera_voss=0.00:idle;npc.ashen_hollow.renn_vale=0.00:idle;npc.ashen_hollow.sel_arien=0.00:idle;npc.ashen_hollow.tavar_orr=0.00:idle
15.767,0.0167,0.33,0.00,spear_ready,Idle,1.80,-0.05,75,effect.braced|effect.mending,npc.ashen_hollow.kera_voss=0.00:idle;npc.ashen_hollow.renn_vale=0.00:idle;npc.ashen_hollow.sel_arien=0.00:idle;npc.ashen_hollow.tavar_orr=0.00:idle
15.783,0.0167,0.67,0.00,spear_ready,Idle,1.80,-0.05,75,effect.braced|effect.mending,npc.ashen_hollow.kera_voss=0.00:idle;npc.ashen_hollow.renn_vale=0.00:idle;npc.ashen_hollow.sel_arien=0.00:idle;npc.ashen_hollow.tavar_orr=0.00:idle
15.800,0.0167,0.00,0.00,spear_ready,Idle,1.80,-0.05,75,effect.braced|effect.mending,npc.ashen_hollow.kera_voss=0.00:idle;npc.ashen_hollow.renn_vale=0.00:idle;npc.ashen_hollow.sel_arien=0.00:idle;npc.ashen_hollow.tavar_orr=0.00:idle
15.817,0.0167,0.33,0.00,spear_ready,Idle,1.80,-0.05,75,effect.braced|effect.mending,npc.ashen_hollow.kera_voss=0.00:idle;npc.ashen_hollow.renn_vale=0.00:idle;npc.ashen_hollow.sel_arien=0.00:idle;npc.ashen_hollow.tavar_orr=0.00:idle
15.833,0.0167,0.67,0.00,spear_ready,Idle,1.80,-0.05,75,effect.braced|effect.mending,npc.ashen_hollow.kera_voss=0.00:idle;npc.ashen_hollow.renn_vale=0.00:idle;npc.ashen_hollow.sel_arien=0.00:idle;npc.ashen_hollow.tavar_orr=0.00:idle
15.850,0.0167,0.00,0.00,spear_ready,Idle,1.80,-0.05,75,effect.braced|effect.mending,npc.ashen_hollow.kera_voss=0.00:idle;npc.ashen_hollow.renn_vale=0.00:idle;npc.ashen_hollow.sel_arien=0.00:idle;npc.ashen_hollow.tavar_orr=0.00:idle
15.867,0.0167,0.33,0.00,spear_ready,Idle,1.80,-0.05,75,effect.braced|effect.mending,npc.ashen_hollow.kera_voss=0.00:idle;npc.ashen_hollow.renn_vale=0.00:idle;npc.ashen_hollow.sel_arien=0.00:idle;npc.ashen_hollow.tavar_orr=0.00:idle
15.883,0.0167,0.67,0.00,spear_ready,Idle,1.80,-0.05,75,effect.braced|effect.mending,npc.ashen_hollow.kera_voss=0.00:idle;npc.ashen_hollow.renn_vale=0.00:idle;npc.ashen_hollow.sel_arien=0.00:idle;npc.ashen_hollow.tavar_orr=0.00:idle
15.900,0.0167,0.00,0.00,spear_ready,Idle,1.80,-0.05,75,effect.braced|effect.mending,npc.ashen_hollow.kera_voss=0.00:idle;npc.ashen_hollow.renn_vale=0.00:idle;npc.ashen_hollow.sel_arien=0.00:idle;npc.ashen_hollow.tavar_orr=0.00:idle
15.917,0.0167,0.33,0.00,spear_ready,Idle,1.80,-0.05,75,effect.braced|effect.mending,npc.ashen_hollow.kera_voss=0.00:idle;npc.ashen_hollow.renn_vale=0.00:idle;npc.ashen_hollow.sel_arien=0.00:idle;npc.ashen_hollow.tavar_orr=0.00:idle
15.933,0.0167,0.67,0.00,spear_ready,Idle,1.80,-0.05,75,effect.braced|effect.mending,npc.ashen_hollow.kera_voss=0.00:idle;npc.ashen_hollow.renn_vale=0.00:idle;npc.ashen_hollow.sel_arien=0.00:idle;npc.ashen_hollow.tavar_orr=0.00:idle
15.950,0.0167,0.00,0.00,spear_ready,Idle,1.80,-0.05,75,effect.braced|effect.mending,npc.ashen_hollow.kera_voss=0.00:idle;npc.ashen_hollow.renn_vale=0.00:idle;npc.ashen_hollow.sel_arien=0.00:idle;npc.ashen_hollow.tavar_orr=0.00:idle
15.967,0.0167,0.33,0.00,spear_ready,Idle,1.80,-0.05,75,effect.braced|effect.mending,npc.ashen_hollow.kera_voss=0.00:idle;npc.ashen_hollow.renn_vale=0.00:idle;npc.ashen_hollow.sel_arien=0.00:idle;npc.ashen_hollow.tavar_orr=0.00:idle
15.983,0.0167,0.67,0.00,spear_ready,Idle,1.80,-0.05,75,effect.braced|effect.mending,npc.ashen_hollow.kera_voss=0.00:idle;npc.ashen_hollow.renn_vale=0.00:idle;npc.ashen_hollow.sel_arien=0.00:idle;npc.ashen_hollow.tavar_orr=0.00:idle
16.000,0.0167,0.00,0.00,spear_ready,Idle,1.80,-0.05,75,effect.braced|effect.mending,npc.ashen_hollow.kera_voss=0.00:idle;npc.ashen_hollow.renn_vale=0.00:idle;npc.ashen_hollow.sel_arien=0.00:idle;npc.ashen_hollow.tavar_orr=0.00:idle
16.017,0.0167,0.33,0.00,spear_ready,Idle,1.80,-0.05,75,effect.braced|effect.mending,npc.ashen_hollow.kera_voss=0.00:idle;npc.ashen_hollow.renn_vale=0.00:idle;npc.ashen_hollow.sel_arien=0.00:idle;npc.ashen_hollow.tavar_orr=0.00:idle
16.033,0.0167,0.67,0.00,spear_ready,Idle,1.80,-0.05,75,effect.braced|effect.mending,npc.ashen_hollow.kera_voss=0.00:idle;npc.ashen_hollow.renn_vale=0.00:idle;npc.ashen_hollow.sel_arien=0.00:idle;npc.ashen_hollow.tavar_orr=0.00:idle
16.050,0.0167,0.00,0.00,spear_ready,Idle,1.80,-0.05,75,effect.braced|effect.mending,npc.ashen_hollow.kera_voss=0.00:idle;npc.ashen_hollow.renn_vale=0.00:idle;npc.ashen_hollow.sel_arien=0.00:idle;npc.ashen_hollow.tavar_orr=0.00:idle
16.067,0.0167,0.33,0.00,spear_ready,Idle,1.80,-0.05,75,effect.braced|effect.mending,npc.ashen_hollow.kera_voss=0.00:idle;npc.ashen_hollow.renn_vale=0.00:idle;npc.ashen_hollow.sel_arien=0.00:idle;npc.ashen_hollow.tavar_orr=0.00:idle
16.083,0.0167,0.67,0.00,spear_ready,Idle,1.80,-0.05,75,effect.braced|effect.mending,npc.ashen_hollow.kera_voss=0.00:idle;npc.ashen_hollow.renn_vale=0.00:idle;npc.ashen_hollow.sel_arien=0.00:idle;npc.ashen_hollow.tavar_orr=0.00:idle
16.100,0.0167,0.00,0.00,spear_ready,Idle,1.80,-0.05,75,effect.braced|effect.mending,npc.ashen_hollow.kera_voss=0.00:idle;npc.ashen_hollow.renn_vale=0.00:idle;npc.ashen_hollow.sel_arien=0.00:idle;npc.ashen_hollow.tavar_orr=0.00:idle
16.117,0.0167,0.33,0.00,spear_ready,Idle,1.80,-0.05,75,effect.braced|effect.mending,npc.ashen_hollow.kera_voss=0.00:idle;npc.ashen_hollow.renn_vale=0.00:idle;npc.ashen_hollow.sel_arien=0.00:idle;npc.ashen_hollow.tavar_orr=0.00:idle
16.133,0.0167,0.67,0.00,spear_ready,Idle,1.80,-0.05,75,effect.braced|effect.mending,npc.ashen_hollow.kera_voss=0.00:idle;npc.ashen_hollow.renn_vale=0.00:idle;npc.ashen_hollow.sel_arien=0.00:idle;npc.ashen_hollow.tavar_orr=0.00:idle
16.150,0.0167,0.00,0.00,spear_ready,Idle,1.80,-0.05,75,effect.braced|effect.mending,npc.ashen_hollow.kera_voss=0.00:idle;npc.ashen_hollow.renn_vale=0.00:idle;npc.ashen_hollow.sel_arien=0.00:idle;npc.ashen_hollow.tavar_orr=0.00:idle
16.167,0.0167,0.33,0.00,spear_ready,Idle,1.80,-0.05,75,effect.braced|effect.mending,npc.ashen_hollow.kera_voss=0.00:idle;npc.ashen_hollow.renn_vale=0.00:idle;npc.ashen_hollow.sel_arien=0.00:idle;npc.ashen_hollow.tavar_orr=0.00:idle
16.183,0.0167,0.67,0.00,spear_ready,Idle,1.80,-0.05,75,effect.braced|effect.mending,npc.ashen_hollow.kera_voss=0.00:idle;npc.ashen_hollow.renn_vale=0.00:idle;npc.ashen_hollow.sel_arien=0.00:idle;npc.ashen_hollow.tavar_orr=0.00:idle
16.200,0.0167,0.00,0.00,spear_ready,Idle,1.80,-0.05,75,effect.braced|effect.mending,npc.ashen_hollow.kera_voss=0.00:idle;npc.ashen_hollow.renn_vale=0.00:idle;npc.ashen_hollow.sel_arien=0.00:idle;npc.ashen_hollow.tavar_orr=0.00:idle
16.217,0.0167,0.33,0.00,spear_ready,Idle,1.80,-0.05,75,effect.braced|effect.mending,npc.ashen_hollow.kera_voss=0.00:idle;npc.ashen_hollow.renn_vale=0.00:idle;npc.ashen_hollow.sel_arien=0.00:idle;npc.ashen_hollow.tavar_orr=0.00:idle
16.233,0.0167,0.67,0.00,spear_ready,Idle,1.80,-0.05,75,effect.braced|effect.mending,npc.ashen_hollow.kera_voss=0.00:idle;npc.ashen_hollow.renn_vale=0.00:idle;npc.ashen_hollow.sel_arien=0.00:idle;npc.ashen_hollow.tavar_orr=0.00:idle
16.250,0.0167,0.00,0.00,spear_ready,Idle,1.80,-0.05,75,effect.braced|effect.mending,npc.ashen_hollow.kera_voss=0.00:idle;npc.ashen_hollow.renn_vale=0.00:idle;npc.ashen_hollow.sel_arien=0.00:idle;npc.ashen_hollow.tavar_orr=0.00:idle
16.267,0.0167,0.33,0.00,spear_ready,Idle,1.80,-0.05,75,effect.braced|effect.mending,npc.ashen_hollow.kera_voss=0.00:idle;npc.ashen_hollow.renn_vale=0.00:idle;npc.ashen_hollow.sel_arien=0.00:idle;npc.ashen_hollow.tavar_orr=0.00:idle
16.283,0.0167,0.67,0.00,spear_ready,Idle,1.80,-0.05,75,effect.braced|effect.mending,npc.ashen_hollow.kera_voss=0.00:idle;npc.ashen_hollow.renn_vale=0.00:idle;npc.ashen_hollow.sel_arien=0.00:idle;npc.ashen_hollow.tavar_orr=0.00:idle
16.300,0.0167,0.00,0.00,spear_ready,Idle,1.80,-0.05,75,effect.braced|effect.mending,npc.ashen_hollow.kera_voss=0.00:idle;npc.ashen_hollow.renn_vale=0.00:idle;npc.ashen_hollow.sel_arien=0.00:idle;npc.ashen_hollow.tavar_orr=0.00:idle
16.317,0.0167,0.33,0.00,spear_ready,Idle,1.80,-0.05,75,effect.braced|effect.mending,npc.ashen_hollow.kera_voss=0.00:idle;npc.ashen_hollow.renn_vale=0.00:idle;npc.ashen_hollow.sel_arien=0.00:idle;npc.ashen_hollow.tavar_orr=0.00:idle
16.333,0.0167,0.67,0.00,spear_ready,Idle,1.80,-0.05,75,effect.braced|effect.mending,npc.ashen_hollow.kera_voss=0.00:idle;npc.ashen_hollow.renn_vale=0.00:idle;npc.ashen_hollow.sel_arien=0.00:idle;npc.ashen_hollow.tavar_orr=0.00:idle
16.350,0.0167,0.00,0.00,spear_ready,Idle,1.80,-0.05,75,effect.braced|effect.mending,npc.ashen_hollow.kera_voss=0.00:idle;npc.ashen_hollow.renn_vale=0.00:idle;npc.ashen_hollow.sel_arien=0.00:idle;npc.ashen_hollow.tavar_orr=0.00:idle
16.367,0.0167,0.33,0.00,spear_ready,Idle,1.80,-0.05,75,effect.braced|effect.mending,npc.ashen_hollow.kera_voss=0.00:idle;npc.ashen_hollow.renn_vale=0.00:idle;npc.ashen_hollow.sel_arien=0.00:idle;npc.ashen_hollow.tavar_orr=0.00:idle
16.383,0.0167,0.67,0.00,spear_ready,Idle,1.80,-0.05,75,effect.braced|effect.mending,npc.ashen_hollow.kera_voss=0.00:idle;npc.ashen_hollow.renn_vale=0.00:idle;npc.ashen_hollow.sel_arien=0.00:idle;npc.ashen_hollow.tavar_orr=0.00:idle
16.400,0.0167,0.00,0.00,spear_ready,Idle,1.80,-0.05,75,effect.braced|effect.mending,npc.ashen_hollow.kera_voss=0.00:idle;npc.ashen_hollow.renn_vale=0.00:idle;npc.ashen_hollow.sel_arien=0.00:idle;npc.ashen_hollow.tavar_orr=0.00:idle
16.417,0.0167,0.33,0.00,spear_ready,Idle,1.80,-0.05,75,effect.braced|effect.mending,npc.ashen_hollow.kera_voss=0.00:idle;npc.ashen_hollow.renn_vale=0.00:idle;npc.ashen_hollow.sel_arien=0.00:idle;npc.ashen_hollow.tavar_orr=0.00:idle
16.433,0.0167,0.67,0.00,spear_ready,Idle,1.80,-0.05,75,effect.braced|effect.mending,npc.ashen_hollow.kera_voss=0.00:idle;npc.ashen_hollow.renn_vale=0.00:idle;npc.ashen_hollow.sel_arien=0.00:idle;npc.ashen_hollow.tavar_orr=0.00:idle
16.450,0.0167,0.00,0.00,spear_ready,Idle,1.80,-0.09,75,effect.braced|effect.mending,npc.ashen_hollow.kera_voss=0.00:idle;npc.ashen_hollow.renn_vale=0.00:idle;npc.ashen_hollow.sel_arien=0.00:idle;npc.ashen_hollow.tavar_orr=0.00:idle
16.467,0.0167,0.33,0.00,spear_ready,Idle,2.11,-0.12,75,effect.braced|effect.mending,npc.ashen_hollow.kera_voss=0.00:idle;npc.ashen_hollow.renn_vale=0.00:idle;npc.ashen_hollow.sel_arien=0.00:idle;npc.ashen_hollow.tavar_orr=0.00:idle
16.483,0.0167,0.67,0.00,spear_ready,Idle,2.37,-0.15,75,effect.braced|effect.mending,npc.ashen_hollow.kera_voss=0.00:idle;npc.ashen_hollow.renn_vale=0.00:idle;npc.ashen_hollow.sel_arien=0.00:idle;npc.ashen_hollow.tavar_orr=0.00:idle
16.500,0.0167,0.00,0.00,spear_ready,Idle,2.59,-0.18,75,effect.braced|effect.mending,npc.ashen_hollow.kera_voss=0.00:idle;npc.ashen_hollow.renn_vale=0.00:idle;npc.ashen_hollow.sel_arien=0.00:idle;npc.ashen_hollow.tavar_orr=0.00:idle
16.517,0.0167,0.33,0.00,spear_ready,Idle,2.77,-0.21,75,effect.braced|effect.mending,npc.ashen_hollow.kera_voss=0.00:idle;npc.ashen_hollow.renn_vale=0.00:idle;npc.ashen_hollow.sel_arien=0.00:idle;npc.ashen_hollow.tavar_orr=0.00:idle
16.533,0.0167,0.67,0.00,spear_ready,Idle,2.93,-0.24,75,effect.braced|effect.mending,npc.ashen_hollow.kera_voss=0.00:idle;npc.ashen_hollow.renn_vale=0.00:idle;npc.ashen_hollow.sel_arien=0.00:idle;npc.ashen_hollow.tavar_orr=0.00:idle
16.550,0.0167,0.00,0.00,spear_ready,Idle,3.06,-0.26,75,effect.braced|effect.mending,npc.ashen_hollow.kera_voss=0.00:idle;npc.ashen_hollow.renn_vale=0.00:idle;npc.ashen_hollow.sel_arien=0.00:idle;npc.ashen_hollow.tavar_orr=0.00:idle
16.567,0.0167,0.33,0.00,spear_ready,Idle,3.18,-0.29,75,effect.braced|effect.mending,npc.ashen_hollow.kera_voss=0.00:idle;npc.ashen_hollow.renn_vale=0.00:idle;npc.ashen_hollow.sel_arien=0.00:idle;npc.ashen_hollow.tavar_orr=0.00:idle
16.583,0.0167,0.67,0.00,spear_ready,Idle,3.27,-0.31,75,effect.braced|effect.mending,npc.ashen_hollow.kera_voss=0.00:idle;npc.ashen_hollow.renn_vale=0.00:idle;npc.ashen_hollow.sel_arien=0.00:idle;npc.ashen_hollow.tavar_orr=0.00:idle
16.600,0.0167,0.00,0.00,spear_ready,Idle,3.35,-0.33,75,effect.braced|effect.mending,npc.ashen_hollow.kera_voss=0.00:idle;npc.ashen_hollow.renn_vale=0.00:idle;npc.ashen_hollow.sel_arien=0.00:idle;npc.ashen_hollow.tavar_orr=0.00:idle
16.617,0.0167,0.33,0.00,spear_ready,Idle,3.42,-0.35,75,effect.braced|effect.mending,npc.ashen_hollow.kera_voss=0.00:idle;npc.ashen_hollow.renn_vale=0.00:idle;npc.ashen_hollow.sel_arien=0.00:idle;npc.ashen_hollow.tavar_orr=0.00:idle
16.633,0.0167,0.67,0.00,spear_ready,Idle,3.48,-0.37,75,effect.braced|effect.mending,npc.ashen_hollow.kera_voss=0.00:idle;npc.ashen_hollow.renn_vale=0.00:idle;npc.ashen_hollow.sel_arien=0.00:idle;npc.ashen_hollow.tavar_orr=0.00:idle
16.650,0.0167,0.00,0.00,spear_ready,Idle,3.53,-0.39,75,effect.braced|effect.mending,npc.ashen_hollow.kera_voss=0.00:idle;npc.ashen_hollow.renn_vale=0.00:idle;npc.ashen_hollow.sel_arien=0.00:idle;npc.ashen_hollow.tavar_orr=0.00:idle
16.667,0.0167,0.33,0.00,spear_ready,Idle,3.57,-0.41,75,effect.braced|effect.mending,npc.ashen_hollow.kera_voss=0.00:idle;npc.ashen_hollow.renn_vale=0.00:idle;npc.ashen_hollow.sel_arien=0.00:idle;npc.ashen_hollow.tavar_orr=0.00:idle
16.683,0.0167,0.67,0.00,spear_ready,Idle,3.61,-0.43,75,effect.braced|effect.mending,npc.ashen_hollow.kera_voss=0.00:idle;npc.ashen_hollow.renn_vale=0.00:idle;npc.ashen_hollow.sel_arien=0.00:idle;npc.ashen_hollow.tavar_orr=0.00:idle
16.700,0.0167,0.00,0.00,spear_ready,Idle,3.64,-0.44,75,effect.braced|effect.mending,npc.ashen_hollow.kera_voss=0.00:idle;npc.ashen_hollow.renn_vale=0.00:idle;npc.ashen_hollow.sel_arien=0.00:idle;npc.ashen_hollow.tavar_orr=0.00:idle
16.717,0.0167,0.33,0.00,spear_ready,Idle,3.66,-0.46,75,effect.braced|effect.mending,npc.ashen_hollow.kera_voss=0.00:idle;npc.ashen_hollow.renn_vale=0.00:idle;npc.ashen_hollow.sel_arien=0.00:idle;npc.ashen_hollow.tavar_orr=0.00:idle
16.733,0.0167,0.67,0.00,spear_ready,Idle,3.68,-0.47,75,effect.braced|effect.mending,npc.ashen_hollow.kera_voss=0.00:idle;npc.ashen_hollow.renn_vale=0.00:idle;npc.ashen_hollow.sel_arien=0.00:idle;npc.ashen_hollow.tavar_orr=0.00:idle
16.750,0.0167,0.00,0.00,spear_ready,Idle,3.70,-0.49,75,effect.mending,npc.ashen_hollow.kera_voss=0.00:idle;npc.ashen_hollow.renn_vale=0.00:idle;npc.ashen_hollow.sel_arien=0.00:idle;npc.ashen_hollow.tavar_orr=0.00:idle
16.767,0.0167,0.33,0.00,spear_ready,Idle,3.72,-0.50,75,effect.mending,npc.ashen_hollow.kera_voss=0.00:idle;npc.ashen_hollow.renn_vale=0.00:idle;npc.ashen_hollow.sel_arien=0.00:idle;npc.ashen_hollow.tavar_orr=0.00:idle
16.783,0.0167,0.67,0.00,spear_ready,Idle,3.73,-0.51,75,effect.mending,npc.ashen_hollow.kera_voss=0.00:idle;npc.ashen_hollow.renn_vale=0.00:idle;npc.ashen_hollow.sel_arien=0.00:idle;npc.ashen_hollow.tavar_orr=0.00:idle
16.800,0.0167,0.00,0.00,spear_ready,Idle,3.74,-0.52,75,effect.mending,npc.ashen_hollow.kera_voss=0.00:idle;npc.ashen_hollow.renn_vale=0.00:idle;npc.ashen_hollow.sel_arien=0.00:idle;npc.ashen_hollow.tavar_orr=0.00:idle
16.817,0.0167,0.33,0.00,spear_ready,Idle,3.75,-0.54,75,effect.mending,npc.ashen_hollow.kera_voss=0.00:idle;npc.ashen_hollow.renn_vale=0.00:idle;npc.ashen_hollow.sel_arien=0.00:idle;npc.ashen_hollow.tavar_orr=0.00:idle
16.833,0.0167,0.67,0.00,spear_ready,Idle,3.76,-0.55,75,effect.mending,npc.ashen_hollow.kera_voss=0.00:idle;npc.ashen_hollow.renn_vale=0.00:idle;npc.ashen_hollow.sel_arien=0.00:idle;npc.ashen_hollow.tavar_orr=0.00:idle
16.850,0.0167,0.00,0.00,spear_ready,Idle,3.76,-0.56,75,effect.mending,npc.ashen_hollow.kera_voss=0.00:idle;npc.ashen_hollow.renn_vale=0.00:idle;npc.ashen_hollow.sel_arien=0.00:idle;npc.ashen_hollow.tavar_orr=0.00:idle
16.867,0.0167,0.33,0.00,spear_ready,Idle,3.77,-0.57,75,effect.mending,npc.ashen_hollow.kera_voss=0.00:idle;npc.ashen_hollow.renn_vale=0.00:idle;npc.ashen_hollow.sel_arien=0.00:idle;npc.ashen_hollow.tavar_orr=0.00:idle
16.883,0.0167,0.67,0.00,spear_ready,Idle,3.77,-0.57,75,effect.mending,npc.ashen_hollow.kera_voss=0.00:idle;npc.ashen_hollow.renn_vale=0.00:idle;npc.ashen_hollow.sel_arien=0.00:idle;npc.ashen_hollow.tavar_orr=0.00:idle
16.900,0.0167,0.00,0.00,spear_ready,Idle,3.78,-0.58,75,effect.mending,npc.ashen_hollow.kera_voss=0.00:idle;npc.ashen_hollow.renn_vale=0.00:idle;npc.ashen_hollow.sel_arien=0.00:idle;npc.ashen_hollow.tavar_orr=0.00:idle
16.917,0.0167,0.33,0.00,spear_ready,Idle,3.78,-0.59,75,effect.mending,npc.ashen_hollow.kera_voss=0.00:idle;npc.ashen_hollow.renn_vale=0.00:idle;npc.ashen_hollow.sel_arien=0.00:idle;npc.ashen_hollow.tavar_orr=0.00:idle
16.933,0.0167,0.67,0.00,spear_ready,Idle,3.78,-0.60,75,effect.mending,npc.ashen_hollow.kera_voss=0.00:idle;npc.ashen_hollow.renn_vale=0.00:idle;npc.ashen_hollow.sel_arien=0.00:idle;npc.ashen_hollow.tavar_orr=0.00:idle
16.950,0.0167,0.00,0.00,spear_ready,Idle,3.79,-0.61,75,effect.mending,npc.ashen_hollow.kera_voss=0.00:idle;npc.ashen_hollow.renn_vale=0.00:idle;npc.ashen_hollow.sel_arien=0.00:idle;npc.ashen_hollow.tavar_orr=0.00:idle
16.967,0.0167,0.33,0.00,spear_ready,Idle,3.79,-0.61,75,effect.mending,npc.ashen_hollow.kera_voss=0.00:idle;npc.ashen_hollow.renn_vale=0.00:idle;npc.ashen_hollow.sel_arien=0.00:idle;npc.ashen_hollow.tavar_orr=0.00:idle
16.983,0.0167,0.67,0.00,spear_ready,Idle,3.79,-0.62,75,effect.mending,npc.ashen_hollow.kera_voss=0.00:idle;npc.ashen_hollow.renn_vale=0.00:idle;npc.ashen_hollow.sel_arien=0.00:idle;npc.ashen_hollow.tavar_orr=0.00:idle
17.000,0.0167,0.00,0.00,spear_ready,Idle,3.79,-0.63,75,effect.mending,npc.ashen_hollow.kera_voss=0.00:idle;npc.ashen_hollow.renn_vale=0.00:idle;npc.ashen_hollow.sel_arien=0.00:idle;npc.ashen_hollow.tavar_orr=0.00:idle
17.017,0.0167,0.33,0.00,spear_ready,Idle,3.79,-0.63,75,effect.mending,npc.ashen_hollow.kera_voss=0.00:idle;npc.ashen_hollow.renn_vale=0.00:idle;npc.ashen_hollow.sel_arien=0.00:idle;npc.ashen_hollow.tavar_orr=0.00:idle
17.033,0.0167,0.67,0.00,spear_ready,Idle,3.79,-0.64,75,effect.mending,npc.ashen_hollow.kera_voss=0.00:idle;npc.ashen_hollow.renn_vale=0.00:idle;npc.ashen_hollow.sel_arien=0.00:idle;npc.ashen_hollow.tavar_orr=0.00:idle
17.050,0.0167,0.00,0.00,spear_ready,Idle,3.80,-0.65,75,effect.mending,npc.ashen_hollow.kera_voss=0.00:idle;npc.ashen_hollow.renn_vale=0.00:idle;npc.ashen_hollow.sel_arien=0.00:idle;npc.ashen_hollow.tavar_orr=0.00:idle
17.067,0.0167,0.33,0.00,spear_ready,Idle,3.80,-0.65,75,effect.mending,npc.ashen_hollow.kera_voss=0.00:idle;npc.ashen_hollow.renn_vale=0.00:idle;npc.ashen_hollow.sel_arien=0.00:idle;npc.ashen_hollow.tavar_orr=0.00:idle
17.083,0.0167,0.67,0.00,spear_ready,Idle,3.80,-0.66,75,effect.mending,npc.ashen_hollow.kera_voss=0.00:idle;npc.ashen_hollow.renn_vale=0.00:idle;npc.ashen_hollow.sel_arien=0.00:idle;npc.ashen_hollow.tavar_orr=0.00:idle
17.100,0.0167,0.00,0.00,spear_ready,Idle,3.80,-0.66,75,effect.mending,npc.ashen_hollow.kera_voss=0.00:idle;npc.ashen_hollow.renn_vale=0.00:idle;npc.ashen_hollow.sel_arien=0.00:idle;npc.ashen_hollow.tavar_orr=0.00:idle
17.117,0.0167,0.33,0.00,spear_ready,Idle,3.80,-0.66,75,effect.mending,npc.ashen_hollow.kera_voss=0.00:idle;npc.ashen_hollow.renn_vale=0.00:idle;npc.ashen_hollow.sel_arien=0.00:idle;npc.ashen_hollow.tavar_orr=0.00:idle
17.133,0.0167,0.67,0.00,spear_ready,Idle,3.80,-0.67,75,effect.mending,npc.ashen_hollow.kera_voss=0.00:idle;npc.ashen_hollow.renn_vale=0.00:idle;npc.ashen_hollow.sel_arien=0.00:idle;npc.ashen_hollow.tavar_orr=0.00:idle
17.150,0.0167,0.00,0.00,spear_ready,Idle,3.80,-0.67,75,effect.mending,npc.ashen_hollow.kera_voss=0.00:idle;npc.ashen_hollow.renn_vale=0.00:idle;npc.ashen_hollow.sel_arien=0.00:idle;npc.ashen_hollow.tavar_orr=0.00:idle
17.167,0.0167,0.33,0.00,spear_ready,Idle,3.80,-0.68,75,effect.mending,npc.ashen_hollow.kera_voss=0.00:idle;npc.ashen_hollow.renn_vale=0.00:idle;npc.ashen_hollow.sel_arien=0.00:idle;npc.ashen_hollow.tavar_orr=0.00:idle
17.183,0.0167,0.67,0.00,spear_ready,Idle,3.80,-0.68,75,effect.mending,npc.ashen_hollow.kera_voss=0.00:idle;npc.ashen_hollow.renn_vale=0.00:idle;npc.ashen_hollow.sel_arien=0.00:idle;npc.ashen_hollow.tavar_orr=0.00:idle
17.200,0.0167,0.00,0.00,spear_ready,Idle,3.80,-0.68,75,effect.mending,npc.ashen_hollow.kera_voss=0.00:idle;npc.ashen_hollow.renn_vale=0.00:idle;npc.ashen_hollow.sel_arien=0.00:idle;npc.ashen_hollow.tavar_orr=0.00:idle
17.217,0.0167,0.33,0.00,spear_ready,Idle,3.80,-0.69,75,effect.mending,npc.ashen_hollow.kera_voss=0.00:idle;npc.ashen_hollow.renn_vale=0.00:idle;npc.ashen_hollow.sel_arien=0.00:idle;npc.ashen_hollow.tavar_orr=0.00:idle
17.233,0.0167,0.67,0.00,spear_ready,Idle,3.80,-0.69,75,effect.mending,npc.ashen_hollow.kera_voss=0.00:idle;npc.ashen_hollow.renn_vale=0.00:idle;npc.ashen_hollow.sel_arien=0.00:idle;npc.ashen_hollow.tavar_orr=0.00:idle
17.250,0.0167,0.00,0.00,spear_ready,Idle,3.80,-0.69,75,effect.mending,npc.ashen_hollow.kera_voss=0.00:idle;npc.ashen_hollow.renn_vale=0.00:idle;npc.ashen_hollow.sel_arien=0.00:idle;npc.ashen_hollow.tavar_orr=0.00:idle
17.267,0.0167,0.33,0.00,spear_ready,Idle,3.80,-0.70,75,effect.mending,npc.ashen_hollow.kera_voss=0.00:idle;npc.ashen_hollow.renn_vale=0.00:idle;npc.ashen_hollow.sel_arien=0.00:idle;npc.ashen_hollow.tavar_orr=0.00:idle
17.283,0.0167,0.67,0.00,spear_ready,Idle,3.80,-0.70,75,effect.mending,npc.ashen_hollow.kera_voss=0.00:idle;npc.ashen_hollow.renn_vale=0.00:idle;npc.ashen_hollow.sel_arien=0.00:idle;npc.ashen_hollow.tavar_orr=0.00:idle
17.300,0.0167,0.00,0.00,spear_ready,Idle,3.80,-0.70,75,effect.mending,npc.ashen_hollow.kera_voss=0.00:idle;npc.ashen_hollow.renn_vale=0.00:idle;npc.ashen_hollow.sel_arien=0.00:idle;npc.ashen_hollow.tavar_orr=0.00:idle
17.317,0.0167,0.33,0.00,spear_ready,Idle,3.80,-0.70,75,effect.mending,npc.ashen_hollow.kera_voss=0.00:idle;npc.ashen_hollow.renn_vale=0.00:idle;npc.ashen_hollow.sel_arien=0.00:idle;npc.ashen_hollow.tavar_orr=0.00:idle
17.333,0.0167,0.67,0.00,spear_ready,Idle,3.80,-0.71,75,effect.mending,npc.ashen_hollow.kera_voss=0.00:idle;npc.ashen_hollow.renn_vale=0.00:idle;npc.ashen_hollow.sel_arien=0.00:idle;npc.ashen_hollow.tavar_orr=0.00:idle
17.350,0.0167,0.00,0.00,spear_ready,Idle,3.80,-0.71,75,effect.mending,npc.ashen_hollow.kera_voss=0.00:idle;npc.ashen_hollow.renn_vale=0.00:idle;npc.ashen_hollow.sel_arien=0.00:idle;npc.ashen_hollow.tavar_orr=0.00:idle
17.367,0.0167,0.33,0.00,spear_ready,Idle,3.80,-0.71,75,effect.mending,npc.ashen_hollow.kera_voss=0.00:idle;npc.ashen_hollow.renn_vale=0.00:idle;npc.ashen_hollow.sel_arien=0.00:idle;npc.ashen_hollow.tavar_orr=0.00:idle
17.383,0.0167,0.67,0.00,spear_ready,Idle,3.80,-0.71,75,effect.mending,npc.ashen_hollow.kera_voss=0.00:idle;npc.ashen_hollow.renn_vale=0.00:idle;npc.ashen_hollow.sel_arien=0.00:idle;npc.ashen_hollow.tavar_orr=0.00:idle
17.400,0.0167,0.00,0.00,spear_ready,Idle,3.80,-0.71,75,effect.mending,npc.ashen_hollow.kera_voss=0.00:idle;npc.ashen_hollow.renn_vale=0.00:idle;npc.ashen_hollow.sel_arien=0.00:idle;npc.ashen_hollow.tavar_orr=0.00:idle
17.417,0.0167,0.33,0.00,spear_ready,Idle,3.80,-0.72,75,effect.mending,npc.ashen_hollow.kera_voss=0.00:idle;npc.ashen_hollow.renn_vale=0.00:idle;npc.ashen_hollow.sel_arien=0.00:idle;npc.ashen_hollow.tavar_orr=0.00:idle
17.433,0.0167,0.67,0.00,spear_ready,Idle,3.80,-0.72,75,effect.mending,npc.ashen_hollow.kera_voss=0.00:idle;npc.ashen_hollow.renn_vale=0.00:idle;npc.ashen_hollow.sel_arien=0.00:idle;npc.ashen_hollow.tavar_orr=0.00:idle
17.450,0.0167,0.00,0.00,spear_ready,Idle,3.80,-0.72,75,effect.mending,npc.ashen_hollow.kera_voss=0.00:idle;npc.ashen_hollow.renn_vale=0.00:idle;npc.ashen_hollow.sel_arien=0.00:idle;npc.ashen_hollow.tavar_orr=0.00:idle
17.467,0.0167,0.33,0.00,spear_ready,Idle,3.80,-0.72,75,effect.mending,npc.ashen_hollow.kera_voss=0.00:idle;npc.ashen_hollow.renn_vale=0.00:idle;npc.ashen_hollow.sel_arien=0.00:idle;npc.ashen_hollow.tavar_orr=0.00:idle
17.483,0.0167,0.67,0.00,spear_ready,Idle,3.80,-0.72,75,effect.mending,npc.ashen_hollow.kera_voss=0.00:idle;npc.ashen_hollow.renn_vale=0.00:idle;npc.ashen_hollow.sel_arien=0.00:idle;npc.ashen_hollow.tavar_orr=0.00:idle
17.500,0.0167,0.00,0.00,spear_ready,Idle,3.80,-0.72,75,effect.mending,npc.ashen_hollow.kera_voss=0.00:idle;npc.ashen_hollow.renn_vale=0.00:idle;npc.ashen_hollow.sel_arien=0.00:idle;npc.ashen_hollow.tavar_orr=0.00:idle
17.517,0.0167,0.33,0.00,spear_ready,Idle,3.80,-0.73,75,effect.mending,npc.ashen_hollow.kera_voss=0.00:idle;npc.ashen_hollow.renn_vale=0.00:idle;npc.ashen_hollow.sel_arien=0.00:idle;npc.ashen_hollow.tavar_orr=0.00:idle
17.533,0.0167,0.67,0.00,spear_ready,Idle,3.80,-0.73,75,effect.mending,npc.ashen_hollow.kera_voss=0.00:idle;npc.ashen_hollow.renn_vale=0.00:idle;npc.ashen_hollow.sel_arien=0.00:idle;npc.ashen_hollow.tavar_orr=0.00:idle
17.550,0.0167,0.00,0.00,spear_ready,Idle,3.80,-0.73,75,effect.mending,npc.ashen_hollow.kera_voss=0.00:idle;npc.ashen_hollow.renn_vale=0.00:idle;npc.ashen_hollow.sel_arien=0.00:idle;npc.ashen_hollow.tavar_orr=0.00:idle
17.567,0.0167,0.33,0.00,spear_ready,Idle,3.80,-0.73,75,effect.mending,npc.ashen_hollow.kera_voss=0.00:idle;npc.ashen_hollow.renn_vale=0.00:idle;npc.ashen_hollow.sel_arien=0.00:idle;npc.ashen_hollow.tavar_orr=0.00:idle
17.583,0.0167,0.67,0.00,spear_ready,Idle,3.80,-0.73,75,effect.mending,npc.ashen_hollow.kera_voss=0.00:idle;npc.ashen_hollow.renn_vale=0.00:idle;npc.ashen_hollow.sel_arien=0.00:idle;npc.ashen_hollow.tavar_orr=0.00:idle
17.600,0.0167,0.00,0.00,spear_ready,Idle,3.80,-0.73,75,effect.mending,npc.ashen_hollow.kera_voss=0.00:idle;npc.ashen_hollow.renn_vale=0.00:idle;npc.ashen_hollow.sel_arien=0.00:idle;npc.ashen_hollow.tavar_orr=0.00:idle
17.617,0.0167,0.33,0.00,spear_ready,Idle,3.80,-0.73,75,effect.mending,npc.ashen_hollow.kera_voss=0.00:idle;npc.ashen_hollow.renn_vale=0.00:idle;npc.ashen_hollow.sel_arien=0.00:idle;npc.ashen_hollow.tavar_orr=0.00:idle
17.633,0.0167,0.67,0.00,spear_ready,Idle,3.80,-0.73,75,effect.mending,npc.ashen_hollow.kera_voss=0.00:idle;npc.ashen_hollow.renn_vale=0.00:idle;npc.ashen_hollow.sel_arien=0.00:idle;npc.ashen_hollow.tavar_orr=0.00:idle
17.650,0.0167,0.00,0.00,spear_ready,Idle,3.80,-0.73,75,effect.mending,npc.ashen_hollow.kera_voss=0.00:idle;npc.ashen_hollow.renn_vale=0.00:idle;npc.ashen_hollow.sel_arien=0.00:idle;npc.ashen_hollow.tavar_orr=0.00:idle
17.667,0.0167,0.33,0.00,spear_ready,Idle,3.80,-0.73,75,effect.mending,npc.ashen_hollow.kera_voss=0.00:idle;npc.ashen_hollow.renn_vale=0.00:idle;npc.ashen_hollow.sel_arien=0.00:idle;npc.ashen_hollow.tavar_orr=0.00:idle
17.683,0.0167,0.67,0.00,spear_ready,Idle,3.80,-0.74,75,effect.mending,npc.ashen_hollow.kera_voss=0.00:idle;npc.ashen_hollow.renn_vale=0.00:idle;npc.ashen_hollow.sel_arien=0.00:idle;npc.ashen_hollow.tavar_orr=0.00:idle
17.700,0.0167,0.00,0.00,spear_ready,Idle,3.80,-0.74,75,effect.mending,npc.ashen_hollow.kera_voss=0.00:idle;npc.ashen_hollow.renn_vale=0.00:idle;npc.ashen_hollow.sel_arien=0.00:idle;npc.ashen_hollow.tavar_orr=0.00:idle
17.717,0.0167,0.33,0.00,spear_ready,Idle,3.80,-0.74,75,effect.mending,npc.ashen_hollow.kera_voss=0.00:idle;npc.ashen_hollow.renn_vale=0.00:idle;npc.ashen_hollow.sel_arien=0.00:idle;npc.ashen_hollow.tavar_orr=0.00:idle
17.733,0.0167,0.67,0.00,spear_ready,Idle,3.80,-0.74,75,effect.mending,npc.ashen_hollow.kera_voss=0.00:idle;npc.ashen_hollow.renn_vale=0.00:idle;npc.ashen_hollow.sel_arien=0.00:idle;npc.ashen_hollow.tavar_orr=0.00:idle
17.750,0.0167,0.00,0.00,spear_ready,Idle,3.80,-0.74,75,effect.mending,npc.ashen_hollow.kera_voss=0.00:idle;npc.ashen_hollow.renn_vale=0.00:idle;npc.ashen_hollow.sel_arien=0.00:idle;npc.ashen_hollow.tavar_orr=0.00:idle
17.767,0.0167,0.33,0.00,spear_ready,Idle,3.80,-0.74,75,effect.mending,npc.ashen_hollow.kera_voss=0.00:idle;npc.ashen_hollow.renn_vale=0.00:idle;npc.ashen_hollow.sel_arien=0.00:idle;npc.ashen_hollow.tavar_orr=0.00:idle
17.783,0.0167,0.67,0.00,spear_ready,Idle,3.80,-0.74,75,effect.mending,npc.ashen_hollow.kera_voss=0.00:idle;npc.ashen_hollow.renn_vale=0.00:idle;npc.ashen_hollow.sel_arien=0.00:idle;npc.ashen_hollow.tavar_orr=0.00:idle
17.800,0.0167,0.00,0.00,spear_ready,Idle,3.80,-0.74,75,effect.mending,npc.ashen_hollow.kera_voss=0.00:idle;npc.ashen_hollow.renn_vale=0.00:idle;npc.ashen_hollow.sel_arien=0.00:idle;npc.ashen_hollow.tavar_orr=0.00:idle
17.817,0.0167,0.33,0.00,spear_ready,Idle,3.80,-0.74,75,effect.mending,npc.ashen_hollow.kera_voss=0.00:idle;npc.ashen_hollow.renn_vale=0.00:idle;npc.ashen_hollow.sel_arien=0.00:idle;npc.ashen_hollow.tavar_orr=0.00:idle
17.833,0.0167,0.67,0.00,spear_ready,Idle,3.80,-0.74,75,effect.mending,npc.ashen_hollow.kera_voss=0.00:idle;npc.ashen_hollow.renn_vale=0.00:idle;npc.ashen_hollow.sel_arien=0.00:idle;npc.ashen_hollow.tavar_orr=0.00:idle
17.850,0.0167,0.00,0.00,spear_ready,Idle,3.80,-0.74,75,effect.mending,npc.ashen_hollow.kera_voss=0.00:idle;npc.ashen_hollow.renn_vale=0.00:idle;npc.ashen_hollow.sel_arien=0.00:idle;npc.ashen_hollow.tavar_orr=0.00:idle
17.867,0.0167,0.33,0.00,spear_ready,Idle,3.80,-0.74,75,effect.mending,npc.ashen_hollow.kera_voss=0.00:idle;npc.ashen_hollow.renn_vale=0.00:idle;npc.ashen_hollow.sel_arien=0.00:idle;npc.ashen_hollow.tavar_orr=0.00:idle
17.883,0.0167,0.67,0.00,spear_ready,Idle,3.80,-0.74,75,effect.mending,npc.ashen_hollow.kera_voss=0.00:idle;npc.ashen_hollow.renn_vale=0.00:idle;npc.ashen_hollow.sel_arien=0.00:idle;npc.ashen_hollow.tavar_orr=0.00:idle
17.900,0.0167,0.00,0.00,spear_ready,Idle,3.80,-0.74,75,effect.mending,npc.ashen_hollow.kera_voss=0.00:idle;npc.ashen_hollow.renn_vale=0.00:idle;npc.ashen_hollow.sel_arien=0.00:idle;npc.ashen_hollow.tavar_orr=0.00:idle
17.917,0.0167,0.33,0.00,spear_ready,Idle,3.80,-0.74,75,effect.mending,npc.ashen_hollow.kera_voss=0.00:idle;npc.ashen_hollow.renn_vale=0.00:idle;npc.ashen_hollow.sel_arien=0.00:idle;npc.ashen_hollow.tavar_orr=0.00:idle
17.933,0.0167,0.67,0.00,spear_ready,Idle,3.80,-0.74,75,effect.mending,npc.ashen_hollow.kera_voss=0.00:idle;npc.ashen_hollow.renn_vale=0.00:idle;npc.ashen_hollow.sel_arien=0.00:idle;npc.ashen_hollow.tavar_orr=0.00:idle
17.950,0.0167,0.00,0.00,spear_ready,Idle,3.80,-0.74,75,effect.mending,npc.ashen_hollow.kera_voss=0.00:idle;npc.ashen_hollow.renn_vale=0.00:idle;npc.ashen_hollow.sel_arien=0.00:idle;npc.ashen_hollow.tavar_orr=0.00:idle
17.967,0.0167,0.33,0.00,spear_ready,Idle,3.80,-0.74,75,effect.mending,npc.ashen_hollow.kera_voss=0.00:idle;npc.ashen_hollow.renn_vale=0.00:idle;npc.ashen_hollow.sel_arien=0.00:idle;npc.ashen_hollow.tavar_orr=0.00:idle
17.983,0.0167,0.67,0.00,spear_ready,Idle,3.80,-0.74,75,effect.mending,npc.ashen_hollow.kera_voss=0.00:idle;npc.ashen_hollow.renn_vale=0.00:idle;npc.ashen_hollow.sel_arien=0.00:idle;npc.ashen_hollow.tavar_orr=0.00:idle
18.000,0.0167,0.00,0.00,spear_ready,Idle,3.80,-0.74,75,effect.mending,npc.ashen_hollow.kera_voss=0.00:idle;npc.ashen_hollow.renn_vale=0.00:idle;npc.ashen_hollow.sel_arien=0.00:idle;npc.ashen_hollow.tavar_orr=0.00:idle
18.017,0.0167,0.33,0.00,spear_ready,Idle,3.80,-0.74,75,effect.mending,npc.ashen_hollow.kera_voss=0.00:idle;npc.ashen_hollow.renn_vale=0.00:idle;npc.ashen_hollow.sel_arien=0.00:idle;npc.ashen_hollow.tavar_orr=0.00:idle
18.033,0.0167,0.67,0.00,spear_ready,Idle,3.80,-0.74,75,effect.mending,npc.ashen_hollow.kera_voss=0.00:idle;npc.ashen_hollow.renn_vale=0.00:idle;npc.ashen_hollow.sel_arien=0.00:idle;npc.ashen_hollow.tavar_orr=0.00:idle
18.050,0.0167,0.00,0.00,spear_ready,Idle,3.80,-0.75,75,effect.mending,npc.ashen_hollow.kera_voss=0.00:idle;npc.ashen_hollow.renn_vale=0.00:idle;npc.ashen_hollow.sel_arien=0.00:idle;npc.ashen_hollow.tavar_orr=0.00:idle
18.067,0.0167,0.33,0.00,spear_ready,Idle,3.80,-0.75,75,effect.mending,npc.ashen_hollow.kera_voss=0.00:idle;npc.ashen_hollow.renn_vale=0.00:idle;npc.ashen_hollow.sel_arien=0.00:idle;npc.ashen_hollow.tavar_orr=0.00:idle
18.083,0.0167,0.67,0.00,spear_ready,Idle,3.80,-0.75,75,effect.mending,npc.ashen_hollow.kera_voss=0.00:idle;npc.ashen_hollow.renn_vale=0.00:idle;npc.ashen_hollow.sel_arien=0.00:idle;npc.ashen_hollow.tavar_orr=0.00:idle
18.100,0.0167,0.00,0.00,spear_ready,Idle,3.80,-0.75,75,effect.mending,npc.ashen_hollow.kera_voss=0.00:idle;npc.ashen_hollow.renn_vale=0.00:idle;npc.ashen_hollow.sel_arien=0.00:idle;npc.ashen_hollow.tavar_orr=0.00:idle
18.117,0.0167,0.33,0.00,spear_ready,Idle,3.80,-0.75,75,effect.mending,npc.ashen_hollow.kera_voss=0.00:idle;npc.ashen_hollow.renn_vale=0.00:idle;npc.ashen_hollow.sel_arien=0.00:idle;npc.ashen_hollow.tavar_orr=0.00:idle
18.133,0.0167,0.67,0.00,spear_ready,Idle,3.80,-0.75,75,effect.mending,npc.ashen_hollow.kera_voss=0.00:idle;npc.ashen_hollow.renn_vale=0.00:idle;npc.ashen_hollow.sel_arien=0.00:idle;npc.ashen_hollow.tavar_orr=0.00:idle
18.150,0.0167,0.00,0.00,spear_ready,Idle,3.80,-0.75,75,effect.mending,npc.ashen_hollow.kera_voss=0.00:idle;npc.ashen_hollow.renn_vale=0.00:idle;npc.ashen_hollow.sel_arien=0.00:idle;npc.ashen_hollow.tavar_orr=0.00:idle
18.167,0.0167,0.33,0.00,spear_ready,Idle,3.80,-0.75,75,effect.mending,npc.ashen_hollow.kera_voss=0.00:idle;npc.ashen_hollow.renn_vale=0.00:idle;npc.ashen_hollow.sel_arien=0.00:idle;npc.ashen_hollow.tavar_orr=0.00:idle
18.183,0.0167,0.67,0.00,spear_ready,Idle,3.80,-0.75,75,effect.mending,npc.ashen_hollow.kera_voss=0.00:idle;npc.ashen_hollow.renn_vale=0.00:idle;npc.ashen_hollow.sel_arien=0.00:idle;npc.ashen_hollow.tavar_orr=0.00:idle
18.200,0.0167,0.00,0.00,spear_ready,Idle,3.80,-0.75,75,effect.mending,npc.ashen_hollow.kera_voss=0.00:idle;npc.ashen_hollow.renn_vale=0.00:idle;npc.ashen_hollow.sel_arien=0.00:idle;npc.ashen_hollow.tavar_orr=0.00:idle
18.217,0.0167,0.33,0.00,spear_ready,Idle,3.80,-0.75,75,effect.mending,npc.ashen_hollow.kera_voss=0.00:idle;npc.ashen_hollow.renn_vale=0.00:idle;npc.ashen_hollow.sel_arien=0.00:idle;npc.ashen_hollow.tavar_orr=0.00:idle
18.233,0.0167,0.67,0.00,spear_ready,Idle,3.80,-0.75,75,effect.mending,npc.ashen_hollow.kera_voss=0.00:idle;npc.ashen_hollow.renn_vale=0.00:idle;npc.ashen_hollow.sel_arien=0.00:idle;npc.ashen_hollow.tavar_orr=0.00:idle
18.250,0.0167,0.00,0.00,spear_ready,Idle,3.80,-0.75,75,effect.mending,npc.ashen_hollow.kera_voss=0.00:idle;npc.ashen_hollow.renn_vale=0.00:idle;npc.ashen_hollow.sel_arien=0.00:idle;npc.ashen_hollow.tavar_orr=0.00:idle
18.267,0.0167,0.33,0.30,walk,Idle,3.80,-0.72,75,effect.mending,npc.ashen_hollow.kera_voss=0.00:idle;npc.ashen_hollow.renn_vale=0.00:idle;npc.ashen_hollow.sel_arien=0.00:idle;npc.ashen_hollow.tavar_orr=0.00:idle
18.283,0.0167,0.67,0.54,walk,Idle,3.75,-0.70,75,effect.mending,npc.ashen_hollow.kera_voss=0.00:idle;npc.ashen_hollow.renn_vale=0.00:idle;npc.ashen_hollow.sel_arien=0.00:idle;npc.ashen_hollow.tavar_orr=0.00:idle
18.300,0.0167,0.00,0.54,walk,Idle,3.71,-0.68,75,effect.mending,npc.ashen_hollow.kera_voss=0.00:idle;npc.ashen_hollow.renn_vale=0.00:idle;npc.ashen_hollow.sel_arien=0.00:idle;npc.ashen_hollow.tavar_orr=0.00:idle
18.317,0.0167,0.33,0.74,walk,Idle,3.68,-0.66,75,effect.mending,npc.ashen_hollow.kera_voss=0.00:idle;npc.ashen_hollow.renn_vale=0.00:idle;npc.ashen_hollow.sel_arien=0.00:idle;npc.ashen_hollow.tavar_orr=0.00:idle
18.333,0.0167,0.67,0.90,walk,Idle,3.65,-0.63,75,effect.mending,npc.ashen_hollow.kera_voss=0.00:idle;npc.ashen_hollow.renn_vale=0.00:idle;npc.ashen_hollow.sel_arien=0.00:idle;npc.ashen_hollow.tavar_orr=0.00:idle
18.350,0.0167,0.00,0.90,walk,Idle,3.63,-0.62,75,effect.mending,npc.ashen_hollow.kera_voss=0.00:idle;npc.ashen_hollow.renn_vale=0.00:idle;npc.ashen_hollow.sel_arien=0.00:idle;npc.ashen_hollow.tavar_orr=0.00:idle
18.367,0.0167,0.33,1.03,walk,Idle,3.61,-0.60,75,effect.mending,npc.ashen_hollow.kera_voss=0.00:idle;npc.ashen_hollow.renn_vale=0.00:idle;npc.ashen_hollow.sel_arien=0.00:idle;npc.ashen_hollow.tavar_orr=0.00:idle
18.383,0.0167,0.67,1.13,walk,Idle,3.59,-0.58,75,effect.mending,npc.ashen_hollow.kera_voss=0.00:idle;npc.ashen_hollow.renn_vale=0.00:idle;npc.ashen_hollow.sel_arien=0.00:idle;npc.ashen_hollow.tavar_orr=0.00:idle
18.400,0.0167,0.00,1.13,walk,Idle,3.58,-0.56,75,effect.mending,npc.ashen_hollow.kera_voss=0.00:idle;npc.ashen_hollow.renn_vale=0.00:idle;npc.ashen_hollow.sel_arien=0.00:idle;npc.ashen_hollow.tavar_orr=0.00:idle
18.417,0.0167,0.33,1.22,walk,Idle,3.57,-0.55,75,effect.mending,npc.ashen_hollow.kera_voss=0.00:idle;npc.ashen_hollow.renn_vale=0.00:idle;npc.ashen_hollow.sel_arien=0.00:idle;npc.ashen_hollow.tavar_orr=0.00:idle
18.433,0.0167,0.67,1.29,walk,Idle,3.56,-0.53,75,effect.mending,npc.ashen_hollow.kera_voss=0.00:idle;npc.ashen_hollow.renn_vale=0.00:idle;npc.ashen_hollow.sel_arien=0.00:idle;npc.ashen_hollow.tavar_orr=0.00:idle
18.450,0.0167,0.00,1.29,walk,Idle,3.55,-0.52,75,effect.mending,npc.ashen_hollow.kera_voss=0.00:idle;npc.ashen_hollow.renn_vale=0.00:idle;npc.ashen_hollow.sel_arien=0.00:idle;npc.ashen_hollow.tavar_orr=0.00:idle
18.467,0.0167,0.33,1.35,walk,Idle,3.54,-0.51,75,effect.mending,npc.ashen_hollow.kera_voss=0.00:idle;npc.ashen_hollow.renn_vale=0.00:idle;npc.ashen_hollow.sel_arien=0.00:idle;npc.ashen_hollow.tavar_orr=0.00:idle
18.483,0.0167,0.67,1.39,walk,Idle,3.53,-0.49,75,effect.mending,npc.ashen_hollow.kera_voss=0.00:idle;npc.ashen_hollow.renn_vale=0.00:idle;npc.ashen_hollow.sel_arien=0.00:idle;npc.ashen_hollow.tavar_orr=0.00:idle
18.500,0.0167,0.00,1.39,walk,Idle,3.53,-0.48,75,effect.mending,npc.ashen_hollow.kera_voss=0.00:idle;npc.ashen_hollow.renn_vale=0.00:idle;npc.ashen_hollow.sel_arien=0.00:idle;npc.ashen_hollow.tavar_orr=0.00:idle
18.517,0.0167,0.33,1.43,walk,Idle,3.52,-0.47,75,effect.mending,npc.ashen_hollow.kera_voss=0.00:idle;npc.ashen_hollow.renn_vale=0.00:idle;npc.ashen_hollow.sel_arien=0.00:idle;npc.ashen_hollow.tavar_orr=0.00:idle
18.533,0.0167,0.67,1.46,walk,Idle,3.52,-0.46,75,effect.mending,npc.ashen_hollow.kera_voss=0.00:idle;npc.ashen_hollow.renn_vale=0.00:idle;npc.ashen_hollow.sel_arien=0.00:idle;npc.ashen_hollow.tavar_orr=0.00:idle
18.550,0.0167,0.00,1.46,walk,Idle,3.52,-0.45,75,effect.mending,npc.ashen_hollow.kera_voss=0.00:idle;npc.ashen_hollow.renn_vale=0.00:idle;npc.ashen_hollow.sel_arien=0.00:idle;npc.ashen_hollow.tavar_orr=0.00:idle
18.567,0.0167,0.33,1.49,walk,Idle,3.51,-0.44,75,effect.mending,npc.ashen_hollow.kera_voss=0.00:idle;npc.ashen_hollow.renn_vale=0.00:idle;npc.ashen_hollow.sel_arien=0.00:idle;npc.ashen_hollow.tavar_orr=0.00:idle
18.583,0.0167,0.67,1.50,walk,Idle,3.51,-0.43,75,effect.mending,npc.ashen_hollow.kera_voss=0.00:idle;npc.ashen_hollow.renn_vale=0.00:idle;npc.ashen_hollow.sel_arien=0.00:idle;npc.ashen_hollow.tavar_orr=0.00:idle
18.600,0.0167,0.00,1.50,walk,Idle,3.51,-0.42,75,effect.mending,npc.ashen_hollow.kera_voss=0.00:idle;npc.ashen_hollow.renn_vale=0.00:idle;npc.ashen_hollow.sel_arien=0.00:idle;npc.ashen_hollow.tavar_orr=0.00:idle
18.617,0.0167,0.33,1.52,walk,Idle,3.51,-0.41,75,effect.mending,npc.ashen_hollow.kera_voss=0.00:idle;npc.ashen_hollow.renn_vale=0.00:idle;npc.ashen_hollow.sel_arien=0.00:idle;npc.ashen_hollow.tavar_orr=0.00:idle
18.633,0.0167,0.67,1.53,walk,Idle,3.51,-0.40,75,effect.mending,npc.ashen_hollow.kera_voss=0.00:idle;npc.ashen_hollow.renn_vale=0.00:idle;npc.ashen_hollow.sel_arien=0.00:idle;npc.ashen_hollow.tavar_orr=0.00:idle
18.650,0.0167,0.00,1.53,walk,Idle,3.51,-0.40,75,effect.mending,npc.ashen_hollow.kera_voss=0.00:idle;npc.ashen_hollow.renn_vale=0.00:idle;npc.ashen_hollow.sel_arien=0.00:idle;npc.ashen_hollow.tavar_orr=0.00:idle
18.667,0.0167,0.33,1.55,walk,Idle,3.51,-0.39,75,effect.mending,npc.ashen_hollow.kera_voss=0.00:idle;npc.ashen_hollow.renn_vale=0.00:idle;npc.ashen_hollow.sel_arien=0.00:idle;npc.ashen_hollow.tavar_orr=0.00:idle
18.683,0.0167,0.67,1.55,walk,Idle,3.50,-0.38,75,effect.mending,npc.ashen_hollow.kera_voss=0.00:idle;npc.ashen_hollow.renn_vale=0.00:idle;npc.ashen_hollow.sel_arien=0.00:idle;npc.ashen_hollow.tavar_orr=0.00:idle
18.700,0.0167,0.00,1.55,walk,Idle,3.50,-0.37,75,effect.mending,npc.ashen_hollow.kera_voss=0.00:idle;npc.ashen_hollow.renn_vale=0.00:idle;npc.ashen_hollow.sel_arien=0.00:idle;npc.ashen_hollow.tavar_orr=0.00:idle
18.717,0.0167,0.33,1.56,walk,Idle,3.50,-0.37,75,effect.mending,npc.ashen_hollow.kera_voss=0.00:idle;npc.ashen_hollow.renn_vale=0.00:idle;npc.ashen_hollow.sel_arien=0.00:idle;npc.ashen_hollow.tavar_orr=0.00:idle
18.733,0.0167,0.67,1.56,walk,Idle,3.50,-0.36,75,effect.mending,npc.ashen_hollow.kera_voss=0.00:idle;npc.ashen_hollow.renn_vale=0.00:idle;npc.ashen_hollow.sel_arien=0.00:idle;npc.ashen_hollow.tavar_orr=0.00:idle
18.750,0.0167,0.00,1.56,walk,Idle,3.50,-0.36,75,effect.mending,npc.ashen_hollow.kera_voss=0.00:idle;npc.ashen_hollow.renn_vale=0.00:idle;npc.ashen_hollow.sel_arien=0.00:idle;npc.ashen_hollow.tavar_orr=0.00:idle
18.767,0.0167,0.33,1.57,walk,Idle,3.50,-0.35,75,effect.mending,npc.ashen_hollow.kera_voss=0.00:idle;npc.ashen_hollow.renn_vale=0.00:idle;npc.ashen_hollow.sel_arien=0.00:idle;npc.ashen_hollow.tavar_orr=0.00:idle
18.783,0.0167,0.67,1.57,walk,Idle,3.50,-0.35,75,effect.mending,npc.ashen_hollow.kera_voss=0.00:idle;npc.ashen_hollow.renn_vale=0.00:idle;npc.ashen_hollow.sel_arien=0.00:idle;npc.ashen_hollow.tavar_orr=0.00:idle
18.800,0.0167,0.00,1.57,walk,Idle,3.50,-0.34,75,effect.mending,npc.ashen_hollow.kera_voss=0.00:idle;npc.ashen_hollow.renn_vale=0.00:idle;npc.ashen_hollow.sel_arien=0.00:idle;npc.ashen_hollow.tavar_orr=0.00:idle
18.817,0.0167,0.33,1.58,walk,Idle,3.50,-0.34,75,effect.mending,npc.ashen_hollow.kera_voss=0.00:idle;npc.ashen_hollow.renn_vale=0.00:idle;npc.ashen_hollow.sel_arien=0.00:idle;npc.ashen_hollow.tavar_orr=0.00:idle
18.833,0.0167,0.67,1.58,walk,Idle,3.50,-0.33,75,effect.mending,npc.ashen_hollow.kera_voss=0.00:idle;npc.ashen_hollow.renn_vale=0.00:idle;npc.ashen_hollow.sel_arien=0.00:idle;npc.ashen_hollow.tavar_orr=0.00:idle
18.850,0.0167,0.00,1.58,walk,Idle,3.50,-0.33,75,effect.mending,npc.ashen_hollow.kera_voss=0.00:idle;npc.ashen_hollow.renn_vale=0.00:idle;npc.ashen_hollow.sel_arien=0.00:idle;npc.ashen_hollow.tavar_orr=0.00:idle
18.867,0.0167,0.33,1.58,walk,Idle,3.50,-0.32,75,effect.mending,npc.ashen_hollow.kera_voss=0.00:idle;npc.ashen_hollow.renn_vale=0.00:idle;npc.ashen_hollow.sel_arien=0.00:idle;npc.ashen_hollow.tavar_orr=0.00:idle
18.883,0.0167,0.67,1.58,walk,Idle,3.50,-0.32,75,effect.mending,npc.ashen_hollow.kera_voss=0.00:idle;npc.ashen_hollow.renn_vale=0.00:idle;npc.ashen_hollow.sel_arien=0.00:idle;npc.ashen_hollow.tavar_orr=0.00:idle
18.900,0.0167,0.00,1.58,walk,Idle,3.50,-0.32,75,effect.mending,npc.ashen_hollow.kera_voss=0.00:idle;npc.ashen_hollow.renn_vale=0.00:idle;npc.ashen_hollow.sel_arien=0.00:idle;npc.ashen_hollow.tavar_orr=0.00:idle
18.917,0.0167,0.33,1.59,walk,Idle,3.50,-0.31,75,effect.mending,npc.ashen_hollow.kera_voss=0.00:idle;npc.ashen_hollow.renn_vale=0.00:idle;npc.ashen_hollow.sel_arien=0.00:idle;npc.ashen_hollow.tavar_orr=0.00:idle
18.933,0.0167,0.67,1.58,walk,Idle,3.50,-0.31,75,effect.mending,npc.ashen_hollow.kera_voss=0.00:idle;npc.ashen_hollow.renn_vale=0.00:idle;npc.ashen_hollow.sel_arien=0.00:idle;npc.ashen_hollow.tavar_orr=0.00:idle
18.950,0.0167,0.00,1.58,walk,Idle,3.50,-0.31,75,effect.mending,npc.ashen_hollow.kera_voss=0.00:idle;npc.ashen_hollow.renn_vale=0.00:idle;npc.ashen_hollow.sel_arien=0.00:idle;npc.ashen_hollow.tavar_orr=0.00:idle
18.967,0.0167,0.33,1.59,walk,Idle,3.50,-0.30,75,effect.mending,npc.ashen_hollow.kera_voss=0.00:idle;npc.ashen_hollow.renn_vale=0.00:idle;npc.ashen_hollow.sel_arien=0.00:idle;npc.ashen_hollow.tavar_orr=0.00:idle
18.983,0.0167,0.67,1.58,walk,Idle,3.50,-0.30,75,effect.mending,npc.ashen_hollow.kera_voss=0.00:idle;npc.ashen_hollow.renn_vale=0.00:idle;npc.ashen_hollow.sel_arien=0.00:idle;npc.ashen_hollow.tavar_orr=0.00:idle
19.000,0.0167,0.00,1.58,walk,Idle,3.50,-0.30,75,effect.mending,npc.ashen_hollow.kera_voss=0.00:idle;npc.ashen_hollow.renn_vale=0.00:idle;npc.ashen_hollow.sel_arien=0.00:idle;npc.ashen_hollow.tavar_orr=0.00:idle
19.017,0.0167,0.33,1.59,walk,Idle,3.50,-0.30,75,effect.mending,npc.ashen_hollow.kera_voss=0.00:idle;npc.ashen_hollow.renn_vale=0.00:idle;npc.ashen_hollow.sel_arien=0.00:idle;npc.ashen_hollow.tavar_orr=0.00:idle
19.033,0.0167,0.67,1.59,walk,Idle,3.50,-0.29,75,effect.mending,npc.ashen_hollow.kera_voss=0.00:idle;npc.ashen_hollow.renn_vale=0.00:idle;npc.ashen_hollow.sel_arien=0.00:idle;npc.ashen_hollow.tavar_orr=0.00:idle
19.050,0.0167,0.00,1.59,walk,Idle,3.50,-0.29,75,effect.mending,npc.ashen_hollow.kera_voss=0.00:idle;npc.ashen_hollow.renn_vale=0.00:idle;npc.ashen_hollow.sel_arien=0.00:idle;npc.ashen_hollow.tavar_orr=0.00:idle
19.067,0.0167,0.33,1.59,walk,Idle,3.50,-0.29,75,effect.mending,npc.ashen_hollow.kera_voss=0.00:idle;npc.ashen_hollow.renn_vale=0.00:idle;npc.ashen_hollow.sel_arien=0.00:idle;npc.ashen_hollow.tavar_orr=0.00:idle
19.083,0.0167,0.67,1.59,walk,Idle,3.50,-0.29,75,effect.mending,npc.ashen_hollow.kera_voss=0.00:idle;npc.ashen_hollow.renn_vale=0.00:idle;npc.ashen_hollow.sel_arien=0.00:idle;npc.ashen_hollow.tavar_orr=0.00:idle
19.100,0.0167,0.00,1.59,walk,Idle,3.50,-0.29,75,effect.mending,npc.ashen_hollow.kera_voss=0.00:idle;npc.ashen_hollow.renn_vale=0.00:idle;npc.ashen_hollow.sel_arien=0.00:idle;npc.ashen_hollow.tavar_orr=0.00:idle
19.117,0.0167,0.33,1.59,walk,Idle,3.50,-0.28,75,effect.mending,npc.ashen_hollow.kera_voss=0.00:idle;npc.ashen_hollow.renn_vale=0.00:idle;npc.ashen_hollow.sel_arien=0.00:idle;npc.ashen_hollow.tavar_orr=0.00:idle
19.133,0.0167,0.67,1.59,walk,Idle,3.50,-0.28,75,effect.mending,npc.ashen_hollow.kera_voss=0.00:idle;npc.ashen_hollow.renn_vale=0.00:idle;npc.ashen_hollow.sel_arien=0.00:idle;npc.ashen_hollow.tavar_orr=0.00:idle
19.150,0.0167,0.00,1.59,walk,Idle,3.50,-0.28,75,effect.mending,npc.ashen_hollow.kera_voss=0.00:idle;npc.ashen_hollow.renn_vale=0.00:idle;npc.ashen_hollow.sel_arien=0.00:idle;npc.ashen_hollow.tavar_orr=0.00:idle
19.167,0.0167,0.33,1.59,walk,Idle,3.50,-0.28,75,effect.mending,npc.ashen_hollow.kera_voss=0.00:idle;npc.ashen_hollow.renn_vale=0.00:idle;npc.ashen_hollow.sel_arien=0.00:idle;npc.ashen_hollow.tavar_orr=0.00:idle
19.183,0.0167,0.67,1.59,walk,Idle,3.50,-0.28,75,effect.mending,npc.ashen_hollow.kera_voss=0.00:idle;npc.ashen_hollow.renn_vale=0.00:idle;npc.ashen_hollow.sel_arien=0.00:idle;npc.ashen_hollow.tavar_orr=0.00:idle
19.200,0.0167,0.00,1.59,walk,Idle,3.50,-0.28,75,effect.mending,npc.ashen_hollow.kera_voss=0.00:idle;npc.ashen_hollow.renn_vale=0.00:idle;npc.ashen_hollow.sel_arien=0.00:idle;npc.ashen_hollow.tavar_orr=0.00:idle
19.217,0.0167,0.33,1.59,walk,Idle,3.50,-0.28,75,effect.mending,npc.ashen_hollow.kera_voss=0.00:idle;npc.ashen_hollow.renn_vale=0.00:idle;npc.ashen_hollow.sel_arien=0.00:idle;npc.ashen_hollow.tavar_orr=0.00:idle
19.233,0.0167,0.67,1.59,walk,Idle,3.50,-0.27,75,effect.mending,npc.ashen_hollow.kera_voss=0.00:idle;npc.ashen_hollow.renn_vale=0.00:idle;npc.ashen_hollow.sel_arien=0.00:idle;npc.ashen_hollow.tavar_orr=0.00:idle
19.250,0.0167,0.00,1.59,walk,Idle,3.50,-0.27,75,effect.mending,npc.ashen_hollow.kera_voss=0.00:idle;npc.ashen_hollow.renn_vale=0.00:idle;npc.ashen_hollow.sel_arien=0.00:idle;npc.ashen_hollow.tavar_orr=0.00:idle
19.267,0.0167,0.33,1.59,walk,Idle,3.50,-0.27,75,effect.mending,npc.ashen_hollow.kera_voss=0.00:idle;npc.ashen_hollow.renn_vale=0.00:idle;npc.ashen_hollow.sel_arien=0.00:idle;npc.ashen_hollow.tavar_orr=0.00:idle
19.283,0.0167,0.67,1.59,walk,Idle,3.50,-0.27,75,effect.mending,npc.ashen_hollow.kera_voss=0.00:idle;npc.ashen_hollow.renn_vale=0.00:idle;npc.ashen_hollow.sel_arien=0.00:idle;npc.ashen_hollow.tavar_orr=0.00:idle
19.300,0.0167,0.00,1.59,walk,Idle,3.50,-0.27,75,effect.mending,npc.ashen_hollow.kera_voss=0.00:idle;npc.ashen_hollow.renn_vale=0.00:idle;npc.ashen_hollow.sel_arien=0.00:idle;npc.ashen_hollow.tavar_orr=0.00:idle
19.317,0.0167,0.33,1.59,walk,Idle,3.50,-0.27,75,effect.mending,npc.ashen_hollow.kera_voss=0.00:idle;npc.ashen_hollow.renn_vale=0.00:idle;npc.ashen_hollow.sel_arien=0.00:idle;npc.ashen_hollow.tavar_orr=0.00:idle
19.333,0.0167,0.67,1.59,walk,Idle,3.50,-0.27,75,effect.mending,npc.ashen_hollow.kera_voss=0.00:idle;npc.ashen_hollow.renn_vale=0.00:idle;npc.ashen_hollow.sel_arien=0.00:idle;npc.ashen_hollow.tavar_orr=0.00:idle
19.350,0.0167,0.00,1.59,walk,Idle,3.50,-0.27,75,,npc.ashen_hollow.kera_voss=0.00:idle;npc.ashen_hollow.renn_vale=0.00:idle;npc.ashen_hollow.sel_arien=0.00:idle;npc.ashen_hollow.tavar_orr=0.00:idle
19.367,0.0167,0.33,1.59,walk,Idle,3.50,-0.27,75,,npc.ashen_hollow.kera_voss=0.00:idle;npc.ashen_hollow.renn_vale=0.00:idle;npc.ashen_hollow.sel_arien=0.00:idle;npc.ashen_hollow.tavar_orr=0.00:idle
19.383,0.0167,0.67,1.59,walk,Idle,3.50,-0.27,75,,npc.ashen_hollow.kera_voss=0.00:idle;npc.ashen_hollow.renn_vale=0.00:idle;npc.ashen_hollow.sel_arien=0.00:idle;npc.ashen_hollow.tavar_orr=0.00:idle
19.400,0.0167,0.00,1.59,walk,Idle,3.50,-0.26,75,,npc.ashen_hollow.kera_voss=0.00:idle;npc.ashen_hollow.renn_vale=0.00:idle;npc.ashen_hollow.sel_arien=0.00:idle;npc.ashen_hollow.tavar_orr=0.00:idle
19.417,0.0167,0.33,1.59,walk,Idle,3.50,-0.26,75,,npc.ashen_hollow.kera_voss=0.00:idle;npc.ashen_hollow.renn_vale=0.00:idle;npc.ashen_hollow.sel_arien=0.00:idle;npc.ashen_hollow.tavar_orr=0.00:idle
19.433,0.0167,0.67,1.59,walk,Idle,3.50,-0.26,75,,npc.ashen_hollow.kera_voss=0.00:idle;npc.ashen_hollow.renn_vale=0.00:idle;npc.ashen_hollow.sel_arien=0.00:idle;npc.ashen_hollow.tavar_orr=0.00:idle
19.450,0.0167,0.00,1.59,walk,Idle,3.50,-0.26,75,,npc.ashen_hollow.kera_voss=0.00:idle;npc.ashen_hollow.renn_vale=0.00:idle;npc.ashen_hollow.sel_arien=0.00:idle;npc.ashen_hollow.tavar_orr=0.00:idle
19.467,0.0167,0.33,1.59,walk,Idle,3.50,-0.26,75,,npc.ashen_hollow.kera_voss=0.00:idle;npc.ashen_hollow.renn_vale=0.00:idle;npc.ashen_hollow.sel_arien=0.00:idle;npc.ashen_hollow.tavar_orr=0.00:idle
19.483,0.0167,0.67,1.59,walk,Idle,3.50,-0.26,75,,npc.ashen_hollow.kera_voss=0.00:idle;npc.ashen_hollow.renn_vale=0.00:idle;npc.ashen_hollow.sel_arien=0.00:idle;npc.ashen_hollow.tavar_orr=0.00:idle
19.500,0.0167,0.00,1.59,walk,Idle,3.50,-0.26,75,,npc.ashen_hollow.kera_voss=0.00:idle;npc.ashen_hollow.renn_vale=0.00:idle;npc.ashen_hollow.sel_arien=0.00:idle;npc.ashen_hollow.tavar_orr=0.00:idle
19.517,0.0167,0.33,1.59,walk,Idle,3.50,-0.26,75,,npc.ashen_hollow.kera_voss=0.00:idle;npc.ashen_hollow.renn_vale=0.00:idle;npc.ashen_hollow.sel_arien=0.00:idle;npc.ashen_hollow.tavar_orr=0.00:idle
19.533,0.0167,0.67,1.59,walk,Idle,3.50,-0.26,75,,npc.ashen_hollow.kera_voss=0.00:idle;npc.ashen_hollow.renn_vale=0.00:idle;npc.ashen_hollow.sel_arien=0.00:idle;npc.ashen_hollow.tavar_orr=0.00:idle
19.550,0.0167,0.00,1.59,walk,Idle,3.50,-0.26,75,,npc.ashen_hollow.kera_voss=0.00:idle;npc.ashen_hollow.renn_vale=0.00:idle;npc.ashen_hollow.sel_arien=0.00:idle;npc.ashen_hollow.tavar_orr=0.00:idle
19.567,0.0167,0.33,1.59,walk,Idle,3.50,-0.26,75,,npc.ashen_hollow.kera_voss=0.00:idle;npc.ashen_hollow.renn_vale=0.00:idle;npc.ashen_hollow.sel_arien=0.00:idle;npc.ashen_hollow.tavar_orr=0.00:idle
19.583,0.0167,0.67,1.59,walk,Idle,3.50,-0.26,75,,npc.ashen_hollow.kera_voss=0.00:idle;npc.ashen_hollow.renn_vale=0.00:idle;npc.ashen_hollow.sel_arien=0.00:idle;npc.ashen_hollow.tavar_orr=0.00:idle
19.600,0.0167,0.00,1.59,walk,Idle,3.50,-0.26,75,,npc.ashen_hollow.kera_voss=0.00:idle;npc.ashen_hollow.renn_vale=0.00:idle;npc.ashen_hollow.sel_arien=0.00:idle;npc.ashen_hollow.tavar_orr=0.00:idle
19.617,0.0167,0.33,1.59,walk,Idle,3.50,-0.26,75,,npc.ashen_hollow.kera_voss=0.00:idle;npc.ashen_hollow.renn_vale=0.00:idle;npc.ashen_hollow.sel_arien=0.00:idle;npc.ashen_hollow.tavar_orr=0.00:idle
19.633,0.0167,0.67,1.59,walk,Idle,3.50,-0.26,75,,npc.ashen_hollow.kera_voss=0.00:idle;npc.ashen_hollow.renn_vale=0.00:idle;npc.ashen_hollow.sel_arien=0.00:idle;npc.ashen_hollow.tavar_orr=0.00:idle
19.650,0.0167,0.00,1.59,walk,Idle,3.50,-0.26,75,,npc.ashen_hollow.kera_voss=0.00:idle;npc.ashen_hollow.renn_vale=0.00:idle;npc.ashen_hollow.sel_arien=0.00:idle;npc.ashen_hollow.tavar_orr=0.00:idle
19.667,0.0167,0.33,1.59,walk,Idle,3.50,-0.26,75,,npc.ashen_hollow.kera_voss=0.00:idle;npc.ashen_hollow.renn_vale=0.00:idle;npc.ashen_hollow.sel_arien=0.00:idle;npc.ashen_hollow.tavar_orr=0.00:idle
19.683,0.0167,0.67,1.59,walk,Idle,3.50,-0.26,75,,npc.ashen_hollow.kera_voss=0.00:idle;npc.ashen_hollow.renn_vale=0.00:idle;npc.ashen_hollow.sel_arien=0.00:idle;npc.ashen_hollow.tavar_orr=0.00:idle
19.700,0.0167,0.00,1.59,walk,Idle,3.50,-0.26,75,,npc.ashen_hollow.kera_voss=0.00:idle;npc.ashen_hollow.renn_vale=0.00:idle;npc.ashen_hollow.sel_arien=0.00:idle;npc.ashen_hollow.tavar_orr=0.00:idle
19.717,0.0167,0.33,1.59,walk,Idle,3.50,-0.26,75,,npc.ashen_hollow.kera_voss=0.00:idle;npc.ashen_hollow.renn_vale=0.00:idle;npc.ashen_hollow.sel_arien=0.00:idle;npc.ashen_hollow.tavar_orr=0.00:idle
19.733,0.0167,0.67,1.59,walk,Idle,3.50,-0.26,75,,npc.ashen_hollow.kera_voss=0.00:idle;npc.ashen_hollow.renn_vale=0.00:idle;npc.ashen_hollow.sel_arien=0.00:idle;npc.ashen_hollow.tavar_orr=0.00:idle
19.750,0.0167,0.00,1.59,walk,Idle,3.50,-0.25,75,,npc.ashen_hollow.kera_voss=0.00:idle;npc.ashen_hollow.renn_vale=0.00:idle;npc.ashen_hollow.sel_arien=0.00:idle;npc.ashen_hollow.tavar_orr=0.00:idle
19.767,0.0167,0.33,1.59,walk,Idle,3.50,-0.25,75,,npc.ashen_hollow.kera_voss=0.00:idle;npc.ashen_hollow.renn_vale=0.00:idle;npc.ashen_hollow.sel_arien=0.00:idle;npc.ashen_hollow.tavar_orr=0.00:idle
19.783,0.0167,0.67,1.59,walk,Idle,3.50,-0.25,75,,npc.ashen_hollow.kera_voss=0.00:idle;npc.ashen_hollow.renn_vale=0.00:idle;npc.ashen_hollow.sel_arien=0.00:idle;npc.ashen_hollow.tavar_orr=0.00:idle
19.800,0.0167,0.00,1.59,walk,Idle,3.50,-0.25,75,,npc.ashen_hollow.kera_voss=0.00:idle;npc.ashen_hollow.renn_vale=0.00:idle;npc.ashen_hollow.sel_arien=0.00:idle;npc.ashen_hollow.tavar_orr=0.00:idle
19.817,0.0167,0.33,1.59,walk,Idle,3.50,-0.25,75,,npc.ashen_hollow.kera_voss=0.00:idle;npc.ashen_hollow.renn_vale=0.00:idle;npc.ashen_hollow.sel_arien=0.00:idle;npc.ashen_hollow.tavar_orr=0.00:idle
19.833,0.0167,0.67,1.59,walk,Idle,3.50,-0.25,75,,npc.ashen_hollow.kera_voss=0.00:idle;npc.ashen_hollow.renn_vale=0.00:idle;npc.ashen_hollow.sel_arien=0.00:idle;npc.ashen_hollow.tavar_orr=0.00:idle
19.850,0.0167,0.00,1.59,walk,Idle,3.50,-0.25,75,,npc.ashen_hollow.kera_voss=0.00:idle;npc.ashen_hollow.renn_vale=0.00:idle;npc.ashen_hollow.sel_arien=0.00:idle;npc.ashen_hollow.tavar_orr=0.00:idle
19.867,0.0167,0.33,1.59,walk,Idle,3.50,-0.25,75,,npc.ashen_hollow.kera_voss=0.00:idle;npc.ashen_hollow.renn_vale=0.00:idle;npc.ashen_hollow.sel_arien=0.00:idle;npc.ashen_hollow.tavar_orr=0.00:idle
19.883,0.0167,0.67,1.59,walk,Idle,3.50,-0.25,75,,npc.ashen_hollow.kera_voss=0.00:idle;npc.ashen_hollow.renn_vale=0.00:idle;npc.ashen_hollow.sel_arien=0.00:idle;npc.ashen_hollow.tavar_orr=0.00:idle
19.900,0.0167,0.00,1.59,walk,Idle,3.50,-0.25,75,,npc.ashen_hollow.kera_voss=0.00:idle;npc.ashen_hollow.renn_vale=0.00:idle;npc.ashen_hollow.sel_arien=0.00:idle;npc.ashen_hollow.tavar_orr=0.00:idle
19.917,0.0167,0.33,1.59,walk,Idle,3.50,-0.25,75,,npc.ashen_hollow.kera_voss=0.00:idle;npc.ashen_hollow.renn_vale=0.00:idle;npc.ashen_hollow.sel_arien=0.00:idle;npc.ashen_hollow.tavar_orr=0.00:idle
19.933,0.0167,0.67,1.59,walk,Idle,3.50,-0.25,75,,npc.ashen_hollow.kera_voss=0.00:idle;npc.ashen_hollow.renn_vale=0.00:idle;npc.ashen_hollow.sel_arien=0.00:idle;npc.ashen_hollow.tavar_orr=0.00:idle
19.950,0.0167,0.00,1.59,walk,Idle,3.50,-0.25,75,,npc.ashen_hollow.kera_voss=0.00:idle;npc.ashen_hollow.renn_vale=0.00:idle;npc.ashen_hollow.sel_arien=0.00:idle;npc.ashen_hollow.tavar_orr=0.00:idle
19.967,0.0167,0.33,1.59,walk,Idle,3.50,-0.25,75,,npc.ashen_hollow.kera_voss=0.00:idle;npc.ashen_hollow.renn_vale=0.00:idle;npc.ashen_hollow.sel_arien=0.00:idle;npc.ashen_hollow.tavar_orr=0.00:idle
19.983,0.0167,0.67,1.59,walk,Idle,3.50,-0.25,75,,npc.ashen_hollow.kera_voss=0.00:idle;npc.ashen_hollow.renn_vale=0.00:idle;npc.ashen_hollow.sel_arien=0.00:idle;npc.ashen_hollow.tavar_orr=0.00:idle
20.000,0.0167,0.00,1.59,walk,Idle,3.50,-0.25,75,,npc.ashen_hollow.kera_voss=0.00:idle;npc.ashen_hollow.renn_vale=0.00:idle;npc.ashen_hollow.sel_arien=0.00:idle;npc.ashen_hollow.tavar_orr=0.00:idle
20.017,0.0167,0.33,1.59,walk,Idle,3.50,-0.25,75,,npc.ashen_hollow.kera_voss=0.00:idle;npc.ashen_hollow.renn_vale=0.00:idle;npc.ashen_hollow.sel_arien=0.00:idle;npc.ashen_hollow.tavar_orr=0.00:idle
20.033,0.0167,0.67,1.59,walk,Idle,3.50,-0.25,75,,npc.ashen_hollow.kera_voss=0.00:idle;npc.ashen_hollow.renn_vale=0.00:idle;npc.ashen_hollow.sel_arien=0.00:idle;npc.ashen_hollow.tavar_orr=0.00:idle
20.050,0.0167,0.00,1.59,walk,Idle,3.50,-0.25,75,,npc.ashen_hollow.kera_voss=0.00:idle;npc.ashen_hollow.renn_vale=0.00:idle;npc.ashen_hollow.sel_arien=0.00:idle;npc.ashen_hollow.tavar_orr=0.00:idle
20.067,0.0167,0.33,1.59,walk,Idle,3.50,-0.25,75,,npc.ashen_hollow.kera_voss=0.00:idle;npc.ashen_hollow.renn_vale=0.00:idle;npc.ashen_hollow.sel_arien=0.00:idle;npc.ashen_hollow.tavar_orr=0.00:idle
20.083,0.0167,0.67,1.59,walk,Idle,3.50,-0.25,75,,npc.ashen_hollow.kera_voss=0.00:idle;npc.ashen_hollow.renn_vale=0.00:idle;npc.ashen_hollow.sel_arien=0.00:idle;npc.ashen_hollow.tavar_orr=0.00:idle
20.100,0.0167,0.00,1.59,walk,Idle,3.50,-0.25,75,,npc.ashen_hollow.kera_voss=0.00:idle;npc.ashen_hollow.renn_vale=0.00:idle;npc.ashen_hollow.sel_arien=0.00:idle;npc.ashen_hollow.tavar_orr=0.00:idle
20.117,0.0167,0.33,1.59,walk,Idle,3.50,-0.25,75,,npc.ashen_hollow.kera_voss=0.00:idle;npc.ashen_hollow.renn_vale=0.00:idle;npc.ashen_hollow.sel_arien=0.00:idle;npc.ashen_hollow.tavar_orr=0.00:idle
20.133,0.0167,0.67,1.59,walk,Idle,3.50,-0.25,75,,npc.ashen_hollow.kera_voss=0.00:idle;npc.ashen_hollow.renn_vale=0.00:idle;npc.ashen_hollow.sel_arien=0.00:idle;npc.ashen_hollow.tavar_orr=0.00:idle
20.150,0.0167,0.00,1.59,walk,Idle,3.50,-0.25,75,,npc.ashen_hollow.kera_voss=0.00:idle;npc.ashen_hollow.renn_vale=0.00:idle;npc.ashen_hollow.sel_arien=0.00:idle;npc.ashen_hollow.tavar_orr=0.00:idle
20.167,0.0167,0.33,1.59,walk,Idle,3.50,-0.25,75,,npc.ashen_hollow.kera_voss=0.00:idle;npc.ashen_hollow.renn_vale=0.00:idle;npc.ashen_hollow.sel_arien=0.00:idle;npc.ashen_hollow.tavar_orr=0.00:idle
20.183,0.0167,0.67,1.59,walk,Idle,3.50,-0.25,75,,npc.ashen_hollow.kera_voss=0.00:idle;npc.ashen_hollow.renn_vale=0.00:idle;npc.ashen_hollow.sel_arien=0.00:idle;npc.ashen_hollow.tavar_orr=0.00:idle
20.200,0.0167,0.00,1.59,walk,Idle,3.50,-0.25,75,,npc.ashen_hollow.kera_voss=0.00:idle;npc.ashen_hollow.renn_vale=0.00:idle;npc.ashen_hollow.sel_arien=0.00:idle;npc.ashen_hollow.tavar_orr=0.00:idle
20.217,0.0167,0.33,1.59,walk,Idle,3.50,-0.25,75,,npc.ashen_hollow.kera_voss=0.00:idle;npc.ashen_hollow.renn_vale=0.00:idle;npc.ashen_hollow.sel_arien=0.00:idle;npc.ashen_hollow.tavar_orr=0.00:idle
20.233,0.0167,0.67,1.59,walk,Idle,3.50,-0.25,75,,npc.ashen_hollow.kera_voss=0.00:idle;npc.ashen_hollow.renn_vale=0.00:idle;npc.ashen_hollow.sel_arien=0.00:idle;npc.ashen_hollow.tavar_orr=0.00:idle
20.250,0.0167,0.00,1.59,walk,Idle,3.50,-0.25,75,,npc.ashen_hollow.kera_voss=0.00:idle;npc.ashen_hollow.renn_vale=0.00:idle;npc.ashen_hollow.sel_arien=0.00:idle;npc.ashen_hollow.tavar_orr=0.00:idle
20.267,0.0167,0.33,1.59,walk,Idle,3.50,-0.25,75,,npc.ashen_hollow.kera_voss=0.00:idle;npc.ashen_hollow.renn_vale=0.00:idle;npc.ashen_hollow.sel_arien=0.00:idle;npc.ashen_hollow.tavar_orr=0.00:idle
20.283,0.0167,0.67,1.59,walk,Idle,3.50,-0.25,75,,npc.ashen_hollow.kera_voss=0.00:idle;npc.ashen_hollow.renn_vale=0.00:idle;npc.ashen_hollow.sel_arien=0.00:idle;npc.ashen_hollow.tavar_orr=0.00:idle
20.300,0.0167,0.00,1.59,walk,Idle,3.50,-0.25,75,,npc.ashen_hollow.kera_voss=0.00:idle;npc.ashen_hollow.renn_vale=0.00:idle;npc.ashen_hollow.sel_arien=0.00:idle;npc.ashen_hollow.tavar_orr=0.00:idle
20.317,0.0167,0.33,1.59,walk,Idle,3.50,-0.25,75,,npc.ashen_hollow.kera_voss=0.00:idle;npc.ashen_hollow.renn_vale=0.00:idle;npc.ashen_hollow.sel_arien=0.00:idle;npc.ashen_hollow.tavar_orr=0.00:idle
20.333,0.0167,0.67,1.59,walk,Idle,3.50,-0.25,75,,npc.ashen_hollow.kera_voss=0.00:idle;npc.ashen_hollow.renn_vale=0.00:idle;npc.ashen_hollow.sel_arien=0.00:idle;npc.ashen_hollow.tavar_orr=0.00:idle
20.350,0.0167,0.00,1.59,walk,Idle,3.50,-0.25,75,,npc.ashen_hollow.kera_voss=0.00:idle;npc.ashen_hollow.renn_vale=0.00:idle;npc.ashen_hollow.sel_arien=0.00:idle;npc.ashen_hollow.tavar_orr=0.00:idle
20.367,0.0167,0.33,1.59,walk,Idle,3.50,-0.25,75,,npc.ashen_hollow.kera_voss=0.00:idle;npc.ashen_hollow.renn_vale=0.00:idle;npc.ashen_hollow.sel_arien=0.00:idle;npc.ashen_hollow.tavar_orr=0.00:idle
20.383,0.0167,0.67,1.59,walk,Idle,3.50,-0.25,75,,npc.ashen_hollow.kera_voss=0.00:idle;npc.ashen_hollow.renn_vale=0.00:idle;npc.ashen_hollow.sel_arien=0.00:idle;npc.ashen_hollow.tavar_orr=0.00:idle
20.400,0.0167,0.00,1.59,walk,Idle,3.50,-0.25,75,,npc.ashen_hollow.kera_voss=0.00:idle;npc.ashen_hollow.renn_vale=0.00:idle;npc.ashen_hollow.sel_arien=0.00:idle;npc.ashen_hollow.tavar_orr=0.00:idle
20.417,0.0167,0.33,1.59,walk,Idle,3.50,-0.25,75,,npc.ashen_hollow.kera_voss=0.00:idle;npc.ashen_hollow.renn_vale=0.00:idle;npc.ashen_hollow.sel_arien=0.00:idle;npc.ashen_hollow.tavar_orr=0.00:idle
20.433,0.0167,0.67,1.59,walk,Idle,3.50,-0.25,75,,npc.ashen_hollow.kera_voss=0.00:idle;npc.ashen_hollow.renn_vale=0.00:idle;npc.ashen_hollow.sel_arien=0.00:idle;npc.ashen_hollow.tavar_orr=0.00:idle
20.450,0.0167,0.00,1.59,walk,Idle,3.50,-0.25,75,,npc.ashen_hollow.kera_voss=0.00:idle;npc.ashen_hollow.renn_vale=0.00:idle;npc.ashen_hollow.sel_arien=0.00:idle;npc.ashen_hollow.tavar_orr=0.00:idle
20.467,0.0167,0.33,1.59,walk,Idle,3.50,-0.25,75,,npc.ashen_hollow.kera_voss=0.00:idle;npc.ashen_hollow.renn_vale=0.00:idle;npc.ashen_hollow.sel_arien=0.00:idle;npc.ashen_hollow.tavar_orr=0.00:idle
20.483,0.0167,0.67,1.59,walk,Idle,3.50,-0.25,75,,npc.ashen_hollow.kera_voss=0.00:idle;npc.ashen_hollow.renn_vale=0.00:idle;npc.ashen_hollow.sel_arien=0.00:idle;npc.ashen_hollow.tavar_orr=0.00:idle
20.500,0.0167,0.00,1.59,walk,Idle,3.50,-0.25,75,,npc.ashen_hollow.kera_voss=0.00:idle;npc.ashen_hollow.renn_vale=0.00:idle;npc.ashen_hollow.sel_arien=0.00:idle;npc.ashen_hollow.tavar_orr=0.00:idle
20.517,0.0167,0.33,1.59,walk,Idle,3.50,-0.25,75,,npc.ashen_hollow.kera_voss=0.00:idle;npc.ashen_hollow.renn_vale=0.00:idle;npc.ashen_hollow.sel_arien=0.00:idle;npc.ashen_hollow.tavar_orr=0.00:idle
20.533,0.0167,0.67,1.59,walk,Idle,3.50,-0.25,75,,npc.ashen_hollow.kera_voss=0.00:idle;npc.ashen_hollow.renn_vale=0.00:idle;npc.ashen_hollow.sel_arien=0.00:idle;npc.ashen_hollow.tavar_orr=0.00:idle
20.550,0.0167,0.00,1.59,walk,Idle,3.50,-0.25,75,,npc.ashen_hollow.kera_voss=0.00:idle;npc.ashen_hollow.renn_vale=0.00:idle;npc.ashen_hollow.sel_arien=0.00:idle;npc.ashen_hollow.tavar_orr=0.00:idle
20.567,0.0167,0.33,1.59,walk,Idle,3.50,-0.25,75,,npc.ashen_hollow.kera_voss=0.00:idle;npc.ashen_hollow.renn_vale=0.00:idle;npc.ashen_hollow.sel_arien=0.00:idle;npc.ashen_hollow.tavar_orr=0.00:idle
20.583,0.0167,0.67,1.59,walk,Idle,3.50,-0.25,75,,npc.ashen_hollow.kera_voss=0.00:idle;npc.ashen_hollow.renn_vale=0.00:idle;npc.ashen_hollow.sel_arien=0.00:idle;npc.ashen_hollow.tavar_orr=0.00:idle
20.600,0.0167,0.00,1.59,walk,Idle,3.50,-0.25,75,,npc.ashen_hollow.kera_voss=0.00:idle;npc.ashen_hollow.renn_vale=0.00:idle;npc.ashen_hollow.sel_arien=0.00:idle;npc.ashen_hollow.tavar_orr=0.00:idle
20.617,0.0167,0.33,1.59,walk,Idle,3.50,-0.25,75,,npc.ashen_hollow.kera_voss=0.00:idle;npc.ashen_hollow.renn_vale=0.00:idle;npc.ashen_hollow.sel_arien=0.00:idle;npc.ashen_hollow.tavar_orr=0.00:idle
20.633,0.0167,0.67,1.59,walk,Idle,3.50,-0.25,75,,npc.ashen_hollow.kera_voss=0.00:idle;npc.ashen_hollow.renn_vale=0.00:idle;npc.ashen_hollow.sel_arien=0.00:idle;npc.ashen_hollow.tavar_orr=0.00:idle
20.650,0.0167,0.00,1.59,walk,Idle,3.50,-0.25,75,,npc.ashen_hollow.kera_voss=0.00:idle;npc.ashen_hollow.renn_vale=0.00:idle;npc.ashen_hollow.sel_arien=0.00:idle;npc.ashen_hollow.tavar_orr=0.00:idle
20.667,0.0167,0.33,1.59,walk,Idle,3.50,-0.25,75,,npc.ashen_hollow.kera_voss=0.00:idle;npc.ashen_hollow.renn_vale=0.00:idle;npc.ashen_hollow.sel_arien=0.00:idle;npc.ashen_hollow.tavar_orr=0.00:idle
20.683,0.0167,0.67,1.59,walk,Idle,3.50,-0.25,75,,npc.ashen_hollow.kera_voss=0.00:idle;npc.ashen_hollow.renn_vale=0.00:idle;npc.ashen_hollow.sel_arien=0.00:idle;npc.ashen_hollow.tavar_orr=0.00:idle
20.700,0.0167,0.00,1.59,walk,Idle,3.50,-0.25,75,,npc.ashen_hollow.kera_voss=0.00:idle;npc.ashen_hollow.renn_vale=0.00:idle;npc.ashen_hollow.sel_arien=0.00:idle;npc.ashen_hollow.tavar_orr=0.00:idle
20.717,0.0167,0.33,1.59,walk,Idle,3.50,-0.25,75,,npc.ashen_hollow.kera_voss=0.00:idle;npc.ashen_hollow.renn_vale=0.00:idle;npc.ashen_hollow.sel_arien=0.00:idle;npc.ashen_hollow.tavar_orr=0.00:idle
20.733,0.0167,0.67,1.59,walk,Idle,3.50,-0.25,75,,npc.ashen_hollow.kera_voss=0.00:idle;npc.ashen_hollow.renn_vale=0.00:idle;npc.ashen_hollow.sel_arien=0.00:idle;npc.ashen_hollow.tavar_orr=0.00:idle
20.750,0.0167,0.00,1.59,walk,Idle,3.50,-0.25,75,,npc.ashen_hollow.kera_voss=0.00:idle;npc.ashen_hollow.renn_vale=0.00:idle;npc.ashen_hollow.sel_arien=0.00:idle;npc.ashen_hollow.tavar_orr=0.00:idle
20.767,0.0167,0.33,1.59,walk,Idle,3.50,-0.25,75,,npc.ashen_hollow.kera_voss=0.00:idle;npc.ashen_hollow.renn_vale=0.00:idle;npc.ashen_hollow.sel_arien=0.00:idle;npc.ashen_hollow.tavar_orr=0.00:idle
20.783,0.0167,0.67,1.60,walk,Idle,3.50,-0.25,75,,npc.ashen_hollow.kera_voss=0.00:idle;npc.ashen_hollow.renn_vale=0.00:idle;npc.ashen_hollow.sel_arien=0.00:idle;npc.ashen_hollow.tavar_orr=0.00:idle
20.800,0.0167,0.00,1.60,walk,Idle,3.50,-0.25,75,,npc.ashen_hollow.kera_voss=0.00:idle;npc.ashen_hollow.renn_vale=0.00:idle;npc.ashen_hollow.sel_arien=0.00:idle;npc.ashen_hollow.tavar_orr=0.00:idle
20.817,0.0167,0.33,1.30,walk,Idle,3.50,-0.25,75,,npc.ashen_hollow.kera_voss=0.00:idle;npc.ashen_hollow.renn_vale=0.00:idle;npc.ashen_hollow.sel_arien=0.00:idle;npc.ashen_hollow.tavar_orr=0.00:idle
20.833,0.0167,0.67,1.05,walk,Idle,3.50,-0.25,75,,npc.ashen_hollow.kera_voss=0.00:idle;npc.ashen_hollow.renn_vale=0.00:idle;npc.ashen_hollow.sel_arien=0.00:idle;npc.ashen_hollow.tavar_orr=0.00:idle
20.850,0.0167,0.00,1.05,walk,Idle,3.50,-0.25,75,,npc.ashen_hollow.kera_voss=0.00:idle;npc.ashen_hollow.renn_vale=0.00:idle;npc.ashen_hollow.sel_arien=0.00:idle;npc.ashen_hollow.tavar_orr=0.00:idle
20.867,0.0167,0.33,0.85,walk,Idle,3.50,-0.25,75,,npc.ashen_hollow.kera_voss=0.00:idle;npc.ashen_hollow.renn_vale=0.00:idle;npc.ashen_hollow.sel_arien=0.00:idle;npc.ashen_hollow.tavar_orr=0.00:idle
20.883,0.0167,0.67,0.69,walk,Idle,3.50,-0.25,75,,npc.ashen_hollow.kera_voss=0.00:idle;npc.ashen_hollow.renn_vale=0.00:idle;npc.ashen_hollow.sel_arien=0.00:idle;npc.ashen_hollow.tavar_orr=0.00:idle
20.900,0.0167,0.00,0.69,walk,Idle,3.50,-0.25,75,,npc.ashen_hollow.kera_voss=0.00:idle;npc.ashen_hollow.renn_vale=0.00:idle;npc.ashen_hollow.sel_arien=0.00:idle;npc.ashen_hollow.tavar_orr=0.00:idle
20.917,0.0167,0.33,0.56,walk,Idle,3.50,-0.25,75,,npc.ashen_hollow.kera_voss=0.00:idle;npc.ashen_hollow.renn_vale=0.00:idle;npc.ashen_hollow.sel_arien=0.00:idle;npc.ashen_hollow.tavar_orr=0.00:idle
20.933,0.0167,0.67,0.46,walk,Idle,3.50,-0.25,75,,npc.ashen_hollow.kera_voss=0.00:idle;npc.ashen_hollow.renn_vale=0.00:idle;npc.ashen_hollow.sel_arien=0.00:idle;npc.ashen_hollow.tavar_orr=0.00:idle
20.950,0.0167,0.00,0.46,walk,Idle,3.50,-0.25,75,,npc.ashen_hollow.kera_voss=0.00:idle;npc.ashen_hollow.renn_vale=0.00:idle;npc.ashen_hollow.sel_arien=0.00:idle;npc.ashen_hollow.tavar_orr=0.00:idle
20.967,0.0167,0.33,0.37,walk,Idle,3.50,-0.25,75,,npc.ashen_hollow.kera_voss=0.00:idle;npc.ashen_hollow.renn_vale=0.00:idle;npc.ashen_hollow.sel_arien=0.00:idle;npc.ashen_hollow.tavar_orr=0.00:idle
20.983,0.0167,0.67,0.30,walk,Idle,3.50,-0.25,75,,npc.ashen_hollow.kera_voss=0.00:idle;npc.ashen_hollow.renn_vale=0.00:idle;npc.ashen_hollow.sel_arien=0.00:idle;npc.ashen_hollow.tavar_orr=0.00:idle
21.000,0.0167,0.00,0.30,walk,Idle,3.50,-0.25,75,,npc.ashen_hollow.kera_voss=0.00:idle;npc.ashen_hollow.renn_vale=0.00:idle;npc.ashen_hollow.sel_arien=0.00:idle;npc.ashen_hollow.tavar_orr=0.00:idle
21.017,0.0167,0.33,0.24,spear_ready,Idle,3.50,-0.25,75,,npc.ashen_hollow.kera_voss=0.00:idle;npc.ashen_hollow.renn_vale=0.00:idle;npc.ashen_hollow.sel_arien=0.00:idle;npc.ashen_hollow.tavar_orr=0.00:idle
21.033,0.0167,0.67,0.20,spear_ready,Idle,3.50,-0.25,75,,npc.ashen_hollow.kera_voss=0.00:idle;npc.ashen_hollow.renn_vale=0.00:idle;npc.ashen_hollow.sel_arien=0.00:idle;npc.ashen_hollow.tavar_orr=0.00:idle
21.050,0.0167,0.00,0.20,spear_ready,Idle,3.50,-0.25,75,,npc.ashen_hollow.kera_voss=0.00:idle;npc.ashen_hollow.renn_vale=0.00:idle;npc.ashen_hollow.sel_arien=0.00:idle;npc.ashen_hollow.tavar_orr=0.00:idle
21.067,0.0167,0.33,0.16,spear_ready,Idle,3.50,-0.25,75,,npc.ashen_hollow.kera_voss=0.00:idle;npc.ashen_hollow.renn_vale=0.00:idle;npc.ashen_hollow.sel_arien=0.00:idle;npc.ashen_hollow.tavar_orr=0.00:idle
21.083,0.0167,0.67,0.13,spear_ready,Idle,3.50,-0.25,75,,npc.ashen_hollow.kera_voss=0.00:idle;npc.ashen_hollow.renn_vale=0.00:idle;npc.ashen_hollow.sel_arien=0.00:idle;npc.ashen_hollow.tavar_orr=0.00:idle
21.100,0.0167,0.00,0.13,spear_ready,Idle,3.50,-0.25,75,,npc.ashen_hollow.kera_voss=0.00:idle;npc.ashen_hollow.renn_vale=0.00:idle;npc.ashen_hollow.sel_arien=0.00:idle;npc.ashen_hollow.tavar_orr=0.00:idle
21.117,0.0167,0.33,0.11,spear_ready,Idle,3.50,-0.25,75,,npc.ashen_hollow.kera_voss=0.00:idle;npc.ashen_hollow.renn_vale=0.00:idle;npc.ashen_hollow.sel_arien=0.00:idle;npc.ashen_hollow.tavar_orr=0.00:idle
21.133,0.0167,0.67,0.09,spear_ready,Idle,3.50,-0.25,75,,npc.ashen_hollow.kera_voss=0.00:idle;npc.ashen_hollow.renn_vale=0.00:idle;npc.ashen_hollow.sel_arien=0.00:idle;npc.ashen_hollow.tavar_orr=0.00:idle
21.150,0.0167,0.00,0.09,spear_ready,Idle,3.50,-0.25,75,,npc.ashen_hollow.kera_voss=0.00:idle;npc.ashen_hollow.renn_vale=0.00:idle;npc.ashen_hollow.sel_arien=0.00:idle;npc.ashen_hollow.tavar_orr=0.00:idle
21.167,0.0167,0.33,0.07,spear_ready,Idle,3.50,-0.25,75,,npc.ashen_hollow.kera_voss=0.00:idle;npc.ashen_hollow.renn_vale=0.00:idle;npc.ashen_hollow.sel_arien=0.00:idle;npc.ashen_hollow.tavar_orr=0.00:idle
21.183,0.0167,0.67,0.06,spear_ready,Idle,3.50,-0.25,75,,npc.ashen_hollow.kera_voss=0.00:idle;npc.ashen_hollow.renn_vale=0.00:idle;npc.ashen_hollow.sel_arien=0.00:idle;npc.ashen_hollow.tavar_orr=0.00:idle
21.200,0.0167,0.00,0.06,spear_ready,Idle,3.50,-0.25,75,,npc.ashen_hollow.kera_voss=0.00:idle;npc.ashen_hollow.renn_vale=0.00:idle;npc.ashen_hollow.sel_arien=0.00:idle;npc.ashen_hollow.tavar_orr=0.00:idle
21.217,0.0167,0.33,0.05,spear_ready,Idle,3.50,-0.25,75,,npc.ashen_hollow.kera_voss=0.00:idle;npc.ashen_hollow.renn_vale=0.00:idle;npc.ashen_hollow.sel_arien=0.00:idle;npc.ashen_hollow.tavar_orr=0.00:idle
21.233,0.0167,0.67,0.04,spear_ready,Idle,3.50,-0.25,75,,npc.ashen_hollow.kera_voss=0.00:idle;npc.ashen_hollow.renn_vale=0.00:idle;npc.ashen_hollow.sel_arien=0.00:idle;npc.ashen_hollow.tavar_orr=0.00:idle
21.250,0.0167,0.00,0.04,spear_ready,Idle,3.50,-0.25,75,,npc.ashen_hollow.kera_voss=0.00:idle;npc.ashen_hollow.renn_vale=0.00:idle;npc.ashen_hollow.sel_arien=0.00:idle;npc.ashen_hollow.tavar_orr=0.00:idle
21.267,0.0167,0.33,0.03,spear_ready,Idle,3.50,-0.25,75,,npc.ashen_hollow.kera_voss=0.00:idle;npc.ashen_hollow.renn_vale=0.00:idle;npc.ashen_hollow.sel_arien=0.00:idle;npc.ashen_hollow.tavar_orr=0.00:idle
21.283,0.0167,0.67,0.02,spear_ready,Idle,3.50,-0.25,75,,npc.ashen_hollow.kera_voss=0.00:idle;npc.ashen_hollow.renn_vale=0.00:idle;npc.ashen_hollow.sel_arien=0.00:idle;npc.ashen_hollow.tavar_orr=0.00:idle
21.300,0.0167,0.00,0.02,spear_ready,Idle,3.50,-0.25,75,,npc.ashen_hollow.kera_voss=0.00:idle;npc.ashen_hollow.renn_vale=0.00:idle;npc.ashen_hollow.sel_arien=0.00:idle;npc.ashen_hollow.tavar_orr=0.00:idle
21.317,0.0167,0.33,0.02,spear_ready,Idle,3.50,-0.25,75,,npc.ashen_hollow.kera_voss=0.00:idle;npc.ashen_hollow.renn_vale=0.00:idle;npc.ashen_hollow.sel_arien=0.00:idle;npc.ashen_hollow.tavar_orr=0.00:idle
21.333,0.0167,0.67,0.02,spear_ready,Idle,3.50,-0.25,75,,npc.ashen_hollow.kera_voss=0.00:idle;npc.ashen_hollow.renn_vale=0.00:idle;npc.ashen_hollow.sel_arien=0.00:idle;npc.ashen_hollow.tavar_orr=0.00:idle
21.350,0.0167,0.00,0.02,spear_ready,Idle,3.50,-0.25,75,,npc.ashen_hollow.kera_voss=0.00:idle;npc.ashen_hollow.renn_vale=0.00:idle;npc.ashen_hollow.sel_arien=0.00:idle;npc.ashen_hollow.tavar_orr=0.00:idle
21.367,0.0167,0.33,0.01,spear_ready,Idle,3.50,-0.25,75,,npc.ashen_hollow.kera_voss=0.00:idle;npc.ashen_hollow.renn_vale=0.00:idle;npc.ashen_hollow.sel_arien=0.00:idle;npc.ashen_hollow.tavar_orr=0.00:idle
21.383,0.0167,0.67,0.01,spear_ready,Idle,3.50,-0.25,75,,npc.ashen_hollow.kera_voss=0.00:idle;npc.ashen_hollow.renn_vale=0.00:idle;npc.ashen_hollow.sel_arien=0.00:idle;npc.ashen_hollow.tavar_orr=0.00:idle
21.400,0.0167,0.00,0.01,spear_ready,Idle,3.50,-0.25,75,,npc.ashen_hollow.kera_voss=0.00:idle;npc.ashen_hollow.renn_vale=0.00:idle;npc.ashen_hollow.sel_arien=0.00:idle;npc.ashen_hollow.tavar_orr=0.00:idle
21.417,0.0167,0.33,0.01,spear_ready,Idle,3.50,-0.25,75,,npc.ashen_hollow.kera_voss=0.00:idle;npc.ashen_hollow.renn_vale=0.00:idle;npc.ashen_hollow.sel_arien=0.00:idle;npc.ashen_hollow.tavar_orr=0.00:idle
21.433,0.0167,0.67,0.01,spear_ready,Idle,3.50,-0.25,75,,npc.ashen_hollow.kera_voss=0.00:idle;npc.ashen_hollow.renn_vale=0.00:idle;npc.ashen_hollow.sel_arien=0.00:idle;npc.ashen_hollow.tavar_orr=0.00:idle
21.450,0.0167,0.00,0.01,spear_ready,Idle,3.50,-0.25,75,,npc.ashen_hollow.kera_voss=0.00:idle;npc.ashen_hollow.renn_vale=0.00:idle;npc.ashen_hollow.sel_arien=0.00:idle;npc.ashen_hollow.tavar_orr=0.00:idle
21.467,0.0167,0.33,0.01,spear_ready,Idle,3.50,-0.25,75,,npc.ashen_hollow.kera_voss=0.00:idle;npc.ashen_hollow.renn_vale=0.00:idle;npc.ashen_hollow.sel_arien=0.00:idle;npc.ashen_hollow.tavar_orr=0.00:idle
21.483,0.0167,0.67,0.00,spear_ready,Idle,3.50,-0.25,75,,npc.ashen_hollow.kera_voss=0.00:idle;npc.ashen_hollow.renn_vale=0.00:idle;npc.ashen_hollow.sel_arien=0.00:idle;npc.ashen_hollow.tavar_orr=0.00:idle
21.500,0.0167,0.00,0.00,spear_ready,Idle,3.50,-0.25,75,,npc.ashen_hollow.kera_voss=0.00:idle;npc.ashen_hollow.renn_vale=0.00:idle;npc.ashen_hollow.sel_arien=0.00:idle;npc.ashen_hollow.tavar_orr=0.00:idle
21.517,0.0167,0.33,0.00,spear_ready,Idle,3.50,-0.25,75,,npc.ashen_hollow.kera_voss=0.00:idle;npc.ashen_hollow.renn_vale=0.00:idle;npc.ashen_hollow.sel_arien=0.00:idle;npc.ashen_hollow.tavar_orr=0.00:idle
21.533,0.0167,0.67,0.00,spear_ready,Idle,3.50,-0.25,75,,npc.ashen_hollow.kera_voss=0.00:idle;npc.ashen_hollow.renn_vale=0.00:idle;npc.ashen_hollow.sel_arien=0.00:idle;npc.ashen_hollow.tavar_orr=0.00:idle
21.550,0.0167,0.00,0.00,spear_ready,Idle,3.50,-0.25,75,,npc.ashen_hollow.kera_voss=0.00:idle;npc.ashen_hollow.renn_vale=0.00:idle;npc.ashen_hollow.sel_arien=0.00:idle;npc.ashen_hollow.tavar_orr=0.00:idle
21.567,0.0167,0.33,0.00,spear_ready,Idle,3.50,-0.25,75,,npc.ashen_hollow.kera_voss=0.00:idle;npc.ashen_hollow.renn_vale=0.00:idle;npc.ashen_hollow.sel_arien=0.00:idle;npc.ashen_hollow.tavar_orr=0.00:idle
21.583,0.0167,0.67,0.00,spear_ready,Idle,3.50,-0.25,75,,npc.ashen_hollow.kera_voss=0.00:idle;npc.ashen_hollow.renn_vale=0.00:idle;npc.ashen_hollow.sel_arien=0.00:idle;npc.ashen_hollow.tavar_orr=0.00:idle
21.600,0.0167,0.00,0.00,spear_ready,Idle,3.50,-0.25,75,,npc.ashen_hollow.kera_voss=0.00:idle;npc.ashen_hollow.renn_vale=0.00:idle;npc.ashen_hollow.sel_arien=0.00:idle;npc.ashen_hollow.tavar_orr=0.00:idle
21.617,0.0167,0.33,0.00,spear_ready,Idle,3.50,-0.25,75,,npc.ashen_hollow.kera_voss=0.00:idle;npc.ashen_hollow.renn_vale=0.00:idle;npc.ashen_hollow.sel_arien=0.00:idle;npc.ashen_hollow.tavar_orr=0.00:idle
21.633,0.0167,0.67,0.00,spear_ready,Idle,3.50,-0.25,75,,npc.ashen_hollow.kera_voss=0.00:idle;npc.ashen_hollow.renn_vale=0.00:idle;npc.ashen_hollow.sel_arien=0.00:idle;npc.ashen_hollow.tavar_orr=0.00:idle
21.650,0.0167,0.00,0.00,spear_ready,Idle,3.50,-0.25,75,,npc.ashen_hollow.kera_voss=0.00:idle;npc.ashen_hollow.renn_vale=0.00:idle;npc.ashen_hollow.sel_arien=0.00:idle;npc.ashen_hollow.tavar_orr=0.00:idle
21.667,0.0167,0.33,0.00,spear_ready,Idle,3.50,-0.25,75,,npc.ashen_hollow.kera_voss=0.00:idle;npc.ashen_hollow.renn_vale=0.00:idle;npc.ashen_hollow.sel_arien=0.00:idle;npc.ashen_hollow.tavar_orr=0.00:idle
21.683,0.0167,0.67,0.00,spear_ready,Idle,3.50,-0.25,75,,npc.ashen_hollow.kera_voss=0.00:idle;npc.ashen_hollow.renn_vale=0.00:idle;npc.ashen_hollow.sel_arien=0.00:idle;npc.ashen_hollow.tavar_orr=0.00:idle
21.700,0.0167,0.00,0.00,spear_ready,Idle,3.50,-0.25,75,,npc.ashen_hollow.kera_voss=0.00:idle;npc.ashen_hollow.renn_vale=0.00:idle;npc.ashen_hollow.sel_arien=0.00:idle;npc.ashen_hollow.tavar_orr=0.00:idle
21.717,0.0167,0.33,0.00,spear_ready,Idle,3.50,-0.25,75,,npc.ashen_hollow.kera_voss=0.00:idle;npc.ashen_hollow.renn_vale=0.00:idle;npc.ashen_hollow.sel_arien=0.00:idle;npc.ashen_hollow.tavar_orr=0.00:idle
21.733,0.0167,0.67,0.00,spear_ready,Idle,3.50,-0.25,75,,npc.ashen_hollow.kera_voss=0.00:idle;npc.ashen_hollow.renn_vale=0.00:idle;npc.ashen_hollow.sel_arien=0.00:idle;npc.ashen_hollow.tavar_orr=0.00:idle
21.750,0.0167,0.00,0.00,spear_ready,Idle,3.50,-0.25,75,,npc.ashen_hollow.kera_voss=0.00:idle;npc.ashen_hollow.renn_vale=0.00:idle;npc.ashen_hollow.sel_arien=0.00:idle;npc.ashen_hollow.tavar_orr=0.00:idle
21.767,0.0167,0.33,0.00,spear_ready,Idle,3.50,-0.25,75,,npc.ashen_hollow.kera_voss=0.00:idle;npc.ashen_hollow.renn_vale=0.00:idle;npc.ashen_hollow.sel_arien=0.00:idle;npc.ashen_hollow.tavar_orr=0.00:idle
21.783,0.0167,0.67,0.00,spear_ready,Idle,3.50,-0.25,75,,npc.ashen_hollow.kera_voss=0.00:idle;npc.ashen_hollow.renn_vale=0.00:idle;npc.ashen_hollow.sel_arien=0.00:idle;npc.ashen_hollow.tavar_orr=0.00:idle
21.800,0.0167,0.00,0.00,spear_ready,Idle,3.50,-0.25,75,,npc.ashen_hollow.kera_voss=0.00:idle;npc.ashen_hollow.renn_vale=0.00:idle;npc.ashen_hollow.sel_arien=0.00:idle;npc.ashen_hollow.tavar_orr=0.00:idle
21.817,0.0167,0.33,0.00,spear_ready,Idle,3.50,-0.25,75,,npc.ashen_hollow.kera_voss=0.00:idle;npc.ashen_hollow.renn_vale=0.00:idle;npc.ashen_hollow.sel_arien=0.00:idle;npc.ashen_hollow.tavar_orr=0.00:idle
21.833,0.0167,0.67,0.00,spear_ready,Idle,3.50,-0.25,75,,npc.ashen_hollow.kera_voss=0.00:idle;npc.ashen_hollow.renn_vale=0.00:idle;npc.ashen_hollow.sel_arien=0.00:idle;npc.ashen_hollow.tavar_orr=0.00:idle
21.850,0.0167,0.00,0.00,spear_ready,Idle,3.50,-0.25,75,,npc.ashen_hollow.kera_voss=0.00:idle;npc.ashen_hollow.renn_vale=0.00:idle;npc.ashen_hollow.sel_arien=0.00:idle;npc.ashen_hollow.tavar_orr=0.00:idle
21.867,0.0167,0.33,0.00,spear_ready,Idle,3.50,-0.25,75,,npc.ashen_hollow.kera_voss=0.00:idle;npc.ashen_hollow.renn_vale=0.00:idle;npc.ashen_hollow.sel_arien=0.00:idle;npc.ashen_hollow.tavar_orr=0.00:idle
21.883,0.0167,0.67,0.00,spear_ready,Idle,3.50,-0.25,75,,npc.ashen_hollow.kera_voss=0.00:idle;npc.ashen_hollow.renn_vale=0.00:idle;npc.ashen_hollow.sel_arien=0.00:idle;npc.ashen_hollow.tavar_orr=0.00:idle
21.900,0.0167,0.00,0.00,spear_ready,Idle,3.50,-0.25,75,,npc.ashen_hollow.kera_voss=0.00:idle;npc.ashen_hollow.renn_vale=0.00:idle;npc.ashen_hollow.sel_arien=0.00:idle;npc.ashen_hollow.tavar_orr=0.00:idle
21.917,0.0167,0.33,0.00,spear_ready,Idle,3.50,-0.25,75,,npc.ashen_hollow.kera_voss=0.00:idle;npc.ashen_hollow.renn_vale=0.00:idle;npc.ashen_hollow.sel_arien=0.00:idle;npc.ashen_hollow.tavar_orr=0.00:idle
21.933,0.0167,0.67,0.00,spear_ready,Idle,3.50,-0.25,75,,npc.ashen_hollow.kera_voss=0.00:idle;npc.ashen_hollow.renn_vale=0.00:idle;npc.ashen_hollow.sel_arien=0.00:idle;npc.ashen_hollow.tavar_orr=0.00:idle
21.950,0.0167,0.00,0.00,spear_ready,Idle,3.50,-0.25,75,,npc.ashen_hollow.kera_voss=0.00:idle;npc.ashen_hollow.renn_vale=0.00:idle;npc.ashen_hollow.sel_arien=0.00:idle;npc.ashen_hollow.tavar_orr=0.00:idle
21.967,0.0167,0.33,0.00,spear_ready,Idle,3.50,-0.25,75,,npc.ashen_hollow.kera_voss=0.00:idle;npc.ashen_hollow.renn_vale=0.00:idle;npc.ashen_hollow.sel_arien=0.00:idle;npc.ashen_hollow.tavar_orr=0.00:idle
21.983,0.0167,0.67,0.00,spear_ready,Idle,3.50,-0.25,75,,npc.ashen_hollow.kera_voss=0.00:idle;npc.ashen_hollow.renn_vale=0.00:idle;npc.ashen_hollow.sel_arien=0.00:idle;npc.ashen_hollow.tavar_orr=0.00:idle
22.000,0.0167,0.00,0.00,spear_ready,Idle,3.50,-0.25,75,,npc.ashen_hollow.kera_voss=0.00:idle;npc.ashen_hollow.renn_vale=0.00:idle;npc.ashen_hollow.sel_arien=0.00:idle;npc.ashen_hollow.tavar_orr=0.00:idle
22.017,0.0167,0.33,0.00,spear_ready,Idle,3.50,-0.25,75,,npc.ashen_hollow.kera_voss=0.00:idle;npc.ashen_hollow.renn_vale=0.00:idle;npc.ashen_hollow.sel_arien=0.00:idle;npc.ashen_hollow.tavar_orr=0.00:idle
22.033,0.0167,0.67,0.00,spear_ready,Idle,3.50,-0.25,75,,npc.ashen_hollow.kera_voss=0.00:idle;npc.ashen_hollow.renn_vale=0.00:idle;npc.ashen_hollow.sel_arien=0.00:idle;npc.ashen_hollow.tavar_orr=0.00:idle
22.050,0.0167,0.00,0.00,spear_ready,Idle,3.50,-0.25,75,,npc.ashen_hollow.kera_voss=0.00:idle;npc.ashen_hollow.renn_vale=0.00:idle;npc.ashen_hollow.sel_arien=0.00:idle;npc.ashen_hollow.tavar_orr=0.00:idle
22.067,0.0167,0.33,0.00,spear_ready,Idle,3.50,-0.25,75,,npc.ashen_hollow.kera_voss=0.00:idle;npc.ashen_hollow.renn_vale=0.00:idle;npc.ashen_hollow.sel_arien=0.00:idle;npc.ashen_hollow.tavar_orr=0.00:idle
22.083,0.0167,0.67,0.00,spear_ready,Idle,3.50,-0.25,75,,npc.ashen_hollow.kera_voss=0.00:idle;npc.ashen_hollow.renn_vale=0.00:idle;npc.ashen_hollow.sel_arien=0.00:idle;npc.ashen_hollow.tavar_orr=0.00:idle
22.100,0.0167,0.00,0.00,spear_ready,Idle,3.50,-0.25,75,,npc.ashen_hollow.kera_voss=0.00:idle;npc.ashen_hollow.renn_vale=0.00:idle;npc.ashen_hollow.sel_arien=0.00:idle;npc.ashen_hollow.tavar_orr=0.00:idle
22.117,0.0167,0.33,0.00,spear_ready,Idle,3.50,-0.25,75,,npc.ashen_hollow.kera_voss=0.00:idle;npc.ashen_hollow.renn_vale=0.00:idle;npc.ashen_hollow.sel_arien=0.00:idle;npc.ashen_hollow.tavar_orr=0.00:idle
22.133,0.0167,0.67,0.00,spear_ready,Idle,3.50,-0.25,75,,npc.ashen_hollow.kera_voss=0.00:idle;npc.ashen_hollow.renn_vale=0.00:idle;npc.ashen_hollow.sel_arien=0.00:idle;npc.ashen_hollow.tavar_orr=0.00:idle
22.150,0.0167,0.00,0.00,spear_ready,Idle,3.50,-0.25,75,,npc.ashen_hollow.kera_voss=0.00:idle;npc.ashen_hollow.renn_vale=0.00:idle;npc.ashen_hollow.sel_arien=0.00:idle;npc.ashen_hollow.tavar_orr=0.00:idle
22.167,0.0167,0.33,0.00,spear_ready,Idle,3.50,-0.25,75,,npc.ashen_hollow.kera_voss=0.00:idle;npc.ashen_hollow.renn_vale=0.00:idle;npc.ashen_hollow.sel_arien=0.00:idle;npc.ashen_hollow.tavar_orr=0.00:idle
22.183,0.0167,0.67,0.00,spear_ready,Idle,3.50,-0.25,75,,npc.ashen_hollow.kera_voss=0.00:idle;npc.ashen_hollow.renn_vale=0.00:idle;npc.ashen_hollow.sel_arien=0.00:idle;npc.ashen_hollow.tavar_orr=0.00:idle
22.200,0.0167,0.00,0.00,spear_ready,Idle,3.50,-0.25,75,,npc.ashen_hollow.kera_voss=0.00:idle;npc.ashen_hollow.renn_vale=0.00:idle;npc.ashen_hollow.sel_arien=0.00:idle;npc.ashen_hollow.tavar_orr=0.00:idle
22.217,0.0167,0.33,0.00,spear_ready,Idle,3.50,-0.25,75,,npc.ashen_hollow.kera_voss=0.00:idle;npc.ashen_hollow.renn_vale=0.00:idle;npc.ashen_hollow.sel_arien=0.00:idle;npc.ashen_hollow.tavar_orr=0.00:idle
22.233,0.0167,0.67,0.00,spear_ready,Idle,3.50,-0.25,75,,npc.ashen_hollow.kera_voss=0.00:idle;npc.ashen_hollow.renn_vale=0.00:idle;npc.ashen_hollow.sel_arien=0.00:idle;npc.ashen_hollow.tavar_orr=0.00:idle
22.250,0.0167,0.00,0.00,spear_ready,Idle,3.50,-0.25,75,,npc.ashen_hollow.kera_voss=0.00:idle;npc.ashen_hollow.renn_vale=0.00:idle;npc.ashen_hollow.sel_arien=0.00:idle;npc.ashen_hollow.tavar_orr=0.00:idle
22.267,0.0167,0.33,0.00,spear_ready,Idle,3.50,-0.25,75,,npc.ashen_hollow.kera_voss=0.00:idle;npc.ashen_hollow.renn_vale=0.00:idle;npc.ashen_hollow.sel_arien=0.00:idle;npc.ashen_hollow.tavar_orr=0.00:idle
22.283,0.0167,0.67,0.00,spear_ready,Idle,3.50,-0.25,75,,npc.ashen_hollow.kera_voss=0.00:idle;npc.ashen_hollow.renn_vale=0.00:idle;npc.ashen_hollow.sel_arien=0.00:idle;npc.ashen_hollow.tavar_orr=0.00:idle
22.300,0.0167,0.00,0.00,spear_ready,Idle,3.50,-0.25,75,,npc.ashen_hollow.kera_voss=0.00:idle;npc.ashen_hollow.renn_vale=0.00:idle;npc.ashen_hollow.sel_arien=0.00:idle;npc.ashen_hollow.tavar_orr=0.00:idle
22.317,0.0167,0.33,0.00,spear_ready,Idle,3.50,-0.25,75,,npc.ashen_hollow.kera_voss=0.00:idle;npc.ashen_hollow.renn_vale=0.00:idle;npc.ashen_hollow.sel_arien=0.00:idle;npc.ashen_hollow.tavar_orr=0.00:idle
22.333,0.0167,0.67,0.00,spear_ready,Idle,3.50,-0.25,75,,npc.ashen_hollow.kera_voss=0.00:idle;npc.ashen_hollow.renn_vale=0.00:idle;npc.ashen_hollow.sel_arien=0.00:idle;npc.ashen_hollow.tavar_orr=0.00:idle
22.350,0.0167,0.00,0.00,spear_ready,Idle,3.50,-0.25,75,,npc.ashen_hollow.kera_voss=0.00:idle;npc.ashen_hollow.renn_vale=0.00:idle;npc.ashen_hollow.sel_arien=0.00:idle;npc.ashen_hollow.tavar_orr=0.00:idle
22.367,0.0167,0.33,0.00,spear_ready,Idle,3.50,-0.25,75,,npc.ashen_hollow.kera_voss=0.00:idle;npc.ashen_hollow.renn_vale=0.00:idle;npc.ashen_hollow.sel_arien=0.00:idle;npc.ashen_hollow.tavar_orr=0.00:idle
22.383,0.0167,0.67,0.00,spear_ready,Idle,3.50,-0.25,75,,npc.ashen_hollow.kera_voss=0.00:idle;npc.ashen_hollow.renn_vale=0.00:idle;npc.ashen_hollow.sel_arien=0.00:idle;npc.ashen_hollow.tavar_orr=0.00:idle
22.400,0.0167,0.00,0.00,spear_ready,Idle,3.50,-0.25,75,,npc.ashen_hollow.kera_voss=0.00:idle;npc.ashen_hollow.renn_vale=0.00:idle;npc.ashen_hollow.sel_arien=0.00:idle;npc.ashen_hollow.tavar_orr=0.00:idle
22.417,0.0167,0.33,0.00,spear_ready,Idle,3.50,-0.25,75,,npc.ashen_hollow.kera_voss=0.00:idle;npc.ashen_hollow.renn_vale=0.00:idle;npc.ashen_hollow.sel_arien=0.00:idle;npc.ashen_hollow.tavar_orr=0.00:idle
22.433,0.0167,0.67,0.00,spear_ready,Idle,3.50,-0.25,75,,npc.ashen_hollow.kera_voss=0.00:idle;npc.ashen_hollow.renn_vale=0.00:idle;npc.ashen_hollow.sel_arien=0.00:idle;npc.ashen_hollow.tavar_orr=0.00:idle
22.450,0.0167,0.00,0.00,spear_ready,Idle,3.50,-0.25,75,,npc.ashen_hollow.kera_voss=0.00:idle;npc.ashen_hollow.renn_vale=0.00:idle;npc.ashen_hollow.sel_arien=0.00:idle;npc.ashen_hollow.tavar_orr=0.00:idle
22.467,0.0167,0.33,0.00,spear_ready,Idle,3.50,-0.25,75,,npc.ashen_hollow.kera_voss=0.00:idle;npc.ashen_hollow.renn_vale=0.00:idle;npc.ashen_hollow.sel_arien=0.00:idle;npc.ashen_hollow.tavar_orr=0.00:idle
22.483,0.0167,0.67,0.00,spear_ready,Idle,3.50,-0.25,75,,npc.ashen_hollow.kera_voss=0.00:idle;npc.ashen_hollow.renn_vale=0.00:idle;npc.ashen_hollow.sel_arien=0.00:idle;npc.ashen_hollow.tavar_orr=0.00:idle
22.500,0.0167,0.00,0.00,spear_ready,Idle,3.50,-0.25,75,,npc.ashen_hollow.kera_voss=0.00:idle;npc.ashen_hollow.renn_vale=0.00:idle;npc.ashen_hollow.sel_arien=0.00:idle;npc.ashen_hollow.tavar_orr=0.00:idle
22.517,0.0167,0.33,0.00,spear_ready,Idle,3.50,-0.25,75,,npc.ashen_hollow.kera_voss=0.00:idle;npc.ashen_hollow.renn_vale=0.00:idle;npc.ashen_hollow.sel_arien=0.00:idle;npc.ashen_hollow.tavar_orr=0.00:idle
22.533,0.0167,0.67,0.00,spear_ready,Idle,3.50,-0.25,75,,npc.ashen_hollow.kera_voss=0.00:idle;npc.ashen_hollow.renn_vale=0.00:idle;npc.ashen_hollow.sel_arien=0.00:idle;npc.ashen_hollow.tavar_orr=0.00:idle
22.550,0.0167,0.00,0.00,spear_ready,Idle,3.50,-0.25,75,,npc.ashen_hollow.kera_voss=0.00:idle;npc.ashen_hollow.renn_vale=0.00:idle;npc.ashen_hollow.sel_arien=0.00:idle;npc.ashen_hollow.tavar_orr=0.00:idle
22.567,0.0167,0.33,0.00,spear_ready,Idle,3.50,-0.25,75,,npc.ashen_hollow.kera_voss=0.00:idle;npc.ashen_hollow.renn_vale=0.00:idle;npc.ashen_hollow.sel_arien=0.00:idle;npc.ashen_hollow.tavar_orr=0.00:idle
22.583,0.0167,0.67,0.00,spear_ready,Idle,3.50,-0.25,75,,npc.ashen_hollow.kera_voss=0.00:idle;npc.ashen_hollow.renn_vale=0.00:idle;npc.ashen_hollow.sel_arien=0.00:idle;npc.ashen_hollow.tavar_orr=0.00:idle
22.600,0.0167,0.00,0.00,spear_ready,Idle,3.50,-0.25,75,,npc.ashen_hollow.kera_voss=0.00:idle;npc.ashen_hollow.renn_vale=0.00:idle;npc.ashen_hollow.sel_arien=0.00:idle;npc.ashen_hollow.tavar_orr=0.00:idle
22.617,0.0167,0.33,0.00,spear_ready,Idle,3.50,-0.25,75,,npc.ashen_hollow.kera_voss=0.00:idle;npc.ashen_hollow.renn_vale=0.00:idle;npc.ashen_hollow.sel_arien=0.00:idle;npc.ashen_hollow.tavar_orr=0.00:idle
22.633,0.0167,0.67,0.00,spear_ready,Idle,3.50,-0.25,75,,npc.ashen_hollow.kera_voss=0.00:idle;npc.ashen_hollow.renn_vale=0.00:idle;npc.ashen_hollow.sel_arien=0.00:idle;npc.ashen_hollow.tavar_orr=0.00:idle
22.650,0.0167,0.00,0.00,spear_ready,Idle,3.50,-0.25,75,,npc.ashen_hollow.kera_voss=0.00:idle;npc.ashen_hollow.renn_vale=0.00:idle;npc.ashen_hollow.sel_arien=0.00:idle;npc.ashen_hollow.tavar_orr=0.00:idle
22.667,0.0167,0.33,0.00,spear_ready,Idle,3.50,-0.25,75,,npc.ashen_hollow.kera_voss=0.00:idle;npc.ashen_hollow.renn_vale=0.00:idle;npc.ashen_hollow.sel_arien=0.00:idle;npc.ashen_hollow.tavar_orr=0.00:idle
22.683,0.0167,0.67,0.00,spear_ready,Idle,3.50,-0.25,75,,npc.ashen_hollow.kera_voss=0.00:idle;npc.ashen_hollow.renn_vale=0.00:idle;npc.ashen_hollow.sel_arien=0.00:idle;npc.ashen_hollow.tavar_orr=0.00:idle
22.700,0.0167,0.00,0.00,spear_ready,Idle,3.50,-0.25,75,,npc.ashen_hollow.kera_voss=0.00:idle;npc.ashen_hollow.renn_vale=0.00:idle;npc.ashen_hollow.sel_arien=0.00:idle;npc.ashen_hollow.tavar_orr=0.00:idle
22.717,0.0167,0.33,0.00,spear_ready,Idle,3.50,-0.25,75,,npc.ashen_hollow.kera_voss=0.00:idle;npc.ashen_hollow.renn_vale=0.00:idle;npc.ashen_hollow.sel_arien=0.00:idle;npc.ashen_hollow.tavar_orr=0.00:idle
22.733,0.0167,0.67,0.00,spear_ready,Idle,3.50,-0.25,75,,npc.ashen_hollow.kera_voss=0.00:idle;npc.ashen_hollow.renn_vale=0.00:idle;npc.ashen_hollow.sel_arien=0.00:idle;npc.ashen_hollow.tavar_orr=0.00:idle
22.750,0.0167,0.00,0.00,spear_ready,Idle,3.50,-0.25,75,,npc.ashen_hollow.kera_voss=0.00:idle;npc.ashen_hollow.renn_vale=0.00:idle;npc.ashen_hollow.sel_arien=0.00:idle;npc.ashen_hollow.tavar_orr=0.00:idle
22.767,0.0167,0.33,0.00,spear_ready,Idle,3.50,-0.25,75,,npc.ashen_hollow.kera_voss=0.00:idle;npc.ashen_hollow.renn_vale=0.00:idle;npc.ashen_hollow.sel_arien=0.00:idle;npc.ashen_hollow.tavar_orr=0.00:idle
