31	R00	MoveCommand { Actor = chr_01M3ECYY5671G34HVWKQXPQ463, Intent = MoveIntent { DirXPermille = 196, DirZPermille = 981, Gait = Run, FacingMdeg = 11310, IsMoving = True } }
38	R00	MoveCommand { Actor = chr_01M3ECYY5671G34HVWKQXPQ463, Intent = MoveIntent { DirXPermille = 197, DirZPermille = 980, Gait = Run, FacingMdeg = 11334, IsMoving = True } }
39	R00	MoveCommand { Actor = chr_01M3ECYY5671G34HVWKQXPQ463, Intent = MoveIntent { DirXPermille = 196, DirZPermille = 981, Gait = Run, FacingMdeg = 11329, IsMoving = True } }
40	R00	MoveCommand { Actor = chr_01M3ECYY5671G34HVWKQXPQ463, Intent = MoveIntent { DirXPermille = 197, DirZPermille = 981, Gait = Run, FacingMdeg = 11333, IsMoving = True } }
41	R00	MoveCommand { Actor = chr_01M3ECYY5671G34HVWKQXPQ463, Intent = MoveIntent { DirXPermille = 196, DirZPermille = 981, Gait = Run, FacingMdeg = 11329, IsMoving = True } }
42	R00	MoveCommand { Actor = chr_01M3ECYY5671G34HVWKQXPQ463, Intent = MoveIntent { DirXPermille = 197, DirZPermille = 981, Gait = Run, FacingMdeg = 11333, IsMoving = True } }
43	R00	MoveCommand { Actor = chr_01M3ECYY5671G34HVWKQXPQ463, Intent = MoveIntent { DirXPermille = 196, DirZPermille = 981, Gait = Run, FacingMdeg = 11328, IsMoving = True } }
45	R00	MoveCommand { Actor = chr_01M3ECYY5671G34HVWKQXPQ463, Intent = MoveIntent { DirXPermille = 197, DirZPermille = 980, Gait = Run, FacingMdeg = 11337, IsMoving = True } }
46	R00	MoveCommand { Actor = chr_01M3ECYY5671G34HVWKQXPQ463, Intent = MoveIntent { DirXPermille = 196, DirZPermille = 981, Gait = Run, FacingMdeg = 11331, IsMoving = True } }
47	R00	MoveCommand { Actor = chr_01M3ECYY5671G34HVWKQXPQ463, Intent = MoveIntent { DirXPermille = 197, DirZPermille = 980, Gait = Run, FacingMdeg = 11336, IsMoving = True } }
48	R00	MoveCommand { Actor = chr_01M3ECYY5671G34HVWKQXPQ463, Intent = MoveIntent { DirXPermille = 196, DirZPermille = 981, Gait = Run, FacingMdeg = 11330, IsMoving = True } }
49	R00	MoveCommand { Actor = chr_01M3ECYY5671G34HVWKQXPQ463, Intent = MoveIntent { DirXPermille = 197, DirZPermille = 980, Gait = Run, FacingMdeg = 11336, IsMoving = True } }
50	R00	MoveCommand { Actor = chr_01M3ECYY5671G34HVWKQXPQ463, Intent = MoveIntent { DirXPermille = 196, DirZPermille = 981, Gait = Run, FacingMdeg = 11329, IsMoving = True } }
51	R00	MoveCommand { Actor = chr_01M3ECYY5671G34HVWKQXPQ463, Intent = MoveIntent { DirXPermille = 197, DirZPermille = 980, Gait = Run, FacingMdeg = 11335, IsMoving = True } }
52	R00	MoveCommand { Actor = chr_01M3ECYY5671G34HVWKQXPQ463, Intent = MoveIntent { DirXPermille = 196, DirZPermille = 981, Gait = Run, FacingMdeg = 11328, IsMoving = True } }
53	R00	MoveCommand { Actor = chr_01M3ECYY5671G34HVWKQXPQ463, Intent = MoveIntent { DirXPermille = 197, DirZPermille = 980, Gait = Run, FacingMdeg = 11334, IsMoving = True } }
54	R00	MoveCommand { Actor = chr_01M3ECYY5671G34HVWKQXPQ463, Intent = MoveIntent { DirXPermille = 196, DirZPermille = 981, Gait = Run, FacingMdeg = 11327, IsMoving = True } }
55	R00	MoveCommand { Actor = chr_01M3ECYY5671G34HVWKQXPQ463, Intent = MoveIntent { DirXPermille = 197, DirZPermille = 980, Gait = Run, FacingMdeg = 11334, IsMoving = True } }
56	R00	MoveCommand { Actor = chr_01M3ECYY5671G34HVWKQXPQ463, Intent = MoveIntent { DirXPermille = 196, DirZPermille = 981, Gait = Run, FacingMdeg = 11325, IsMoving = True } }
57	R00	MoveCommand { Actor = chr_01M3ECYY5671G34HVWKQXPQ463, Intent = MoveIntent { DirXPermille = 197, DirZPermille = 981, Gait = Run, FacingMdeg = 11332, IsMoving = True } }
58	R00	MoveCommand { Actor = chr_01M3ECYY5671G34HVWKQXPQ463, Intent = MoveIntent { DirXPermille = 196, DirZPermille = 981, Gait = Run, FacingMdeg = 11323, IsMoving = True } }
60	R00	MoveCommand { Actor = chr_01M3ECYY5671G34HVWKQXPQ463, Intent = MoveIntent { DirXPermille = 197, DirZPermille = 980, Gait = Run, FacingMdeg = 11340, IsMoving = True } }
61	R00	MoveCommand { Actor = chr_01M3ECYY5671G34HVWKQXPQ463, Intent = MoveIntent { DirXPermille = 196, DirZPermille = 981, Gait = Run, FacingMdeg = 11330, IsMoving = True } }
62	R00	MoveCommand { Actor = chr_01M3ECYY5671G34HVWKQXPQ463, Intent = MoveIntent { DirXPermille = 197, DirZPermille = 980, Gait = Run, FacingMdeg = 11339, IsMoving = True } }
63	R00	MoveCommand { Actor = chr_01M3ECYY5671G34HVWKQXPQ463, Intent = MoveIntent { DirXPermille = 196, DirZPermille = 981, Gait = Run, FacingMdeg = 11328, IsMoving = True } }
64	R00	MoveCommand { Actor = chr_01M3ECYY5671G34HVWKQXPQ463, Intent = MoveIntent { DirXPermille = 197, DirZPermille = 980, Gait = Run, FacingMdeg = 11338, IsMoving = True } }
65	R00	MoveCommand { Actor = chr_01M3ECYY5671G34HVWKQXPQ463, Intent = MoveIntent { DirXPermille = 196, DirZPermille = 981, Gait = Run, FacingMdeg = 11325, IsMoving = True } }
66	R00	MoveCommand { Actor = chr_01M3ECYY5671G34HVWKQXPQ463, Intent = MoveIntent { DirXPermille = 197, DirZPermille = 980, Gait = Run, FacingMdeg = 11337, IsMoving = True } }
67	R00	MoveCommand { Actor = chr_01M3ECYY5671G34HVWKQXPQ463, Intent = MoveIntent { DirXPermille = 196, DirZPermille = 981, Gait = Run, FacingMdeg = 11322, IsMoving = True } }
68	R00	MoveCommand { Actor = chr_01M3ECYY5671G34HVWKQXPQ463, Intent = MoveIntent { DirXPermille = 197, DirZPermille = 980, Gait = Run, FacingMdeg = 11336, IsMoving = True } }
69	R00	MoveCommand { Actor = chr_01M3ECYY5671G34HVWKQXPQ463, Intent = MoveIntent { DirXPermille = 196, DirZPermille = 981, Gait = Run, FacingMdeg = 11317, IsMoving = True } }
70	R00	MoveCommand { Actor = chr_01M3ECYY5671G34HVWKQXPQ463, Intent = MoveIntent { DirXPermille = 197, DirZPermille = 980, Gait = Run, FacingMdeg = 11334, IsMoving = True } }
71	R00	MoveCommand { Actor = chr_01M3ECYY5671G34HVWKQXPQ463, Intent = MoveIntent { DirXPermille = 196, DirZPermille = 981, Gait = Run, FacingMdeg = 11310, IsMoving = True } }
73	R00	MoveCommand { Actor = chr_01M3ECYY5671G34HVWKQXPQ463, Intent = MoveIntent { DirXPermille = 197, DirZPermille = 980, Gait = Run, FacingMdeg = 11359, IsMoving = True } }
74	R00	MoveCommand { Actor = chr_01M3ECYY5671G34HVWKQXPQ463, Intent = MoveIntent { DirXPermille = 196, DirZPermille = 981, Gait = Run, FacingMdeg = 11325, IsMoving = True } }
75	R00	MoveCommand { Actor = chr_01M3ECYY5671G34HVWKQXPQ463, Intent = MoveIntent { DirXPermille = 197, DirZPermille = 980, Gait = Run, FacingMdeg = 11366, IsMoving = True } }
76	R00	MoveCommand { Actor = chr_01M3ECYY5671G34HVWKQXPQ463, Intent = MoveIntent { DirXPermille = 196, DirZPermille = 981, Gait = Run, FacingMdeg = 11310, IsMoving = True } }
77	R00	MoveCommand { Actor = chr_01M3ECYY5671G34HVWKQXPQ463, Intent = MoveIntent { DirXPermille = 197, DirZPermille = 980, Gait = Run, FacingMdeg = 11389, IsMoving = True } }
78	R00	MoveCommand { Actor = chr_01M3ECYY5671G34HVWKQXPQ463, Intent = MoveIntent { DirXPermille = 150, DirZPermille = 756, Gait = Run, FacingMdeg = 11219, IsMoving = True } }
79	R01	MoveCommand { Actor = chr_01M3ECYY5671G34HVWKQXPQ463, Intent = MoveIntent { DirXPermille = 0, DirZPermille = 0, Gait = Run, FacingMdeg = 11219, IsMoving = False } }
79	R01	MoveCommand { Actor = chr_01M3ECYY5671G34HVWKQXPQ463, Intent = MoveIntent { DirXPermille = 0, DirZPermille = 0, Gait = Run, FacingMdeg = 0, IsMoving = False } }
97	R02	PlacePieceCommand { Actor = chr_01M3ECYY5671G34HVWKQXPQ463, PieceDefId = piece.pad.timber, XMm = 100500, ZMm = 100500, Rotation = 0 }
98	R02	PlacePieceCommand { Actor = chr_01M3ECYY5671G34HVWKQXPQ463, PieceDefId = piece.pad.timber, XMm = 103500, ZMm = 100500, Rotation = 0 }
99	R02	PlacePieceCommand { Actor = chr_01M3ECYY5671G34HVWKQXPQ463, PieceDefId = piece.pad.timber, XMm = 100500, ZMm = 103500, Rotation = 0 }
100	R02	PlacePieceCommand { Actor = chr_01M3ECYY5671G34HVWKQXPQ463, PieceDefId = piece.pad.timber, XMm = 103500, ZMm = 103500, Rotation = 0 }
101	R03	PlacePieceCommand { Actor = chr_01M3ECYY5671G34HVWKQXPQ463, PieceDefId = piece.doorway.timber, XMm = 100500, ZMm = 99000, Rotation = 0 }
102	R04	PlacePieceCommand { Actor = chr_01M3ECYY5671G34HVWKQXPQ463, PieceDefId = piece.wall.timber, XMm = 103500, ZMm = 99000, Rotation = 0 }
103	R04	PlacePieceCommand { Actor = chr_01M3ECYY5671G34HVWKQXPQ463, PieceDefId = piece.wall.timber, XMm = 100500, ZMm = 105000, Rotation = 0 }
104	R04	PlacePieceCommand { Actor = chr_01M3ECYY5671G34HVWKQXPQ463, PieceDefId = piece.wall.timber, XMm = 103500, ZMm = 105000, Rotation = 0 }
105	R04	PlacePieceCommand { Actor = chr_01M3ECYY5671G34HVWKQXPQ463, PieceDefId = piece.wall.timber, XMm = 99000, ZMm = 100500, Rotation = 1 }
106	R04	PlacePieceCommand { Actor = chr_01M3ECYY5671G34HVWKQXPQ463, PieceDefId = piece.wall.timber, XMm = 99000, ZMm = 103500, Rotation = 1 }
107	R04	PlacePieceCommand { Actor = chr_01M3ECYY5671G34HVWKQXPQ463, PieceDefId = piece.wall.timber, XMm = 105000, ZMm = 100500, Rotation = 1 }
108	R04	PlacePieceCommand { Actor = chr_01M3ECYY5671G34HVWKQXPQ463, PieceDefId = piece.wall.timber, XMm = 105000, ZMm = 103500, Rotation = 1 }
129	R05	PlacePieceCommand { Actor = chr_01M3ECYY5671G34HVWKQXPQ463, PieceDefId = piece.roof.timber, XMm = 100500, ZMm = 100500, Rotation = 0 }
130	R05	PlacePieceCommand { Actor = chr_01M3ECYY5671G34HVWKQXPQ463, PieceDefId = piece.roof.timber, XMm = 103500, ZMm = 100500, Rotation = 0 }
131	R05	PlacePieceCommand { Actor = chr_01M3ECYY5671G34HVWKQXPQ463, PieceDefId = piece.roof.timber, XMm = 100500, ZMm = 103500, Rotation = 0 }
132	R05	PlacePieceCommand { Actor = chr_01M3ECYY5671G34HVWKQXPQ463, PieceDefId = piece.roof.timber, XMm = 103500, ZMm = 103500, Rotation = 0 }
133	R06	PlacePieceCommand { Actor = chr_01M3ECYY5671G34HVWKQXPQ463, PieceDefId = piece.door.timber, XMm = 100500, ZMm = 99000, Rotation = 0 }
154	R07	PlacePieceCommand { Actor = chr_01M3ECYY5671G34HVWKQXPQ463, PieceDefId = piece.station.anvil, XMm = 100500, ZMm = 103500, Rotation = 3 }
155	R08	PlacePieceCommand { Actor = chr_01M3ECYY5671G34HVWKQXPQ463, PieceDefId = piece.storage.chest, XMm = 103500, ZMm = 103500, Rotation = 0 }
186	R09	PlacePieceCommand { Actor = chr_01M3ECYY5671G34HVWKQXPQ463, PieceDefId = piece.wall.timber, XMm = 100500, ZMm = 99000, Rotation = 0 }	rejected: a Timber Doorway already stands there
207	R09	MoveCommand { Actor = chr_01M3ECYY5671G34HVWKQXPQ463, Intent = MoveIntent { DirXPermille = -662, DirZPermille = -750, Gait = Run, FacingMdeg = 221424, IsMoving = True } }
211	R09	MoveCommand { Actor = chr_01M3ECYY5671G34HVWKQXPQ463, Intent = MoveIntent { DirXPermille = -661, DirZPermille = -750, Gait = Run, FacingMdeg = 221411, IsMoving = True } }
217	R09	MoveCommand { Actor = chr_01M3ECYY5671G34HVWKQXPQ463, Intent = MoveIntent { DirXPermille = -661, DirZPermille = -751, Gait = Run, FacingMdeg = 221348, IsMoving = True } }
218	R09	MoveCommand { Actor = chr_01M3ECYY5671G34HVWKQXPQ463, Intent = MoveIntent { DirXPermille = -660, DirZPermille = -751, Gait = Run, FacingMdeg = 221314, IsMoving = True } }
219	R09	MoveCommand { Actor = chr_01M3ECYY5671G34HVWKQXPQ463, Intent = MoveIntent { DirXPermille = -659, DirZPermille = -752, Gait = Run, FacingMdeg = 221248, IsMoving = True } }
220	R09	MoveCommand { Actor = chr_01M3ECYY5671G34HVWKQXPQ463, Intent = MoveIntent { DirXPermille = -660, DirZPermille = -751, Gait = Run, FacingMdeg = 221302, IsMoving = True } }
221	R10	MoveCommand { Actor = chr_01M3ECYY5671G34HVWKQXPQ463, Intent = MoveIntent { DirXPermille = 0, DirZPermille = 0, Gait = Run, FacingMdeg = 221302, IsMoving = False } }
221	R10	MoveCommand { Actor = chr_01M3ECYY5671G34HVWKQXPQ463, Intent = MoveIntent { DirXPermille = 0, DirZPermille = 0, Gait = Run, FacingMdeg = 180000, IsMoving = False } }
222	R10	InteractCommand { Actor = chr_01M3ECYY5671G34HVWKQXPQ463, TargetKey = pce_000000000HXJZ41QX3ADRZAGGV }
222	R10	MoveCommand { Actor = chr_01M3ECYY5671G34HVWKQXPQ463, Intent = MoveIntent { DirXPermille = -6, DirZPermille = -1000, Gait = Run, FacingMdeg = 180358, IsMoving = True } }
239	R11	MoveCommand { Actor = chr_01M3ECYY5671G34HVWKQXPQ463, Intent = MoveIntent { DirXPermille = 0, DirZPermille = 0, Gait = Run, FacingMdeg = 180358, IsMoving = False } }
239	R11	MoveCommand { Actor = chr_01M3ECYY5671G34HVWKQXPQ463, Intent = MoveIntent { DirXPermille = 0, DirZPermille = 0, Gait = Run, FacingMdeg = 0, IsMoving = False } }
240	R11	InteractCommand { Actor = chr_01M3ECYY5671G34HVWKQXPQ463, TargetKey = pce_000000000HXJZ41QX3ADRZAGGV }
240	R11	MoveCommand { Actor = chr_01M3ECYY5671G34HVWKQXPQ463, Intent = MoveIntent { DirXPermille = 0, DirZPermille = -1000, Gait = Run, FacingMdeg = 180000, IsMoving = True } }
243	R11	MoveCommand { Actor = chr_01M3ECYY5671G34HVWKQXPQ463, Intent = MoveIntent { DirXPermille = 0, DirZPermille = -750, Gait = Run, FacingMdeg = 180000, IsMoving = True } }
244	R12	MoveCommand { Actor = chr_01M3ECYY5671G34HVWKQXPQ463, Intent = MoveIntent { DirXPermille = 0, DirZPermille = 0, Gait = Run, FacingMdeg = 180000, IsMoving = False } }
244	R12	MoveCommand { Actor = chr_01M3ECYY5671G34HVWKQXPQ463, Intent = MoveIntent { DirXPermille = 0, DirZPermille = 0, Gait = Run, FacingMdeg = 0, IsMoving = False } }
245	R12	MoveCommand { Actor = chr_01M3ECYY5671G34HVWKQXPQ463, Intent = MoveIntent { DirXPermille = 0, DirZPermille = 1000, Gait = Walk, FacingMdeg = 0, IsMoving = True } }
285	R12	MoveCommand { Actor = chr_01M3ECYY5671G34HVWKQXPQ463, Intent = MoveIntent { DirXPermille = 0, DirZPermille = 0, Gait = Walk, FacingMdeg = 0, IsMoving = False } }
286	R13	InteractCommand { Actor = chr_01M3ECYY5671G34HVWKQXPQ463, TargetKey = pce_000000000HXJZ41QX3ADRZAGGV }
286	R13	MoveCommand { Actor = chr_01M3ECYY5671G34HVWKQXPQ463, Intent = MoveIntent { DirXPermille = 0, DirZPermille = 1000, Gait = Run, FacingMdeg = 0, IsMoving = True } }
301	R13	MoveCommand { Actor = chr_01M3ECYY5671G34HVWKQXPQ463, Intent = MoveIntent { DirXPermille = 0, DirZPermille = 938, Gait = Run, FacingMdeg = 0, IsMoving = True } }
302	R14	MoveCommand { Actor = chr_01M3ECYY5671G34HVWKQXPQ463, Intent = MoveIntent { DirXPermille = 0, DirZPermille = 0, Gait = Run, FacingMdeg = 0, IsMoving = False } }
302	R14	MoveCommand { Actor = chr_01M3ECYY5671G34HVWKQXPQ463, Intent = MoveIntent { DirXPermille = 0, DirZPermille = 0, Gait = Run, FacingMdeg = 270000, IsMoving = False } }
324	R14	MoveCommand { Actor = chr_01M3ECYY5671G34HVWKQXPQ463, Intent = MoveIntent { DirXPermille = 71, DirZPermille = 997, Gait = Run, FacingMdeg = 4086, IsMoving = True } }
325	R14	MoveCommand { Actor = chr_01M3ECYY5671G34HVWKQXPQ463, Intent = MoveIntent { DirXPermille = 72, DirZPermille = 997, Gait = Run, FacingMdeg = 4105, IsMoving = True } }
326	R14	MoveCommand { Actor = chr_01M3ECYY5671G34HVWKQXPQ463, Intent = MoveIntent { DirXPermille = 71, DirZPermille = 997, Gait = Run, FacingMdeg = 4078, IsMoving = True } }
327	R14	MoveCommand { Actor = chr_01M3ECYY5671G34HVWKQXPQ463, Intent = MoveIntent { DirXPermille = 72, DirZPermille = 997, Gait = Run, FacingMdeg = 4103, IsMoving = True } }
328	R14	MoveCommand { Actor = chr_01M3ECYY5671G34HVWKQXPQ463, Intent = MoveIntent { DirXPermille = 71, DirZPermille = 997, Gait = Run, FacingMdeg = 4064, IsMoving = True } }
330	R14	MoveCommand { Actor = chr_01M3ECYY5671G34HVWKQXPQ463, Intent = MoveIntent { DirXPermille = 73, DirZPermille = 997, Gait = Run, FacingMdeg = 4160, IsMoving = True } }
331	R14	MoveCommand { Actor = chr_01M3ECYY5671G34HVWKQXPQ463, Intent = MoveIntent { DirXPermille = 71, DirZPermille = 997, Gait = Run, FacingMdeg = 4086, IsMoving = True } }
332	R14	MoveCommand { Actor = chr_01M3ECYY5671G34HVWKQXPQ463, Intent = MoveIntent { DirXPermille = 56, DirZPermille = 750, Gait = Run, FacingMdeg = 4289, IsMoving = True } }
333	R15	MoveCommand { Actor = chr_01M3ECYY5671G34HVWKQXPQ463, Intent = MoveIntent { DirXPermille = 0, DirZPermille = 0, Gait = Run, FacingMdeg = 4289, IsMoving = False } }
333	R15	MoveCommand { Actor = chr_01M3ECYY5671G34HVWKQXPQ463, Intent = MoveIntent { DirXPermille = 0, DirZPermille = 0, Gait = Run, FacingMdeg = 315000, IsMoving = False } }
334	R15	CraftCommand { Actor = chr_01M3ECYY5671G34HVWKQXPQ463, RecipeId = recipe.smithing.march_spear }
335	R15	MoveCommand { Actor = chr_01M3ECYY5671G34HVWKQXPQ463, Intent = MoveIntent { DirXPermille = -48, DirZPermille = -999, Gait = Run, FacingMdeg = 182726, IsMoving = True } }
336	R15	MoveCommand { Actor = chr_01M3ECYY5671G34HVWKQXPQ463, Intent = MoveIntent { DirXPermille = -47, DirZPermille = -999, Gait = Run, FacingMdeg = 182715, IsMoving = True } }
340	R15	MoveCommand { Actor = chr_01M3ECYY5671G34HVWKQXPQ463, Intent = MoveIntent { DirXPermille = -46, DirZPermille = -999, Gait = Run, FacingMdeg = 182643, IsMoving = True } }
342	R15	MoveCommand { Actor = chr_01M3ECYY5671G34HVWKQXPQ463, Intent = MoveIntent { DirXPermille = -47, DirZPermille = -999, Gait = Run, FacingMdeg = 182687, IsMoving = True } }
343	R15	MoveCommand { Actor = chr_01M3ECYY5671G34HVWKQXPQ463, Intent = MoveIntent { DirXPermille = -46, DirZPermille = -999, Gait = Run, FacingMdeg = 182653, IsMoving = True } }
344	R15	MoveCommand { Actor = chr_01M3ECYY5671G34HVWKQXPQ463, Intent = MoveIntent { DirXPermille = -47, DirZPermille = -999, Gait = Run, FacingMdeg = 182689, IsMoving = True } }
345	R15	MoveCommand { Actor = chr_01M3ECYY5671G34HVWKQXPQ463, Intent = MoveIntent { DirXPermille = -46, DirZPermille = -999, Gait = Run, FacingMdeg = 182634, IsMoving = True } }
346	R15	MoveCommand { Actor = chr_01M3ECYY5671G34HVWKQXPQ463, Intent = MoveIntent { DirXPermille = -47, DirZPermille = -999, Gait = Run, FacingMdeg = 182694, IsMoving = True } }
348	R15	MoveCommand { Actor = chr_01M3ECYY5671G34HVWKQXPQ463, Intent = MoveIntent { DirXPermille = 0, DirZPermille = -1000, Gait = Run, FacingMdeg = 180000, IsMoving = True } }
365	R16	MoveCommand { Actor = chr_01M3ECYY5671G34HVWKQXPQ463, Intent = MoveIntent { DirXPermille = 0, DirZPermille = 0, Gait = Run, FacingMdeg = 180000, IsMoving = False } }
365	R16	MoveCommand { Actor = chr_01M3ECYY5671G34HVWKQXPQ463, Intent = MoveIntent { DirXPermille = 0, DirZPermille = 0, Gait = Run, FacingMdeg = 0, IsMoving = False } }
366	R16	InteractCommand { Actor = chr_01M3ECYY5671G34HVWKQXPQ463, TargetKey = pce_000000000HXJZ41QX3ADRZAGGV }
366	R16	MoveCommand { Actor = chr_01M3ECYY5671G34HVWKQXPQ463, Intent = MoveIntent { DirXPermille = 0, DirZPermille = -1000, Gait = Run, FacingMdeg = 180000, IsMoving = True } }
376	R16	MoveCommand { Actor = chr_01M3ECYY5671G34HVWKQXPQ463, Intent = MoveIntent { DirXPermille = -1000, DirZPermille = 0, Gait = Run, FacingMdeg = 270000, IsMoving = True } }
404	R16	MoveCommand { Actor = chr_01M3ECYY5671G34HVWKQXPQ463, Intent = MoveIntent { DirXPermille = -352, DirZPermille = 936, Gait = Run, FacingMdeg = 339381, IsMoving = True } }
418	R16	MoveCommand { Actor = chr_01M3ECYY5671G34HVWKQXPQ463, Intent = MoveIntent { DirXPermille = -353, DirZPermille = 936, Gait = Run, FacingMdeg = 339359, IsMoving = True } }
440	R16	MoveCommand { Actor = chr_01M3ECYY5671G34HVWKQXPQ463, Intent = MoveIntent { DirXPermille = -353, DirZPermille = 935, Gait = Run, FacingMdeg = 339307, IsMoving = True } }
443	R16	MoveCommand { Actor = chr_01M3ECYY5671G34HVWKQXPQ463, Intent = MoveIntent { DirXPermille = -354, DirZPermille = 935, Gait = Run, FacingMdeg = 339297, IsMoving = True } }
445	R16	MoveCommand { Actor = chr_01M3ECYY5671G34HVWKQXPQ463, Intent = MoveIntent { DirXPermille = -353, DirZPermille = 935, Gait = Run, FacingMdeg = 339300, IsMoving = True } }
446	R16	MoveCommand { Actor = chr_01M3ECYY5671G34HVWKQXPQ463, Intent = MoveIntent { DirXPermille = -354, DirZPermille = 935, Gait = Run, FacingMdeg = 339297, IsMoving = True } }
448	R16	MoveCommand { Actor = chr_01M3ECYY5671G34HVWKQXPQ463, Intent = MoveIntent { DirXPermille = -353, DirZPermille = 935, Gait = Run, FacingMdeg = 339300, IsMoving = True } }
449	R16	MoveCommand { Actor = chr_01M3ECYY5671G34HVWKQXPQ463, Intent = MoveIntent { DirXPermille = -354, DirZPermille = 935, Gait = Run, FacingMdeg = 339296, IsMoving = True } }
451	R16	MoveCommand { Actor = chr_01M3ECYY5671G34HVWKQXPQ463, Intent = MoveIntent { DirXPermille = -353, DirZPermille = 935, Gait = Run, FacingMdeg = 339300, IsMoving = True } }
452	R16	MoveCommand { Actor = chr_01M3ECYY5671G34HVWKQXPQ463, Intent = MoveIntent { DirXPermille = -354, DirZPermille = 935, Gait = Run, FacingMdeg = 339296, IsMoving = True } }
454	R16	MoveCommand { Actor = chr_01M3ECYY5671G34HVWKQXPQ463, Intent = MoveIntent { DirXPermille = -353, DirZPermille = 935, Gait = Run, FacingMdeg = 339299, IsMoving = True } }
455	R16	MoveCommand { Actor = chr_01M3ECYY5671G34HVWKQXPQ463, Intent = MoveIntent { DirXPermille = -354, DirZPermille = 935, Gait = Run, FacingMdeg = 339295, IsMoving = True } }
457	R16	MoveCommand { Actor = chr_01M3ECYY5671G34HVWKQXPQ463, Intent = MoveIntent { DirXPermille = -353, DirZPermille = 935, Gait = Run, FacingMdeg = 339299, IsMoving = True } }
458	R16	MoveCommand { Actor = chr_01M3ECYY5671G34HVWKQXPQ463, Intent = MoveIntent { DirXPermille = -354, DirZPermille = 935, Gait = Run, FacingMdeg = 339295, IsMoving = True } }
460	R16	MoveCommand { Actor = chr_01M3ECYY5671G34HVWKQXPQ463, Intent = MoveIntent { DirXPermille = -353, DirZPermille = 935, Gait = Run, FacingMdeg = 339299, IsMoving = True } }
461	R16	MoveCommand { Actor = chr_01M3ECYY5671G34HVWKQXPQ463, Intent = MoveIntent { DirXPermille = -354, DirZPermille = 935, Gait = Run, FacingMdeg = 339294, IsMoving = True } }
464	R16	MoveCommand { Actor = chr_01M3ECYY5671G34HVWKQXPQ463, Intent = MoveIntent { DirXPermille = -353, DirZPermille = 935, Gait = Run, FacingMdeg = 339301, IsMoving = True } }
465	R16	MoveCommand { Actor = chr_01M3ECYY5671G34HVWKQXPQ463, Intent = MoveIntent { DirXPermille = -354, DirZPermille = 935, Gait = Run, FacingMdeg = 339296, IsMoving = True } }
467	R16	MoveCommand { Actor = chr_01M3ECYY5671G34HVWKQXPQ463, Intent = MoveIntent { DirXPermille = -353, DirZPermille = 935, Gait = Run, FacingMdeg = 339300, IsMoving = True } }
468	R16	MoveCommand { Actor = chr_01M3ECYY5671G34HVWKQXPQ463, Intent = MoveIntent { DirXPermille = -354, DirZPermille = 935, Gait = Run, FacingMdeg = 339295, IsMoving = True } }
470	R16	MoveCommand { Actor = chr_01M3ECYY5671G34HVWKQXPQ463, Intent = MoveIntent { DirXPermille = -353, DirZPermille = 935, Gait = Run, FacingMdeg = 339300, IsMoving = True } }
471	R16	MoveCommand { Actor = chr_01M3ECYY5671G34HVWKQXPQ463, Intent = MoveIntent { DirXPermille = -354, DirZPermille = 935, Gait = Run, FacingMdeg = 339294, IsMoving = True } }
473	R16	MoveCommand { Actor = chr_01M3ECYY5671G34HVWKQXPQ463, Intent = MoveIntent { DirXPermille = -353, DirZPermille = 935, Gait = Run, FacingMdeg = 339300, IsMoving = True } }
474	R16	MoveCommand { Actor = chr_01M3ECYY5671G34HVWKQXPQ463, Intent = MoveIntent { DirXPermille = -354, DirZPermille = 935, Gait = Run, FacingMdeg = 339293, IsMoving = True } }
476	R16	MoveCommand { Actor = chr_01M3ECYY5671G34HVWKQXPQ463, Intent = MoveIntent { DirXPermille = -353, DirZPermille = 935, Gait = Run, FacingMdeg = 339299, IsMoving = True } }
477	R16	MoveCommand { Actor = chr_01M3ECYY5671G34HVWKQXPQ463, Intent = MoveIntent { DirXPermille = -354, DirZPermille = 935, Gait = Run, FacingMdeg = 339292, IsMoving = True } }
479	R16	MoveCommand { Actor = chr_01M3ECYY5671G34HVWKQXPQ463, Intent = MoveIntent { DirXPermille = -353, DirZPermille = 935, Gait = Run, FacingMdeg = 339299, IsMoving = True } }
480	R16	MoveCommand { Actor = chr_01M3ECYY5671G34HVWKQXPQ463, Intent = MoveIntent { DirXPermille = -354, DirZPermille = 935, Gait = Run, FacingMdeg = 339291, IsMoving = True } }
483	R16	MoveCommand { Actor = chr_01M3ECYY5671G34HVWKQXPQ463, Intent = MoveIntent { DirXPermille = -353, DirZPermille = 935, Gait = Run, FacingMdeg = 339302, IsMoving = True } }
484	R16	MoveCommand { Actor = chr_01M3ECYY5671G34HVWKQXPQ463, Intent = MoveIntent { DirXPermille = -354, DirZPermille = 935, Gait = Run, FacingMdeg = 339293, IsMoving = True } }
486	R16	MoveCommand { Actor = chr_01M3ECYY5671G34HVWKQXPQ463, Intent = MoveIntent { DirXPermille = -353, DirZPermille = 935, Gait = Run, FacingMdeg = 339302, IsMoving = True } }
487	R16	MoveCommand { Actor = chr_01M3ECYY5671G34HVWKQXPQ463, Intent = MoveIntent { DirXPermille = -354, DirZPermille = 935, Gait = Run, FacingMdeg = 339292, IsMoving = True } }
489	R16	MoveCommand { Actor = chr_01M3ECYY5671G34HVWKQXPQ463, Intent = MoveIntent { DirXPermille = -353, DirZPermille = 935, Gait = Run, FacingMdeg = 339301, IsMoving = True } }
490	R16	MoveCommand { Actor = chr_01M3ECYY5671G34HVWKQXPQ463, Intent = MoveIntent { DirXPermille = -354, DirZPermille = 935, Gait = Run, FacingMdeg = 339290, IsMoving = True } }
492	R16	MoveCommand { Actor = chr_01M3ECYY5671G34HVWKQXPQ463, Intent = MoveIntent { DirXPermille = -353, DirZPermille = 935, Gait = Run, FacingMdeg = 339301, IsMoving = True } }
493	R16	MoveCommand { Actor = chr_01M3ECYY5671G34HVWKQXPQ463, Intent = MoveIntent { DirXPermille = -354, DirZPermille = 935, Gait = Run, FacingMdeg = 339288, IsMoving = True } }
495	R16	MoveCommand { Actor = chr_01M3ECYY5671G34HVWKQXPQ463, Intent = MoveIntent { DirXPermille = -353, DirZPermille = 935, Gait = Run, FacingMdeg = 339300, IsMoving = True } }
496	R16	MoveCommand { Actor = chr_01M3ECYY5671G34HVWKQXPQ463, Intent = MoveIntent { DirXPermille = -354, DirZPermille = 935, Gait = Run, FacingMdeg = 339284, IsMoving = True } }
498	R16	MoveCommand { Actor = chr_01M3ECYY5671G34HVWKQXPQ463, Intent = MoveIntent { DirXPermille = -353, DirZPermille = 935, Gait = Run, FacingMdeg = 339299, IsMoving = True } }
499	R16	MoveCommand { Actor = chr_01M3ECYY5671G34HVWKQXPQ463, Intent = MoveIntent { DirXPermille = -354, DirZPermille = 935, Gait = Run, FacingMdeg = 339279, IsMoving = True } }
502	R16	MoveCommand { Actor = chr_01M3ECYY5671G34HVWKQXPQ463, Intent = MoveIntent { DirXPermille = -353, DirZPermille = 935, Gait = Run, FacingMdeg = 339309, IsMoving = True } }
503	R16	MoveCommand { Actor = chr_01M3ECYY5671G34HVWKQXPQ463, Intent = MoveIntent { DirXPermille = -354, DirZPermille = 935, Gait = Run, FacingMdeg = 339280, IsMoving = True } }
505	R16	MoveCommand { Actor = chr_01M3ECYY5671G34HVWKQXPQ463, Intent = MoveIntent { DirXPermille = -353, DirZPermille = 936, Gait = Run, FacingMdeg = 339311, IsMoving = True } }
506	R16	MoveCommand { Actor = chr_01M3ECYY5671G34HVWKQXPQ463, Intent = MoveIntent { DirXPermille = -354, DirZPermille = 935, Gait = Run, FacingMdeg = 339265, IsMoving = True } }
508	R16	MoveCommand { Actor = chr_01M3ECYY5671G34HVWKQXPQ463, Intent = MoveIntent { DirXPermille = -353, DirZPermille = 936, Gait = Run, FacingMdeg = 339318, IsMoving = True } }
510	R16	MoveCommand { Actor = chr_01M3ECYY5671G34HVWKQXPQ463, Intent = MoveIntent { DirXPermille = -855, DirZPermille = 519, Gait = Run, FacingMdeg = 301284, IsMoving = True } }
520	R16	MoveCommand { Actor = chr_01M3ECYY5671G34HVWKQXPQ463, Intent = MoveIntent { DirXPermille = -854, DirZPermille = 519, Gait = Run, FacingMdeg = 301296, IsMoving = True } }
522	R16	MoveCommand { Actor = chr_01M3ECYY5671G34HVWKQXPQ463, Intent = MoveIntent { DirXPermille = -854, DirZPermille = 520, Gait = Run, FacingMdeg = 301299, IsMoving = True } }
549	R16	MoveCommand { Actor = chr_01M3ECYY5671G34HVWKQXPQ463, Intent = MoveIntent { DirXPermille = -854, DirZPermille = 521, Gait = Run, FacingMdeg = 301369, IsMoving = True } }
556	R16	MoveCommand { Actor = chr_01M3ECYY5671G34HVWKQXPQ463, Intent = MoveIntent { DirXPermille = -853, DirZPermille = 521, Gait = Run, FacingMdeg = 301410, IsMoving = True } }
573	R16	MoveCommand { Actor = chr_01M3ECYY5671G34HVWKQXPQ463, Intent = MoveIntent { DirXPermille = -853, DirZPermille = 522, Gait = Run, FacingMdeg = 301434, IsMoving = True } }
574	R16	MoveCommand { Actor = chr_01M3ECYY5671G34HVWKQXPQ463, Intent = MoveIntent { DirXPermille = -853, DirZPermille = 521, Gait = Run, FacingMdeg = 301406, IsMoving = True } }
581	R16	MoveCommand { Actor = chr_01M3ECYY5671G34HVWKQXPQ463, Intent = MoveIntent { DirXPermille = -853, DirZPermille = 522, Gait = Run, FacingMdeg = 301436, IsMoving = True } }
583	R16	MoveCommand { Actor = chr_01M3ECYY5671G34HVWKQXPQ463, Intent = MoveIntent { DirXPermille = -832, DirZPermille = 555, Gait = Run, FacingMdeg = 303678, IsMoving = True } }
586	R16	MoveCommand { Actor = chr_01M3ECYY5671G34HVWKQXPQ463, Intent = MoveIntent { DirXPermille = -832, DirZPermille = 554, Gait = Run, FacingMdeg = 303676, IsMoving = True } }
616	R16	MoveCommand { Actor = chr_01M3ECYY5671G34HVWKQXPQ463, Intent = MoveIntent { DirXPermille = -833, DirZPermille = 554, Gait = Run, FacingMdeg = 303643, IsMoving = True } }
618	R16	MoveCommand { Actor = chr_01M3ECYY5671G34HVWKQXPQ463, Intent = MoveIntent { DirXPermille = -835, DirZPermille = 550, Gait = Run, FacingMdeg = 303366, IsMoving = True } }
619	R16	MoveCommand { Actor = chr_01M3ECYY5671G34HVWKQXPQ463, Intent = MoveIntent { DirXPermille = -838, DirZPermille = 546, Gait = Run, FacingMdeg = 303106, IsMoving = True } }
620	R16	MoveCommand { Actor = chr_01M3ECYY5671G34HVWKQXPQ463, Intent = MoveIntent { DirXPermille = -840, DirZPermille = 542, Gait = Run, FacingMdeg = 302847, IsMoving = True } }
621	R16	MoveCommand { Actor = chr_01M3ECYY5671G34HVWKQXPQ463, Intent = MoveIntent { DirXPermille = -843, DirZPermille = 539, Gait = Run, FacingMdeg = 302586, IsMoving = True } }
622	R16	MoveCommand { Actor = chr_01M3ECYY5671G34HVWKQXPQ463, Intent = MoveIntent { DirXPermille = -845, DirZPermille = 535, Gait = Run, FacingMdeg = 302327, IsMoving = True } }
623	R16	MoveCommand { Actor = chr_01M3ECYY5671G34HVWKQXPQ463, Intent = MoveIntent { DirXPermille = -847, DirZPermille = 531, Gait = Run, FacingMdeg = 302067, IsMoving = True } }
624	R16	MoveCommand { Actor = chr_01M3ECYY5671G34HVWKQXPQ463, Intent = MoveIntent { DirXPermille = -850, DirZPermille = 527, Gait = Run, FacingMdeg = 301808, IsMoving = True } }
625	R16	MoveCommand { Actor = chr_01M3ECYY5671G34HVWKQXPQ463, Intent = MoveIntent { DirXPermille = -852, DirZPermille = 523, Gait = Run, FacingMdeg = 301551, IsMoving = True } }
626	R16	MoveCommand { Actor = chr_01M3ECYY5671G34HVWKQXPQ463, Intent = MoveIntent { DirXPermille = -855, DirZPermille = 519, Gait = Run, FacingMdeg = 301292, IsMoving = True } }
627	R16	MoveCommand { Actor = chr_01M3ECYY5671G34HVWKQXPQ463, Intent = MoveIntent { DirXPermille = -857, DirZPermille = 516, Gait = Run, FacingMdeg = 301035, IsMoving = True } }
628	R16	MoveCommand { Actor = chr_01M3ECYY5671G34HVWKQXPQ463, Intent = MoveIntent { DirXPermille = -859, DirZPermille = 512, Gait = Run, FacingMdeg = 300777, IsMoving = True } }
629	R16	MoveCommand { Actor = chr_01M3ECYY5671G34HVWKQXPQ463, Intent = MoveIntent { DirXPermille = -861, DirZPermille = 508, Gait = Run, FacingMdeg = 300520, IsMoving = True } }
630	R16	MoveCommand { Actor = chr_01M3ECYY5671G34HVWKQXPQ463, Intent = MoveIntent { DirXPermille = -864, DirZPermille = 504, Gait = Run, FacingMdeg = 300265, IsMoving = True } }
631	R16	MoveCommand { Actor = chr_01M3ECYY5671G34HVWKQXPQ463, Intent = MoveIntent { DirXPermille = -866, DirZPermille = 500, Gait = Run, FacingMdeg = 300009, IsMoving = True } }
632	R16	MoveCommand { Actor = chr_01M3ECYY5671G34HVWKQXPQ463, Intent = MoveIntent { DirXPermille = -869, DirZPermille = 495, Gait = Run, FacingMdeg = 299670, IsMoving = True } }
633	R16	MoveCommand { Actor = chr_01M3ECYY5671G34HVWKQXPQ463, Intent = MoveIntent { DirXPermille = -872, DirZPermille = 490, Gait = Run, FacingMdeg = 299357, IsMoving = True } }
634	R16	MoveCommand { Actor = chr_01M3ECYY5671G34HVWKQXPQ463, Intent = MoveIntent { DirXPermille = -872, DirZPermille = 489, Gait = Run, FacingMdeg = 299277, IsMoving = True } }
650	R16	MoveCommand { Actor = chr_01M3ECYY5671G34HVWKQXPQ463, Intent = MoveIntent { DirXPermille = -872, DirZPermille = 490, Gait = Run, FacingMdeg = 299308, IsMoving = True } }
719	R16	MoveCommand { Actor = chr_01M3ECYY5671G34HVWKQXPQ463, Intent = MoveIntent { DirXPermille = -871, DirZPermille = 490, Gait = Run, FacingMdeg = 299367, IsMoving = True } }
720	R16	MoveCommand { Actor = chr_01M3ECYY5671G34HVWKQXPQ463, Intent = MoveIntent { DirXPermille = -871, DirZPermille = 491, Gait = Run, FacingMdeg = 299374, IsMoving = True } }
721	R16	MoveCommand { Actor = chr_01M3ECYY5671G34HVWKQXPQ463, Intent = MoveIntent { DirXPermille = -872, DirZPermille = 490, Gait = Run, FacingMdeg = 299347, IsMoving = True } }
724	R16	MoveCommand { Actor = chr_01M3ECYY5671G34HVWKQXPQ463, Intent = MoveIntent { DirXPermille = -871, DirZPermille = 490, Gait = Run, FacingMdeg = 299371, IsMoving = True } }
725	R16	MoveCommand { Actor = chr_01M3ECYY5671G34HVWKQXPQ463, Intent = MoveIntent { DirXPermille = -871, DirZPermille = 491, Gait = Run, FacingMdeg = 299386, IsMoving = True } }
726	R16	MoveCommand { Actor = chr_01M3ECYY5671G34HVWKQXPQ463, Intent = MoveIntent { DirXPermille = -872, DirZPermille = 490, Gait = Run, FacingMdeg = 299327, IsMoving = True } }
729	R16	MoveCommand { Actor = chr_01M3ECYY5671G34HVWKQXPQ463, Intent = MoveIntent { DirXPermille = -862, DirZPermille = 507, Gait = Run, FacingMdeg = 300454, IsMoving = True } }
767	R16	MoveCommand { Actor = chr_01M3ECYY5671G34HVWKQXPQ463, Intent = MoveIntent { DirXPermille = -862, DirZPermille = 508, Gait = Run, FacingMdeg = 300498, IsMoving = True } }
773	R16	MoveCommand { Actor = chr_01M3ECYY5671G34HVWKQXPQ463, Intent = MoveIntent { DirXPermille = -861, DirZPermille = 508, Gait = Run, FacingMdeg = 300515, IsMoving = True } }
783	R16	MoveCommand { Actor = chr_01M3ECYY5671G34HVWKQXPQ463, Intent = MoveIntent { DirXPermille = -861, DirZPermille = 509, Gait = Run, FacingMdeg = 300565, IsMoving = True } }
789	R16	MoveCommand { Actor = chr_01M3ECYY5671G34HVWKQXPQ463, Intent = MoveIntent { DirXPermille = -860, DirZPermille = 509, Gait = Run, FacingMdeg = 300628, IsMoving = True } }
790	R16	MoveCommand { Actor = chr_01M3ECYY5671G34HVWKQXPQ463, Intent = MoveIntent { DirXPermille = -860, DirZPermille = 510, Gait = Run, FacingMdeg = 300643, IsMoving = True } }
792	R16	MoveCommand { Actor = chr_01M3ECYY5671G34HVWKQXPQ463, Intent = MoveIntent { DirXPermille = -860, DirZPermille = 509, Gait = Run, FacingMdeg = 300630, IsMoving = True } }
793	R16	MoveCommand { Actor = chr_01M3ECYY5671G34HVWKQXPQ463, Intent = MoveIntent { DirXPermille = -860, DirZPermille = 510, Gait = Run, FacingMdeg = 300651, IsMoving = True } }
796	R16	MoveCommand { Actor = chr_01M3ECYY5671G34HVWKQXPQ463, Intent = MoveIntent { DirXPermille = -861, DirZPermille = 509, Gait = Run, FacingMdeg = 300624, IsMoving = True } }
797	R16	MoveCommand { Actor = chr_01M3ECYY5671G34HVWKQXPQ463, Intent = MoveIntent { DirXPermille = -860, DirZPermille = 510, Gait = Run, FacingMdeg = 300656, IsMoving = True } }
799	R16	MoveCommand { Actor = chr_01M3ECYY5671G34HVWKQXPQ463, Intent = MoveIntent { DirXPermille = -860, DirZPermille = 509, Gait = Run, FacingMdeg = 300629, IsMoving = True } }
800	R16	MoveCommand { Actor = chr_01M3ECYY5671G34HVWKQXPQ463, Intent = MoveIntent { DirXPermille = -860, DirZPermille = 510, Gait = Run, FacingMdeg = 300687, IsMoving = True } }
803	R16	MoveCommand { Actor = chr_01M3ECYY5671G34HVWKQXPQ463, Intent = MoveIntent { DirXPermille = -17, DirZPermille = 1000, Gait = Run, FacingMdeg = 359008, IsMoving = True } }
817	R16	MoveCommand { Actor = chr_01M3ECYY5671G34HVWKQXPQ463, Intent = MoveIntent { DirXPermille = -16, DirZPermille = 1000, Gait = Run, FacingMdeg = 359056, IsMoving = True } }
825	R16	MoveCommand { Actor = chr_01M3ECYY5671G34HVWKQXPQ463, Intent = MoveIntent { DirXPermille = -15, DirZPermille = 1000, Gait = Run, FacingMdeg = 359121, IsMoving = True } }
826	R16	MoveCommand { Actor = chr_01M3ECYY5671G34HVWKQXPQ463, Intent = MoveIntent { DirXPermille = -16, DirZPermille = 1000, Gait = Run, FacingMdeg = 359110, IsMoving = True } }
827	R16	MoveCommand { Actor = chr_01M3ECYY5671G34HVWKQXPQ463, Intent = MoveIntent { DirXPermille = -15, DirZPermille = 1000, Gait = Run, FacingMdeg = 359123, IsMoving = True } }
828	R16	MoveCommand { Actor = chr_01M3ECYY5671G34HVWKQXPQ463, Intent = MoveIntent { DirXPermille = -16, DirZPermille = 1000, Gait = Run, FacingMdeg = 359111, IsMoving = True } }
829	R16	MoveCommand { Actor = chr_01M3ECYY5671G34HVWKQXPQ463, Intent = MoveIntent { DirXPermille = -15, DirZPermille = 1000, Gait = Run, FacingMdeg = 359126, IsMoving = True } }
831	R16	MoveCommand { Actor = chr_01M3ECYY5671G34HVWKQXPQ463, Intent = MoveIntent { DirXPermille = -16, DirZPermille = 1000, Gait = Run, FacingMdeg = 359095, IsMoving = True } }
832	R16	MoveCommand { Actor = chr_01M3ECYY5671G34HVWKQXPQ463, Intent = MoveIntent { DirXPermille = -15, DirZPermille = 1000, Gait = Run, FacingMdeg = 359114, IsMoving = True } }
833	R16	MoveCommand { Actor = chr_01M3ECYY5671G34HVWKQXPQ463, Intent = MoveIntent { DirXPermille = -16, DirZPermille = 1000, Gait = Run, FacingMdeg = 359092, IsMoving = True } }
834	R16	MoveCommand { Actor = chr_01M3ECYY5671G34HVWKQXPQ463, Intent = MoveIntent { DirXPermille = -15, DirZPermille = 1000, Gait = Run, FacingMdeg = 359116, IsMoving = True } }
835	R16	MoveCommand { Actor = chr_01M3ECYY5671G34HVWKQXPQ463, Intent = MoveIntent { DirXPermille = -16, DirZPermille = 1000, Gait = Run, FacingMdeg = 359088, IsMoving = True } }
836	R16	MoveCommand { Actor = chr_01M3ECYY5671G34HVWKQXPQ463, Intent = MoveIntent { DirXPermille = -15, DirZPermille = 1000, Gait = Run, FacingMdeg = 359121, IsMoving = True } }
837	R16	MoveCommand { Actor = chr_01M3ECYY5671G34HVWKQXPQ463, Intent = MoveIntent { DirXPermille = -16, DirZPermille = 1000, Gait = Run, FacingMdeg = 359079, IsMoving = True } }
838	R16	MoveCommand { Actor = chr_01M3ECYY5671G34HVWKQXPQ463, Intent = MoveIntent { DirXPermille = -15, DirZPermille = 1000, Gait = Run, FacingMdeg = 359132, IsMoving = True } }
839	R16	MoveCommand { Actor = chr_01M3ECYY5671G34HVWKQXPQ463, Intent = MoveIntent { DirXPermille = -17, DirZPermille = 1000, Gait = Run, FacingMdeg = 359051, IsMoving = True } }
840	R16	MoveCommand { Actor = chr_01M3ECYY5671G34HVWKQXPQ463, Intent = MoveIntent { DirXPermille = -13, DirZPermille = 888, Gait = Run, FacingMdeg = 359193, IsMoving = True } }
841	R17	MoveCommand { Actor = chr_01M3ECYY5671G34HVWKQXPQ463, Intent = MoveIntent { DirXPermille = 0, DirZPermille = 0, Gait = Run, FacingMdeg = 359193, IsMoving = False } }
841	R17	MoveCommand { Actor = chr_01M3ECYY5671G34HVWKQXPQ463, Intent = MoveIntent { DirXPermille = 0, DirZPermille = 0, Gait = Run, FacingMdeg = 90000, IsMoving = False } }
842	R17	InteractCommand { Actor = chr_01M3ECYY5671G34HVWKQXPQ463, TargetKey = door.forge_shed }
842	R17	MoveCommand { Actor = chr_01M3ECYY5671G34HVWKQXPQ463, Intent = MoveIntent { DirXPermille = 1000, DirZPermille = 0, Gait = Run, FacingMdeg = 90000, IsMoving = True } }
859	R17	MoveCommand { Actor = chr_01M3ECYY5671G34HVWKQXPQ463, Intent = MoveIntent { DirXPermille = 950, DirZPermille = -312, Gait = Run, FacingMdeg = 108184, IsMoving = True } }
880	R17	MoveCommand { Actor = chr_01M3ECYY5671G34HVWKQXPQ463, Intent = MoveIntent { DirXPermille = 950, DirZPermille = -311, Gait = Run, FacingMdeg = 108149, IsMoving = True } }
887	R17	MoveCommand { Actor = chr_01M3ECYY5671G34HVWKQXPQ463, Intent = MoveIntent { DirXPermille = 951, DirZPermille = -311, Gait = Run, FacingMdeg = 108097, IsMoving = True } }
888	R17	MoveCommand { Actor = chr_01M3ECYY5671G34HVWKQXPQ463, Intent = MoveIntent { DirXPermille = 951, DirZPermille = -310, Gait = Run, FacingMdeg = 108081, IsMoving = True } }
891	R17	MoveCommand { Actor = chr_01M3ECYY5671G34HVWKQXPQ463, Intent = MoveIntent { DirXPermille = 951, DirZPermille = -309, Gait = Run, FacingMdeg = 107987, IsMoving = True } }
893	R17	MoveCommand { Actor = chr_01M3ECYY5671G34HVWKQXPQ463, Intent = MoveIntent { DirXPermille = 950, DirZPermille = -311, Gait = Run, FacingMdeg = 108104, IsMoving = True } }
894	R17	MoveCommand { Actor = chr_01M3ECYY5671G34HVWKQXPQ463, Intent = MoveIntent { DirXPermille = 951, DirZPermille = -309, Gait = Run, FacingMdeg = 108004, IsMoving = True } }
895	R18	MoveCommand { Actor = chr_01M3ECYY5671G34HVWKQXPQ463, Intent = MoveIntent { DirXPermille = 0, DirZPermille = 0, Gait = Run, FacingMdeg = 108004, IsMoving = False } }
895	R18	MoveCommand { Actor = chr_01M3ECYY5671G34HVWKQXPQ463, Intent = MoveIntent { DirXPermille = 0, DirZPermille = 0, Gait = Run, FacingMdeg = 110000, IsMoving = False } }
896	R18	AssignWorkerCommand { Actor = chr_01M3ECYY5671G34HVWKQXPQ463, NpcId = npc.ashen_hollow.kera_voss, PieceId = pce_000000000J70G06JY0JP2Y004N }
896	R18	MoveCommand { Actor = chr_01M3ECYY5671G34HVWKQXPQ463, Intent = MoveIntent { DirXPermille = -950, DirZPermille = 311, Gait = Run, FacingMdeg = 288118, IsMoving = True } }
902	R18	MoveCommand { Actor = chr_01M3ECYY5671G34HVWKQXPQ463, Intent = MoveIntent { DirXPermille = -951, DirZPermille = 311, Gait = Run, FacingMdeg = 288100, IsMoving = True } }
905	R18	MoveCommand { Actor = chr_01M3ECYY5671G34HVWKQXPQ463, Intent = MoveIntent { DirXPermille = -951, DirZPermille = 310, Gait = Run, FacingMdeg = 288088, IsMoving = True } }
914	R18	MoveCommand { Actor = chr_01M3ECYY5671G34HVWKQXPQ463, Intent = MoveIntent { DirXPermille = -951, DirZPermille = 309, Gait = Run, FacingMdeg = 288029, IsMoving = True } }
915	R18	MoveCommand { Actor = chr_01M3ECYY5671G34HVWKQXPQ463, Intent = MoveIntent { DirXPermille = -951, DirZPermille = 310, Gait = Run, FacingMdeg = 288038, IsMoving = True } }
916	R18	MoveCommand { Actor = chr_01M3ECYY5671G34HVWKQXPQ463, Intent = MoveIntent { DirXPermille = -951, DirZPermille = 309, Gait = Run, FacingMdeg = 288027, IsMoving = True } }
917	R18	MoveCommand { Actor = chr_01M3ECYY5671G34HVWKQXPQ463, Intent = MoveIntent { DirXPermille = -951, DirZPermille = 310, Gait = Run, FacingMdeg = 288038, IsMoving = True } }
918	R18	MoveCommand { Actor = chr_01M3ECYY5671G34HVWKQXPQ463, Intent = MoveIntent { DirXPermille = -951, DirZPermille = 309, Gait = Run, FacingMdeg = 288026, IsMoving = True } }
919	R18	MoveCommand { Actor = chr_01M3ECYY5671G34HVWKQXPQ463, Intent = MoveIntent { DirXPermille = -951, DirZPermille = 310, Gait = Run, FacingMdeg = 288038, IsMoving = True } }
920	R18	MoveCommand { Actor = chr_01M3ECYY5671G34HVWKQXPQ463, Intent = MoveIntent { DirXPermille = -951, DirZPermille = 309, Gait = Run, FacingMdeg = 288024, IsMoving = True } }
921	R18	MoveCommand { Actor = chr_01M3ECYY5671G34HVWKQXPQ463, Intent = MoveIntent { DirXPermille = -951, DirZPermille = 310, Gait = Run, FacingMdeg = 288038, IsMoving = True } }
922	R18	MoveCommand { Actor = chr_01M3ECYY5671G34HVWKQXPQ463, Intent = MoveIntent { DirXPermille = -951, DirZPermille = 309, Gait = Run, FacingMdeg = 288021, IsMoving = True } }
923	R18	MoveCommand { Actor = chr_01M3ECYY5671G34HVWKQXPQ463, Intent = MoveIntent { DirXPermille = -951, DirZPermille = 310, Gait = Run, FacingMdeg = 288038, IsMoving = True } }
924	R18	MoveCommand { Actor = chr_01M3ECYY5671G34HVWKQXPQ463, Intent = MoveIntent { DirXPermille = -951, DirZPermille = 309, Gait = Run, FacingMdeg = 288017, IsMoving = True } }
925	R18	MoveCommand { Actor = chr_01M3ECYY5671G34HVWKQXPQ463, Intent = MoveIntent { DirXPermille = -951, DirZPermille = 310, Gait = Run, FacingMdeg = 288038, IsMoving = True } }
926	R18	MoveCommand { Actor = chr_01M3ECYY5671G34HVWKQXPQ463, Intent = MoveIntent { DirXPermille = -951, DirZPermille = 309, Gait = Run, FacingMdeg = 288010, IsMoving = True } }
927	R18	MoveCommand { Actor = chr_01M3ECYY5671G34HVWKQXPQ463, Intent = MoveIntent { DirXPermille = -951, DirZPermille = 310, Gait = Run, FacingMdeg = 288037, IsMoving = True } }
928	R18	MoveCommand { Actor = chr_01M3ECYY5671G34HVWKQXPQ463, Intent = MoveIntent { DirXPermille = -951, DirZPermille = 309, Gait = Run, FacingMdeg = 287996, IsMoving = True } }
929	R18	MoveCommand { Actor = chr_01M3ECYY5671G34HVWKQXPQ463, Intent = MoveIntent { DirXPermille = -951, DirZPermille = 310, Gait = Run, FacingMdeg = 288037, IsMoving = True } }
930	R18	MoveCommand { Actor = chr_01M3ECYY5671G34HVWKQXPQ463, Intent = MoveIntent { DirXPermille = -951, DirZPermille = 308, Gait = Run, FacingMdeg = 287956, IsMoving = True } }
932	R18	MoveCommand { Actor = chr_01M3ECYY5671G34HVWKQXPQ463, Intent = MoveIntent { DirXPermille = -1000, DirZPermille = 3, Gait = Run, FacingMdeg = 270147, IsMoving = True } }
937	R18	MoveCommand { Actor = chr_01M3ECYY5671G34HVWKQXPQ463, Intent = MoveIntent { DirXPermille = -1000, DirZPermille = 4, Gait = Run, FacingMdeg = 270209, IsMoving = True } }
938	R18	MoveCommand { Actor = chr_01M3ECYY5671G34HVWKQXPQ463, Intent = MoveIntent { DirXPermille = -1000, DirZPermille = 3, Gait = Run, FacingMdeg = 270195, IsMoving = True } }
939	R18	MoveCommand { Actor = chr_01M3ECYY5671G34HVWKQXPQ463, Intent = MoveIntent { DirXPermille = -1000, DirZPermille = 4, Gait = Run, FacingMdeg = 270215, IsMoving = True } }
940	R18	MoveCommand { Actor = chr_01M3ECYY5671G34HVWKQXPQ463, Intent = MoveIntent { DirXPermille = -1000, DirZPermille = 3, Gait = Run, FacingMdeg = 270199, IsMoving = True } }
941	R18	MoveCommand { Actor = chr_01M3ECYY5671G34HVWKQXPQ463, Intent = MoveIntent { DirXPermille = -1000, DirZPermille = 4, Gait = Run, FacingMdeg = 270224, IsMoving = True } }
943	R18	MoveCommand { Actor = chr_01M3ECYY5671G34HVWKQXPQ463, Intent = MoveIntent { DirXPermille = -1000, DirZPermille = 3, Gait = Run, FacingMdeg = 270179, IsMoving = True } }
944	R18	MoveCommand { Actor = chr_01M3ECYY5671G34HVWKQXPQ463, Intent = MoveIntent { DirXPermille = -1000, DirZPermille = 4, Gait = Run, FacingMdeg = 270215, IsMoving = True } }
945	R18	MoveCommand { Actor = chr_01M3ECYY5671G34HVWKQXPQ463, Intent = MoveIntent { DirXPermille = -1000, DirZPermille = 3, Gait = Run, FacingMdeg = 270179, IsMoving = True } }
946	R18	MoveCommand { Actor = chr_01M3ECYY5671G34HVWKQXPQ463, Intent = MoveIntent { DirXPermille = -1000, DirZPermille = 4, Gait = Run, FacingMdeg = 270239, IsMoving = True } }
947	R18	MoveCommand { Actor = chr_01M3ECYY5671G34HVWKQXPQ463, Intent = MoveIntent { DirXPermille = -1000, DirZPermille = 3, Gait = Run, FacingMdeg = 270179, IsMoving = True } }
948	R18	MoveCommand { Actor = chr_01M3ECYY5671G34HVWKQXPQ463, Intent = MoveIntent { DirXPermille = -1000, DirZPermille = 6, Gait = Run, FacingMdeg = 270358, IsMoving = True } }
949	R19	MoveCommand { Actor = chr_01M3ECYY5671G34HVWKQXPQ463, Intent = MoveIntent { DirXPermille = 0, DirZPermille = 0, Gait = Run, FacingMdeg = 270358, IsMoving = False } }
949	R19	MoveCommand { Actor = chr_01M3ECYY5671G34HVWKQXPQ463, Intent = MoveIntent { DirXPermille = 0, DirZPermille = 0, Gait = Run, FacingMdeg = 90000, IsMoving = False } }
950	R19	InteractCommand { Actor = chr_01M3ECYY5671G34HVWKQXPQ463, TargetKey = door.forge_shed }
950	R19	MoveCommand { Actor = chr_01M3ECYY5671G34HVWKQXPQ463, Intent = MoveIntent { DirXPermille = 0, DirZPermille = -1000, Gait = Run, FacingMdeg = 180000, IsMoving = True } }
987	R19	MoveCommand { Actor = chr_01M3ECYY5671G34HVWKQXPQ463, Intent = MoveIntent { DirXPermille = 859, DirZPermille = -512, Gait = Run, FacingMdeg = 120798, IsMoving = True } }
1006	R19	MoveCommand { Actor = chr_01M3ECYY5671G34HVWKQXPQ463, Intent = MoveIntent { DirXPermille = 859, DirZPermille = -511, Gait = Run, FacingMdeg = 120763, IsMoving = True } }
1014	R19	MoveCommand { Actor = chr_01M3ECYY5671G34HVWKQXPQ463, Intent = MoveIntent { DirXPermille = 860, DirZPermille = -511, Gait = Run, FacingMdeg = 120739, IsMoving = True } }
1016	R19	MoveCommand { Actor = chr_01M3ECYY5671G34HVWKQXPQ463, Intent = MoveIntent { DirXPermille = 859, DirZPermille = -511, Gait = Run, FacingMdeg = 120740, IsMoving = True } }
1017	R19	MoveCommand { Actor = chr_01M3ECYY5671G34HVWKQXPQ463, Intent = MoveIntent { DirXPermille = 860, DirZPermille = -511, Gait = Run, FacingMdeg = 120736, IsMoving = True } }
1025	R19	MoveCommand { Actor = chr_01M3ECYY5671G34HVWKQXPQ463, Intent = MoveIntent { DirXPermille = 859, DirZPermille = -511, Gait = Run, FacingMdeg = 120740, IsMoving = True } }
1026	R19	MoveCommand { Actor = chr_01M3ECYY5671G34HVWKQXPQ463, Intent = MoveIntent { DirXPermille = 860, DirZPermille = -511, Gait = Run, FacingMdeg = 120736, IsMoving = True } }
1033	R19	MoveCommand { Actor = chr_01M3ECYY5671G34HVWKQXPQ463, Intent = MoveIntent { DirXPermille = 859, DirZPermille = -511, Gait = Run, FacingMdeg = 120740, IsMoving = True } }
1034	R19	MoveCommand { Actor = chr_01M3ECYY5671G34HVWKQXPQ463, Intent = MoveIntent { DirXPermille = 860, DirZPermille = -511, Gait = Run, FacingMdeg = 120734, IsMoving = True } }
1042	R19	MoveCommand { Actor = chr_01M3ECYY5671G34HVWKQXPQ463, Intent = MoveIntent { DirXPermille = 859, DirZPermille = -511, Gait = Run, FacingMdeg = 120740, IsMoving = True } }
1043	R19	MoveCommand { Actor = chr_01M3ECYY5671G34HVWKQXPQ463, Intent = MoveIntent { DirXPermille = 860, DirZPermille = -511, Gait = Run, FacingMdeg = 120731, IsMoving = True } }
1051	R19	MoveCommand { Actor = chr_01M3ECYY5671G34HVWKQXPQ463, Intent = MoveIntent { DirXPermille = 859, DirZPermille = -511, Gait = Run, FacingMdeg = 120740, IsMoving = True } }
1052	R19	MoveCommand { Actor = chr_01M3ECYY5671G34HVWKQXPQ463, Intent = MoveIntent { DirXPermille = 860, DirZPermille = -511, Gait = Run, FacingMdeg = 120723, IsMoving = True } }
1061	R19	MoveCommand { Actor = chr_01M3ECYY5671G34HVWKQXPQ463, Intent = MoveIntent { DirXPermille = 832, DirZPermille = -555, Gait = Run, FacingMdeg = 123687, IsMoving = True } }
1074	R19	MoveCommand { Actor = chr_01M3ECYY5671G34HVWKQXPQ463, Intent = MoveIntent { DirXPermille = 832, DirZPermille = -554, Gait = Run, FacingMdeg = 123676, IsMoving = True } }
1102	R19	MoveCommand { Actor = chr_01M3ECYY5671G34HVWKQXPQ463, Intent = MoveIntent { DirXPermille = 833, DirZPermille = -554, Gait = Run, FacingMdeg = 123643, IsMoving = True } }
1121	R19	MoveCommand { Actor = chr_01M3ECYY5671G34HVWKQXPQ463, Intent = MoveIntent { DirXPermille = 833, DirZPermille = -553, Gait = Run, FacingMdeg = 123606, IsMoving = True } }
1123	R19	MoveCommand { Actor = chr_01M3ECYY5671G34HVWKQXPQ463, Intent = MoveIntent { DirXPermille = 833, DirZPermille = -554, Gait = Run, FacingMdeg = 123609, IsMoving = True } }
1124	R19	MoveCommand { Actor = chr_01M3ECYY5671G34HVWKQXPQ463, Intent = MoveIntent { DirXPermille = 833, DirZPermille = -553, Gait = Run, FacingMdeg = 123606, IsMoving = True } }
1125	R19	MoveCommand { Actor = chr_01M3ECYY5671G34HVWKQXPQ463, Intent = MoveIntent { DirXPermille = 833, DirZPermille = -554, Gait = Run, FacingMdeg = 123608, IsMoving = True } }
1126	R19	MoveCommand { Actor = chr_01M3ECYY5671G34HVWKQXPQ463, Intent = MoveIntent { DirXPermille = 833, DirZPermille = -553, Gait = Run, FacingMdeg = 123605, IsMoving = True } }
1128	R19	MoveCommand { Actor = chr_01M3ECYY5671G34HVWKQXPQ463, Intent = MoveIntent { DirXPermille = 833, DirZPermille = -554, Gait = Run, FacingMdeg = 123609, IsMoving = True } }
1129	R19	MoveCommand { Actor = chr_01M3ECYY5671G34HVWKQXPQ463, Intent = MoveIntent { DirXPermille = 833, DirZPermille = -553, Gait = Run, FacingMdeg = 123606, IsMoving = True } }
1130	R19	MoveCommand { Actor = chr_01M3ECYY5671G34HVWKQXPQ463, Intent = MoveIntent { DirXPermille = 833, DirZPermille = -554, Gait = Run, FacingMdeg = 123608, IsMoving = True } }
1131	R19	MoveCommand { Actor = chr_01M3ECYY5671G34HVWKQXPQ463, Intent = MoveIntent { DirXPermille = 833, DirZPermille = -553, Gait = Run, FacingMdeg = 123605, IsMoving = True } }
1133	R19	MoveCommand { Actor = chr_01M3ECYY5671G34HVWKQXPQ463, Intent = MoveIntent { DirXPermille = 833, DirZPermille = -554, Gait = Run, FacingMdeg = 123609, IsMoving = True } }
1134	R19	MoveCommand { Actor = chr_01M3ECYY5671G34HVWKQXPQ463, Intent = MoveIntent { DirXPermille = 833, DirZPermille = -553, Gait = Run, FacingMdeg = 123606, IsMoving = True } }
1135	R19	MoveCommand { Actor = chr_01M3ECYY5671G34HVWKQXPQ463, Intent = MoveIntent { DirXPermille = 833, DirZPermille = -554, Gait = Run, FacingMdeg = 123608, IsMoving = True } }
1136	R19	MoveCommand { Actor = chr_01M3ECYY5671G34HVWKQXPQ463, Intent = MoveIntent { DirXPermille = 833, DirZPermille = -553, Gait = Run, FacingMdeg = 123605, IsMoving = True } }
1138	R19	MoveCommand { Actor = chr_01M3ECYY5671G34HVWKQXPQ463, Intent = MoveIntent { DirXPermille = 833, DirZPermille = -554, Gait = Run, FacingMdeg = 123608, IsMoving = True } }
1139	R19	MoveCommand { Actor = chr_01M3ECYY5671G34HVWKQXPQ463, Intent = MoveIntent { DirXPermille = 833, DirZPermille = -553, Gait = Run, FacingMdeg = 123605, IsMoving = True } }
1141	R19	MoveCommand { Actor = chr_01M3ECYY5671G34HVWKQXPQ463, Intent = MoveIntent { DirXPermille = 833, DirZPermille = -554, Gait = Run, FacingMdeg = 123609, IsMoving = True } }
1142	R19	MoveCommand { Actor = chr_01M3ECYY5671G34HVWKQXPQ463, Intent = MoveIntent { DirXPermille = 833, DirZPermille = -553, Gait = Run, FacingMdeg = 123606, IsMoving = True } }
1143	R19	MoveCommand { Actor = chr_01M3ECYY5671G34HVWKQXPQ463, Intent = MoveIntent { DirXPermille = 833, DirZPermille = -554, Gait = Run, FacingMdeg = 123608, IsMoving = True } }
1144	R19	MoveCommand { Actor = chr_01M3ECYY5671G34HVWKQXPQ463, Intent = MoveIntent { DirXPermille = 833, DirZPermille = -553, Gait = Run, FacingMdeg = 123605, IsMoving = True } }
1146	R19	MoveCommand { Actor = chr_01M3ECYY5671G34HVWKQXPQ463, Intent = MoveIntent { DirXPermille = 830, DirZPermille = -557, Gait = Run, FacingMdeg = 123853, IsMoving = True } }
1147	R19	MoveCommand { Actor = chr_01M3ECYY5671G34HVWKQXPQ463, Intent = MoveIntent { DirXPermille = 824, DirZPermille = -567, Gait = Run, FacingMdeg = 124538, IsMoving = True } }
1148	R19	MoveCommand { Actor = chr_01M3ECYY5671G34HVWKQXPQ463, Intent = MoveIntent { DirXPermille = 818, DirZPermille = -575, Gait = Run, FacingMdeg = 125079, IsMoving = True } }
1149	R19	MoveCommand { Actor = chr_01M3ECYY5671G34HVWKQXPQ463, Intent = MoveIntent { DirXPermille = 813, DirZPermille = -583, Gait = Run, FacingMdeg = 125631, IsMoving = True } }
1150	R19	MoveCommand { Actor = chr_01M3ECYY5671G34HVWKQXPQ463, Intent = MoveIntent { DirXPermille = 807, DirZPermille = -591, Gait = Run, FacingMdeg = 126195, IsMoving = True } }
1151	R19	MoveCommand { Actor = chr_01M3ECYY5671G34HVWKQXPQ463, Intent = MoveIntent { DirXPermille = 801, DirZPermille = -599, Gait = Run, FacingMdeg = 126769, IsMoving = True } }
1152	R19	MoveCommand { Actor = chr_01M3ECYY5671G34HVWKQXPQ463, Intent = MoveIntent { DirXPermille = 795, DirZPermille = -607, Gait = Run, FacingMdeg = 127354, IsMoving = True } }
1153	R19	MoveCommand { Actor = chr_01M3ECYY5671G34HVWKQXPQ463, Intent = MoveIntent { DirXPermille = 789, DirZPermille = -615, Gait = Run, FacingMdeg = 127951, IsMoving = True } }
1154	R19	MoveCommand { Actor = chr_01M3ECYY5671G34HVWKQXPQ463, Intent = MoveIntent { DirXPermille = 782, DirZPermille = -623, Gait = Run, FacingMdeg = 128559, IsMoving = True } }
1155	R19	MoveCommand { Actor = chr_01M3ECYY5671G34HVWKQXPQ463, Intent = MoveIntent { DirXPermille = 775, DirZPermille = -632, Gait = Run, FacingMdeg = 129179, IsMoving = True } }
1156	R19	MoveCommand { Actor = chr_01M3ECYY5671G34HVWKQXPQ463, Intent = MoveIntent { DirXPermille = 768, DirZPermille = -640, Gait = Run, FacingMdeg = 129811, IsMoving = True } }
1157	R19	MoveCommand { Actor = chr_01M3ECYY5671G34HVWKQXPQ463, Intent = MoveIntent { DirXPermille = 761, DirZPermille = -649, Gait = Run, FacingMdeg = 130454, IsMoving = True } }
1158	R19	MoveCommand { Actor = chr_01M3ECYY5671G34HVWKQXPQ463, Intent = MoveIntent { DirXPermille = 753, DirZPermille = -658, Gait = Run, FacingMdeg = 131110, IsMoving = True } }
1159	R19	MoveCommand { Actor = chr_01M3ECYY5671G34HVWKQXPQ463, Intent = MoveIntent { DirXPermille = 746, DirZPermille = -666, Gait = Run, FacingMdeg = 131771, IsMoving = True } }
1160	R19	MoveCommand { Actor = chr_01M3ECYY5671G34HVWKQXPQ463, Intent = MoveIntent { DirXPermille = 738, DirZPermille = -675, Gait = Run, FacingMdeg = 132445, IsMoving = True } }
1161	R19	MoveCommand { Actor = chr_01M3ECYY5671G34HVWKQXPQ463, Intent = MoveIntent { DirXPermille = 730, DirZPermille = -684, Gait = Run, FacingMdeg = 133131, IsMoving = True } }
1162	R19	MoveCommand { Actor = chr_01M3ECYY5671G34HVWKQXPQ463, Intent = MoveIntent { DirXPermille = 720, DirZPermille = -694, Gait = Run, FacingMdeg = 133911, IsMoving = True } }
1163	R19	MoveCommand { Actor = chr_01M3ECYY5671G34HVWKQXPQ463, Intent = MoveIntent { DirXPermille = 715, DirZPermille = -699, Gait = Run, FacingMdeg = 134328, IsMoving = True } }
1166	R19	MoveCommand { Actor = chr_01M3ECYY5671G34HVWKQXPQ463, Intent = MoveIntent { DirXPermille = 716, DirZPermille = -699, Gait = Run, FacingMdeg = 134314, IsMoving = True } }
1168	R19	MoveCommand { Actor = chr_01M3ECYY5671G34HVWKQXPQ463, Intent = MoveIntent { DirXPermille = 716, DirZPermille = -698, Gait = Run, FacingMdeg = 134304, IsMoving = True } }
1170	R19	MoveCommand { Actor = chr_01M3ECYY5671G34HVWKQXPQ463, Intent = MoveIntent { DirXPermille = 716, DirZPermille = -699, Gait = Run, FacingMdeg = 134308, IsMoving = True } }
1171	R19	MoveCommand { Actor = chr_01M3ECYY5671G34HVWKQXPQ463, Intent = MoveIntent { DirXPermille = 716, DirZPermille = -698, Gait = Run, FacingMdeg = 134302, IsMoving = True } }
1174	R19	MoveCommand { Actor = chr_01M3ECYY5671G34HVWKQXPQ463, Intent = MoveIntent { DirXPermille = 716, DirZPermille = -699, Gait = Run, FacingMdeg = 134308, IsMoving = True } }
1175	R19	MoveCommand { Actor = chr_01M3ECYY5671G34HVWKQXPQ463, Intent = MoveIntent { DirXPermille = 716, DirZPermille = -698, Gait = Run, FacingMdeg = 134302, IsMoving = True } }
1178	R19	MoveCommand { Actor = chr_01M3ECYY5671G34HVWKQXPQ463, Intent = MoveIntent { DirXPermille = 716, DirZPermille = -699, Gait = Run, FacingMdeg = 134309, IsMoving = True } }
1179	R19	MoveCommand { Actor = chr_01M3ECYY5671G34HVWKQXPQ463, Intent = MoveIntent { DirXPermille = 716, DirZPermille = -698, Gait = Run, FacingMdeg = 134301, IsMoving = True } }
1182	R19	MoveCommand { Actor = chr_01M3ECYY5671G34HVWKQXPQ463, Intent = MoveIntent { DirXPermille = 716, DirZPermille = -699, Gait = Run, FacingMdeg = 134309, IsMoving = True } }
1183	R19	MoveCommand { Actor = chr_01M3ECYY5671G34HVWKQXPQ463, Intent = MoveIntent { DirXPermille = 716, DirZPermille = -698, Gait = Run, FacingMdeg = 134300, IsMoving = True } }
1186	R19	MoveCommand { Actor = chr_01M3ECYY5671G34HVWKQXPQ463, Intent = MoveIntent { DirXPermille = 716, DirZPermille = -699, Gait = Run, FacingMdeg = 134310, IsMoving = True } }
1187	R19	MoveCommand { Actor = chr_01M3ECYY5671G34HVWKQXPQ463, Intent = MoveIntent { DirXPermille = 716, DirZPermille = -698, Gait = Run, FacingMdeg = 134299, IsMoving = True } }
1189	R19	MoveCommand { Actor = chr_01M3ECYY5671G34HVWKQXPQ463, Intent = MoveIntent { DirXPermille = 716, DirZPermille = -699, Gait = Run, FacingMdeg = 134307, IsMoving = True } }
1190	R19	MoveCommand { Actor = chr_01M3ECYY5671G34HVWKQXPQ463, Intent = MoveIntent { DirXPermille = 716, DirZPermille = -698, Gait = Run, FacingMdeg = 134293, IsMoving = True } }
1193	R19	MoveCommand { Actor = chr_01M3ECYY5671G34HVWKQXPQ463, Intent = MoveIntent { DirXPermille = 716, DirZPermille = -699, Gait = Run, FacingMdeg = 134308, IsMoving = True } }
1194	R19	MoveCommand { Actor = chr_01M3ECYY5671G34HVWKQXPQ463, Intent = MoveIntent { DirXPermille = 716, DirZPermille = -698, Gait = Run, FacingMdeg = 134287, IsMoving = True } }
1197	R19	MoveCommand { Actor = chr_01M3ECYY5671G34HVWKQXPQ463, Intent = MoveIntent { DirXPermille = 716, DirZPermille = -699, Gait = Run, FacingMdeg = 134310, IsMoving = True } }
1198	R19	MoveCommand { Actor = chr_01M3ECYY5671G34HVWKQXPQ463, Intent = MoveIntent { DirXPermille = 716, DirZPermille = -698, Gait = Run, FacingMdeg = 134272, IsMoving = True } }
1202	R19	MoveCommand { Actor = chr_01M3ECYY5671G34HVWKQXPQ463, Intent = MoveIntent { DirXPermille = 856, DirZPermille = -517, Gait = Run, FacingMdeg = 121119, IsMoving = True } }
1216	R19	MoveCommand { Actor = chr_01M3ECYY5671G34HVWKQXPQ463, Intent = MoveIntent { DirXPermille = 856, DirZPermille = -516, Gait = Run, FacingMdeg = 121097, IsMoving = True } }
1227	R19	MoveCommand { Actor = chr_01M3ECYY5671G34HVWKQXPQ463, Intent = MoveIntent { DirXPermille = 857, DirZPermille = -516, Gait = Run, FacingMdeg = 121072, IsMoving = True } }
1239	R19	MoveCommand { Actor = chr_01M3ECYY5671G34HVWKQXPQ463, Intent = MoveIntent { DirXPermille = 857, DirZPermille = -515, Gait = Run, FacingMdeg = 121027, IsMoving = True } }
1240	R19	MoveCommand { Actor = chr_01M3ECYY5671G34HVWKQXPQ463, Intent = MoveIntent { DirXPermille = 857, DirZPermille = -516, Gait = Run, FacingMdeg = 121031, IsMoving = True } }
1241	R19	MoveCommand { Actor = chr_01M3ECYY5671G34HVWKQXPQ463, Intent = MoveIntent { DirXPermille = 857, DirZPermille = -515, Gait = Run, FacingMdeg = 121026, IsMoving = True } }
1243	R19	MoveCommand { Actor = chr_01M3ECYY5671G34HVWKQXPQ463, Intent = MoveIntent { DirXPermille = 857, DirZPermille = -516, Gait = Run, FacingMdeg = 121033, IsMoving = True } }
1244	R19	MoveCommand { Actor = chr_01M3ECYY5671G34HVWKQXPQ463, Intent = MoveIntent { DirXPermille = 857, DirZPermille = -515, Gait = Run, FacingMdeg = 121028, IsMoving = True } }
1245	R19	MoveCommand { Actor = chr_01M3ECYY5671G34HVWKQXPQ463, Intent = MoveIntent { DirXPermille = 857, DirZPermille = -516, Gait = Run, FacingMdeg = 121032, IsMoving = True } }
1246	R19	MoveCommand { Actor = chr_01M3ECYY5671G34HVWKQXPQ463, Intent = MoveIntent { DirXPermille = 857, DirZPermille = -515, Gait = Run, FacingMdeg = 121026, IsMoving = True } }
1248	R19	MoveCommand { Actor = chr_01M3ECYY5671G34HVWKQXPQ463, Intent = MoveIntent { DirXPermille = 857, DirZPermille = -516, Gait = Run, FacingMdeg = 121035, IsMoving = True } }
1249	R19	MoveCommand { Actor = chr_01M3ECYY5671G34HVWKQXPQ463, Intent = MoveIntent { DirXPermille = 857, DirZPermille = -515, Gait = Run, FacingMdeg = 121028, IsMoving = True } }
1250	R19	MoveCommand { Actor = chr_01M3ECYY5671G34HVWKQXPQ463, Intent = MoveIntent { DirXPermille = 857, DirZPermille = -516, Gait = Run, FacingMdeg = 121033, IsMoving = True } }
1251	R19	MoveCommand { Actor = chr_01M3ECYY5671G34HVWKQXPQ463, Intent = MoveIntent { DirXPermille = 857, DirZPermille = -515, Gait = Run, FacingMdeg = 121026, IsMoving = True } }
1252	R19	MoveCommand { Actor = chr_01M3ECYY5671G34HVWKQXPQ463, Intent = MoveIntent { DirXPermille = 857, DirZPermille = -516, Gait = Run, FacingMdeg = 121031, IsMoving = True } }
1253	R19	MoveCommand { Actor = chr_01M3ECYY5671G34HVWKQXPQ463, Intent = MoveIntent { DirXPermille = 857, DirZPermille = -515, Gait = Run, FacingMdeg = 121023, IsMoving = True } }
1255	R19	MoveCommand { Actor = chr_01M3ECYY5671G34HVWKQXPQ463, Intent = MoveIntent { DirXPermille = 857, DirZPermille = -516, Gait = Run, FacingMdeg = 121035, IsMoving = True } }
1256	R19	MoveCommand { Actor = chr_01M3ECYY5671G34HVWKQXPQ463, Intent = MoveIntent { DirXPermille = 857, DirZPermille = -515, Gait = Run, FacingMdeg = 121026, IsMoving = True } }
1257	R19	MoveCommand { Actor = chr_01M3ECYY5671G34HVWKQXPQ463, Intent = MoveIntent { DirXPermille = 857, DirZPermille = -516, Gait = Run, FacingMdeg = 121033, IsMoving = True } }
1258	R19	MoveCommand { Actor = chr_01M3ECYY5671G34HVWKQXPQ463, Intent = MoveIntent { DirXPermille = 857, DirZPermille = -515, Gait = Run, FacingMdeg = 121023, IsMoving = True } }
1260	R19	MoveCommand { Actor = chr_01M3ECYY5671G34HVWKQXPQ463, Intent = MoveIntent { DirXPermille = 857, DirZPermille = -516, Gait = Run, FacingMdeg = 121038, IsMoving = True } }
1261	R19	MoveCommand { Actor = chr_01M3ECYY5671G34HVWKQXPQ463, Intent = MoveIntent { DirXPermille = 857, DirZPermille = -515, Gait = Run, FacingMdeg = 121026, IsMoving = True } }
1262	R19	MoveCommand { Actor = chr_01M3ECYY5671G34HVWKQXPQ463, Intent = MoveIntent { DirXPermille = 857, DirZPermille = -516, Gait = Run, FacingMdeg = 121035, IsMoving = True } }
1263	R19	MoveCommand { Actor = chr_01M3ECYY5671G34HVWKQXPQ463, Intent = MoveIntent { DirXPermille = 857, DirZPermille = -515, Gait = Run, FacingMdeg = 121022, IsMoving = True } }
1264	R19	MoveCommand { Actor = chr_01M3ECYY5671G34HVWKQXPQ463, Intent = MoveIntent { DirXPermille = 857, DirZPermille = -516, Gait = Run, FacingMdeg = 121032, IsMoving = True } }
1265	R19	MoveCommand { Actor = chr_01M3ECYY5671G34HVWKQXPQ463, Intent = MoveIntent { DirXPermille = 857, DirZPermille = -515, Gait = Run, FacingMdeg = 121015, IsMoving = True } }
1267	R19	MoveCommand { Actor = chr_01M3ECYY5671G34HVWKQXPQ463, Intent = MoveIntent { DirXPermille = 857, DirZPermille = -516, Gait = Run, FacingMdeg = 121041, IsMoving = True } }
1268	R19	MoveCommand { Actor = chr_01M3ECYY5671G34HVWKQXPQ463, Intent = MoveIntent { DirXPermille = 857, DirZPermille = -515, Gait = Run, FacingMdeg = 121020, IsMoving = True } }
1269	R19	MoveCommand { Actor = chr_01M3ECYY5671G34HVWKQXPQ463, Intent = MoveIntent { DirXPermille = 857, DirZPermille = -516, Gait = Run, FacingMdeg = 121037, IsMoving = True } }
1270	R19	MoveCommand { Actor = chr_01M3ECYY5671G34HVWKQXPQ463, Intent = MoveIntent { DirXPermille = 857, DirZPermille = -515, Gait = Run, FacingMdeg = 121007, IsMoving = True } }
1272	R19	MoveCommand { Actor = chr_01M3ECYY5671G34HVWKQXPQ463, Intent = MoveIntent { DirXPermille = 857, DirZPermille = -516, Gait = Run, FacingMdeg = 121063, IsMoving = True } }
1273	R19	MoveCommand { Actor = chr_01M3ECYY5671G34HVWKQXPQ463, Intent = MoveIntent { DirXPermille = 857, DirZPermille = -515, Gait = Run, FacingMdeg = 121009, IsMoving = True } }
1275	R19	MoveCommand { Actor = chr_01M3ECYY5671G34HVWKQXPQ463, Intent = MoveIntent { DirXPermille = 998, DirZPermille = -64, Gait = Run, FacingMdeg = 93651, IsMoving = True } }
1316	R19	MoveCommand { Actor = chr_01M3ECYY5671G34HVWKQXPQ463, Intent = MoveIntent { DirXPermille = 998, DirZPermille = -65, Gait = Run, FacingMdeg = 93700, IsMoving = True } }
1336	R19	MoveCommand { Actor = chr_01M3ECYY5671G34HVWKQXPQ463, Intent = MoveIntent { DirXPermille = 998, DirZPermille = -66, Gait = Run, FacingMdeg = 93757, IsMoving = True } }
1337	R19	MoveCommand { Actor = chr_01M3ECYY5671G34HVWKQXPQ463, Intent = MoveIntent { DirXPermille = 998, DirZPermille = -65, Gait = Run, FacingMdeg = 93753, IsMoving = True } }
1338	R19	MoveCommand { Actor = chr_01M3ECYY5671G34HVWKQXPQ463, Intent = MoveIntent { DirXPermille = 998, DirZPermille = -66, Gait = Run, FacingMdeg = 93757, IsMoving = True } }
1339	R19	MoveCommand { Actor = chr_01M3ECYY5671G34HVWKQXPQ463, Intent = MoveIntent { DirXPermille = 998, DirZPermille = -65, Gait = Run, FacingMdeg = 93753, IsMoving = True } }
1340	R19	MoveCommand { Actor = chr_01M3ECYY5671G34HVWKQXPQ463, Intent = MoveIntent { DirXPermille = 998, DirZPermille = -66, Gait = Run, FacingMdeg = 93758, IsMoving = True } }
1341	R19	MoveCommand { Actor = chr_01M3ECYY5671G34HVWKQXPQ463, Intent = MoveIntent { DirXPermille = 998, DirZPermille = -65, Gait = Run, FacingMdeg = 93753, IsMoving = True } }
1342	R19	MoveCommand { Actor = chr_01M3ECYY5671G34HVWKQXPQ463, Intent = MoveIntent { DirXPermille = 998, DirZPermille = -66, Gait = Run, FacingMdeg = 93758, IsMoving = True } }
1343	R19	MoveCommand { Actor = chr_01M3ECYY5671G34HVWKQXPQ463, Intent = MoveIntent { DirXPermille = 998, DirZPermille = -65, Gait = Run, FacingMdeg = 93753, IsMoving = True } }
1344	R19	MoveCommand { Actor = chr_01M3ECYY5671G34HVWKQXPQ463, Intent = MoveIntent { DirXPermille = 998, DirZPermille = -66, Gait = Run, FacingMdeg = 93758, IsMoving = True } }
1345	R19	MoveCommand { Actor = chr_01M3ECYY5671G34HVWKQXPQ463, Intent = MoveIntent { DirXPermille = 998, DirZPermille = -65, Gait = Run, FacingMdeg = 93753, IsMoving = True } }
1346	R19	MoveCommand { Actor = chr_01M3ECYY5671G34HVWKQXPQ463, Intent = MoveIntent { DirXPermille = 998, DirZPermille = -66, Gait = Run, FacingMdeg = 93758, IsMoving = True } }
1347	R19	MoveCommand { Actor = chr_01M3ECYY5671G34HVWKQXPQ463, Intent = MoveIntent { DirXPermille = 998, DirZPermille = -65, Gait = Run, FacingMdeg = 93753, IsMoving = True } }
1348	R19	MoveCommand { Actor = chr_01M3ECYY5671G34HVWKQXPQ463, Intent = MoveIntent { DirXPermille = 998, DirZPermille = -66, Gait = Run, FacingMdeg = 93758, IsMoving = True } }
1349	R19	MoveCommand { Actor = chr_01M3ECYY5671G34HVWKQXPQ463, Intent = MoveIntent { DirXPermille = 998, DirZPermille = -65, Gait = Run, FacingMdeg = 93753, IsMoving = True } }
1350	R19	MoveCommand { Actor = chr_01M3ECYY5671G34HVWKQXPQ463, Intent = MoveIntent { DirXPermille = 998, DirZPermille = -66, Gait = Run, FacingMdeg = 93759, IsMoving = True } }
1351	R19	MoveCommand { Actor = chr_01M3ECYY5671G34HVWKQXPQ463, Intent = MoveIntent { DirXPermille = 998, DirZPermille = -65, Gait = Run, FacingMdeg = 93752, IsMoving = True } }
1352	R19	MoveCommand { Actor = chr_01M3ECYY5671G34HVWKQXPQ463, Intent = MoveIntent { DirXPermille = 998, DirZPermille = -66, Gait = Run, FacingMdeg = 93759, IsMoving = True } }
1353	R19	MoveCommand { Actor = chr_01M3ECYY5671G34HVWKQXPQ463, Intent = MoveIntent { DirXPermille = 998, DirZPermille = -65, Gait = Run, FacingMdeg = 93752, IsMoving = True } }
1354	R19	MoveCommand { Actor = chr_01M3ECYY5671G34HVWKQXPQ463, Intent = MoveIntent { DirXPermille = 998, DirZPermille = -66, Gait = Run, FacingMdeg = 93759, IsMoving = True } }
1355	R19	MoveCommand { Actor = chr_01M3ECYY5671G34HVWKQXPQ463, Intent = MoveIntent { DirXPermille = 998, DirZPermille = -65, Gait = Run, FacingMdeg = 93752, IsMoving = True } }
1356	R19	MoveCommand { Actor = chr_01M3ECYY5671G34HVWKQXPQ463, Intent = MoveIntent { DirXPermille = 998, DirZPermille = -66, Gait = Run, FacingMdeg = 93760, IsMoving = True } }
1357	R19	MoveCommand { Actor = chr_01M3ECYY5671G34HVWKQXPQ463, Intent = MoveIntent { DirXPermille = 998, DirZPermille = -65, Gait = Run, FacingMdeg = 93752, IsMoving = True } }
1358	R19	MoveCommand { Actor = chr_01M3ECYY5671G34HVWKQXPQ463, Intent = MoveIntent { DirXPermille = 998, DirZPermille = -66, Gait = Run, FacingMdeg = 93760, IsMoving = True } }
1359	R19	MoveCommand { Actor = chr_01M3ECYY5671G34HVWKQXPQ463, Intent = MoveIntent { DirXPermille = 998, DirZPermille = -65, Gait = Run, FacingMdeg = 93751, IsMoving = True } }
1360	R19	MoveCommand { Actor = chr_01M3ECYY5671G34HVWKQXPQ463, Intent = MoveIntent { DirXPermille = 998, DirZPermille = -66, Gait = Run, FacingMdeg = 93761, IsMoving = True } }
1361	R19	MoveCommand { Actor = chr_01M3ECYY5671G34HVWKQXPQ463, Intent = MoveIntent { DirXPermille = 998, DirZPermille = -65, Gait = Run, FacingMdeg = 93751, IsMoving = True } }
1362	R19	MoveCommand { Actor = chr_01M3ECYY5671G34HVWKQXPQ463, Intent = MoveIntent { DirXPermille = 998, DirZPermille = -66, Gait = Run, FacingMdeg = 93762, IsMoving = True } }
1363	R19	MoveCommand { Actor = chr_01M3ECYY5671G34HVWKQXPQ463, Intent = MoveIntent { DirXPermille = 998, DirZPermille = -65, Gait = Run, FacingMdeg = 93751, IsMoving = True } }
1364	R19	MoveCommand { Actor = chr_01M3ECYY5671G34HVWKQXPQ463, Intent = MoveIntent { DirXPermille = 998, DirZPermille = -66, Gait = Run, FacingMdeg = 93762, IsMoving = True } }
1365	R19	MoveCommand { Actor = chr_01M3ECYY5671G34HVWKQXPQ463, Intent = MoveIntent { DirXPermille = 998, DirZPermille = -65, Gait = Run, FacingMdeg = 93750, IsMoving = True } }
1366	R19	MoveCommand { Actor = chr_01M3ECYY5671G34HVWKQXPQ463, Intent = MoveIntent { DirXPermille = 998, DirZPermille = -66, Gait = Run, FacingMdeg = 93764, IsMoving = True } }
1367	R19	MoveCommand { Actor = chr_01M3ECYY5671G34HVWKQXPQ463, Intent = MoveIntent { DirXPermille = 998, DirZPermille = -65, Gait = Run, FacingMdeg = 93749, IsMoving = True } }
1368	R19	MoveCommand { Actor = chr_01M3ECYY5671G34HVWKQXPQ463, Intent = MoveIntent { DirXPermille = 998, DirZPermille = -66, Gait = Run, FacingMdeg = 93765, IsMoving = True } }
1369	R19	MoveCommand { Actor = chr_01M3ECYY5671G34HVWKQXPQ463, Intent = MoveIntent { DirXPermille = 998, DirZPermille = -65, Gait = Run, FacingMdeg = 93748, IsMoving = True } }
1370	R19	MoveCommand { Actor = chr_01M3ECYY5671G34HVWKQXPQ463, Intent = MoveIntent { DirXPermille = 998, DirZPermille = -66, Gait = Run, FacingMdeg = 93768, IsMoving = True } }
1371	R19	MoveCommand { Actor = chr_01M3ECYY5671G34HVWKQXPQ463, Intent = MoveIntent { DirXPermille = 998, DirZPermille = -65, Gait = Run, FacingMdeg = 93746, IsMoving = True } }
1372	R19	MoveCommand { Actor = chr_01M3ECYY5671G34HVWKQXPQ463, Intent = MoveIntent { DirXPermille = 998, DirZPermille = -66, Gait = Run, FacingMdeg = 93772, IsMoving = True } }
1373	R19	MoveCommand { Actor = chr_01M3ECYY5671G34HVWKQXPQ463, Intent = MoveIntent { DirXPermille = 998, DirZPermille = -65, Gait = Run, FacingMdeg = 93744, IsMoving = True } }
1374	R19	MoveCommand { Actor = chr_01M3ECYY5671G34HVWKQXPQ463, Intent = MoveIntent { DirXPermille = 998, DirZPermille = -66, Gait = Run, FacingMdeg = 93779, IsMoving = True } }
1375	R19	MoveCommand { Actor = chr_01M3ECYY5671G34HVWKQXPQ463, Intent = MoveIntent { DirXPermille = 998, DirZPermille = -65, Gait = Run, FacingMdeg = 93738, IsMoving = True } }
1376	R19	MoveCommand { Actor = chr_01M3ECYY5671G34HVWKQXPQ463, Intent = MoveIntent { DirXPermille = 998, DirZPermille = -66, Gait = Run, FacingMdeg = 93797, IsMoving = True } }
1378	R19	MoveCommand { Actor = chr_01M3ECYY5671G34HVWKQXPQ463, Intent = MoveIntent { DirXPermille = 8, DirZPermille = -1000, Gait = Run, FacingMdeg = 179553, IsMoving = True } }
1408	R19	MoveCommand { Actor = chr_01M3ECYY5671G34HVWKQXPQ463, Intent = MoveIntent { DirXPermille = 9, DirZPermille = -1000, Gait = Run, FacingMdeg = 179512, IsMoving = True } }
1428	R19	MoveCommand { Actor = chr_01M3ECYY5671G34HVWKQXPQ463, Intent = MoveIntent { DirXPermille = 10, DirZPermille = -1000, Gait = Run, FacingMdeg = 179452, IsMoving = True } }
1429	R19	MoveCommand { Actor = chr_01M3ECYY5671G34HVWKQXPQ463, Intent = MoveIntent { DirXPermille = 9, DirZPermille = -1000, Gait = Run, FacingMdeg = 179456, IsMoving = True } }
1430	R19	MoveCommand { Actor = chr_01M3ECYY5671G34HVWKQXPQ463, Intent = MoveIntent { DirXPermille = 10, DirZPermille = -1000, Gait = Run, FacingMdeg = 179452, IsMoving = True } }
1431	R19	MoveCommand { Actor = chr_01M3ECYY5671G34HVWKQXPQ463, Intent = MoveIntent { DirXPermille = 9, DirZPermille = -1000, Gait = Run, FacingMdeg = 179456, IsMoving = True } }
1432	R19	MoveCommand { Actor = chr_01M3ECYY5671G34HVWKQXPQ463, Intent = MoveIntent { DirXPermille = 10, DirZPermille = -1000, Gait = Run, FacingMdeg = 179451, IsMoving = True } }
1434	R19	MoveCommand { Actor = chr_01M3ECYY5671G34HVWKQXPQ463, Intent = MoveIntent { DirXPermille = 9, DirZPermille = -1000, Gait = Run, FacingMdeg = 179460, IsMoving = True } }
1435	R19	MoveCommand { Actor = chr_01M3ECYY5671G34HVWKQXPQ463, Intent = MoveIntent { DirXPermille = 10, DirZPermille = -1000, Gait = Run, FacingMdeg = 179455, IsMoving = True } }
1436	R19	MoveCommand { Actor = chr_01M3ECYY5671G34HVWKQXPQ463, Intent = MoveIntent { DirXPermille = 9, DirZPermille = -1000, Gait = Run, FacingMdeg = 179460, IsMoving = True } }
1437	R19	MoveCommand { Actor = chr_01M3ECYY5671G34HVWKQXPQ463, Intent = MoveIntent { DirXPermille = 10, DirZPermille = -1000, Gait = Run, FacingMdeg = 179455, IsMoving = True } }
1438	R19	MoveCommand { Actor = chr_01M3ECYY5671G34HVWKQXPQ463, Intent = MoveIntent { DirXPermille = 9, DirZPermille = -1000, Gait = Run, FacingMdeg = 179460, IsMoving = True } }
1439	R19	MoveCommand { Actor = chr_01M3ECYY5671G34HVWKQXPQ463, Intent = MoveIntent { DirXPermille = 10, DirZPermille = -1000, Gait = Run, FacingMdeg = 179454, IsMoving = True } }
1440	R19	MoveCommand { Actor = chr_01M3ECYY5671G34HVWKQXPQ463, Intent = MoveIntent { DirXPermille = 9, DirZPermille = -1000, Gait = Run, FacingMdeg = 179459, IsMoving = True } }
1441	R19	MoveCommand { Actor = chr_01M3ECYY5671G34HVWKQXPQ463, Intent = MoveIntent { DirXPermille = 10, DirZPermille = -1000, Gait = Run, FacingMdeg = 179453, IsMoving = True } }
1442	R19	MoveCommand { Actor = chr_01M3ECYY5671G34HVWKQXPQ463, Intent = MoveIntent { DirXPermille = 9, DirZPermille = -1000, Gait = Run, FacingMdeg = 179459, IsMoving = True } }
1443	R19	MoveCommand { Actor = chr_01M3ECYY5671G34HVWKQXPQ463, Intent = MoveIntent { DirXPermille = 10, DirZPermille = -1000, Gait = Run, FacingMdeg = 179453, IsMoving = True } }
1444	R19	MoveCommand { Actor = chr_01M3ECYY5671G34HVWKQXPQ463, Intent = MoveIntent { DirXPermille = 9, DirZPermille = -1000, Gait = Run, FacingMdeg = 179459, IsMoving = True } }
1445	R19	MoveCommand { Actor = chr_01M3ECYY5671G34HVWKQXPQ463, Intent = MoveIntent { DirXPermille = 10, DirZPermille = -1000, Gait = Run, FacingMdeg = 179452, IsMoving = True } }
1446	R19	MoveCommand { Actor = chr_01M3ECYY5671G34HVWKQXPQ463, Intent = MoveIntent { DirXPermille = 9, DirZPermille = -1000, Gait = Run, FacingMdeg = 179459, IsMoving = True } }
1447	R19	MoveCommand { Actor = chr_01M3ECYY5671G34HVWKQXPQ463, Intent = MoveIntent { DirXPermille = 10, DirZPermille = -1000, Gait = Run, FacingMdeg = 179451, IsMoving = True } }
1448	R19	MoveCommand { Actor = chr_01M3ECYY5671G34HVWKQXPQ463, Intent = MoveIntent { DirXPermille = 9, DirZPermille = -1000, Gait = Run, FacingMdeg = 179458, IsMoving = True } }
1449	R19	MoveCommand { Actor = chr_01M3ECYY5671G34HVWKQXPQ463, Intent = MoveIntent { DirXPermille = 10, DirZPermille = -1000, Gait = Run, FacingMdeg = 179450, IsMoving = True } }
1450	R19	MoveCommand { Actor = chr_01M3ECYY5671G34HVWKQXPQ463, Intent = MoveIntent { DirXPermille = 9, DirZPermille = -1000, Gait = Run, FacingMdeg = 179458, IsMoving = True } }
1451	R19	MoveCommand { Actor = chr_01M3ECYY5671G34HVWKQXPQ463, Intent = MoveIntent { DirXPermille = 10, DirZPermille = -1000, Gait = Run, FacingMdeg = 179449, IsMoving = True } }
1452	R19	MoveCommand { Actor = chr_01M3ECYY5671G34HVWKQXPQ463, Intent = MoveIntent { DirXPermille = 9, DirZPermille = -1000, Gait = Run, FacingMdeg = 179457, IsMoving = True } }
1453	R19	MoveCommand { Actor = chr_01M3ECYY5671G34HVWKQXPQ463, Intent = MoveIntent { DirXPermille = 10, DirZPermille = -1000, Gait = Run, FacingMdeg = 179447, IsMoving = True } }
1454	R19	MoveCommand { Actor = chr_01M3ECYY5671G34HVWKQXPQ463, Intent = MoveIntent { DirXPermille = 9, DirZPermille = -1000, Gait = Run, FacingMdeg = 179457, IsMoving = True } }
1455	R19	MoveCommand { Actor = chr_01M3ECYY5671G34HVWKQXPQ463, Intent = MoveIntent { DirXPermille = 10, DirZPermille = -1000, Gait = Run, FacingMdeg = 179446, IsMoving = True } }
1456	R19	MoveCommand { Actor = chr_01M3ECYY5671G34HVWKQXPQ463, Intent = MoveIntent { DirXPermille = 9, DirZPermille = -1000, Gait = Run, FacingMdeg = 179456, IsMoving = True } }
1457	R19	MoveCommand { Actor = chr_01M3ECYY5671G34HVWKQXPQ463, Intent = MoveIntent { DirXPermille = 10, DirZPermille = -1000, Gait = Run, FacingMdeg = 179443, IsMoving = True } }
1459	R19	MoveCommand { Actor = chr_01M3ECYY5671G34HVWKQXPQ463, Intent = MoveIntent { DirXPermille = 9, DirZPermille = -1000, Gait = Run, FacingMdeg = 179468, IsMoving = True } }
1460	R19	MoveCommand { Actor = chr_01M3ECYY5671G34HVWKQXPQ463, Intent = MoveIntent { DirXPermille = 10, DirZPermille = -1000, Gait = Run, FacingMdeg = 179453, IsMoving = True } }
1461	R19	MoveCommand { Actor = chr_01M3ECYY5671G34HVWKQXPQ463, Intent = MoveIntent { DirXPermille = 9, DirZPermille = -1000, Gait = Run, FacingMdeg = 179469, IsMoving = True } }
1462	R19	MoveCommand { Actor = chr_01M3ECYY5671G34HVWKQXPQ463, Intent = MoveIntent { DirXPermille = 10, DirZPermille = -1000, Gait = Run, FacingMdeg = 179452, IsMoving = True } }
1463	R19	MoveCommand { Actor = chr_01M3ECYY5671G34HVWKQXPQ463, Intent = MoveIntent { DirXPermille = 9, DirZPermille = -1000, Gait = Run, FacingMdeg = 179471, IsMoving = True } }
1464	R19	MoveCommand { Actor = chr_01M3ECYY5671G34HVWKQXPQ463, Intent = MoveIntent { DirXPermille = 10, DirZPermille = -1000, Gait = Run, FacingMdeg = 179449, IsMoving = True } }
1465	R19	MoveCommand { Actor = chr_01M3ECYY5671G34HVWKQXPQ463, Intent = MoveIntent { DirXPermille = 9, DirZPermille = -1000, Gait = Run, FacingMdeg = 179473, IsMoving = True } }
1466	R19	MoveCommand { Actor = chr_01M3ECYY5671G34HVWKQXPQ463, Intent = MoveIntent { DirXPermille = 10, DirZPermille = -1000, Gait = Run, FacingMdeg = 179444, IsMoving = True } }
1467	R19	MoveCommand { Actor = chr_01M3ECYY5671G34HVWKQXPQ463, Intent = MoveIntent { DirXPermille = 9, DirZPermille = -1000, Gait = Run, FacingMdeg = 179477, IsMoving = True } }
1468	R19	MoveCommand { Actor = chr_01M3ECYY5671G34HVWKQXPQ463, Intent = MoveIntent { DirXPermille = 10, DirZPermille = -1000, Gait = Run, FacingMdeg = 179434, IsMoving = True } }
1469	R19	MoveCommand { Actor = chr_01M3ECYY5671G34HVWKQXPQ463, Intent = MoveIntent { DirXPermille = 9, DirZPermille = -1000, Gait = Run, FacingMdeg = 179487, IsMoving = True } }
1471	R19	MoveCommand { Actor = chr_01M3ECYY5671G34HVWKQXPQ463, Intent = MoveIntent { DirXPermille = 800, DirZPermille = -600, Gait = Run, FacingMdeg = 126882, IsMoving = True } }
1479	R19	MoveCommand { Actor = chr_01M3ECYY5671G34HVWKQXPQ463, Intent = MoveIntent { DirXPermille = 800, DirZPermille = -601, Gait = Run, FacingMdeg = 126908, IsMoving = True } }
1480	R19	MoveCommand { Actor = chr_01M3ECYY5671G34HVWKQXPQ463, Intent = MoveIntent { DirXPermille = 799, DirZPermille = -601, Gait = Run, FacingMdeg = 126922, IsMoving = True } }
1482	R19	MoveCommand { Actor = chr_01M3ECYY5671G34HVWKQXPQ463, Intent = MoveIntent { DirXPermille = 588, DirZPermille = -444, Gait = Run, FacingMdeg = 127064, IsMoving = True } }
1483	R20	MoveCommand { Actor = chr_01M3ECYY5671G34HVWKQXPQ463, Intent = MoveIntent { DirXPermille = 0, DirZPermille = 0, Gait = Run, FacingMdeg = 127064, IsMoving = False } }
1483	R20	MoveCommand { Actor = chr_01M3ECYY5671G34HVWKQXPQ463, Intent = MoveIntent { DirXPermille = 0, DirZPermille = 0, Gait = Run, FacingMdeg = 270000, IsMoving = False } }
1928	R21	MoveCommand { Actor = chr_01M3ECYY5671G34HVWKQXPQ463, Intent = MoveIntent { DirXPermille = -998, DirZPermille = -67, Gait = Run, FacingMdeg = 266186, IsMoving = True } }
1929	R21	MoveCommand { Actor = chr_01M3ECYY5671G34HVWKQXPQ463, Intent = MoveIntent { DirXPermille = -998, DirZPermille = -66, Gait = Run, FacingMdeg = 266189, IsMoving = True } }
1944	R21	MoveCommand { Actor = chr_01M3ECYY5671G34HVWKQXPQ463, Intent = MoveIntent { DirXPermille = -998, DirZPermille = -65, Gait = Run, FacingMdeg = 266248, IsMoving = True } }
1945	R21	MoveCommand { Actor = chr_01M3ECYY5671G34HVWKQXPQ463, Intent = MoveIntent { DirXPermille = -998, DirZPermille = -66, Gait = Run, FacingMdeg = 266242, IsMoving = True } }
1946	R21	MoveCommand { Actor = chr_01M3ECYY5671G34HVWKQXPQ463, Intent = MoveIntent { DirXPermille = -998, DirZPermille = -65, Gait = Run, FacingMdeg = 266248, IsMoving = True } }
1947	R21	MoveCommand { Actor = chr_01M3ECYY5671G34HVWKQXPQ463, Intent = MoveIntent { DirXPermille = -998, DirZPermille = -66, Gait = Run, FacingMdeg = 266241, IsMoving = True } }
1948	R21	MoveCommand { Actor = chr_01M3ECYY5671G34HVWKQXPQ463, Intent = MoveIntent { DirXPermille = -998, DirZPermille = -65, Gait = Run, FacingMdeg = 266248, IsMoving = True } }
1949	R21	MoveCommand { Actor = chr_01M3ECYY5671G34HVWKQXPQ463, Intent = MoveIntent { DirXPermille = -998, DirZPermille = -66, Gait = Run, FacingMdeg = 266241, IsMoving = True } }
1950	R21	MoveCommand { Actor = chr_01M3ECYY5671G34HVWKQXPQ463, Intent = MoveIntent { DirXPermille = -998, DirZPermille = -65, Gait = Run, FacingMdeg = 266248, IsMoving = True } }
1951	R21	MoveCommand { Actor = chr_01M3ECYY5671G34HVWKQXPQ463, Intent = MoveIntent { DirXPermille = -998, DirZPermille = -66, Gait = Run, FacingMdeg = 266241, IsMoving = True } }
1952	R21	MoveCommand { Actor = chr_01M3ECYY5671G34HVWKQXPQ463, Intent = MoveIntent { DirXPermille = -998, DirZPermille = -65, Gait = Run, FacingMdeg = 266248, IsMoving = True } }
1953	R21	MoveCommand { Actor = chr_01M3ECYY5671G34HVWKQXPQ463, Intent = MoveIntent { DirXPermille = -998, DirZPermille = -66, Gait = Run, FacingMdeg = 266240, IsMoving = True } }
1954	R21	MoveCommand { Actor = chr_01M3ECYY5671G34HVWKQXPQ463, Intent = MoveIntent { DirXPermille = -998, DirZPermille = -65, Gait = Run, FacingMdeg = 266249, IsMoving = True } }
1955	R21	MoveCommand { Actor = chr_01M3ECYY5671G34HVWKQXPQ463, Intent = MoveIntent { DirXPermille = -998, DirZPermille = -66, Gait = Run, FacingMdeg = 266240, IsMoving = True } }
1956	R21	MoveCommand { Actor = chr_01M3ECYY5671G34HVWKQXPQ463, Intent = MoveIntent { DirXPermille = -998, DirZPermille = -65, Gait = Run, FacingMdeg = 266249, IsMoving = True } }
1957	R21	MoveCommand { Actor = chr_01M3ECYY5671G34HVWKQXPQ463, Intent = MoveIntent { DirXPermille = -998, DirZPermille = -66, Gait = Run, FacingMdeg = 266239, IsMoving = True } }
1958	R21	MoveCommand { Actor = chr_01M3ECYY5671G34HVWKQXPQ463, Intent = MoveIntent { DirXPermille = -998, DirZPermille = -65, Gait = Run, FacingMdeg = 266249, IsMoving = True } }
1959	R21	MoveCommand { Actor = chr_01M3ECYY5671G34HVWKQXPQ463, Intent = MoveIntent { DirXPermille = -998, DirZPermille = -66, Gait = Run, FacingMdeg = 266238, IsMoving = True } }
1960	R21	MoveCommand { Actor = chr_01M3ECYY5671G34HVWKQXPQ463, Intent = MoveIntent { DirXPermille = -998, DirZPermille = -65, Gait = Run, FacingMdeg = 266250, IsMoving = True } }
1961	R21	MoveCommand { Actor = chr_01M3ECYY5671G34HVWKQXPQ463, Intent = MoveIntent { DirXPermille = -998, DirZPermille = -66, Gait = Run, FacingMdeg = 266237, IsMoving = True } }
1962	R21	MoveCommand { Actor = chr_01M3ECYY5671G34HVWKQXPQ463, Intent = MoveIntent { DirXPermille = -998, DirZPermille = -65, Gait = Run, FacingMdeg = 266251, IsMoving = True } }
1963	R21	MoveCommand { Actor = chr_01M3ECYY5671G34HVWKQXPQ463, Intent = MoveIntent { DirXPermille = -998, DirZPermille = -66, Gait = Run, FacingMdeg = 266236, IsMoving = True } }
1964	R21	MoveCommand { Actor = chr_01M3ECYY5671G34HVWKQXPQ463, Intent = MoveIntent { DirXPermille = -998, DirZPermille = -65, Gait = Run, FacingMdeg = 266251, IsMoving = True } }
1965	R21	MoveCommand { Actor = chr_01M3ECYY5671G34HVWKQXPQ463, Intent = MoveIntent { DirXPermille = -998, DirZPermille = -66, Gait = Run, FacingMdeg = 266234, IsMoving = True } }
1966	R21	MoveCommand { Actor = chr_01M3ECYY5671G34HVWKQXPQ463, Intent = MoveIntent { DirXPermille = -998, DirZPermille = -65, Gait = Run, FacingMdeg = 266253, IsMoving = True } }
1967	R21	MoveCommand { Actor = chr_01M3ECYY5671G34HVWKQXPQ463, Intent = MoveIntent { DirXPermille = -998, DirZPermille = -66, Gait = Run, FacingMdeg = 266231, IsMoving = True } }
1968	R21	MoveCommand { Actor = chr_01M3ECYY5671G34HVWKQXPQ463, Intent = MoveIntent { DirXPermille = -998, DirZPermille = -65, Gait = Run, FacingMdeg = 266255, IsMoving = True } }
1969	R21	MoveCommand { Actor = chr_01M3ECYY5671G34HVWKQXPQ463, Intent = MoveIntent { DirXPermille = -998, DirZPermille = -66, Gait = Run, FacingMdeg = 266226, IsMoving = True } }
1970	R21	MoveCommand { Actor = chr_01M3ECYY5671G34HVWKQXPQ463, Intent = MoveIntent { DirXPermille = -998, DirZPermille = -65, Gait = Run, FacingMdeg = 266259, IsMoving = True } }
1971	R21	MoveCommand { Actor = chr_01M3ECYY5671G34HVWKQXPQ463, Intent = MoveIntent { DirXPermille = -998, DirZPermille = -66, Gait = Run, FacingMdeg = 266217, IsMoving = True } }
1972	R21	MoveCommand { Actor = chr_01M3ECYY5671G34HVWKQXPQ463, Intent = MoveIntent { DirXPermille = -998, DirZPermille = -65, Gait = Run, FacingMdeg = 266269, IsMoving = True } }
1973	R21	MoveCommand { Actor = chr_01M3ECYY5671G34HVWKQXPQ463, Intent = MoveIntent { DirXPermille = -998, DirZPermille = -67, Gait = Run, FacingMdeg = 266186, IsMoving = True } }
1974	R21	MoveCommand { Actor = chr_01M3ECYY5671G34HVWKQXPQ463, Intent = MoveIntent { DirXPermille = -875, DirZPermille = -56, Gait = Run, FacingMdeg = 266322, IsMoving = True } }
1975	R22	MoveCommand { Actor = chr_01M3ECYY5671G34HVWKQXPQ463, Intent = MoveIntent { DirXPermille = 0, DirZPermille = 0, Gait = Run, FacingMdeg = 266322, IsMoving = False } }
1975	R22	MoveCommand { Actor = chr_01M3ECYY5671G34HVWKQXPQ463, Intent = MoveIntent { DirXPermille = 0, DirZPermille = 0, Gait = Run, FacingMdeg = 0, IsMoving = False } }
1976	R22	PlacePieceCommand { Actor = chr_01M3ECYY5671G34HVWKQXPQ463, PieceDefId = piece.pad.timber, XMm = 100500, ZMm = 97500, Rotation = 0 }
1977	R23	PlacePieceCommand { Actor = chr_01M3ECYY5671G34HVWKQXPQ463, PieceDefId = piece.wall.timber, XMm = 99000, ZMm = 97500, Rotation = 1 }
1978	R23	PlacePieceCommand { Actor = chr_01M3ECYY5671G34HVWKQXPQ463, PieceDefId = piece.wall.timber, XMm = 102000, ZMm = 97500, Rotation = 1 }
1988	R24	PlacePieceCommand { Actor = chr_01M3ECYY5671G34HVWKQXPQ463, PieceDefId = piece.wall.timber, XMm = 100500, ZMm = 96000, Rotation = 0 }	rejected: that would cut Kera Voss's work place off
2009	R25	DismantlePieceCommand { Actor = chr_01M3ECYY5671G34HVWKQXPQ463, PieceId = pce_000000000NV75T267XDMQ6D6PT }
2010	R25	DismantlePieceCommand { Actor = chr_01M3ECYY5671G34HVWKQXPQ463, PieceId = pce_000000000PCFJJRWH23KKAX1DE }
2011	R25	DismantlePieceCommand { Actor = chr_01M3ECYY5671G34HVWKQXPQ463, PieceId = pce_000000000MZFSYYAEC6F7JYXE2 }
2012	R25	MoveCommand { Actor = chr_01M3ECYY5671G34HVWKQXPQ463, Intent = MoveIntent { DirXPermille = 970, DirZPermille = 243, Gait = Run, FacingMdeg = 75964, IsMoving = True } }
2013	R25	MoveCommand { Actor = chr_01M3ECYY5671G34HVWKQXPQ463, Intent = MoveIntent { DirXPermille = 970, DirZPermille = 242, Gait = Run, FacingMdeg = 75966, IsMoving = True } }
2028	R25	MoveCommand { Actor = chr_01M3ECYY5671G34HVWKQXPQ463, Intent = MoveIntent { DirXPermille = 970, DirZPermille = 241, Gait = Run, FacingMdeg = 76025, IsMoving = True } }
2032	R25	MoveCommand { Actor = chr_01M3ECYY5671G34HVWKQXPQ463, Intent = MoveIntent { DirXPermille = 971, DirZPermille = 241, Gait = Run, FacingMdeg = 76057, IsMoving = True } }
2035	R25	MoveCommand { Actor = chr_01M3ECYY5671G34HVWKQXPQ463, Intent = MoveIntent { DirXPermille = 971, DirZPermille = 240, Gait = Run, FacingMdeg = 76091, IsMoving = True } }
2036	R25	MoveCommand { Actor = chr_01M3ECYY5671G34HVWKQXPQ463, Intent = MoveIntent { DirXPermille = 971, DirZPermille = 241, Gait = Run, FacingMdeg = 76082, IsMoving = True } }
2037	R25	MoveCommand { Actor = chr_01M3ECYY5671G34HVWKQXPQ463, Intent = MoveIntent { DirXPermille = 971, DirZPermille = 240, Gait = Run, FacingMdeg = 76097, IsMoving = True } }
2039	R25	MoveCommand { Actor = chr_01M3ECYY5671G34HVWKQXPQ463, Intent = MoveIntent { DirXPermille = 971, DirZPermille = 241, Gait = Run, FacingMdeg = 76075, IsMoving = True } }
2040	R25	MoveCommand { Actor = chr_01M3ECYY5671G34HVWKQXPQ463, Intent = MoveIntent { DirXPermille = 971, DirZPermille = 240, Gait = Run, FacingMdeg = 76094, IsMoving = True } }
2041	R25	MoveCommand { Actor = chr_01M3ECYY5671G34HVWKQXPQ463, Intent = MoveIntent { DirXPermille = 971, DirZPermille = 241, Gait = Run, FacingMdeg = 76080, IsMoving = True } }
2042	R25	MoveCommand { Actor = chr_01M3ECYY5671G34HVWKQXPQ463, Intent = MoveIntent { DirXPermille = 971, DirZPermille = 240, Gait = Run, FacingMdeg = 76104, IsMoving = True } }
2044	R25	MoveCommand { Actor = chr_01M3ECYY5671G34HVWKQXPQ463, Intent = MoveIntent { DirXPermille = 971, DirZPermille = 241, Gait = Run, FacingMdeg = 76068, IsMoving = True } }
2045	R25	MoveCommand { Actor = chr_01M3ECYY5671G34HVWKQXPQ463, Intent = MoveIntent { DirXPermille = 971, DirZPermille = 240, Gait = Run, FacingMdeg = 76101, IsMoving = True } }
2046	R25	MoveCommand { Actor = chr_01M3ECYY5671G34HVWKQXPQ463, Intent = MoveIntent { DirXPermille = 971, DirZPermille = 241, Gait = Run, FacingMdeg = 76075, IsMoving = True } }
2047	R25	MoveCommand { Actor = chr_01M3ECYY5671G34HVWKQXPQ463, Intent = MoveIntent { DirXPermille = 971, DirZPermille = 240, Gait = Run, FacingMdeg = 76128, IsMoving = True } }
2050	R25	MoveCommand { Actor = chr_01M3ECYY5671G34HVWKQXPQ463, Intent = MoveIntent { DirXPermille = 11, DirZPermille = 1000, Gait = Run, FacingMdeg = 628, IsMoving = True } }
2065	R25	MoveCommand { Actor = chr_01M3ECYY5671G34HVWKQXPQ463, Intent = MoveIntent { DirXPermille = 10, DirZPermille = 1000, Gait = Run, FacingMdeg = 601, IsMoving = True } }
2081	R25	MoveCommand { Actor = chr_01M3ECYY5671G34HVWKQXPQ463, Intent = MoveIntent { DirXPermille = 9, DirZPermille = 1000, Gait = Run, FacingMdeg = 543, IsMoving = True } }
2082	R25	MoveCommand { Actor = chr_01M3ECYY5671G34HVWKQXPQ463, Intent = MoveIntent { DirXPermille = 10, DirZPermille = 1000, Gait = Run, FacingMdeg = 549, IsMoving = True } }
2083	R25	MoveCommand { Actor = chr_01M3ECYY5671G34HVWKQXPQ463, Intent = MoveIntent { DirXPermille = 9, DirZPermille = 1000, Gait = Run, FacingMdeg = 543, IsMoving = True } }
2084	R25	MoveCommand { Actor = chr_01M3ECYY5671G34HVWKQXPQ463, Intent = MoveIntent { DirXPermille = 10, DirZPermille = 1000, Gait = Run, FacingMdeg = 549, IsMoving = True } }
2085	R25	MoveCommand { Actor = chr_01M3ECYY5671G34HVWKQXPQ463, Intent = MoveIntent { DirXPermille = 9, DirZPermille = 1000, Gait = Run, FacingMdeg = 543, IsMoving = True } }
2086	R25	MoveCommand { Actor = chr_01M3ECYY5671G34HVWKQXPQ463, Intent = MoveIntent { DirXPermille = 10, DirZPermille = 1000, Gait = Run, FacingMdeg = 550, IsMoving = True } }
2087	R25	MoveCommand { Actor = chr_01M3ECYY5671G34HVWKQXPQ463, Intent = MoveIntent { DirXPermille = 9, DirZPermille = 1000, Gait = Run, FacingMdeg = 544, IsMoving = True } }
2088	R25	MoveCommand { Actor = chr_01M3ECYY5671G34HVWKQXPQ463, Intent = MoveIntent { DirXPermille = 10, DirZPermille = 1000, Gait = Run, FacingMdeg = 551, IsMoving = True } }
2090	R25	MoveCommand { Actor = chr_01M3ECYY5671G34HVWKQXPQ463, Intent = MoveIntent { DirXPermille = 9, DirZPermille = 1000, Gait = Run, FacingMdeg = 537, IsMoving = True } }
2091	R25	MoveCommand { Actor = chr_01M3ECYY5671G34HVWKQXPQ463, Intent = MoveIntent { DirXPermille = 10, DirZPermille = 1000, Gait = Run, FacingMdeg = 545, IsMoving = True } }
2092	R25	MoveCommand { Actor = chr_01M3ECYY5671G34HVWKQXPQ463, Intent = MoveIntent { DirXPermille = 9, DirZPermille = 1000, Gait = Run, FacingMdeg = 537, IsMoving = True } }
2093	R25	MoveCommand { Actor = chr_01M3ECYY5671G34HVWKQXPQ463, Intent = MoveIntent { DirXPermille = 10, DirZPermille = 1000, Gait = Run, FacingMdeg = 546, IsMoving = True } }
2094	R25	MoveCommand { Actor = chr_01M3ECYY5671G34HVWKQXPQ463, Intent = MoveIntent { DirXPermille = 9, DirZPermille = 1000, Gait = Run, FacingMdeg = 537, IsMoving = True } }
2095	R25	MoveCommand { Actor = chr_01M3ECYY5671G34HVWKQXPQ463, Intent = MoveIntent { DirXPermille = 10, DirZPermille = 1000, Gait = Run, FacingMdeg = 547, IsMoving = True } }
2096	R25	MoveCommand { Actor = chr_01M3ECYY5671G34HVWKQXPQ463, Intent = MoveIntent { DirXPermille = 9, DirZPermille = 1000, Gait = Run, FacingMdeg = 537, IsMoving = True } }
2097	R25	MoveCommand { Actor = chr_01M3ECYY5671G34HVWKQXPQ463, Intent = MoveIntent { DirXPermille = 10, DirZPermille = 1000, Gait = Run, FacingMdeg = 548, IsMoving = True } }
2098	R25	MoveCommand { Actor = chr_01M3ECYY5671G34HVWKQXPQ463, Intent = MoveIntent { DirXPermille = 9, DirZPermille = 1000, Gait = Run, FacingMdeg = 537, IsMoving = True } }
2099	R25	MoveCommand { Actor = chr_01M3ECYY5671G34HVWKQXPQ463, Intent = MoveIntent { DirXPermille = 10, DirZPermille = 1000, Gait = Run, FacingMdeg = 550, IsMoving = True } }
2100	R25	MoveCommand { Actor = chr_01M3ECYY5671G34HVWKQXPQ463, Intent = MoveIntent { DirXPermille = 9, DirZPermille = 1000, Gait = Run, FacingMdeg = 537, IsMoving = True } }
2101	R25	MoveCommand { Actor = chr_01M3ECYY5671G34HVWKQXPQ463, Intent = MoveIntent { DirXPermille = 10, DirZPermille = 1000, Gait = Run, FacingMdeg = 552, IsMoving = True } }
2102	R25	MoveCommand { Actor = chr_01M3ECYY5671G34HVWKQXPQ463, Intent = MoveIntent { DirXPermille = 9, DirZPermille = 1000, Gait = Run, FacingMdeg = 537, IsMoving = True } }
2103	R25	MoveCommand { Actor = chr_01M3ECYY5671G34HVWKQXPQ463, Intent = MoveIntent { DirXPermille = 10, DirZPermille = 1000, Gait = Run, FacingMdeg = 555, IsMoving = True } }
2104	R25	MoveCommand { Actor = chr_01M3ECYY5671G34HVWKQXPQ463, Intent = MoveIntent { DirXPermille = 9, DirZPermille = 1000, Gait = Run, FacingMdeg = 537, IsMoving = True } }
2105	R25	MoveCommand { Actor = chr_01M3ECYY5671G34HVWKQXPQ463, Intent = MoveIntent { DirXPermille = 10, DirZPermille = 1000, Gait = Run, FacingMdeg = 560, IsMoving = True } }
2106	R25	MoveCommand { Actor = chr_01M3ECYY5671G34HVWKQXPQ463, Intent = MoveIntent { DirXPermille = 9, DirZPermille = 1000, Gait = Run, FacingMdeg = 536, IsMoving = True } }
2107	R25	MoveCommand { Actor = chr_01M3ECYY5671G34HVWKQXPQ463, Intent = MoveIntent { DirXPermille = 10, DirZPermille = 1000, Gait = Run, FacingMdeg = 568, IsMoving = True } }
2108	R25	MoveCommand { Actor = chr_01M3ECYY5671G34HVWKQXPQ463, Intent = MoveIntent { DirXPermille = 9, DirZPermille = 1000, Gait = Run, FacingMdeg = 536, IsMoving = True } }
2109	R25	MoveCommand { Actor = chr_01M3ECYY5671G34HVWKQXPQ463, Intent = MoveIntent { DirXPermille = 10, DirZPermille = 1000, Gait = Run, FacingMdeg = 585, IsMoving = True } }
2110	R25	MoveCommand { Actor = chr_01M3ECYY5671G34HVWKQXPQ463, Intent = MoveIntent { DirXPermille = 9, DirZPermille = 1000, Gait = Run, FacingMdeg = 535, IsMoving = True } }
2112	R25	MoveCommand { Actor = chr_01M3ECYY5671G34HVWKQXPQ463, Intent = MoveIntent { DirXPermille = -1000, DirZPermille = -15, Gait = Run, FacingMdeg = 269121, IsMoving = True } }
2115	R25	MoveCommand { Actor = chr_01M3ECYY5671G34HVWKQXPQ463, Intent = MoveIntent { DirXPermille = -1000, DirZPermille = -16, Gait = Run, FacingMdeg = 269107, IsMoving = True } }
2116	R25	MoveCommand { Actor = chr_01M3ECYY5671G34HVWKQXPQ463, Intent = MoveIntent { DirXPermille = -1000, DirZPermille = -15, Gait = Run, FacingMdeg = 269113, IsMoving = True } }
2117	R25	MoveCommand { Actor = chr_01M3ECYY5671G34HVWKQXPQ463, Intent = MoveIntent { DirXPermille = -1000, DirZPermille = -16, Gait = Run, FacingMdeg = 269107, IsMoving = True } }
2118	R25	MoveCommand { Actor = chr_01M3ECYY5671G34HVWKQXPQ463, Intent = MoveIntent { DirXPermille = -1000, DirZPermille = -15, Gait = Run, FacingMdeg = 269113, IsMoving = True } }
2119	R25	MoveCommand { Actor = chr_01M3ECYY5671G34HVWKQXPQ463, Intent = MoveIntent { DirXPermille = -1000, DirZPermille = -16, Gait = Run, FacingMdeg = 269107, IsMoving = True } }
2120	R25	MoveCommand { Actor = chr_01M3ECYY5671G34HVWKQXPQ463, Intent = MoveIntent { DirXPermille = -1000, DirZPermille = -15, Gait = Run, FacingMdeg = 269114, IsMoving = True } }
2121	R25	MoveCommand { Actor = chr_01M3ECYY5671G34HVWKQXPQ463, Intent = MoveIntent { DirXPermille = -1000, DirZPermille = -16, Gait = Run, FacingMdeg = 269108, IsMoving = True } }
2122	R25	MoveCommand { Actor = chr_01M3ECYY5671G34HVWKQXPQ463, Intent = MoveIntent { DirXPermille = -1000, DirZPermille = -15, Gait = Run, FacingMdeg = 269114, IsMoving = True } }
2123	R25	MoveCommand { Actor = chr_01M3ECYY5671G34HVWKQXPQ463, Intent = MoveIntent { DirXPermille = -1000, DirZPermille = -16, Gait = Run, FacingMdeg = 269108, IsMoving = True } }
2124	R25	MoveCommand { Actor = chr_01M3ECYY5671G34HVWKQXPQ463, Intent = MoveIntent { DirXPermille = -1000, DirZPermille = -15, Gait = Run, FacingMdeg = 269115, IsMoving = True } }
2125	R25	MoveCommand { Actor = chr_01M3ECYY5671G34HVWKQXPQ463, Intent = MoveIntent { DirXPermille = -1000, DirZPermille = -16, Gait = Run, FacingMdeg = 269108, IsMoving = True } }
2126	R25	MoveCommand { Actor = chr_01M3ECYY5671G34HVWKQXPQ463, Intent = MoveIntent { DirXPermille = -1000, DirZPermille = -15, Gait = Run, FacingMdeg = 269116, IsMoving = True } }
2127	R25	MoveCommand { Actor = chr_01M3ECYY5671G34HVWKQXPQ463, Intent = MoveIntent { DirXPermille = -1000, DirZPermille = -16, Gait = Run, FacingMdeg = 269108, IsMoving = True } }
2128	R25	MoveCommand { Actor = chr_01M3ECYY5671G34HVWKQXPQ463, Intent = MoveIntent { DirXPermille = -1000, DirZPermille = -15, Gait = Run, FacingMdeg = 269117, IsMoving = True } }
2129	R25	MoveCommand { Actor = chr_01M3ECYY5671G34HVWKQXPQ463, Intent = MoveIntent { DirXPermille = -1000, DirZPermille = -16, Gait = Run, FacingMdeg = 269109, IsMoving = True } }
2130	R25	MoveCommand { Actor = chr_01M3ECYY5671G34HVWKQXPQ463, Intent = MoveIntent { DirXPermille = -1000, DirZPermille = -15, Gait = Run, FacingMdeg = 269118, IsMoving = True } }
2131	R25	MoveCommand { Actor = chr_01M3ECYY5671G34HVWKQXPQ463, Intent = MoveIntent { DirXPermille = -1000, DirZPermille = -16, Gait = Run, FacingMdeg = 269109, IsMoving = True } }
2132	R25	MoveCommand { Actor = chr_01M3ECYY5671G34HVWKQXPQ463, Intent = MoveIntent { DirXPermille = -1000, DirZPermille = -15, Gait = Run, FacingMdeg = 269120, IsMoving = True } }
2133	R25	MoveCommand { Actor = chr_01M3ECYY5671G34HVWKQXPQ463, Intent = MoveIntent { DirXPermille = -1000, DirZPermille = -16, Gait = Run, FacingMdeg = 269110, IsMoving = True } }
2134	R25	MoveCommand { Actor = chr_01M3ECYY5671G34HVWKQXPQ463, Intent = MoveIntent { DirXPermille = -1000, DirZPermille = -15, Gait = Run, FacingMdeg = 269121, IsMoving = True } }
2135	R25	MoveCommand { Actor = chr_01M3ECYY5671G34HVWKQXPQ463, Intent = MoveIntent { DirXPermille = -1000, DirZPermille = -16, Gait = Run, FacingMdeg = 269110, IsMoving = True } }
2136	R25	MoveCommand { Actor = chr_01M3ECYY5671G34HVWKQXPQ463, Intent = MoveIntent { DirXPermille = -1000, DirZPermille = -15, Gait = Run, FacingMdeg = 269124, IsMoving = True } }
2137	R25	MoveCommand { Actor = chr_01M3ECYY5671G34HVWKQXPQ463, Intent = MoveIntent { DirXPermille = -1000, DirZPermille = -16, Gait = Run, FacingMdeg = 269111, IsMoving = True } }
2138	R25	MoveCommand { Actor = chr_01M3ECYY5671G34HVWKQXPQ463, Intent = MoveIntent { DirXPermille = -1000, DirZPermille = -15, Gait = Run, FacingMdeg = 269127, IsMoving = True } }
2140	R25	MoveCommand { Actor = chr_01M3ECYY5671G34HVWKQXPQ463, Intent = MoveIntent { DirXPermille = -1000, DirZPermille = -16, Gait = Run, FacingMdeg = 269094, IsMoving = True } }
2141	R25	MoveCommand { Actor = chr_01M3ECYY5671G34HVWKQXPQ463, Intent = MoveIntent { DirXPermille = -1000, DirZPermille = -15, Gait = Run, FacingMdeg = 269114, IsMoving = True } }
2142	R25	MoveCommand { Actor = chr_01M3ECYY5671G34HVWKQXPQ463, Intent = MoveIntent { DirXPermille = -1000, DirZPermille = -16, Gait = Run, FacingMdeg = 269091, IsMoving = True } }
2143	R25	MoveCommand { Actor = chr_01M3ECYY5671G34HVWKQXPQ463, Intent = MoveIntent { DirXPermille = -1000, DirZPermille = -15, Gait = Run, FacingMdeg = 269117, IsMoving = True } }
2144	R25	MoveCommand { Actor = chr_01M3ECYY5671G34HVWKQXPQ463, Intent = MoveIntent { DirXPermille = -1000, DirZPermille = -16, Gait = Run, FacingMdeg = 269086, IsMoving = True } }
2145	R25	MoveCommand { Actor = chr_01M3ECYY5671G34HVWKQXPQ463, Intent = MoveIntent { DirXPermille = -1000, DirZPermille = -15, Gait = Run, FacingMdeg = 269122, IsMoving = True } }
2146	R25	MoveCommand { Actor = chr_01M3ECYY5671G34HVWKQXPQ463, Intent = MoveIntent { DirXPermille = -1000, DirZPermille = -16, Gait = Run, FacingMdeg = 269076, IsMoving = True } }
2147	R25	MoveCommand { Actor = chr_01M3ECYY5671G34HVWKQXPQ463, Intent = MoveIntent { DirXPermille = -1000, DirZPermille = -15, Gait = Run, FacingMdeg = 269136, IsMoving = True } }
2148	R25	MoveCommand { Actor = chr_01M3ECYY5671G34HVWKQXPQ463, Intent = MoveIntent { DirXPermille = -1000, DirZPermille = -17, Gait = Run, FacingMdeg = 269037, IsMoving = True } }
2149	R25	MoveCommand { Actor = chr_01M3ECYY5671G34HVWKQXPQ463, Intent = MoveIntent { DirXPermille = -488, DirZPermille = -6, Gait = Run, FacingMdeg = 269265, IsMoving = True } }
2150	R27	MoveCommand { Actor = chr_01M3ECYY5671G34HVWKQXPQ463, Intent = MoveIntent { DirXPermille = 0, DirZPermille = 0, Gait = Run, FacingMdeg = 269265, IsMoving = False } }
2150	R27	MoveCommand { Actor = chr_01M3ECYY5671G34HVWKQXPQ463, Intent = MoveIntent { DirXPermille = 0, DirZPermille = 0, Gait = Run, FacingMdeg = 180000, IsMoving = False } }
2150	R27	AttackCommand { Actor = chr_01M3ECYY5671G34HVWKQXPQ463 }
2170	R27	AttackCommand { Actor = chr_01M3ECYY5671G34HVWKQXPQ463 }
2190	R27	AttackCommand { Actor = chr_01M3ECYY5671G34HVWKQXPQ463 }
2210	R28	RepairPieceCommand { Actor = chr_01M3ECYY5671G34HVWKQXPQ463, PieceId = pce_00000000075KB91EC7VC0AAZ2G }
2211	R29	AttackCommand { Actor = chr_01M3ECYY5671G34HVWKQXPQ463 }
2263	R29	MoveCommand { Actor = chr_01M3ECYY5671G34HVWKQXPQ463, Intent = MoveIntent { DirXPermille = 999, DirZPermille = 33, Gait = Run, FacingMdeg = 88091, IsMoving = True } }
2267	R29	MoveCommand { Actor = chr_01M3ECYY5671G34HVWKQXPQ463, Intent = MoveIntent { DirXPermille = 999, DirZPermille = 34, Gait = Run, FacingMdeg = 88077, IsMoving = True } }
2277	R29	MoveCommand { Actor = chr_01M3ECYY5671G34HVWKQXPQ463, Intent = MoveIntent { DirXPermille = 999, DirZPermille = 35, Gait = Run, FacingMdeg = 88020, IsMoving = True } }
2278	R29	MoveCommand { Actor = chr_01M3ECYY5671G34HVWKQXPQ463, Intent = MoveIntent { DirXPermille = 999, DirZPermille = 34, Gait = Run, FacingMdeg = 88027, IsMoving = True } }
2279	R29	MoveCommand { Actor = chr_01M3ECYY5671G34HVWKQXPQ463, Intent = MoveIntent { DirXPermille = 999, DirZPermille = 35, Gait = Run, FacingMdeg = 88019, IsMoving = True } }
2280	R29	MoveCommand { Actor = chr_01M3ECYY5671G34HVWKQXPQ463, Intent = MoveIntent { DirXPermille = 999, DirZPermille = 34, Gait = Run, FacingMdeg = 88027, IsMoving = True } }
2281	R29	MoveCommand { Actor = chr_01M3ECYY5671G34HVWKQXPQ463, Intent = MoveIntent { DirXPermille = 999, DirZPermille = 35, Gait = Run, FacingMdeg = 88017, IsMoving = True } }
2282	R29	MoveCommand { Actor = chr_01M3ECYY5671G34HVWKQXPQ463, Intent = MoveIntent { DirXPermille = 999, DirZPermille = 34, Gait = Run, FacingMdeg = 88026, IsMoving = True } }
2283	R29	MoveCommand { Actor = chr_01M3ECYY5671G34HVWKQXPQ463, Intent = MoveIntent { DirXPermille = 999, DirZPermille = 35, Gait = Run, FacingMdeg = 88016, IsMoving = True } }
2284	R29	MoveCommand { Actor = chr_01M3ECYY5671G34HVWKQXPQ463, Intent = MoveIntent { DirXPermille = 999, DirZPermille = 34, Gait = Run, FacingMdeg = 88026, IsMoving = True } }
2285	R29	MoveCommand { Actor = chr_01M3ECYY5671G34HVWKQXPQ463, Intent = MoveIntent { DirXPermille = 999, DirZPermille = 35, Gait = Run, FacingMdeg = 88014, IsMoving = True } }
2286	R29	MoveCommand { Actor = chr_01M3ECYY5671G34HVWKQXPQ463, Intent = MoveIntent { DirXPermille = 999, DirZPermille = 34, Gait = Run, FacingMdeg = 88025, IsMoving = True } }
2287	R29	MoveCommand { Actor = chr_01M3ECYY5671G34HVWKQXPQ463, Intent = MoveIntent { DirXPermille = 999, DirZPermille = 35, Gait = Run, FacingMdeg = 88011, IsMoving = True } }
2288	R29	MoveCommand { Actor = chr_01M3ECYY5671G34HVWKQXPQ463, Intent = MoveIntent { DirXPermille = 999, DirZPermille = 34, Gait = Run, FacingMdeg = 88024, IsMoving = True } }
2289	R29	MoveCommand { Actor = chr_01M3ECYY5671G34HVWKQXPQ463, Intent = MoveIntent { DirXPermille = 999, DirZPermille = 35, Gait = Run, FacingMdeg = 88008, IsMoving = True } }
2291	R29	MoveCommand { Actor = chr_01M3ECYY5671G34HVWKQXPQ463, Intent = MoveIntent { DirXPermille = 999, DirZPermille = 34, Gait = Run, FacingMdeg = 88041, IsMoving = True } }
2292	R29	MoveCommand { Actor = chr_01M3ECYY5671G34HVWKQXPQ463, Intent = MoveIntent { DirXPermille = 999, DirZPermille = 35, Gait = Run, FacingMdeg = 88021, IsMoving = True } }
2293	R29	MoveCommand { Actor = chr_01M3ECYY5671G34HVWKQXPQ463, Intent = MoveIntent { DirXPermille = 999, DirZPermille = 34, Gait = Run, FacingMdeg = 88043, IsMoving = True } }
2294	R29	MoveCommand { Actor = chr_01M3ECYY5671G34HVWKQXPQ463, Intent = MoveIntent { DirXPermille = 999, DirZPermille = 35, Gait = Run, FacingMdeg = 88017, IsMoving = True } }
2295	R29	MoveCommand { Actor = chr_01M3ECYY5671G34HVWKQXPQ463, Intent = MoveIntent { DirXPermille = 999, DirZPermille = 34, Gait = Run, FacingMdeg = 88047, IsMoving = True } }
2296	R29	MoveCommand { Actor = chr_01M3ECYY5671G34HVWKQXPQ463, Intent = MoveIntent { DirXPermille = 999, DirZPermille = 35, Gait = Run, FacingMdeg = 88011, IsMoving = True } }
2297	R29	MoveCommand { Actor = chr_01M3ECYY5671G34HVWKQXPQ463, Intent = MoveIntent { DirXPermille = 999, DirZPermille = 34, Gait = Run, FacingMdeg = 88057, IsMoving = True } }
2298	R29	MoveCommand { Actor = chr_01M3ECYY5671G34HVWKQXPQ463, Intent = MoveIntent { DirXPermille = 999, DirZPermille = 35, Gait = Run, FacingMdeg = 87995, IsMoving = True } }
2300	R29	MoveCommand { Actor = chr_01M3ECYY5671G34HVWKQXPQ463, Intent = MoveIntent { DirXPermille = 8, DirZPermille = -1000, Gait = Run, FacingMdeg = 179542, IsMoving = True } }
2314	R29	MoveCommand { Actor = chr_01M3ECYY5671G34HVWKQXPQ463, Intent = MoveIntent { DirXPermille = 9, DirZPermille = -1000, Gait = Run, FacingMdeg = 179513, IsMoving = True } }
2329	R29	MoveCommand { Actor = chr_01M3ECYY5671G34HVWKQXPQ463, Intent = MoveIntent { DirXPermille = 10, DirZPermille = -1000, Gait = Run, FacingMdeg = 179455, IsMoving = True } }
2330	R29	MoveCommand { Actor = chr_01M3ECYY5671G34HVWKQXPQ463, Intent = MoveIntent { DirXPermille = 9, DirZPermille = -1000, Gait = Run, FacingMdeg = 179460, IsMoving = True } }
2331	R29	MoveCommand { Actor = chr_01M3ECYY5671G34HVWKQXPQ463, Intent = MoveIntent { DirXPermille = 10, DirZPermille = -1000, Gait = Run, FacingMdeg = 179454, IsMoving = True } }
2332	R29	MoveCommand { Actor = chr_01M3ECYY5671G34HVWKQXPQ463, Intent = MoveIntent { DirXPermille = 9, DirZPermille = -1000, Gait = Run, FacingMdeg = 179460, IsMoving = True } }
2333	R29	MoveCommand { Actor = chr_01M3ECYY5671G34HVWKQXPQ463, Intent = MoveIntent { DirXPermille = 10, DirZPermille = -1000, Gait = Run, FacingMdeg = 179454, IsMoving = True } }
2334	R29	MoveCommand { Actor = chr_01M3ECYY5671G34HVWKQXPQ463, Intent = MoveIntent { DirXPermille = 9, DirZPermille = -1000, Gait = Run, FacingMdeg = 179459, IsMoving = True } }
2335	R29	MoveCommand { Actor = chr_01M3ECYY5671G34HVWKQXPQ463, Intent = MoveIntent { DirXPermille = 10, DirZPermille = -1000, Gait = Run, FacingMdeg = 179453, IsMoving = True } }
2336	R29	MoveCommand { Actor = chr_01M3ECYY5671G34HVWKQXPQ463, Intent = MoveIntent { DirXPermille = 9, DirZPermille = -1000, Gait = Run, FacingMdeg = 179459, IsMoving = True } }
2337	R29	MoveCommand { Actor = chr_01M3ECYY5671G34HVWKQXPQ463, Intent = MoveIntent { DirXPermille = 10, DirZPermille = -1000, Gait = Run, FacingMdeg = 179452, IsMoving = True } }
2338	R29	MoveCommand { Actor = chr_01M3ECYY5671G34HVWKQXPQ463, Intent = MoveIntent { DirXPermille = 9, DirZPermille = -1000, Gait = Run, FacingMdeg = 179459, IsMoving = True } }
2339	R29	MoveCommand { Actor = chr_01M3ECYY5671G34HVWKQXPQ463, Intent = MoveIntent { DirXPermille = 10, DirZPermille = -1000, Gait = Run, FacingMdeg = 179451, IsMoving = True } }
2340	R29	MoveCommand { Actor = chr_01M3ECYY5671G34HVWKQXPQ463, Intent = MoveIntent { DirXPermille = 9, DirZPermille = -1000, Gait = Run, FacingMdeg = 179459, IsMoving = True } }
2341	R29	MoveCommand { Actor = chr_01M3ECYY5671G34HVWKQXPQ463, Intent = MoveIntent { DirXPermille = 10, DirZPermille = -1000, Gait = Run, FacingMdeg = 179450, IsMoving = True } }
2342	R29	MoveCommand { Actor = chr_01M3ECYY5671G34HVWKQXPQ463, Intent = MoveIntent { DirXPermille = 9, DirZPermille = -1000, Gait = Run, FacingMdeg = 179458, IsMoving = True } }
2343	R29	MoveCommand { Actor = chr_01M3ECYY5671G34HVWKQXPQ463, Intent = MoveIntent { DirXPermille = 10, DirZPermille = -1000, Gait = Run, FacingMdeg = 179449, IsMoving = True } }
2344	R29	MoveCommand { Actor = chr_01M3ECYY5671G34HVWKQXPQ463, Intent = MoveIntent { DirXPermille = 9, DirZPermille = -1000, Gait = Run, FacingMdeg = 179458, IsMoving = True } }
2345	R29	MoveCommand { Actor = chr_01M3ECYY5671G34HVWKQXPQ463, Intent = MoveIntent { DirXPermille = 10, DirZPermille = -1000, Gait = Run, FacingMdeg = 179447, IsMoving = True } }
2346	R29	MoveCommand { Actor = chr_01M3ECYY5671G34HVWKQXPQ463, Intent = MoveIntent { DirXPermille = 9, DirZPermille = -1000, Gait = Run, FacingMdeg = 179457, IsMoving = True } }
2347	R29	MoveCommand { Actor = chr_01M3ECYY5671G34HVWKQXPQ463, Intent = MoveIntent { DirXPermille = 10, DirZPermille = -1000, Gait = Run, FacingMdeg = 179445, IsMoving = True } }
2348	R29	MoveCommand { Actor = chr_01M3ECYY5671G34HVWKQXPQ463, Intent = MoveIntent { DirXPermille = 9, DirZPermille = -1000, Gait = Run, FacingMdeg = 179456, IsMoving = True } }
2349	R29	MoveCommand { Actor = chr_01M3ECYY5671G34HVWKQXPQ463, Intent = MoveIntent { DirXPermille = 10, DirZPermille = -1000, Gait = Run, FacingMdeg = 179442, IsMoving = True } }
2351	R29	MoveCommand { Actor = chr_01M3ECYY5671G34HVWKQXPQ463, Intent = MoveIntent { DirXPermille = 9, DirZPermille = -1000, Gait = Run, FacingMdeg = 179470, IsMoving = True } }
2352	R29	MoveCommand { Actor = chr_01M3ECYY5671G34HVWKQXPQ463, Intent = MoveIntent { DirXPermille = 10, DirZPermille = -1000, Gait = Run, FacingMdeg = 179454, IsMoving = True } }
2353	R29	MoveCommand { Actor = chr_01M3ECYY5671G34HVWKQXPQ463, Intent = MoveIntent { DirXPermille = 9, DirZPermille = -1000, Gait = Run, FacingMdeg = 179472, IsMoving = True } }
2354	R29	MoveCommand { Actor = chr_01M3ECYY5671G34HVWKQXPQ463, Intent = MoveIntent { DirXPermille = 10, DirZPermille = -1000, Gait = Run, FacingMdeg = 179452, IsMoving = True } }
2355	R29	MoveCommand { Actor = chr_01M3ECYY5671G34HVWKQXPQ463, Intent = MoveIntent { DirXPermille = 9, DirZPermille = -1000, Gait = Run, FacingMdeg = 179474, IsMoving = True } }
2356	R29	MoveCommand { Actor = chr_01M3ECYY5671G34HVWKQXPQ463, Intent = MoveIntent { DirXPermille = 10, DirZPermille = -1000, Gait = Run, FacingMdeg = 179448, IsMoving = True } }
2357	R29	MoveCommand { Actor = chr_01M3ECYY5671G34HVWKQXPQ463, Intent = MoveIntent { DirXPermille = 9, DirZPermille = -1000, Gait = Run, FacingMdeg = 179478, IsMoving = True } }
2358	R29	MoveCommand { Actor = chr_01M3ECYY5671G34HVWKQXPQ463, Intent = MoveIntent { DirXPermille = 10, DirZPermille = -1000, Gait = Run, FacingMdeg = 179441, IsMoving = True } }
2359	R29	MoveCommand { Actor = chr_01M3ECYY5671G34HVWKQXPQ463, Intent = MoveIntent { DirXPermille = 9, DirZPermille = -1000, Gait = Run, FacingMdeg = 179487, IsMoving = True } }
2360	R29	MoveCommand { Actor = chr_01M3ECYY5671G34HVWKQXPQ463, Intent = MoveIntent { DirXPermille = 10, DirZPermille = -1000, Gait = Run, FacingMdeg = 179424, IsMoving = True } }
2362	R29	MoveCommand { Actor = chr_01M3ECYY5671G34HVWKQXPQ463, Intent = MoveIntent { DirXPermille = -969, DirZPermille = 246, Gait = Run, FacingMdeg = 284234, IsMoving = True } }
2372	R29	MoveCommand { Actor = chr_01M3ECYY5671G34HVWKQXPQ463, Intent = MoveIntent { DirXPermille = -969, DirZPermille = 247, Gait = Run, FacingMdeg = 284272, IsMoving = True } }
2373	R29	MoveCommand { Actor = chr_01M3ECYY5671G34HVWKQXPQ463, Intent = MoveIntent { DirXPermille = -969, DirZPermille = 246, Gait = Run, FacingMdeg = 284265, IsMoving = True } }
2375	R29	MoveCommand { Actor = chr_01M3ECYY5671G34HVWKQXPQ463, Intent = MoveIntent { DirXPermille = -969, DirZPermille = 247, Gait = Run, FacingMdeg = 284276, IsMoving = True } }
2376	R29	MoveCommand { Actor = chr_01M3ECYY5671G34HVWKQXPQ463, Intent = MoveIntent { DirXPermille = -969, DirZPermille = 246, Gait = Run, FacingMdeg = 284268, IsMoving = True } }
2377	R29	MoveCommand { Actor = chr_01M3ECYY5671G34HVWKQXPQ463, Intent = MoveIntent { DirXPermille = -969, DirZPermille = 247, Gait = Run, FacingMdeg = 284274, IsMoving = True } }
2378	R29	MoveCommand { Actor = chr_01M3ECYY5671G34HVWKQXPQ463, Intent = MoveIntent { DirXPermille = -969, DirZPermille = 246, Gait = Run, FacingMdeg = 284266, IsMoving = True } }
2379	R29	MoveCommand { Actor = chr_01M3ECYY5671G34HVWKQXPQ463, Intent = MoveIntent { DirXPermille = -969, DirZPermille = 247, Gait = Run, FacingMdeg = 284272, IsMoving = True } }
2380	R29	MoveCommand { Actor = chr_01M3ECYY5671G34HVWKQXPQ463, Intent = MoveIntent { DirXPermille = -969, DirZPermille = 246, Gait = Run, FacingMdeg = 284263, IsMoving = True } }
2382	R29	MoveCommand { Actor = chr_01M3ECYY5671G34HVWKQXPQ463, Intent = MoveIntent { DirXPermille = -969, DirZPermille = 247, Gait = Run, FacingMdeg = 284278, IsMoving = True } }
2383	R29	MoveCommand { Actor = chr_01M3ECYY5671G34HVWKQXPQ463, Intent = MoveIntent { DirXPermille = -969, DirZPermille = 246, Gait = Run, FacingMdeg = 284267, IsMoving = True } }
2384	R29	MoveCommand { Actor = chr_01M3ECYY5671G34HVWKQXPQ463, Intent = MoveIntent { DirXPermille = -969, DirZPermille = 247, Gait = Run, FacingMdeg = 284275, IsMoving = True } }
2385	R29	MoveCommand { Actor = chr_01M3ECYY5671G34HVWKQXPQ463, Intent = MoveIntent { DirXPermille = -969, DirZPermille = 246, Gait = Run, FacingMdeg = 284263, IsMoving = True } }
2386	R29	MoveCommand { Actor = chr_01M3ECYY5671G34HVWKQXPQ463, Intent = MoveIntent { DirXPermille = -969, DirZPermille = 247, Gait = Run, FacingMdeg = 284273, IsMoving = True } }
2387	R29	MoveCommand { Actor = chr_01M3ECYY5671G34HVWKQXPQ463, Intent = MoveIntent { DirXPermille = -969, DirZPermille = 246, Gait = Run, FacingMdeg = 284258, IsMoving = True } }
2389	R29	MoveCommand { Actor = chr_01M3ECYY5671G34HVWKQXPQ463, Intent = MoveIntent { DirXPermille = -969, DirZPermille = 247, Gait = Run, FacingMdeg = 284281, IsMoving = True } }
2390	R29	MoveCommand { Actor = chr_01M3ECYY5671G34HVWKQXPQ463, Intent = MoveIntent { DirXPermille = -969, DirZPermille = 246, Gait = Run, FacingMdeg = 284263, IsMoving = True } }
2391	R29	MoveCommand { Actor = chr_01M3ECYY5671G34HVWKQXPQ463, Intent = MoveIntent { DirXPermille = -969, DirZPermille = 247, Gait = Run, FacingMdeg = 284278, IsMoving = True } }
2392	R29	MoveCommand { Actor = chr_01M3ECYY5671G34HVWKQXPQ463, Intent = MoveIntent { DirXPermille = -969, DirZPermille = 246, Gait = Run, FacingMdeg = 284256, IsMoving = True } }
2393	R29	MoveCommand { Actor = chr_01M3ECYY5671G34HVWKQXPQ463, Intent = MoveIntent { DirXPermille = -969, DirZPermille = 247, Gait = Run, FacingMdeg = 284273, IsMoving = True } }
2394	R29	MoveCommand { Actor = chr_01M3ECYY5671G34HVWKQXPQ463, Intent = MoveIntent { DirXPermille = -969, DirZPermille = 246, Gait = Run, FacingMdeg = 284243, IsMoving = True } }
2396	R29	MoveCommand { Actor = chr_01M3ECYY5671G34HVWKQXPQ463, Intent = MoveIntent { DirXPermille = -969, DirZPermille = 247, Gait = Run, FacingMdeg = 284294, IsMoving = True } }
2397	R29	MoveCommand { Actor = chr_01M3ECYY5671G34HVWKQXPQ463, Intent = MoveIntent { DirXPermille = -969, DirZPermille = 246, Gait = Run, FacingMdeg = 284247, IsMoving = True } }
2398	R29	MoveCommand { Actor = chr_01M3ECYY5671G34HVWKQXPQ463, Intent = MoveIntent { DirXPermille = -969, DirZPermille = 247, Gait = Run, FacingMdeg = 284293, IsMoving = True } }
2400	R29	MoveCommand { Actor = chr_01M3ECYY5671G34HVWKQXPQ463, Intent = MoveIntent { DirXPermille = -40, DirZPermille = 999, Gait = Run, FacingMdeg = 357690, IsMoving = True } }
2402	R29	MoveCommand { Actor = chr_01M3ECYY5671G34HVWKQXPQ463, Intent = MoveIntent { DirXPermille = -41, DirZPermille = 999, Gait = Run, FacingMdeg = 357669, IsMoving = True } }
2403	R29	MoveCommand { Actor = chr_01M3ECYY5671G34HVWKQXPQ463, Intent = MoveIntent { DirXPermille = -40, DirZPermille = 999, Gait = Run, FacingMdeg = 357681, IsMoving = True } }
2404	R29	MoveCommand { Actor = chr_01M3ECYY5671G34HVWKQXPQ463, Intent = MoveIntent { DirXPermille = -41, DirZPermille = 999, Gait = Run, FacingMdeg = 357668, IsMoving = True } }
2405	R29	MoveCommand { Actor = chr_01M3ECYY5671G34HVWKQXPQ463, Intent = MoveIntent { DirXPermille = -40, DirZPermille = 999, Gait = Run, FacingMdeg = 357682, IsMoving = True } }
2406	R29	MoveCommand { Actor = chr_01M3ECYY5671G34HVWKQXPQ463, Intent = MoveIntent { DirXPermille = -41, DirZPermille = 999, Gait = Run, FacingMdeg = 357667, IsMoving = True } }
2407	R29	MoveCommand { Actor = chr_01M3ECYY5671G34HVWKQXPQ463, Intent = MoveIntent { DirXPermille = -40, DirZPermille = 999, Gait = Run, FacingMdeg = 357684, IsMoving = True } }
2408	R29	MoveCommand { Actor = chr_01M3ECYY5671G34HVWKQXPQ463, Intent = MoveIntent { DirXPermille = -41, DirZPermille = 999, Gait = Run, FacingMdeg = 357665, IsMoving = True } }
2409	R29	MoveCommand { Actor = chr_01M3ECYY5671G34HVWKQXPQ463, Intent = MoveIntent { DirXPermille = -40, DirZPermille = 999, Gait = Run, FacingMdeg = 357686, IsMoving = True } }
2410	R29	MoveCommand { Actor = chr_01M3ECYY5671G34HVWKQXPQ463, Intent = MoveIntent { DirXPermille = -41, DirZPermille = 999, Gait = Run, FacingMdeg = 357663, IsMoving = True } }
2411	R29	MoveCommand { Actor = chr_01M3ECYY5671G34HVWKQXPQ463, Intent = MoveIntent { DirXPermille = -40, DirZPermille = 999, Gait = Run, FacingMdeg = 357690, IsMoving = True } }
2412	R29	MoveCommand { Actor = chr_01M3ECYY5671G34HVWKQXPQ463, Intent = MoveIntent { DirXPermille = -41, DirZPermille = 999, Gait = Run, FacingMdeg = 357658, IsMoving = True } }
2413	R29	MoveCommand { Actor = chr_01M3ECYY5671G34HVWKQXPQ463, Intent = MoveIntent { DirXPermille = -40, DirZPermille = 999, Gait = Run, FacingMdeg = 357699, IsMoving = True } }
2414	R29	MoveCommand { Actor = chr_01M3ECYY5671G34HVWKQXPQ463, Intent = MoveIntent { DirXPermille = -41, DirZPermille = 999, Gait = Run, FacingMdeg = 357648, IsMoving = True } }
2415	R29	MoveCommand { Actor = chr_01M3ECYY5671G34HVWKQXPQ463, Intent = MoveIntent { DirXPermille = -40, DirZPermille = 999, Gait = Run, FacingMdeg = 357723, IsMoving = True } }
2417	R29	MoveCommand { Actor = chr_01M3ECYY5671G34HVWKQXPQ463, Intent = MoveIntent { DirXPermille = 755, DirZPermille = 656, Gait = Run, FacingMdeg = 49000, IsMoving = True } }
2424	R29	MoveCommand { Actor = chr_01M3ECYY5671G34HVWKQXPQ463, Intent = MoveIntent { DirXPermille = 754, DirZPermille = 656, Gait = Run, FacingMdeg = 48980, IsMoving = True } }
2427	R29	MoveCommand { Actor = chr_01M3ECYY5671G34HVWKQXPQ463, Intent = MoveIntent { DirXPermille = 754, DirZPermille = 657, Gait = Run, FacingMdeg = 48966, IsMoving = True } }
2434	R29	MoveCommand { Actor = chr_01M3ECYY5671G34HVWKQXPQ463, Intent = MoveIntent { DirXPermille = 753, DirZPermille = 657, Gait = Run, FacingMdeg = 48892, IsMoving = True } }
2435	R29	MoveCommand { Actor = chr_01M3ECYY5671G34HVWKQXPQ463, Intent = MoveIntent { DirXPermille = 754, DirZPermille = 657, Gait = Run, FacingMdeg = 48903, IsMoving = True } }
2436	R29	MoveCommand { Actor = chr_01M3ECYY5671G34HVWKQXPQ463, Intent = MoveIntent { DirXPermille = 753, DirZPermille = 658, Gait = Run, FacingMdeg = 48878, IsMoving = True } }
2437	R29	MoveCommand { Actor = chr_01M3ECYY5671G34HVWKQXPQ463, Intent = MoveIntent { DirXPermille = 753, DirZPermille = 657, Gait = Run, FacingMdeg = 48891, IsMoving = True } }
2438	R29	MoveCommand { Actor = chr_01M3ECYY5671G34HVWKQXPQ463, Intent = MoveIntent { DirXPermille = 754, DirZPermille = 657, Gait = Run, FacingMdeg = 48911, IsMoving = True } }
2439	R29	MoveCommand { Actor = chr_01M3ECYY5671G34HVWKQXPQ463, Intent = MoveIntent { DirXPermille = 753, DirZPermille = 658, Gait = Run, FacingMdeg = 48862, IsMoving = True } }
2441	R29	MoveCommand { Actor = chr_01M3ECYY5671G34HVWKQXPQ463, Intent = MoveIntent { DirXPermille = 625, DirZPermille = 544, Gait = Run, FacingMdeg = 48977, IsMoving = True } }
2442	R31	MoveCommand { Actor = chr_01M3ECYY5671G34HVWKQXPQ463, Intent = MoveIntent { DirXPermille = 0, DirZPermille = 0, Gait = Run, FacingMdeg = 48977, IsMoving = False } }
2442	R31	MoveCommand { Actor = chr_01M3ECYY5671G34HVWKQXPQ463, Intent = MoveIntent { DirXPermille = 0, DirZPermille = 0, Gait = Run, FacingMdeg = 0, IsMoving = False } }
2442	R31	MoveItemCommand { Actor = chr_01M3ECYY5671G34HVWKQXPQ463, Item = itm_01M3ECYY5RG6JDRSTH02V5JMZ5, From = inventory, To = container container.pce_000000000ktcx17qfcnpe1fmqb, Count = 2 }
2443	R32	TakeAllCommand { Actor = chr_01M3ECYY5671G34HVWKQXPQ463, ContainerKey = container.pce_000000000ktcx17qfcnpe1fmqb }
2444	R33	MoveItemCommand { Actor = chr_01M3ECYY5671G34HVWKQXPQ463, Item = itm_01M3ECYY5RG6JDRSTH02V5JMZ5, From = inventory, To = container container.pce_000000000ktcx17qfcnpe1fmqb, Count = 2 }
2464	R34	AttackCommand { Actor = chr_01M3ECYY5671G34HVWKQXPQ463 }
2484	R34	AttackCommand { Actor = chr_01M3ECYY5671G34HVWKQXPQ463 }
2504	R34	AttackCommand { Actor = chr_01M3ECYY5671G34HVWKQXPQ463 }
2524	R34	AttackCommand { Actor = chr_01M3ECYY5671G34HVWKQXPQ463 }
2544	R34	AttackCommand { Actor = chr_01M3ECYY5671G34HVWKQXPQ463 }
2564	R34	AttackCommand { Actor = chr_01M3ECYY5671G34HVWKQXPQ463 }
2584	R34	AttackCommand { Actor = chr_01M3ECYY5671G34HVWKQXPQ463 }
2604	R34	AttackCommand { Actor = chr_01M3ECYY5671G34HVWKQXPQ463 }
2624	R34	AttackCommand { Actor = chr_01M3ECYY5671G34HVWKQXPQ463 }
2644	R34	AttackCommand { Actor = chr_01M3ECYY5671G34HVWKQXPQ463 }
2685	R35	MoveItemCommand { Actor = chr_01M3ECYY5671G34HVWKQXPQ463, Item = itm_01M3FQ4JW94Q01F0FPXBCQJRWC, From = ground, To = inventory, Count = 2 }
2686	R35	MoveCommand { Actor = chr_01M3ECYY5671G34HVWKQXPQ463, Intent = MoveIntent { DirXPermille = -243, DirZPermille = -970, Gait = Run, FacingMdeg = 194036, IsMoving = True } }
2687	R35	MoveCommand { Actor = chr_01M3ECYY5671G34HVWKQXPQ463, Intent = MoveIntent { DirXPermille = -242, DirZPermille = -970, Gait = Run, FacingMdeg = 194030, IsMoving = True } }
2693	R35	MoveCommand { Actor = chr_01M3ECYY5671G34HVWKQXPQ463, Intent = MoveIntent { DirXPermille = -241, DirZPermille = -970, Gait = Run, FacingMdeg = 193964, IsMoving = True } }
2694	R35	MoveCommand { Actor = chr_01M3ECYY5671G34HVWKQXPQ463, Intent = MoveIntent { DirXPermille = -241, DirZPermille = -971, Gait = Run, FacingMdeg = 193943, IsMoving = True } }
2695	R35	MoveCommand { Actor = chr_01M3ECYY5671G34HVWKQXPQ463, Intent = MoveIntent { DirXPermille = -240, DirZPermille = -971, Gait = Run, FacingMdeg = 193915, IsMoving = True } }
2696	R35	MoveCommand { Actor = chr_01M3ECYY5671G34HVWKQXPQ463, Intent = MoveIntent { DirXPermille = -241, DirZPermille = -971, Gait = Run, FacingMdeg = 193941, IsMoving = True } }
2697	R35	MoveCommand { Actor = chr_01M3ECYY5671G34HVWKQXPQ463, Intent = MoveIntent { DirXPermille = -240, DirZPermille = -971, Gait = Run, FacingMdeg = 193900, IsMoving = True } }
2698	R35	MoveCommand { Actor = chr_01M3ECYY5671G34HVWKQXPQ463, Intent = MoveIntent { DirXPermille = -241, DirZPermille = -971, Gait = Run, FacingMdeg = 193936, IsMoving = True } }
2699	R35	MoveCommand { Actor = chr_01M3ECYY5671G34HVWKQXPQ463, Intent = MoveIntent { DirXPermille = -240, DirZPermille = -971, Gait = Run, FacingMdeg = 193861, IsMoving = True } }
2700	R35	MoveCommand { Actor = chr_01M3ECYY5671G34HVWKQXPQ463, Intent = MoveIntent { DirXPermille = -241, DirZPermille = -971, Gait = Run, FacingMdeg = 193919, IsMoving = True } }
2701	R35	MoveCommand { Actor = chr_01M3ECYY5671G34HVWKQXPQ463, Intent = MoveIntent { DirXPermille = -112, DirZPermille = -469, Gait = Run, FacingMdeg = 193496, IsMoving = True } }
2702	R36	MoveCommand { Actor = chr_01M3ECYY5671G34HVWKQXPQ463, Intent = MoveIntent { DirXPermille = 0, DirZPermille = 0, Gait = Run, FacingMdeg = 193496, IsMoving = False } }
2702	R36	MoveCommand { Actor = chr_01M3ECYY5671G34HVWKQXPQ463, Intent = MoveIntent { DirXPermille = 0, DirZPermille = 0, Gait = Run, FacingMdeg = 90000, IsMoving = False } }
2703	R36	PlacePieceCommand { Actor = chr_01M3ECYY5671G34HVWKQXPQ463, PieceDefId = piece.storage.chest, XMm = 103500, ZMm = 100500, Rotation = 1 }
2704	R38	MoveItemCommand { Actor = chr_01M3ECYY5671G34HVWKQXPQ463, Item = itm_01M3ECYY5RG6JDRSTH02V5JMZ5, From = inventory, To = container container.pce_000000000v5cjvcj02ehrbedm9, Count = 2 }
2704	R38	MoveCommand { Actor = chr_01M3ECYY5671G34HVWKQXPQ463, Intent = MoveIntent { DirXPermille = -997, DirZPermille = -83, Gait = Run, FacingMdeg = 265236, IsMoving = True } }
2708	R38	MoveCommand { Actor = chr_01M3ECYY5671G34HVWKQXPQ463, Intent = MoveIntent { DirXPermille = -996, DirZPermille = -84, Gait = Run, FacingMdeg = 265204, IsMoving = True } }
2712	R38	MoveCommand { Actor = chr_01M3ECYY5671G34HVWKQXPQ463, Intent = MoveIntent { DirXPermille = -996, DirZPermille = -85, Gait = Run, FacingMdeg = 265135, IsMoving = True } }
2713	R38	MoveCommand { Actor = chr_01M3ECYY5671G34HVWKQXPQ463, Intent = MoveIntent { DirXPermille = -996, DirZPermille = -84, Gait = Run, FacingMdeg = 265163, IsMoving = True } }
2714	R38	MoveCommand { Actor = chr_01M3ECYY5671G34HVWKQXPQ463, Intent = MoveIntent { DirXPermille = -996, DirZPermille = -85, Gait = Run, FacingMdeg = 265131, IsMoving = True } }
2715	R38	MoveCommand { Actor = chr_01M3ECYY5671G34HVWKQXPQ463, Intent = MoveIntent { DirXPermille = -996, DirZPermille = -84, Gait = Run, FacingMdeg = 265171, IsMoving = True } }
2716	R38	MoveCommand { Actor = chr_01M3ECYY5671G34HVWKQXPQ463, Intent = MoveIntent { DirXPermille = -996, DirZPermille = -85, Gait = Run, FacingMdeg = 265121, IsMoving = True } }
2717	R38	MoveCommand { Actor = chr_01M3ECYY5671G34HVWKQXPQ463, Intent = MoveIntent { DirXPermille = -996, DirZPermille = -84, Gait = Run, FacingMdeg = 265194, IsMoving = True } }
2719	R38	MoveCommand { Actor = chr_01M3ECYY5671G34HVWKQXPQ463, Intent = MoveIntent { DirXPermille = -6, DirZPermille = -1000, Gait = Run, FacingMdeg = 180318, IsMoving = True } }
2721	R38	MoveCommand { Actor = chr_01M3ECYY5671G34HVWKQXPQ463, Intent = MoveIntent { DirXPermille = -5, DirZPermille = -1000, Gait = Run, FacingMdeg = 180313, IsMoving = True } }
2730	R38	MoveCommand { Actor = chr_01M3ECYY5671G34HVWKQXPQ463, Intent = MoveIntent { DirXPermille = -4, DirZPermille = -1000, Gait = Run, FacingMdeg = 180243, IsMoving = True } }
2732	R38	MoveCommand { Actor = chr_01M3ECYY5671G34HVWKQXPQ463, Intent = MoveIntent { DirXPermille = -3, DirZPermille = -1000, Gait = Run, FacingMdeg = 180184, IsMoving = True } }
2733	R38	MoveCommand { Actor = chr_01M3ECYY5671G34HVWKQXPQ463, Intent = MoveIntent { DirXPermille = -4, DirZPermille = -1000, Gait = Run, FacingMdeg = 180248, IsMoving = True } }
2734	R38	MoveCommand { Actor = chr_01M3ECYY5671G34HVWKQXPQ463, Intent = MoveIntent { DirXPermille = -3, DirZPermille = -1000, Gait = Run, FacingMdeg = 180190, IsMoving = True } }
2736	R38	MoveCommand { Actor = chr_01M3ECYY5671G34HVWKQXPQ463, Intent = MoveIntent { DirXPermille = -982, DirZPermille = -190, Gait = Run, FacingMdeg = 259025, IsMoving = True } }
2737	R38	MoveCommand { Actor = chr_01M3ECYY5671G34HVWKQXPQ463, Intent = MoveIntent { DirXPermille = -982, DirZPermille = -191, Gait = Run, FacingMdeg = 259016, IsMoving = True } }
2738	R38	MoveCommand { Actor = chr_01M3ECYY5671G34HVWKQXPQ463, Intent = MoveIntent { DirXPermille = -982, DirZPermille = -190, Gait = Run, FacingMdeg = 259027, IsMoving = True } }
2739	R38	MoveCommand { Actor = chr_01M3ECYY5671G34HVWKQXPQ463, Intent = MoveIntent { DirXPermille = -982, DirZPermille = -191, Gait = Run, FacingMdeg = 259017, IsMoving = True } }
2740	R38	MoveCommand { Actor = chr_01M3ECYY5671G34HVWKQXPQ463, Intent = MoveIntent { DirXPermille = -982, DirZPermille = -190, Gait = Run, FacingMdeg = 259029, IsMoving = True } }
2742	R38	MoveCommand { Actor = chr_01M3ECYY5671G34HVWKQXPQ463, Intent = MoveIntent { DirXPermille = -982, DirZPermille = -191, Gait = Run, FacingMdeg = 259006, IsMoving = True } }
2743	R38	MoveCommand { Actor = chr_01M3ECYY5671G34HVWKQXPQ463, Intent = MoveIntent { DirXPermille = -982, DirZPermille = -190, Gait = Run, FacingMdeg = 259021, IsMoving = True } }
2744	R38	MoveCommand { Actor = chr_01M3ECYY5671G34HVWKQXPQ463, Intent = MoveIntent { DirXPermille = -982, DirZPermille = -191, Gait = Run, FacingMdeg = 259006, IsMoving = True } }
2745	R38	MoveCommand { Actor = chr_01M3ECYY5671G34HVWKQXPQ463, Intent = MoveIntent { DirXPermille = -982, DirZPermille = -190, Gait = Run, FacingMdeg = 259024, IsMoving = True } }
2746	R38	MoveCommand { Actor = chr_01M3ECYY5671G34HVWKQXPQ463, Intent = MoveIntent { DirXPermille = -982, DirZPermille = -191, Gait = Run, FacingMdeg = 259006, IsMoving = True } }
2747	R38	MoveCommand { Actor = chr_01M3ECYY5671G34HVWKQXPQ463, Intent = MoveIntent { DirXPermille = -982, DirZPermille = -190, Gait = Run, FacingMdeg = 259028, IsMoving = True } }
2748	R38	MoveCommand { Actor = chr_01M3ECYY5671G34HVWKQXPQ463, Intent = MoveIntent { DirXPermille = -982, DirZPermille = -191, Gait = Run, FacingMdeg = 259006, IsMoving = True } }
2749	R38	MoveCommand { Actor = chr_01M3ECYY5671G34HVWKQXPQ463, Intent = MoveIntent { DirXPermille = -982, DirZPermille = -190, Gait = Run, FacingMdeg = 259035, IsMoving = True } }
2750	R38	MoveCommand { Actor = chr_01M3ECYY5671G34HVWKQXPQ463, Intent = MoveIntent { DirXPermille = -982, DirZPermille = -191, Gait = Run, FacingMdeg = 259006, IsMoving = True } }
2751	R38	MoveCommand { Actor = chr_01M3ECYY5671G34HVWKQXPQ463, Intent = MoveIntent { DirXPermille = -982, DirZPermille = -190, Gait = Run, FacingMdeg = 259049, IsMoving = True } }
2752	R38	MoveCommand { Actor = chr_01M3ECYY5671G34HVWKQXPQ463, Intent = MoveIntent { DirXPermille = -982, DirZPermille = -191, Gait = Run, FacingMdeg = 259006, IsMoving = True } }
2753	R38	MoveCommand { Actor = chr_01M3ECYY5671G34HVWKQXPQ463, Intent = MoveIntent { DirXPermille = -982, DirZPermille = -189, Gait = Run, FacingMdeg = 259089, IsMoving = True } }
2755	R38	MoveCommand { Actor = chr_01M3ECYY5671G34HVWKQXPQ463, Intent = MoveIntent { DirXPermille = -4, DirZPermille = 1000, Gait = Run, FacingMdeg = 359794, IsMoving = True } }
2757	R38	MoveCommand { Actor = chr_01M3ECYY5671G34HVWKQXPQ463, Intent = MoveIntent { DirXPermille = -3, DirZPermille = 1000, Gait = Run, FacingMdeg = 359804, IsMoving = True } }
2758	R38	MoveCommand { Actor = chr_01M3ECYY5671G34HVWKQXPQ463, Intent = MoveIntent { DirXPermille = -4, DirZPermille = 1000, Gait = Run, FacingMdeg = 359797, IsMoving = True } }
2759	R38	MoveCommand { Actor = chr_01M3ECYY5671G34HVWKQXPQ463, Intent = MoveIntent { DirXPermille = -3, DirZPermille = 1000, Gait = Run, FacingMdeg = 359803, IsMoving = True } }
2760	R38	MoveCommand { Actor = chr_01M3ECYY5671G34HVWKQXPQ463, Intent = MoveIntent { DirXPermille = -4, DirZPermille = 1000, Gait = Run, FacingMdeg = 359795, IsMoving = True } }
2761	R38	MoveCommand { Actor = chr_01M3ECYY5671G34HVWKQXPQ463, Intent = MoveIntent { DirXPermille = -3, DirZPermille = 1000, Gait = Run, FacingMdeg = 359801, IsMoving = True } }
2762	R38	MoveCommand { Actor = chr_01M3ECYY5671G34HVWKQXPQ463, Intent = MoveIntent { DirXPermille = -4, DirZPermille = 1000, Gait = Run, FacingMdeg = 359793, IsMoving = True } }
2763	R38	MoveCommand { Actor = chr_01M3ECYY5671G34HVWKQXPQ463, Intent = MoveIntent { DirXPermille = -3, DirZPermille = 1000, Gait = Run, FacingMdeg = 359800, IsMoving = True } }
2764	R38	MoveCommand { Actor = chr_01M3ECYY5671G34HVWKQXPQ463, Intent = MoveIntent { DirXPermille = -4, DirZPermille = 1000, Gait = Run, FacingMdeg = 359791, IsMoving = True } }
2766	R38	MoveCommand { Actor = chr_01M3ECYY5671G34HVWKQXPQ463, Intent = MoveIntent { DirXPermille = -3, DirZPermille = 1000, Gait = Run, FacingMdeg = 359805, IsMoving = True } }
2767	R38	MoveCommand { Actor = chr_01M3ECYY5671G34HVWKQXPQ463, Intent = MoveIntent { DirXPermille = -4, DirZPermille = 1000, Gait = Run, FacingMdeg = 359795, IsMoving = True } }
2768	R38	MoveCommand { Actor = chr_01M3ECYY5671G34HVWKQXPQ463, Intent = MoveIntent { DirXPermille = -3, DirZPermille = 1000, Gait = Run, FacingMdeg = 359804, IsMoving = True } }
2769	R38	MoveCommand { Actor = chr_01M3ECYY5671G34HVWKQXPQ463, Intent = MoveIntent { DirXPermille = -4, DirZPermille = 1000, Gait = Run, FacingMdeg = 359792, IsMoving = True } }
2770	R38	MoveCommand { Actor = chr_01M3ECYY5671G34HVWKQXPQ463, Intent = MoveIntent { DirXPermille = -3, DirZPermille = 1000, Gait = Run, FacingMdeg = 359801, IsMoving = True } }
2771	R38	MoveCommand { Actor = chr_01M3ECYY5671G34HVWKQXPQ463, Intent = MoveIntent { DirXPermille = -4, DirZPermille = 1000, Gait = Run, FacingMdeg = 359788, IsMoving = True } }
2773	R38	MoveCommand { Actor = chr_01M3ECYY5671G34HVWKQXPQ463, Intent = MoveIntent { DirXPermille = -3, DirZPermille = 1000, Gait = Run, FacingMdeg = 359810, IsMoving = True } }
2774	R38	MoveCommand { Actor = chr_01M3ECYY5671G34HVWKQXPQ463, Intent = MoveIntent { DirXPermille = -4, DirZPermille = 1000, Gait = Run, FacingMdeg = 359795, IsMoving = True } }
2775	R38	MoveCommand { Actor = chr_01M3ECYY5671G34HVWKQXPQ463, Intent = MoveIntent { DirXPermille = -3, DirZPermille = 1000, Gait = Run, FacingMdeg = 359809, IsMoving = True } }
2776	R38	MoveCommand { Actor = chr_01M3ECYY5671G34HVWKQXPQ463, Intent = MoveIntent { DirXPermille = -4, DirZPermille = 1000, Gait = Run, FacingMdeg = 359790, IsMoving = True } }
2777	R38	MoveCommand { Actor = chr_01M3ECYY5671G34HVWKQXPQ463, Intent = MoveIntent { DirXPermille = -3, DirZPermille = 1000, Gait = Run, FacingMdeg = 359806, IsMoving = True } }
2778	R38	MoveCommand { Actor = chr_01M3ECYY5671G34HVWKQXPQ463, Intent = MoveIntent { DirXPermille = -4, DirZPermille = 1000, Gait = Run, FacingMdeg = 359782, IsMoving = True } }
2779	R38	MoveCommand { Actor = chr_01M3ECYY5671G34HVWKQXPQ463, Intent = MoveIntent { DirXPermille = -3, DirZPermille = 1000, Gait = Run, FacingMdeg = 359802, IsMoving = True } }
2780	R38	MoveCommand { Actor = chr_01M3ECYY5671G34HVWKQXPQ463, Intent = MoveIntent { DirXPermille = -4, DirZPermille = 1000, Gait = Run, FacingMdeg = 359770, IsMoving = True } }
2782	R38	MoveCommand { Actor = chr_01M3ECYY5671G34HVWKQXPQ463, Intent = MoveIntent { DirXPermille = -3, DirZPermille = 1000, Gait = Run, FacingMdeg = 359830, IsMoving = True } }
2783	R38	MoveCommand { Actor = chr_01M3ECYY5671G34HVWKQXPQ463, Intent = MoveIntent { DirXPermille = -4, DirZPermille = 1000, Gait = Run, FacingMdeg = 359778, IsMoving = True } }
2784	R38	MoveCommand { Actor = chr_01M3ECYY5671G34HVWKQXPQ463, Intent = MoveIntent { DirXPermille = -3, DirZPermille = 1000, Gait = Run, FacingMdeg = 359839, IsMoving = True } }
2785	R38	MoveCommand { Actor = chr_01M3ECYY5671G34HVWKQXPQ463, Intent = MoveIntent { DirXPermille = -5, DirZPermille = 1000, Gait = Run, FacingMdeg = 359708, IsMoving = True } }
2786	R39	MoveCommand { Actor = chr_01M3ECYY5671G34HVWKQXPQ463, Intent = MoveIntent { DirXPermille = 0, DirZPermille = 0, Gait = Run, FacingMdeg = 359708, IsMoving = False } }
2786	R39	MoveCommand { Actor = chr_01M3ECYY5671G34HVWKQXPQ463, Intent = MoveIntent { DirXPermille = 0, DirZPermille = 0, Gait = Run, FacingMdeg = 270000, IsMoving = False } }
2787	R39	PlacePieceCommand { Actor = chr_01M3ECYY5671G34HVWKQXPQ463, PieceDefId = piece.pad.timber, XMm = 97500, ZMm = 100500, Rotation = 0 }
2788	R39	PlacePieceCommand { Actor = chr_01M3ECYY5671G34HVWKQXPQ463, PieceDefId = piece.pad.timber, XMm = 97500, ZMm = 103500, Rotation = 0 }
2789	R40	PlacePieceCommand { Actor = chr_01M3ECYY5671G34HVWKQXPQ463, PieceDefId = piece.wall.timber, XMm = 96000, ZMm = 100500, Rotation = 1 }
2789	R40	MoveCommand { Actor = chr_01M3ECYY5671G34HVWKQXPQ463, Intent = MoveIntent { DirXPermille = -699, DirZPermille = 715, Gait = Run, FacingMdeg = 315679, IsMoving = True } }
2790	R40	MoveCommand { Actor = chr_01M3ECYY5671G34HVWKQXPQ463, Intent = MoveIntent { DirXPermille = -698, DirZPermille = 716, Gait = Run, FacingMdeg = 315693, IsMoving = True } }
2791	R40	MoveCommand { Actor = chr_01M3ECYY5671G34HVWKQXPQ463, Intent = MoveIntent { DirXPermille = -699, DirZPermille = 716, Gait = Run, FacingMdeg = 315688, IsMoving = True } }
2792	R40	MoveCommand { Actor = chr_01M3ECYY5671G34HVWKQXPQ463, Intent = MoveIntent { DirXPermille = -698, DirZPermille = 716, Gait = Run, FacingMdeg = 315705, IsMoving = True } }
2794	R40	MoveCommand { Actor = chr_01M3ECYY5671G34HVWKQXPQ463, Intent = MoveIntent { DirXPermille = -699, DirZPermille = 716, Gait = Run, FacingMdeg = 315692, IsMoving = True } }
2795	R40	MoveCommand { Actor = chr_01M3ECYY5671G34HVWKQXPQ463, Intent = MoveIntent { DirXPermille = -698, DirZPermille = 716, Gait = Run, FacingMdeg = 315717, IsMoving = True } }
2798	R40	MoveCommand { Actor = chr_01M3ECYY5671G34HVWKQXPQ463, Intent = MoveIntent { DirXPermille = -699, DirZPermille = 716, Gait = Run, FacingMdeg = 315690, IsMoving = True } }
2799	R40	MoveCommand { Actor = chr_01M3ECYY5671G34HVWKQXPQ463, Intent = MoveIntent { DirXPermille = -698, DirZPermille = 716, Gait = Run, FacingMdeg = 315744, IsMoving = True } }
2802	R40	MoveCommand { Actor = chr_01M3ECYY5671G34HVWKQXPQ463, Intent = MoveIntent { DirXPermille = -275, DirZPermille = 281, Gait = Run, FacingMdeg = 315644, IsMoving = True } }
2803	R41	MoveCommand { Actor = chr_01M3ECYY5671G34HVWKQXPQ463, Intent = MoveIntent { DirXPermille = 0, DirZPermille = 0, Gait = Run, FacingMdeg = 315644, IsMoving = False } }
2803	R41	MoveCommand { Actor = chr_01M3ECYY5671G34HVWKQXPQ463, Intent = MoveIntent { DirXPermille = 0, DirZPermille = 0, Gait = Run, FacingMdeg = 0, IsMoving = False } }
2804	R41	PlacePieceCommand { Actor = chr_01M3ECYY5671G34HVWKQXPQ463, PieceDefId = piece.wall.timber, XMm = 96000, ZMm = 103500, Rotation = 1 }	rejected: someone is standing there
2804	R41	MoveCommand { Actor = chr_01M3ECYY5671G34HVWKQXPQ463, Intent = MoveIntent { DirXPermille = 1000, DirZPermille = 0, Gait = Run, FacingMdeg = 90000, IsMoving = True } }
2813	R41	MoveCommand { Actor = chr_01M3ECYY5671G34HVWKQXPQ463, Intent = MoveIntent { DirXPermille = 375, DirZPermille = 0, Gait = Run, FacingMdeg = 90000, IsMoving = True } }
2814	R42	MoveCommand { Actor = chr_01M3ECYY5671G34HVWKQXPQ463, Intent = MoveIntent { DirXPermille = 0, DirZPermille = 0, Gait = Run, FacingMdeg = 90000, IsMoving = False } }
2814	R42	MoveCommand { Actor = chr_01M3ECYY5671G34HVWKQXPQ463, Intent = MoveIntent { DirXPermille = 0, DirZPermille = 0, Gait = Run, FacingMdeg = 270000, IsMoving = False } }
2815	R42	PlacePieceCommand { Actor = chr_01M3ECYY5671G34HVWKQXPQ463, PieceDefId = piece.wall.timber, XMm = 96000, ZMm = 103500, Rotation = 1 }
2815	R42	MoveCommand { Actor = chr_01M3ECYY5671G34HVWKQXPQ463, Intent = MoveIntent { DirXPermille = 0, DirZPermille = -1000, Gait = Run, FacingMdeg = 180000, IsMoving = True } }
2855	R42	MoveCommand { Actor = chr_01M3ECYY5671G34HVWKQXPQ463, Intent = MoveIntent { DirXPermille = 986, DirZPermille = 164, Gait = Run, FacingMdeg = 80538, IsMoving = True } }
2856	R42	MoveCommand { Actor = chr_01M3ECYY5671G34HVWKQXPQ463, Intent = MoveIntent { DirXPermille = 986, DirZPermille = 165, Gait = Run, FacingMdeg = 80531, IsMoving = True } }
2862	R42	MoveCommand { Actor = chr_01M3ECYY5671G34HVWKQXPQ463, Intent = MoveIntent { DirXPermille = 986, DirZPermille = 166, Gait = Run, FacingMdeg = 80469, IsMoving = True } }
2863	R42	MoveCommand { Actor = chr_01M3ECYY5671G34HVWKQXPQ463, Intent = MoveIntent { DirXPermille = 986, DirZPermille = 165, Gait = Run, FacingMdeg = 80484, IsMoving = True } }
2864	R42	MoveCommand { Actor = chr_01M3ECYY5671G34HVWKQXPQ463, Intent = MoveIntent { DirXPermille = 986, DirZPermille = 166, Gait = Run, FacingMdeg = 80467, IsMoving = True } }
2865	R42	MoveCommand { Actor = chr_01M3ECYY5671G34HVWKQXPQ463, Intent = MoveIntent { DirXPermille = 986, DirZPermille = 165, Gait = Run, FacingMdeg = 80485, IsMoving = True } }
2866	R42	MoveCommand { Actor = chr_01M3ECYY5671G34HVWKQXPQ463, Intent = MoveIntent { DirXPermille = 986, DirZPermille = 166, Gait = Run, FacingMdeg = 80464, IsMoving = True } }
2867	R42	MoveCommand { Actor = chr_01M3ECYY5671G34HVWKQXPQ463, Intent = MoveIntent { DirXPermille = 986, DirZPermille = 165, Gait = Run, FacingMdeg = 80487, IsMoving = True } }
2868	R42	MoveCommand { Actor = chr_01M3ECYY5671G34HVWKQXPQ463, Intent = MoveIntent { DirXPermille = 986, DirZPermille = 166, Gait = Run, FacingMdeg = 80459, IsMoving = True } }
2869	R42	MoveCommand { Actor = chr_01M3ECYY5671G34HVWKQXPQ463, Intent = MoveIntent { DirXPermille = 986, DirZPermille = 165, Gait = Run, FacingMdeg = 80491, IsMoving = True } }
2870	R42	MoveCommand { Actor = chr_01M3ECYY5671G34HVWKQXPQ463, Intent = MoveIntent { DirXPermille = 986, DirZPermille = 166, Gait = Run, FacingMdeg = 80449, IsMoving = True } }
2871	R42	MoveCommand { Actor = chr_01M3ECYY5671G34HVWKQXPQ463, Intent = MoveIntent { DirXPermille = 986, DirZPermille = 165, Gait = Run, FacingMdeg = 80498, IsMoving = True } }
2872	R42	MoveCommand { Actor = chr_01M3ECYY5671G34HVWKQXPQ463, Intent = MoveIntent { DirXPermille = 986, DirZPermille = 166, Gait = Run, FacingMdeg = 80419, IsMoving = True } }
2874	R42	MoveCommand { Actor = chr_01M3ECYY5671G34HVWKQXPQ463, Intent = MoveIntent { DirXPermille = -1, DirZPermille = 1000, Gait = Run, FacingMdeg = 359958, IsMoving = True } }
2883	R42	MoveCommand { Actor = chr_01M3ECYY5671G34HVWKQXPQ463, Intent = MoveIntent { DirXPermille = -2, DirZPermille = 1000, Gait = Run, FacingMdeg = 359909, IsMoving = True } }
2886	R42	MoveCommand { Actor = chr_01M3ECYY5671G34HVWKQXPQ463, Intent = MoveIntent { DirXPermille = -3, DirZPermille = 1000, Gait = Run, FacingMdeg = 359853, IsMoving = True } }
2888	R42	MoveCommand { Actor = chr_01M3ECYY5671G34HVWKQXPQ463, Intent = MoveIntent { DirXPermille = -4, DirZPermille = 1000, Gait = Run, FacingMdeg = 359750, IsMoving = True } }
2890	R42	MoveCommand { Actor = chr_01M3ECYY5671G34HVWKQXPQ463, Intent = MoveIntent { DirXPermille = 393, DirZPermille = 919, Gait = Run, FacingMdeg = 23148, IsMoving = True } }
2891	R42	MoveCommand { Actor = chr_01M3ECYY5671G34HVWKQXPQ463, Intent = MoveIntent { DirXPermille = 393, DirZPermille = 920, Gait = Run, FacingMdeg = 23145, IsMoving = True } }
2897	R42	MoveCommand { Actor = chr_01M3ECYY5671G34HVWKQXPQ463, Intent = MoveIntent { DirXPermille = 392, DirZPermille = 920, Gait = Run, FacingMdeg = 23109, IsMoving = True } }
2901	R42	MoveCommand { Actor = chr_01M3ECYY5671G34HVWKQXPQ463, Intent = MoveIntent { DirXPermille = 391, DirZPermille = 920, Gait = Run, FacingMdeg = 23036, IsMoving = True } }
2902	R42	MoveCommand { Actor = chr_01M3ECYY5671G34HVWKQXPQ463, Intent = MoveIntent { DirXPermille = 391, DirZPermille = 921, Gait = Run, FacingMdeg = 22994, IsMoving = True } }
2903	R42	MoveCommand { Actor = chr_01M3ECYY5671G34HVWKQXPQ463, Intent = MoveIntent { DirXPermille = 389, DirZPermille = 921, Gait = Run, FacingMdeg = 22923, IsMoving = True } }
2904	R42	MoveCommand { Actor = chr_01M3ECYY5671G34HVWKQXPQ463, Intent = MoveIntent { DirXPermille = 390, DirZPermille = 921, Gait = Run, FacingMdeg = 22952, IsMoving = True } }
2905	R42	MoveCommand { Actor = chr_01M3ECYY5671G34HVWKQXPQ463, Intent = MoveIntent { DirXPermille = 356, DirZPermille = 838, Gait = Run, FacingMdeg = 23044, IsMoving = True } }
2906	R43	MoveCommand { Actor = chr_01M3ECYY5671G34HVWKQXPQ463, Intent = MoveIntent { DirXPermille = 0, DirZPermille = 0, Gait = Run, FacingMdeg = 23044, IsMoving = False } }
2906	R43	MoveCommand { Actor = chr_01M3ECYY5671G34HVWKQXPQ463, Intent = MoveIntent { DirXPermille = 0, DirZPermille = 0, Gait = Run, FacingMdeg = 300000, IsMoving = False } }
2907	R43	ReleaseWorkerCommand { Actor = chr_01M3ECYY5671G34HVWKQXPQ463, NpcId = npc.ashen_hollow.kera_voss }
3228	R44	MoveCommand { Actor = chr_01M3ECYY5671G34HVWKQXPQ463, Intent = MoveIntent { DirXPermille = 707, DirZPermille = -707, Gait = Run, FacingMdeg = 135000, IsMoving = True } }
3232	R44	MoveCommand { Actor = chr_01M3ECYY5671G34HVWKQXPQ463, Intent = MoveIntent { DirXPermille = 300, DirZPermille = -300, Gait = Run, FacingMdeg = 135000, IsMoving = True } }
3233	R45	MoveCommand { Actor = chr_01M3ECYY5671G34HVWKQXPQ463, Intent = MoveIntent { DirXPermille = 0, DirZPermille = 0, Gait = Run, FacingMdeg = 135000, IsMoving = False } }
3233	R45	MoveCommand { Actor = chr_01M3ECYY5671G34HVWKQXPQ463, Intent = MoveIntent { DirXPermille = 0, DirZPermille = 0, Gait = Run, FacingMdeg = 0, IsMoving = False } }
3234	R45	OrderCompanionCommand { Actor = chr_01M3ECYY5671G34HVWKQXPQ463, NpcId = npc.ashen_hollow.tavar_orr, Order = Follow }
