37	0	MoveCommand { Actor = chr_01M3BMW7KN54EKH8FFGFYWVYVF, Intent = MoveIntent { DirXPermille = 447, DirZPermille = -894, Gait = Run, FacingMdeg = 153435, IsMoving = True } }
41	1	MoveCommand { Actor = chr_01M3BMW7KN54EKH8FFGFYWVYVF, Intent = MoveIntent { DirXPermille = 447, DirZPermille = -895, Gait = Run, FacingMdeg = 153447, IsMoving = True } }
43	2	MoveCommand { Actor = chr_01M3BMW7KN54EKH8FFGFYWVYVF, Intent = MoveIntent { DirXPermille = 447, DirZPermille = -894, Gait = Run, FacingMdeg = 153441, IsMoving = True } }
44	3	MoveCommand { Actor = chr_01M3BMW7KN54EKH8FFGFYWVYVF, Intent = MoveIntent { DirXPermille = 447, DirZPermille = -895, Gait = Run, FacingMdeg = 153445, IsMoving = True } }
45	4	MoveCommand { Actor = chr_01M3BMW7KN54EKH8FFGFYWVYVF, Intent = MoveIntent { DirXPermille = 447, DirZPermille = -894, Gait = Run, FacingMdeg = 153442, IsMoving = True } }
46	5	MoveCommand { Actor = chr_01M3BMW7KN54EKH8FFGFYWVYVF, Intent = MoveIntent { DirXPermille = 447, DirZPermille = -895, Gait = Run, FacingMdeg = 153445, IsMoving = True } }
47	6	MoveCommand { Actor = chr_01M3BMW7KN54EKH8FFGFYWVYVF, Intent = MoveIntent { DirXPermille = 447, DirZPermille = -894, Gait = Run, FacingMdeg = 153442, IsMoving = True } }
48	7	MoveCommand { Actor = chr_01M3BMW7KN54EKH8FFGFYWVYVF, Intent = MoveIntent { DirXPermille = 447, DirZPermille = -895, Gait = Run, FacingMdeg = 153446, IsMoving = True } }
49	8	MoveCommand { Actor = chr_01M3BMW7KN54EKH8FFGFYWVYVF, Intent = MoveIntent { DirXPermille = 447, DirZPermille = -894, Gait = Run, FacingMdeg = 153442, IsMoving = True } }
50	9	MoveCommand { Actor = chr_01M3BMW7KN54EKH8FFGFYWVYVF, Intent = MoveIntent { DirXPermille = 447, DirZPermille = -895, Gait = Run, FacingMdeg = 153446, IsMoving = True } }
51	10	MoveCommand { Actor = chr_01M3BMW7KN54EKH8FFGFYWVYVF, Intent = MoveIntent { DirXPermille = 447, DirZPermille = -894, Gait = Run, FacingMdeg = 153443, IsMoving = True } }
52	11	MoveCommand { Actor = chr_01M3BMW7KN54EKH8FFGFYWVYVF, Intent = MoveIntent { DirXPermille = 447, DirZPermille = -895, Gait = Run, FacingMdeg = 153447, IsMoving = True } }
53	12	MoveCommand { Actor = chr_01M3BMW7KN54EKH8FFGFYWVYVF, Intent = MoveIntent { DirXPermille = 447, DirZPermille = -894, Gait = Run, FacingMdeg = 153443, IsMoving = True } }
54	13	MoveCommand { Actor = chr_01M3BMW7KN54EKH8FFGFYWVYVF, Intent = MoveIntent { DirXPermille = 447, DirZPermille = -895, Gait = Run, FacingMdeg = 153447, IsMoving = True } }
55	14	MoveCommand { Actor = chr_01M3BMW7KN54EKH8FFGFYWVYVF, Intent = MoveIntent { DirXPermille = 447, DirZPermille = -894, Gait = Run, FacingMdeg = 153443, IsMoving = True } }
56	15	MoveCommand { Actor = chr_01M3BMW7KN54EKH8FFGFYWVYVF, Intent = MoveIntent { DirXPermille = 447, DirZPermille = -895, Gait = Run, FacingMdeg = 153448, IsMoving = True } }
57	16	MoveCommand { Actor = chr_01M3BMW7KN54EKH8FFGFYWVYVF, Intent = MoveIntent { DirXPermille = 447, DirZPermille = -894, Gait = Run, FacingMdeg = 153444, IsMoving = True } }
58	17	MoveCommand { Actor = chr_01M3BMW7KN54EKH8FFGFYWVYVF, Intent = MoveIntent { DirXPermille = 447, DirZPermille = -895, Gait = Run, FacingMdeg = 153449, IsMoving = True } }
60	18	MoveCommand { Actor = chr_01M3BMW7KN54EKH8FFGFYWVYVF, Intent = MoveIntent { DirXPermille = 447, DirZPermille = -894, Gait = Run, FacingMdeg = 153440, IsMoving = True } }
61	19	MoveCommand { Actor = chr_01M3BMW7KN54EKH8FFGFYWVYVF, Intent = MoveIntent { DirXPermille = 447, DirZPermille = -895, Gait = Run, FacingMdeg = 153445, IsMoving = True } }
62	20	MoveCommand { Actor = chr_01M3BMW7KN54EKH8FFGFYWVYVF, Intent = MoveIntent { DirXPermille = 447, DirZPermille = -894, Gait = Run, FacingMdeg = 153440, IsMoving = True } }
63	21	MoveCommand { Actor = chr_01M3BMW7KN54EKH8FFGFYWVYVF, Intent = MoveIntent { DirXPermille = 447, DirZPermille = -895, Gait = Run, FacingMdeg = 153446, IsMoving = True } }
64	22	MoveCommand { Actor = chr_01M3BMW7KN54EKH8FFGFYWVYVF, Intent = MoveIntent { DirXPermille = 447, DirZPermille = -894, Gait = Run, FacingMdeg = 153440, IsMoving = True } }
65	23	MoveCommand { Actor = chr_01M3BMW7KN54EKH8FFGFYWVYVF, Intent = MoveIntent { DirXPermille = 447, DirZPermille = -895, Gait = Run, FacingMdeg = 153446, IsMoving = True } }
66	24	MoveCommand { Actor = chr_01M3BMW7KN54EKH8FFGFYWVYVF, Intent = MoveIntent { DirXPermille = 447, DirZPermille = -894, Gait = Run, FacingMdeg = 153441, IsMoving = True } }
67	25	MoveCommand { Actor = chr_01M3BMW7KN54EKH8FFGFYWVYVF, Intent = MoveIntent { DirXPermille = 447, DirZPermille = -895, Gait = Run, FacingMdeg = 153447, IsMoving = True } }
68	26	MoveCommand { Actor = chr_01M3BMW7KN54EKH8FFGFYWVYVF, Intent = MoveIntent { DirXPermille = 447, DirZPermille = -894, Gait = Run, FacingMdeg = 153441, IsMoving = True } }
69	27	MoveCommand { Actor = chr_01M3BMW7KN54EKH8FFGFYWVYVF, Intent = MoveIntent { DirXPermille = 447, DirZPermille = -895, Gait = Run, FacingMdeg = 153448, IsMoving = True } }
70	28	MoveCommand { Actor = chr_01M3BMW7KN54EKH8FFGFYWVYVF, Intent = MoveIntent { DirXPermille = 447, DirZPermille = -894, Gait = Run, FacingMdeg = 153442, IsMoving = True } }
71	29	MoveCommand { Actor = chr_01M3BMW7KN54EKH8FFGFYWVYVF, Intent = MoveIntent { DirXPermille = 447, DirZPermille = -895, Gait = Run, FacingMdeg = 153450, IsMoving = True } }
72	30	MoveCommand { Actor = chr_01M3BMW7KN54EKH8FFGFYWVYVF, Intent = MoveIntent { DirXPermille = 447, DirZPermille = -894, Gait = Run, FacingMdeg = 153443, IsMoving = True } }
73	31	MoveCommand { Actor = chr_01M3BMW7KN54EKH8FFGFYWVYVF, Intent = MoveIntent { DirXPermille = 447, DirZPermille = -895, Gait = Run, FacingMdeg = 153451, IsMoving = True } }
74	32	MoveCommand { Actor = chr_01M3BMW7KN54EKH8FFGFYWVYVF, Intent = MoveIntent { DirXPermille = 447, DirZPermille = -894, Gait = Run, FacingMdeg = 153443, IsMoving = True } }
75	33	MoveCommand { Actor = chr_01M3BMW7KN54EKH8FFGFYWVYVF, Intent = MoveIntent { DirXPermille = 447, DirZPermille = -895, Gait = Run, FacingMdeg = 153453, IsMoving = True } }
77	34	MoveCommand { Actor = chr_01M3BMW7KN54EKH8FFGFYWVYVF, Intent = MoveIntent { DirXPermille = 447, DirZPermille = -894, Gait = Run, FacingMdeg = 153435, IsMoving = True } }
78	35	MoveCommand { Actor = chr_01M3BMW7KN54EKH8FFGFYWVYVF, Intent = MoveIntent { DirXPermille = 447, DirZPermille = -895, Gait = Run, FacingMdeg = 153446, IsMoving = True } }
79	36	MoveCommand { Actor = chr_01M3BMW7KN54EKH8FFGFYWVYVF, Intent = MoveIntent { DirXPermille = 447, DirZPermille = -894, Gait = Run, FacingMdeg = 153435, IsMoving = True } }
80	37	MoveCommand { Actor = chr_01M3BMW7KN54EKH8FFGFYWVYVF, Intent = MoveIntent { DirXPermille = 447, DirZPermille = -895, Gait = Run, FacingMdeg = 153447, IsMoving = True } }
81	38	MoveCommand { Actor = chr_01M3BMW7KN54EKH8FFGFYWVYVF, Intent = MoveIntent { DirXPermille = 447, DirZPermille = -894, Gait = Run, FacingMdeg = 153435, IsMoving = True } }
82	39	MoveCommand { Actor = chr_01M3BMW7KN54EKH8FFGFYWVYVF, Intent = MoveIntent { DirXPermille = 447, DirZPermille = -895, Gait = Run, FacingMdeg = 153450, IsMoving = True } }
83	40	MoveCommand { Actor = chr_01M3BMW7KN54EKH8FFGFYWVYVF, Intent = MoveIntent { DirXPermille = 447, DirZPermille = -894, Gait = Run, FacingMdeg = 153435, IsMoving = True } }
84	41	MoveCommand { Actor = chr_01M3BMW7KN54EKH8FFGFYWVYVF, Intent = MoveIntent { DirXPermille = 447, DirZPermille = -895, Gait = Run, FacingMdeg = 153453, IsMoving = True } }
85	42	MoveCommand { Actor = chr_01M3BMW7KN54EKH8FFGFYWVYVF, Intent = MoveIntent { DirXPermille = 447, DirZPermille = -894, Gait = Run, FacingMdeg = 153435, IsMoving = True } }
86	43	MoveCommand { Actor = chr_01M3BMW7KN54EKH8FFGFYWVYVF, Intent = MoveIntent { DirXPermille = 447, DirZPermille = -895, Gait = Run, FacingMdeg = 153458, IsMoving = True } }
87	44	MoveCommand { Actor = chr_01M3BMW7KN54EKH8FFGFYWVYVF, Intent = MoveIntent { DirXPermille = 447, DirZPermille = -894, Gait = Run, FacingMdeg = 153435, IsMoving = True } }
88	45	MoveCommand { Actor = chr_01M3BMW7KN54EKH8FFGFYWVYVF, Intent = MoveIntent { DirXPermille = 447, DirZPermille = -895, Gait = Run, FacingMdeg = 153467, IsMoving = True } }
89	46	MoveCommand { Actor = chr_01M3BMW7KN54EKH8FFGFYWVYVF, Intent = MoveIntent { DirXPermille = 447, DirZPermille = -894, Gait = Run, FacingMdeg = 153435, IsMoving = True } }
90	47	MoveCommand { Actor = chr_01M3BMW7KN54EKH8FFGFYWVYVF, Intent = MoveIntent { DirXPermille = 446, DirZPermille = -895, Gait = Run, FacingMdeg = 153489, IsMoving = True } }
91	48	MoveCommand { Actor = chr_01M3BMW7KN54EKH8FFGFYWVYVF, Intent = MoveIntent { DirXPermille = 447, DirZPermille = -894, Gait = Run, FacingMdeg = 153435, IsMoving = True } }
93	49	MoveCommand { Actor = chr_01M3BMW7KN54EKH8FFGFYWVYVF, Intent = MoveIntent { DirXPermille = 326, DirZPermille = -945, Gait = Run, FacingMdeg = 160984, IsMoving = True } }
151	50	MoveCommand { Actor = chr_01M3BMW7KN54EKH8FFGFYWVYVF, Intent = MoveIntent { DirXPermille = 327, DirZPermille = -945, Gait = Run, FacingMdeg = 160943, IsMoving = True } }
161	51	MoveCommand { Actor = chr_01M3BMW7KN54EKH8FFGFYWVYVF, Intent = MoveIntent { DirXPermille = 328, DirZPermille = -945, Gait = Run, FacingMdeg = 160880, IsMoving = True } }
164	52	MoveCommand { Actor = chr_01M3BMW7KN54EKH8FFGFYWVYVF, Intent = MoveIntent { DirXPermille = 329, DirZPermille = -944, Gait = Run, FacingMdeg = 160818, IsMoving = True } }
165	53	MoveCommand { Actor = chr_01M3BMW7KN54EKH8FFGFYWVYVF, Intent = MoveIntent { DirXPermille = 328, DirZPermille = -945, Gait = Run, FacingMdeg = 160852, IsMoving = True } }
166	54	MoveCommand { Actor = chr_01M3BMW7KN54EKH8FFGFYWVYVF, Intent = MoveIntent { DirXPermille = 329, DirZPermille = -944, Gait = Run, FacingMdeg = 160813, IsMoving = True } }
167	55	MoveCommand { Actor = chr_01M3BMW7KN54EKH8FFGFYWVYVF, Intent = MoveIntent { DirXPermille = 328, DirZPermille = -945, Gait = Run, FacingMdeg = 160869, IsMoving = True } }
168	56	MoveCommand { Actor = chr_01M3BMW7KN54EKH8FFGFYWVYVF, Intent = MoveIntent { DirXPermille = 329, DirZPermille = -944, Gait = Run, FacingMdeg = 160796, IsMoving = True } }
170	57	MoveCommand { Actor = chr_01M3BMW7KN54EKH8FFGFYWVYVF, Intent = MoveIntent { DirXPermille = 0, DirZPermille = 0, Gait = Run, FacingMdeg = 160796, IsMoving = False } }
170	58	MoveItemCommand { Actor = chr_01M3BMW7KN54EKH8FFGFYWVYVF, Item = container.waystation_chest#00, From = container container.waystation_chest, To = inventory, Count = 6 }
170	59	MoveItemCommand { Actor = chr_01M3BMW7KN54EKH8FFGFYWVYVF, Item = container.waystation_chest#01, From = container container.waystation_chest, To = inventory, Count = 1 }	rejected: there is no 'container.waystation_chest#01' in the container container.waystation_chest
170	60	MoveItemCommand { Actor = chr_01M3BMW7KN54EKH8FFGFYWVYVF, Item = container.waystation_chest#02, From = container container.waystation_chest, To = inventory, Count = 2 }	rejected: there is no 'container.waystation_chest#02' in the container container.waystation_chest
171	61	MoveItemCommand { Actor = chr_01M3BMW7KN54EKH8FFGFYWVYVF, Item = itm_01M3BMWG803FY6Q4GA0ANK0N4A, From = container container.waystation_chest, To = inventory, Count = 1 }
171	62	MoveItemCommand { Actor = chr_01M3BMW7KN54EKH8FFGFYWVYVF, Item = itm_01M3BMWG803FEJBVEB0MWN1738, From = container container.waystation_chest, To = inventory, Count = 2 }
179	63	MoveCommand { Actor = chr_01M3BMW7KN54EKH8FFGFYWVYVF, Intent = MoveIntent { DirXPermille = 772, DirZPermille = 635, Gait = Run, FacingMdeg = 50551, IsMoving = True } }
187	64	MoveCommand { Actor = chr_01M3BMW7KN54EKH8FFGFYWVYVF, Intent = MoveIntent { DirXPermille = 772, DirZPermille = 636, Gait = Run, FacingMdeg = 50542, IsMoving = True } }
188	65	MoveCommand { Actor = chr_01M3BMW7KN54EKH8FFGFYWVYVF, Intent = MoveIntent { DirXPermille = 772, DirZPermille = 635, Gait = Run, FacingMdeg = 50571, IsMoving = True } }
191	66	MoveCommand { Actor = chr_01M3BMW7KN54EKH8FFGFYWVYVF, Intent = MoveIntent { DirXPermille = 773, DirZPermille = 635, Gait = Run, FacingMdeg = 50580, IsMoving = True } }
193	67	MoveCommand { Actor = chr_01M3BMW7KN54EKH8FFGFYWVYVF, Intent = MoveIntent { DirXPermille = 994, DirZPermille = -109, Gait = Run, FacingMdeg = 96240, IsMoving = True } }
205	68	MoveCommand { Actor = chr_01M3BMW7KN54EKH8FFGFYWVYVF, Intent = MoveIntent { DirXPermille = 994, DirZPermille = -110, Gait = Run, FacingMdeg = 96290, IsMoving = True } }
206	69	MoveCommand { Actor = chr_01M3BMW7KN54EKH8FFGFYWVYVF, Intent = MoveIntent { DirXPermille = 994, DirZPermille = -109, Gait = Run, FacingMdeg = 96284, IsMoving = True } }
207	70	MoveCommand { Actor = chr_01M3BMW7KN54EKH8FFGFYWVYVF, Intent = MoveIntent { DirXPermille = 994, DirZPermille = -110, Gait = Run, FacingMdeg = 96290, IsMoving = True } }
208	71	MoveCommand { Actor = chr_01M3BMW7KN54EKH8FFGFYWVYVF, Intent = MoveIntent { DirXPermille = 994, DirZPermille = -109, Gait = Run, FacingMdeg = 96285, IsMoving = True } }
209	72	MoveCommand { Actor = chr_01M3BMW7KN54EKH8FFGFYWVYVF, Intent = MoveIntent { DirXPermille = 994, DirZPermille = -110, Gait = Run, FacingMdeg = 96291, IsMoving = True } }
210	73	MoveCommand { Actor = chr_01M3BMW7KN54EKH8FFGFYWVYVF, Intent = MoveIntent { DirXPermille = 994, DirZPermille = -109, Gait = Run, FacingMdeg = 96285, IsMoving = True } }
211	74	MoveCommand { Actor = chr_01M3BMW7KN54EKH8FFGFYWVYVF, Intent = MoveIntent { DirXPermille = 994, DirZPermille = -110, Gait = Run, FacingMdeg = 96291, IsMoving = True } }
212	75	MoveCommand { Actor = chr_01M3BMW7KN54EKH8FFGFYWVYVF, Intent = MoveIntent { DirXPermille = 994, DirZPermille = -109, Gait = Run, FacingMdeg = 96285, IsMoving = True } }
213	76	MoveCommand { Actor = chr_01M3BMW7KN54EKH8FFGFYWVYVF, Intent = MoveIntent { DirXPermille = 994, DirZPermille = -110, Gait = Run, FacingMdeg = 96292, IsMoving = True } }
214	77	MoveCommand { Actor = chr_01M3BMW7KN54EKH8FFGFYWVYVF, Intent = MoveIntent { DirXPermille = 994, DirZPermille = -109, Gait = Run, FacingMdeg = 96286, IsMoving = True } }
215	78	MoveCommand { Actor = chr_01M3BMW7KN54EKH8FFGFYWVYVF, Intent = MoveIntent { DirXPermille = 994, DirZPermille = -110, Gait = Run, FacingMdeg = 96293, IsMoving = True } }
216	79	MoveCommand { Actor = chr_01M3BMW7KN54EKH8FFGFYWVYVF, Intent = MoveIntent { DirXPermille = 994, DirZPermille = -109, Gait = Run, FacingMdeg = 96286, IsMoving = True } }
217	80	MoveCommand { Actor = chr_01M3BMW7KN54EKH8FFGFYWVYVF, Intent = MoveIntent { DirXPermille = 994, DirZPermille = -110, Gait = Run, FacingMdeg = 96294, IsMoving = True } }
218	81	MoveCommand { Actor = chr_01M3BMW7KN54EKH8FFGFYWVYVF, Intent = MoveIntent { DirXPermille = 994, DirZPermille = -109, Gait = Run, FacingMdeg = 96286, IsMoving = True } }
219	82	MoveCommand { Actor = chr_01M3BMW7KN54EKH8FFGFYWVYVF, Intent = MoveIntent { DirXPermille = 994, DirZPermille = -110, Gait = Run, FacingMdeg = 96296, IsMoving = True } }
221	83	MoveCommand { Actor = chr_01M3BMW7KN54EKH8FFGFYWVYVF, Intent = MoveIntent { DirXPermille = 994, DirZPermille = -109, Gait = Run, FacingMdeg = 96277, IsMoving = True } }
222	84	MoveCommand { Actor = chr_01M3BMW7KN54EKH8FFGFYWVYVF, Intent = MoveIntent { DirXPermille = 994, DirZPermille = -110, Gait = Run, FacingMdeg = 96288, IsMoving = True } }
223	85	MoveCommand { Actor = chr_01M3BMW7KN54EKH8FFGFYWVYVF, Intent = MoveIntent { DirXPermille = 994, DirZPermille = -109, Gait = Run, FacingMdeg = 96277, IsMoving = True } }
224	86	MoveCommand { Actor = chr_01M3BMW7KN54EKH8FFGFYWVYVF, Intent = MoveIntent { DirXPermille = 994, DirZPermille = -110, Gait = Run, FacingMdeg = 96289, IsMoving = True } }
225	87	MoveCommand { Actor = chr_01M3BMW7KN54EKH8FFGFYWVYVF, Intent = MoveIntent { DirXPermille = 994, DirZPermille = -109, Gait = Run, FacingMdeg = 96276, IsMoving = True } }
226	88	MoveCommand { Actor = chr_01M3BMW7KN54EKH8FFGFYWVYVF, Intent = MoveIntent { DirXPermille = 994, DirZPermille = -110, Gait = Run, FacingMdeg = 96290, IsMoving = True } }
227	89	MoveCommand { Actor = chr_01M3BMW7KN54EKH8FFGFYWVYVF, Intent = MoveIntent { DirXPermille = 994, DirZPermille = -109, Gait = Run, FacingMdeg = 96275, IsMoving = True } }
228	90	MoveCommand { Actor = chr_01M3BMW7KN54EKH8FFGFYWVYVF, Intent = MoveIntent { DirXPermille = 994, DirZPermille = -110, Gait = Run, FacingMdeg = 96292, IsMoving = True } }
229	91	MoveCommand { Actor = chr_01M3BMW7KN54EKH8FFGFYWVYVF, Intent = MoveIntent { DirXPermille = 994, DirZPermille = -109, Gait = Run, FacingMdeg = 96274, IsMoving = True } }
230	92	MoveCommand { Actor = chr_01M3BMW7KN54EKH8FFGFYWVYVF, Intent = MoveIntent { DirXPermille = 994, DirZPermille = -110, Gait = Run, FacingMdeg = 96294, IsMoving = True } }
231	93	MoveCommand { Actor = chr_01M3BMW7KN54EKH8FFGFYWVYVF, Intent = MoveIntent { DirXPermille = 994, DirZPermille = -109, Gait = Run, FacingMdeg = 96273, IsMoving = True } }
232	94	MoveCommand { Actor = chr_01M3BMW7KN54EKH8FFGFYWVYVF, Intent = MoveIntent { DirXPermille = 994, DirZPermille = -110, Gait = Run, FacingMdeg = 96298, IsMoving = True } }
233	95	MoveCommand { Actor = chr_01M3BMW7KN54EKH8FFGFYWVYVF, Intent = MoveIntent { DirXPermille = 994, DirZPermille = -109, Gait = Run, FacingMdeg = 96270, IsMoving = True } }
234	96	MoveCommand { Actor = chr_01M3BMW7KN54EKH8FFGFYWVYVF, Intent = MoveIntent { DirXPermille = 994, DirZPermille = -110, Gait = Run, FacingMdeg = 96306, IsMoving = True } }
235	97	MoveCommand { Actor = chr_01M3BMW7KN54EKH8FFGFYWVYVF, Intent = MoveIntent { DirXPermille = 994, DirZPermille = -109, Gait = Run, FacingMdeg = 96263, IsMoving = True } }
237	98	MoveCommand { Actor = chr_01M3BMW7KN54EKH8FFGFYWVYVF, Intent = MoveIntent { DirXPermille = 1000, DirZPermille = -6, Gait = Run, FacingMdeg = 90329, IsMoving = True } }
247	99	MoveCommand { Actor = chr_01M3BMW7KN54EKH8FFGFYWVYVF, Intent = MoveIntent { DirXPermille = 1000, DirZPermille = -5, Gait = Run, FacingMdeg = 90315, IsMoving = True } }
260	100	MoveCommand { Actor = chr_01M3BMW7KN54EKH8FFGFYWVYVF, Intent = MoveIntent { DirXPermille = 1000, DirZPermille = -4, Gait = Run, FacingMdeg = 90250, IsMoving = True } }
263	101	MoveCommand { Actor = chr_01M3BMW7KN54EKH8FFGFYWVYVF, Intent = MoveIntent { DirXPermille = 1000, DirZPermille = -3, Gait = Run, FacingMdeg = 90192, IsMoving = True } }
264	102	MoveCommand { Actor = chr_01M3BMW7KN54EKH8FFGFYWVYVF, Intent = MoveIntent { DirXPermille = 1000, DirZPermille = -4, Gait = Run, FacingMdeg = 90234, IsMoving = True } }
265	103	MoveCommand { Actor = chr_01M3BMW7KN54EKH8FFGFYWVYVF, Intent = MoveIntent { DirXPermille = 1000, DirZPermille = -3, Gait = Run, FacingMdeg = 90199, IsMoving = True } }
267	104	MoveCommand { Actor = chr_01M3BMW7KN54EKH8FFGFYWVYVF, Intent = MoveIntent { DirXPermille = 85, DirZPermille = 996, Gait = Run, FacingMdeg = 4881, IsMoving = True } }
271	105	MoveCommand { Actor = chr_01M3BMW7KN54EKH8FFGFYWVYVF, Intent = MoveIntent { DirXPermille = 84, DirZPermille = 996, Gait = Run, FacingMdeg = 4840, IsMoving = True } }
272	106	MoveCommand { Actor = chr_01M3BMW7KN54EKH8FFGFYWVYVF, Intent = MoveIntent { DirXPermille = 85, DirZPermille = 996, Gait = Run, FacingMdeg = 4852, IsMoving = True } }
273	107	MoveCommand { Actor = chr_01M3BMW7KN54EKH8FFGFYWVYVF, Intent = MoveIntent { DirXPermille = 84, DirZPermille = 996, Gait = Run, FacingMdeg = 4838, IsMoving = True } }
274	108	MoveCommand { Actor = chr_01M3BMW7KN54EKH8FFGFYWVYVF, Intent = MoveIntent { DirXPermille = 85, DirZPermille = 996, Gait = Run, FacingMdeg = 4852, IsMoving = True } }
275	109	MoveCommand { Actor = chr_01M3BMW7KN54EKH8FFGFYWVYVF, Intent = MoveIntent { DirXPermille = 84, DirZPermille = 996, Gait = Run, FacingMdeg = 4835, IsMoving = True } }
276	110	MoveCommand { Actor = chr_01M3BMW7KN54EKH8FFGFYWVYVF, Intent = MoveIntent { DirXPermille = 85, DirZPermille = 996, Gait = Run, FacingMdeg = 4851, IsMoving = True } }
277	111	MoveCommand { Actor = chr_01M3BMW7KN54EKH8FFGFYWVYVF, Intent = MoveIntent { DirXPermille = 84, DirZPermille = 996, Gait = Run, FacingMdeg = 4831, IsMoving = True } }
278	112	MoveCommand { Actor = chr_01M3BMW7KN54EKH8FFGFYWVYVF, Intent = MoveIntent { DirXPermille = 85, DirZPermille = 996, Gait = Run, FacingMdeg = 4851, IsMoving = True } }
279	113	MoveCommand { Actor = chr_01M3BMW7KN54EKH8FFGFYWVYVF, Intent = MoveIntent { DirXPermille = 84, DirZPermille = 996, Gait = Run, FacingMdeg = 4825, IsMoving = True } }
280	114	MoveCommand { Actor = chr_01M3BMW7KN54EKH8FFGFYWVYVF, Intent = MoveIntent { DirXPermille = 85, DirZPermille = 996, Gait = Run, FacingMdeg = 4850, IsMoving = True } }
281	115	MoveCommand { Actor = chr_01M3BMW7KN54EKH8FFGFYWVYVF, Intent = MoveIntent { DirXPermille = 84, DirZPermille = 996, Gait = Run, FacingMdeg = 4813, IsMoving = True } }
282	116	MoveCommand { Actor = chr_01M3BMW7KN54EKH8FFGFYWVYVF, Intent = MoveIntent { DirXPermille = 85, DirZPermille = 996, Gait = Run, FacingMdeg = 4849, IsMoving = True } }
284	117	MoveCommand { Actor = chr_01M3BMW7KN54EKH8FFGFYWVYVF, Intent = MoveIntent { DirXPermille = 0, DirZPermille = 0, Gait = Run, FacingMdeg = 4849, IsMoving = False } }
284	118	InteractCommand { Actor = chr_01M3BMW7KN54EKH8FFGFYWVYVF, TargetKey = door.forge_shed }
286	119	MoveCommand { Actor = chr_01M3BMW7KN54EKH8FFGFYWVYVF, Intent = MoveIntent { DirXPermille = 978, DirZPermille = -210, Gait = Run, FacingMdeg = 102094, IsMoving = True } }
287	120	MoveCommand { Actor = chr_01M3BMW7KN54EKH8FFGFYWVYVF, Intent = MoveIntent { DirXPermille = 978, DirZPermille = -209, Gait = Run, FacingMdeg = 102091, IsMoving = True } }
288	121	MoveCommand { Actor = chr_01M3BMW7KN54EKH8FFGFYWVYVF, Intent = MoveIntent { DirXPermille = 978, DirZPermille = -210, Gait = Run, FacingMdeg = 102093, IsMoving = True } }
289	122	MoveCommand { Actor = chr_01M3BMW7KN54EKH8FFGFYWVYVF, Intent = MoveIntent { DirXPermille = 978, DirZPermille = -209, Gait = Run, FacingMdeg = 102090, IsMoving = True } }
291	123	MoveCommand { Actor = chr_01M3BMW7KN54EKH8FFGFYWVYVF, Intent = MoveIntent { DirXPermille = 978, DirZPermille = -210, Gait = Run, FacingMdeg = 102095, IsMoving = True } }
292	124	MoveCommand { Actor = chr_01M3BMW7KN54EKH8FFGFYWVYVF, Intent = MoveIntent { DirXPermille = 978, DirZPermille = -209, Gait = Run, FacingMdeg = 102091, IsMoving = True } }
293	125	MoveCommand { Actor = chr_01M3BMW7KN54EKH8FFGFYWVYVF, Intent = MoveIntent { DirXPermille = 977, DirZPermille = -214, Gait = Run, FacingMdeg = 102341, IsMoving = True } }
294	126	MoveCommand { Actor = chr_01M3BMW7KN54EKH8FFGFYWVYVF, Intent = MoveIntent { DirXPermille = 975, DirZPermille = -221, Gait = Run, FacingMdeg = 102780, IsMoving = True } }
295	127	MoveCommand { Actor = chr_01M3BMW7KN54EKH8FFGFYWVYVF, Intent = MoveIntent { DirXPermille = 974, DirZPermille = -225, Gait = Run, FacingMdeg = 103008, IsMoving = True } }
296	128	MoveCommand { Actor = chr_01M3BMW7KN54EKH8FFGFYWVYVF, Intent = MoveIntent { DirXPermille = 973, DirZPermille = -229, Gait = Run, FacingMdeg = 103244, IsMoving = True } }
297	129	MoveCommand { Actor = chr_01M3BMW7KN54EKH8FFGFYWVYVF, Intent = MoveIntent { DirXPermille = 973, DirZPermille = -232, Gait = Run, FacingMdeg = 103439, IsMoving = True } }
300	130	MoveCommand { Actor = chr_01M3BMW7KN54EKH8FFGFYWVYVF, Intent = MoveIntent { DirXPermille = 973, DirZPermille = -233, Gait = Run, FacingMdeg = 103445, IsMoving = True } }
310	131	MoveCommand { Actor = chr_01M3BMW7KN54EKH8FFGFYWVYVF, Intent = MoveIntent { DirXPermille = 972, DirZPermille = -233, Gait = Run, FacingMdeg = 103471, IsMoving = True } }
318	132	MoveCommand { Actor = chr_01M3BMW7KN54EKH8FFGFYWVYVF, Intent = MoveIntent { DirXPermille = 972, DirZPermille = -234, Gait = Run, FacingMdeg = 103504, IsMoving = True } }
327	133	MoveCommand { Actor = chr_01M3BMW7KN54EKH8FFGFYWVYVF, Intent = MoveIntent { DirXPermille = 972, DirZPermille = -235, Gait = Run, FacingMdeg = 103569, IsMoving = True } }
329	134	MoveCommand { Actor = chr_01M3BMW7KN54EKH8FFGFYWVYVF, Intent = MoveIntent { DirXPermille = 972, DirZPermille = -234, Gait = Run, FacingMdeg = 103557, IsMoving = True } }
330	135	MoveCommand { Actor = chr_01M3BMW7KN54EKH8FFGFYWVYVF, Intent = MoveIntent { DirXPermille = 972, DirZPermille = -235, Gait = Run, FacingMdeg = 103569, IsMoving = True } }
331	136	MoveCommand { Actor = chr_01M3BMW7KN54EKH8FFGFYWVYVF, Intent = MoveIntent { DirXPermille = 972, DirZPermille = -234, Gait = Run, FacingMdeg = 103562, IsMoving = True } }
332	137	MoveCommand { Actor = chr_01M3BMW7KN54EKH8FFGFYWVYVF, Intent = MoveIntent { DirXPermille = 972, DirZPermille = -235, Gait = Run, FacingMdeg = 103575, IsMoving = True } }
334	138	MoveCommand { Actor = chr_01M3BMW7KN54EKH8FFGFYWVYVF, Intent = MoveIntent { DirXPermille = 972, DirZPermille = -234, Gait = Run, FacingMdeg = 103559, IsMoving = True } }
335	139	MoveCommand { Actor = chr_01M3BMW7KN54EKH8FFGFYWVYVF, Intent = MoveIntent { DirXPermille = 972, DirZPermille = -235, Gait = Run, FacingMdeg = 103575, IsMoving = True } }
337	140	MoveCommand { Actor = chr_01M3BMW7KN54EKH8FFGFYWVYVF, Intent = MoveIntent { DirXPermille = 972, DirZPermille = -234, Gait = Run, FacingMdeg = 103556, IsMoving = True } }
338	141	MoveCommand { Actor = chr_01M3BMW7KN54EKH8FFGFYWVYVF, Intent = MoveIntent { DirXPermille = 972, DirZPermille = -235, Gait = Run, FacingMdeg = 103575, IsMoving = True } }
341	142	MoveCommand { Actor = chr_01M3BMW7KN54EKH8FFGFYWVYVF, Intent = MoveIntent { DirXPermille = 0, DirZPermille = 0, Gait = Run, FacingMdeg = 103575, IsMoving = False } }
341	143	TalkCommand { Actor = chr_01M3BMW7KN54EKH8FFGFYWVYVF, NpcId = npc.ashen_hollow.kera_voss }
342	144	ChooseCommand { Actor = chr_01M3BMW7KN54EKH8FFGFYWVYVF, ReplyId = teach }
350	145	ChooseCommand { Actor = chr_01M3BMW7KN54EKH8FFGFYWVYVF, ReplyId = thanks }
358	146	LeaveCommand { Actor = chr_01M3BMW7KN54EKH8FFGFYWVYVF }
366	147	MoveCommand { Actor = chr_01M3BMW7KN54EKH8FFGFYWVYVF, Intent = MoveIntent { DirXPermille = -971, DirZPermille = 238, Gait = Run, FacingMdeg = 283794, IsMoving = True } }
375	148	MoveCommand { Actor = chr_01M3BMW7KN54EKH8FFGFYWVYVF, Intent = MoveIntent { DirXPermille = -971, DirZPermille = 239, Gait = Run, FacingMdeg = 283798, IsMoving = True } }
409	149	MoveCommand { Actor = chr_01M3BMW7KN54EKH8FFGFYWVYVF, Intent = MoveIntent { DirXPermille = -971, DirZPermille = 240, Gait = Run, FacingMdeg = 283864, IsMoving = True } }
414	150	MoveCommand { Actor = chr_01M3BMW7KN54EKH8FFGFYWVYVF, Intent = MoveIntent { DirXPermille = -971, DirZPermille = 241, Gait = Run, FacingMdeg = 283926, IsMoving = True } }
415	151	MoveCommand { Actor = chr_01M3BMW7KN54EKH8FFGFYWVYVF, Intent = MoveIntent { DirXPermille = -971, DirZPermille = 240, Gait = Run, FacingMdeg = 283894, IsMoving = True } }
416	152	MoveCommand { Actor = chr_01M3BMW7KN54EKH8FFGFYWVYVF, Intent = MoveIntent { DirXPermille = -971, DirZPermille = 241, Gait = Run, FacingMdeg = 283917, IsMoving = True } }
417	153	MoveCommand { Actor = chr_01M3BMW7KN54EKH8FFGFYWVYVF, Intent = MoveIntent { DirXPermille = -971, DirZPermille = 240, Gait = Run, FacingMdeg = 283867, IsMoving = True } }
419	154	MoveCommand { Actor = chr_01M3BMW7KN54EKH8FFGFYWVYVF, Intent = MoveIntent { DirXPermille = -55, DirZPermille = -998, Gait = Run, FacingMdeg = 183152, IsMoving = True } }
426	155	MoveCommand { Actor = chr_01M3BMW7KN54EKH8FFGFYWVYVF, Intent = MoveIntent { DirXPermille = -55, DirZPermille = -999, Gait = Run, FacingMdeg = 183137, IsMoving = True } }
430	156	MoveCommand { Actor = chr_01M3BMW7KN54EKH8FFGFYWVYVF, Intent = MoveIntent { DirXPermille = -54, DirZPermille = -999, Gait = Run, FacingMdeg = 183124, IsMoving = True } }
440	157	MoveCommand { Actor = chr_01M3BMW7KN54EKH8FFGFYWVYVF, Intent = MoveIntent { DirXPermille = -53, DirZPermille = -999, Gait = Run, FacingMdeg = 183064, IsMoving = True } }
441	158	MoveCommand { Actor = chr_01M3BMW7KN54EKH8FFGFYWVYVF, Intent = MoveIntent { DirXPermille = -54, DirZPermille = -999, Gait = Run, FacingMdeg = 183078, IsMoving = True } }
443	159	MoveCommand { Actor = chr_01M3BMW7KN54EKH8FFGFYWVYVF, Intent = MoveIntent { DirXPermille = -53, DirZPermille = -999, Gait = Run, FacingMdeg = 183056, IsMoving = True } }
444	160	MoveCommand { Actor = chr_01M3BMW7KN54EKH8FFGFYWVYVF, Intent = MoveIntent { DirXPermille = -54, DirZPermille = -999, Gait = Run, FacingMdeg = 183072, IsMoving = True } }
445	161	MoveCommand { Actor = chr_01M3BMW7KN54EKH8FFGFYWVYVF, Intent = MoveIntent { DirXPermille = -53, DirZPermille = -999, Gait = Run, FacingMdeg = 183059, IsMoving = True } }
446	162	MoveCommand { Actor = chr_01M3BMW7KN54EKH8FFGFYWVYVF, Intent = MoveIntent { DirXPermille = -54, DirZPermille = -999, Gait = Run, FacingMdeg = 183079, IsMoving = True } }
447	163	MoveCommand { Actor = chr_01M3BMW7KN54EKH8FFGFYWVYVF, Intent = MoveIntent { DirXPermille = -53, DirZPermille = -999, Gait = Run, FacingMdeg = 183063, IsMoving = True } }
448	164	MoveCommand { Actor = chr_01M3BMW7KN54EKH8FFGFYWVYVF, Intent = MoveIntent { DirXPermille = -54, DirZPermille = -999, Gait = Run, FacingMdeg = 183088, IsMoving = True } }
450	165	MoveCommand { Actor = chr_01M3BMW7KN54EKH8FFGFYWVYVF, Intent = MoveIntent { DirXPermille = -53, DirZPermille = -999, Gait = Run, FacingMdeg = 183044, IsMoving = True } }
451	166	MoveCommand { Actor = chr_01M3BMW7KN54EKH8FFGFYWVYVF, Intent = MoveIntent { DirXPermille = -54, DirZPermille = -999, Gait = Run, FacingMdeg = 183081, IsMoving = True } }
452	167	MoveCommand { Actor = chr_01M3BMW7KN54EKH8FFGFYWVYVF, Intent = MoveIntent { DirXPermille = -53, DirZPermille = -999, Gait = Run, FacingMdeg = 183046, IsMoving = True } }
454	168	MoveCommand { Actor = chr_01M3BMW7KN54EKH8FFGFYWVYVF, Intent = MoveIntent { DirXPermille = 1000, DirZPermille = -24, Gait = Run, FacingMdeg = 91386, IsMoving = True } }
493	169	MoveCommand { Actor = chr_01M3BMW7KN54EKH8FFGFYWVYVF, Intent = MoveIntent { DirXPermille = 1000, DirZPermille = -23, Gait = Run, FacingMdeg = 91345, IsMoving = True } }
510	170	MoveCommand { Actor = chr_01M3BMW7KN54EKH8FFGFYWVYVF, Intent = MoveIntent { DirXPermille = 1000, DirZPermille = -22, Gait = Run, FacingMdeg = 91289, IsMoving = True } }
518	171	MoveCommand { Actor = chr_01M3BMW7KN54EKH8FFGFYWVYVF, Intent = MoveIntent { DirXPermille = 1000, DirZPermille = -21, Gait = Run, FacingMdeg = 91227, IsMoving = True } }
519	172	MoveCommand { Actor = chr_01M3BMW7KN54EKH8FFGFYWVYVF, Intent = MoveIntent { DirXPermille = 1000, DirZPermille = -22, Gait = Run, FacingMdeg = 91236, IsMoving = True } }
520	173	MoveCommand { Actor = chr_01M3BMW7KN54EKH8FFGFYWVYVF, Intent = MoveIntent { DirXPermille = 1000, DirZPermille = -21, Gait = Run, FacingMdeg = 91224, IsMoving = True } }
521	174	MoveCommand { Actor = chr_01M3BMW7KN54EKH8FFGFYWVYVF, Intent = MoveIntent { DirXPermille = 1000, DirZPermille = -22, Gait = Run, FacingMdeg = 91233, IsMoving = True } }
522	175	MoveCommand { Actor = chr_01M3BMW7KN54EKH8FFGFYWVYVF, Intent = MoveIntent { DirXPermille = 1000, DirZPermille = -21, Gait = Run, FacingMdeg = 91219, IsMoving = True } }
524	176	MoveCommand { Actor = chr_01M3BMW7KN54EKH8FFGFYWVYVF, Intent = MoveIntent { DirXPermille = 1000, DirZPermille = -22, Gait = Run, FacingMdeg = 91243, IsMoving = True } }
525	177	MoveCommand { Actor = chr_01M3BMW7KN54EKH8FFGFYWVYVF, Intent = MoveIntent { DirXPermille = 1000, DirZPermille = -21, Gait = Run, FacingMdeg = 91226, IsMoving = True } }
526	178	MoveCommand { Actor = chr_01M3BMW7KN54EKH8FFGFYWVYVF, Intent = MoveIntent { DirXPermille = 1000, DirZPermille = -22, Gait = Run, FacingMdeg = 91241, IsMoving = True } }
527	179	MoveCommand { Actor = chr_01M3BMW7KN54EKH8FFGFYWVYVF, Intent = MoveIntent { DirXPermille = 1000, DirZPermille = -21, Gait = Run, FacingMdeg = 91220, IsMoving = True } }
528	180	MoveCommand { Actor = chr_01M3BMW7KN54EKH8FFGFYWVYVF, Intent = MoveIntent { DirXPermille = 1000, DirZPermille = -22, Gait = Run, FacingMdeg = 91238, IsMoving = True } }
529	181	MoveCommand { Actor = chr_01M3BMW7KN54EKH8FFGFYWVYVF, Intent = MoveIntent { DirXPermille = 1000, DirZPermille = -21, Gait = Run, FacingMdeg = 91212, IsMoving = True } }
530	182	MoveCommand { Actor = chr_01M3BMW7KN54EKH8FFGFYWVYVF, Intent = MoveIntent { DirXPermille = 1000, DirZPermille = -22, Gait = Run, FacingMdeg = 91233, IsMoving = True } }
531	183	MoveCommand { Actor = chr_01M3BMW7KN54EKH8FFGFYWVYVF, Intent = MoveIntent { DirXPermille = 1000, DirZPermille = -21, Gait = Run, FacingMdeg = 91196, IsMoving = True } }
533	184	MoveCommand { Actor = chr_01M3BMW7KN54EKH8FFGFYWVYVF, Intent = MoveIntent { DirXPermille = 1000, DirZPermille = -22, Gait = Run, FacingMdeg = 91268, IsMoving = True } }
535	185	MoveCommand { Actor = chr_01M3BMW7KN54EKH8FFGFYWVYVF, Intent = MoveIntent { DirXPermille = 932, DirZPermille = 361, Gait = Run, FacingMdeg = 68824, IsMoving = True } }
542	186	MoveCommand { Actor = chr_01M3BMW7KN54EKH8FFGFYWVYVF, Intent = MoveIntent { DirXPermille = 933, DirZPermille = 361, Gait = Run, FacingMdeg = 68828, IsMoving = True } }
586	187	MoveCommand { Actor = chr_01M3BMW7KN54EKH8FFGFYWVYVF, Intent = MoveIntent { DirXPermille = 933, DirZPermille = 360, Gait = Run, FacingMdeg = 68869, IsMoving = True } }
619	188	MoveCommand { Actor = chr_01M3BMW7KN54EKH8FFGFYWVYVF, Intent = MoveIntent { DirXPermille = 933, DirZPermille = 359, Gait = Run, FacingMdeg = 68933, IsMoving = True } }
621	189	MoveCommand { Actor = chr_01M3BMW7KN54EKH8FFGFYWVYVF, Intent = MoveIntent { DirXPermille = 933, DirZPermille = 360, Gait = Run, FacingMdeg = 68929, IsMoving = True } }
622	190	MoveCommand { Actor = chr_01M3BMW7KN54EKH8FFGFYWVYVF, Intent = MoveIntent { DirXPermille = 933, DirZPermille = 359, Gait = Run, FacingMdeg = 68932, IsMoving = True } }
623	191	MoveCommand { Actor = chr_01M3BMW7KN54EKH8FFGFYWVYVF, Intent = MoveIntent { DirXPermille = 933, DirZPermille = 360, Gait = Run, FacingMdeg = 68930, IsMoving = True } }
624	192	MoveCommand { Actor = chr_01M3BMW7KN54EKH8FFGFYWVYVF, Intent = MoveIntent { DirXPermille = 933, DirZPermille = 359, Gait = Run, FacingMdeg = 68933, IsMoving = True } }
626	193	MoveCommand { Actor = chr_01M3BMW7KN54EKH8FFGFYWVYVF, Intent = MoveIntent { DirXPermille = 933, DirZPermille = 360, Gait = Run, FacingMdeg = 68929, IsMoving = True } }
627	194	MoveCommand { Actor = chr_01M3BMW7KN54EKH8FFGFYWVYVF, Intent = MoveIntent { DirXPermille = 933, DirZPermille = 359, Gait = Run, FacingMdeg = 68932, IsMoving = True } }
628	195	MoveCommand { Actor = chr_01M3BMW7KN54EKH8FFGFYWVYVF, Intent = MoveIntent { DirXPermille = 933, DirZPermille = 360, Gait = Run, FacingMdeg = 68930, IsMoving = True } }
629	196	MoveCommand { Actor = chr_01M3BMW7KN54EKH8FFGFYWVYVF, Intent = MoveIntent { DirXPermille = 933, DirZPermille = 359, Gait = Run, FacingMdeg = 68933, IsMoving = True } }
631	197	MoveCommand { Actor = chr_01M3BMW7KN54EKH8FFGFYWVYVF, Intent = MoveIntent { DirXPermille = 933, DirZPermille = 360, Gait = Run, FacingMdeg = 68929, IsMoving = True } }
632	198	MoveCommand { Actor = chr_01M3BMW7KN54EKH8FFGFYWVYVF, Intent = MoveIntent { DirXPermille = 933, DirZPermille = 359, Gait = Run, FacingMdeg = 68932, IsMoving = True } }
633	199	MoveCommand { Actor = chr_01M3BMW7KN54EKH8FFGFYWVYVF, Intent = MoveIntent { DirXPermille = 933, DirZPermille = 360, Gait = Run, FacingMdeg = 68930, IsMoving = True } }
634	200	MoveCommand { Actor = chr_01M3BMW7KN54EKH8FFGFYWVYVF, Intent = MoveIntent { DirXPermille = 933, DirZPermille = 359, Gait = Run, FacingMdeg = 68933, IsMoving = True } }
636	201	MoveCommand { Actor = chr_01M3BMW7KN54EKH8FFGFYWVYVF, Intent = MoveIntent { DirXPermille = 933, DirZPermille = 360, Gait = Run, FacingMdeg = 68929, IsMoving = True } }
637	202	MoveCommand { Actor = chr_01M3BMW7KN54EKH8FFGFYWVYVF, Intent = MoveIntent { DirXPermille = 933, DirZPermille = 359, Gait = Run, FacingMdeg = 68932, IsMoving = True } }
638	203	MoveCommand { Actor = chr_01M3BMW7KN54EKH8FFGFYWVYVF, Intent = MoveIntent { DirXPermille = 933, DirZPermille = 360, Gait = Run, FacingMdeg = 68930, IsMoving = True } }
639	204	MoveCommand { Actor = chr_01M3BMW7KN54EKH8FFGFYWVYVF, Intent = MoveIntent { DirXPermille = 933, DirZPermille = 359, Gait = Run, FacingMdeg = 68934, IsMoving = True } }
641	205	MoveCommand { Actor = chr_01M3BMW7KN54EKH8FFGFYWVYVF, Intent = MoveIntent { DirXPermille = 933, DirZPermille = 360, Gait = Run, FacingMdeg = 68928, IsMoving = True } }
642	206	MoveCommand { Actor = chr_01M3BMW7KN54EKH8FFGFYWVYVF, Intent = MoveIntent { DirXPermille = 933, DirZPermille = 359, Gait = Run, FacingMdeg = 68932, IsMoving = True } }
643	207	MoveCommand { Actor = chr_01M3BMW7KN54EKH8FFGFYWVYVF, Intent = MoveIntent { DirXPermille = 933, DirZPermille = 360, Gait = Run, FacingMdeg = 68930, IsMoving = True } }
644	208	MoveCommand { Actor = chr_01M3BMW7KN54EKH8FFGFYWVYVF, Intent = MoveIntent { DirXPermille = 933, DirZPermille = 359, Gait = Run, FacingMdeg = 68934, IsMoving = True } }
646	209	MoveCommand { Actor = chr_01M3BMW7KN54EKH8FFGFYWVYVF, Intent = MoveIntent { DirXPermille = 933, DirZPermille = 360, Gait = Run, FacingMdeg = 68928, IsMoving = True } }
647	210	MoveCommand { Actor = chr_01M3BMW7KN54EKH8FFGFYWVYVF, Intent = MoveIntent { DirXPermille = 933, DirZPermille = 359, Gait = Run, FacingMdeg = 68933, IsMoving = True } }
648	211	MoveCommand { Actor = chr_01M3BMW7KN54EKH8FFGFYWVYVF, Intent = MoveIntent { DirXPermille = 933, DirZPermille = 360, Gait = Run, FacingMdeg = 68929, IsMoving = True } }
649	212	MoveCommand { Actor = chr_01M3BMW7KN54EKH8FFGFYWVYVF, Intent = MoveIntent { DirXPermille = 933, DirZPermille = 359, Gait = Run, FacingMdeg = 68934, IsMoving = True } }
651	213	MoveCommand { Actor = chr_01M3BMW7KN54EKH8FFGFYWVYVF, Intent = MoveIntent { DirXPermille = 933, DirZPermille = 360, Gait = Run, FacingMdeg = 68928, IsMoving = True } }
652	214	MoveCommand { Actor = chr_01M3BMW7KN54EKH8FFGFYWVYVF, Intent = MoveIntent { DirXPermille = 933, DirZPermille = 359, Gait = Run, FacingMdeg = 68933, IsMoving = True } }
653	215	MoveCommand { Actor = chr_01M3BMW7KN54EKH8FFGFYWVYVF, Intent = MoveIntent { DirXPermille = 933, DirZPermille = 360, Gait = Run, FacingMdeg = 68929, IsMoving = True } }
654	216	MoveCommand { Actor = chr_01M3BMW7KN54EKH8FFGFYWVYVF, Intent = MoveIntent { DirXPermille = 933, DirZPermille = 359, Gait = Run, FacingMdeg = 68935, IsMoving = True } }
656	217	MoveCommand { Actor = chr_01M3BMW7KN54EKH8FFGFYWVYVF, Intent = MoveIntent { DirXPermille = 933, DirZPermille = 360, Gait = Run, FacingMdeg = 68927, IsMoving = True } }
657	218	MoveCommand { Actor = chr_01M3BMW7KN54EKH8FFGFYWVYVF, Intent = MoveIntent { DirXPermille = 933, DirZPermille = 359, Gait = Run, FacingMdeg = 68933, IsMoving = True } }
658	219	MoveCommand { Actor = chr_01M3BMW7KN54EKH8FFGFYWVYVF, Intent = MoveIntent { DirXPermille = 933, DirZPermille = 360, Gait = Run, FacingMdeg = 68929, IsMoving = True } }
659	220	MoveCommand { Actor = chr_01M3BMW7KN54EKH8FFGFYWVYVF, Intent = MoveIntent { DirXPermille = 933, DirZPermille = 359, Gait = Run, FacingMdeg = 68935, IsMoving = True } }
661	221	MoveCommand { Actor = chr_01M3BMW7KN54EKH8FFGFYWVYVF, Intent = MoveIntent { DirXPermille = 933, DirZPermille = 360, Gait = Run, FacingMdeg = 68926, IsMoving = True } }
662	222	MoveCommand { Actor = chr_01M3BMW7KN54EKH8FFGFYWVYVF, Intent = MoveIntent { DirXPermille = 933, DirZPermille = 359, Gait = Run, FacingMdeg = 68933, IsMoving = True } }
663	223	MoveCommand { Actor = chr_01M3BMW7KN54EKH8FFGFYWVYVF, Intent = MoveIntent { DirXPermille = 933, DirZPermille = 360, Gait = Run, FacingMdeg = 68928, IsMoving = True } }
664	224	MoveCommand { Actor = chr_01M3BMW7KN54EKH8FFGFYWVYVF, Intent = MoveIntent { DirXPermille = 933, DirZPermille = 359, Gait = Run, FacingMdeg = 68936, IsMoving = True } }
666	225	MoveCommand { Actor = chr_01M3BMW7KN54EKH8FFGFYWVYVF, Intent = MoveIntent { DirXPermille = 933, DirZPermille = 360, Gait = Run, FacingMdeg = 68925, IsMoving = True } }
667	226	MoveCommand { Actor = chr_01M3BMW7KN54EKH8FFGFYWVYVF, Intent = MoveIntent { DirXPermille = 933, DirZPermille = 359, Gait = Run, FacingMdeg = 68933, IsMoving = True } }
668	227	MoveCommand { Actor = chr_01M3BMW7KN54EKH8FFGFYWVYVF, Intent = MoveIntent { DirXPermille = 933, DirZPermille = 360, Gait = Run, FacingMdeg = 68928, IsMoving = True } }
669	228	MoveCommand { Actor = chr_01M3BMW7KN54EKH8FFGFYWVYVF, Intent = MoveIntent { DirXPermille = 933, DirZPermille = 359, Gait = Run, FacingMdeg = 68937, IsMoving = True } }
670	229	MoveCommand { Actor = chr_01M3BMW7KN54EKH8FFGFYWVYVF, Intent = MoveIntent { DirXPermille = 933, DirZPermille = 360, Gait = Run, FacingMdeg = 68930, IsMoving = True } }
671	230	MoveCommand { Actor = chr_01M3BMW7KN54EKH8FFGFYWVYVF, Intent = MoveIntent { DirXPermille = 933, DirZPermille = 359, Gait = Run, FacingMdeg = 68940, IsMoving = True } }
673	231	MoveCommand { Actor = chr_01M3BMW7KN54EKH8FFGFYWVYVF, Intent = MoveIntent { DirXPermille = 933, DirZPermille = 360, Gait = Run, FacingMdeg = 68926, IsMoving = True } }
674	232	MoveCommand { Actor = chr_01M3BMW7KN54EKH8FFGFYWVYVF, Intent = MoveIntent { DirXPermille = 933, DirZPermille = 359, Gait = Run, FacingMdeg = 68938, IsMoving = True } }
675	233	MoveCommand { Actor = chr_01M3BMW7KN54EKH8FFGFYWVYVF, Intent = MoveIntent { DirXPermille = 933, DirZPermille = 360, Gait = Run, FacingMdeg = 68930, IsMoving = True } }
676	234	MoveCommand { Actor = chr_01M3BMW7KN54EKH8FFGFYWVYVF, Intent = MoveIntent { DirXPermille = 933, DirZPermille = 359, Gait = Run, FacingMdeg = 68943, IsMoving = True } }
678	235	MoveCommand { Actor = chr_01M3BMW7KN54EKH8FFGFYWVYVF, Intent = MoveIntent { DirXPermille = 933, DirZPermille = 360, Gait = Run, FacingMdeg = 68924, IsMoving = True } }
679	236	MoveCommand { Actor = chr_01M3BMW7KN54EKH8FFGFYWVYVF, Intent = MoveIntent { DirXPermille = 933, DirZPermille = 359, Gait = Run, FacingMdeg = 68941, IsMoving = True } }
680	237	MoveCommand { Actor = chr_01M3BMW7KN54EKH8FFGFYWVYVF, Intent = MoveIntent { DirXPermille = 933, DirZPermille = 360, Gait = Run, FacingMdeg = 68929, IsMoving = True } }
681	238	MoveCommand { Actor = chr_01M3BMW7KN54EKH8FFGFYWVYVF, Intent = MoveIntent { DirXPermille = 933, DirZPermille = 359, Gait = Run, FacingMdeg = 68949, IsMoving = True } }
683	239	MoveCommand { Actor = chr_01M3BMW7KN54EKH8FFGFYWVYVF, Intent = MoveIntent { DirXPermille = 933, DirZPermille = 360, Gait = Run, FacingMdeg = 68920, IsMoving = True } }
684	240	MoveCommand { Actor = chr_01M3BMW7KN54EKH8FFGFYWVYVF, Intent = MoveIntent { DirXPermille = 933, DirZPermille = 359, Gait = Run, FacingMdeg = 68947, IsMoving = True } }
685	241	MoveCommand { Actor = chr_01M3BMW7KN54EKH8FFGFYWVYVF, Intent = MoveIntent { DirXPermille = 933, DirZPermille = 360, Gait = Run, FacingMdeg = 68927, IsMoving = True } }
686	242	MoveCommand { Actor = chr_01M3BMW7KN54EKH8FFGFYWVYVF, Intent = MoveIntent { DirXPermille = 933, DirZPermille = 359, Gait = Run, FacingMdeg = 68968, IsMoving = True } }
689	243	MoveCommand { Actor = chr_01M3BMW7KN54EKH8FFGFYWVYVF, Intent = MoveIntent { DirXPermille = 0, DirZPermille = 0, Gait = Run, FacingMdeg = 68968, IsMoving = False } }
690	244	MoveCommand { Actor = chr_01M3BMW7KN54EKH8FFGFYWVYVF, Intent = MoveIntent { DirXPermille = 988, DirZPermille = 151, Gait = Run, FacingMdeg = 81288, IsMoving = True } }
694	245	MoveCommand { Actor = chr_01M3BMW7KN54EKH8FFGFYWVYVF, Intent = MoveIntent { DirXPermille = 988, DirZPermille = 152, Gait = Run, FacingMdeg = 81286, IsMoving = True } }
748	246	MoveCommand { Actor = chr_01M3BMW7KN54EKH8FFGFYWVYVF, Intent = MoveIntent { DirXPermille = 988, DirZPermille = 153, Gait = Run, FacingMdeg = 81226, IsMoving = True } }
769	247	MoveCommand { Actor = chr_01M3BMW7KN54EKH8FFGFYWVYVF, Intent = MoveIntent { DirXPermille = 988, DirZPermille = 154, Gait = Run, FacingMdeg = 81168, IsMoving = True } }
770	248	MoveCommand { Actor = chr_01M3BMW7KN54EKH8FFGFYWVYVF, Intent = MoveIntent { DirXPermille = 988, DirZPermille = 153, Gait = Run, FacingMdeg = 81172, IsMoving = True } }
771	249	MoveCommand { Actor = chr_01M3BMW7KN54EKH8FFGFYWVYVF, Intent = MoveIntent { DirXPermille = 988, DirZPermille = 154, Gait = Run, FacingMdeg = 81167, IsMoving = True } }
772	250	MoveCommand { Actor = chr_01M3BMW7KN54EKH8FFGFYWVYVF, Intent = MoveIntent { DirXPermille = 988, DirZPermille = 153, Gait = Run, FacingMdeg = 81171, IsMoving = True } }
773	251	MoveCommand { Actor = chr_01M3BMW7KN54EKH8FFGFYWVYVF, Intent = MoveIntent { DirXPermille = 988, DirZPermille = 154, Gait = Run, FacingMdeg = 81167, IsMoving = True } }
774	252	MoveCommand { Actor = chr_01M3BMW7KN54EKH8FFGFYWVYVF, Intent = MoveIntent { DirXPermille = 988, DirZPermille = 153, Gait = Run, FacingMdeg = 81170, IsMoving = True } }
775	253	MoveCommand { Actor = chr_01M3BMW7KN54EKH8FFGFYWVYVF, Intent = MoveIntent { DirXPermille = 988, DirZPermille = 154, Gait = Run, FacingMdeg = 81166, IsMoving = True } }
777	254	MoveCommand { Actor = chr_01M3BMW7KN54EKH8FFGFYWVYVF, Intent = MoveIntent { DirXPermille = 988, DirZPermille = 153, Gait = Run, FacingMdeg = 81173, IsMoving = True } }
778	255	MoveCommand { Actor = chr_01M3BMW7KN54EKH8FFGFYWVYVF, Intent = MoveIntent { DirXPermille = 988, DirZPermille = 154, Gait = Run, FacingMdeg = 81169, IsMoving = True } }
779	256	MoveCommand { Actor = chr_01M3BMW7KN54EKH8FFGFYWVYVF, Intent = MoveIntent { DirXPermille = 988, DirZPermille = 153, Gait = Run, FacingMdeg = 81173, IsMoving = True } }
780	257	MoveCommand { Actor = chr_01M3BMW7KN54EKH8FFGFYWVYVF, Intent = MoveIntent { DirXPermille = 988, DirZPermille = 154, Gait = Run, FacingMdeg = 81168, IsMoving = True } }
781	258	MoveCommand { Actor = chr_01M3BMW7KN54EKH8FFGFYWVYVF, Intent = MoveIntent { DirXPermille = 988, DirZPermille = 153, Gait = Run, FacingMdeg = 81172, IsMoving = True } }
782	259	MoveCommand { Actor = chr_01M3BMW7KN54EKH8FFGFYWVYVF, Intent = MoveIntent { DirXPermille = 988, DirZPermille = 154, Gait = Run, FacingMdeg = 81167, IsMoving = True } }
783	260	MoveCommand { Actor = chr_01M3BMW7KN54EKH8FFGFYWVYVF, Intent = MoveIntent { DirXPermille = 988, DirZPermille = 153, Gait = Run, FacingMdeg = 81171, IsMoving = True } }
784	261	MoveCommand { Actor = chr_01M3BMW7KN54EKH8FFGFYWVYVF, Intent = MoveIntent { DirXPermille = 988, DirZPermille = 154, Gait = Run, FacingMdeg = 81166, IsMoving = True } }
785	262	MoveCommand { Actor = chr_01M3BMW7KN54EKH8FFGFYWVYVF, Intent = MoveIntent { DirXPermille = 988, DirZPermille = 153, Gait = Run, FacingMdeg = 81170, IsMoving = True } }
786	263	MoveCommand { Actor = chr_01M3BMW7KN54EKH8FFGFYWVYVF, Intent = MoveIntent { DirXPermille = 988, DirZPermille = 154, Gait = Run, FacingMdeg = 81165, IsMoving = True } }
788	264	MoveCommand { Actor = chr_01M3BMW7KN54EKH8FFGFYWVYVF, Intent = MoveIntent { DirXPermille = 988, DirZPermille = 153, Gait = Run, FacingMdeg = 81175, IsMoving = True } }
789	265	MoveCommand { Actor = chr_01M3BMW7KN54EKH8FFGFYWVYVF, Intent = MoveIntent { DirXPermille = 988, DirZPermille = 154, Gait = Run, FacingMdeg = 81168, IsMoving = True } }
790	266	MoveCommand { Actor = chr_01M3BMW7KN54EKH8FFGFYWVYVF, Intent = MoveIntent { DirXPermille = 988, DirZPermille = 153, Gait = Run, FacingMdeg = 81174, IsMoving = True } }
791	267	MoveCommand { Actor = chr_01M3BMW7KN54EKH8FFGFYWVYVF, Intent = MoveIntent { DirXPermille = 988, DirZPermille = 154, Gait = Run, FacingMdeg = 81167, IsMoving = True } }
792	268	MoveCommand { Actor = chr_01M3BMW7KN54EKH8FFGFYWVYVF, Intent = MoveIntent { DirXPermille = 988, DirZPermille = 153, Gait = Run, FacingMdeg = 81173, IsMoving = True } }
793	269	MoveCommand { Actor = chr_01M3BMW7KN54EKH8FFGFYWVYVF, Intent = MoveIntent { DirXPermille = 988, DirZPermille = 154, Gait = Run, FacingMdeg = 81166, IsMoving = True } }
794	270	MoveCommand { Actor = chr_01M3BMW7KN54EKH8FFGFYWVYVF, Intent = MoveIntent { DirXPermille = 988, DirZPermille = 153, Gait = Run, FacingMdeg = 81172, IsMoving = True } }
795	271	MoveCommand { Actor = chr_01M3BMW7KN54EKH8FFGFYWVYVF, Intent = MoveIntent { DirXPermille = 988, DirZPermille = 154, Gait = Run, FacingMdeg = 81164, IsMoving = True } }
796	272	MoveCommand { Actor = chr_01M3BMW7KN54EKH8FFGFYWVYVF, Intent = MoveIntent { DirXPermille = 988, DirZPermille = 153, Gait = Run, FacingMdeg = 81171, IsMoving = True } }
797	273	MoveCommand { Actor = chr_01M3BMW7KN54EKH8FFGFYWVYVF, Intent = MoveIntent { DirXPermille = 988, DirZPermille = 154, Gait = Run, FacingMdeg = 81162, IsMoving = True } }
799	274	MoveCommand { Actor = chr_01M3BMW7KN54EKH8FFGFYWVYVF, Intent = MoveIntent { DirXPermille = 988, DirZPermille = 153, Gait = Run, FacingMdeg = 81178, IsMoving = True } }
800	275	MoveCommand { Actor = chr_01M3BMW7KN54EKH8FFGFYWVYVF, Intent = MoveIntent { DirXPermille = 988, DirZPermille = 154, Gait = Run, FacingMdeg = 81168, IsMoving = True } }
801	276	MoveCommand { Actor = chr_01M3BMW7KN54EKH8FFGFYWVYVF, Intent = MoveIntent { DirXPermille = 988, DirZPermille = 153, Gait = Run, FacingMdeg = 81177, IsMoving = True } }
802	277	MoveCommand { Actor = chr_01M3BMW7KN54EKH8FFGFYWVYVF, Intent = MoveIntent { DirXPermille = 988, DirZPermille = 154, Gait = Run, FacingMdeg = 81165, IsMoving = True } }
803	278	MoveCommand { Actor = chr_01M3BMW7KN54EKH8FFGFYWVYVF, Intent = MoveIntent { DirXPermille = 988, DirZPermille = 153, Gait = Run, FacingMdeg = 81176, IsMoving = True } }
804	279	MoveCommand { Actor = chr_01M3BMW7KN54EKH8FFGFYWVYVF, Intent = MoveIntent { DirXPermille = 988, DirZPermille = 154, Gait = Run, FacingMdeg = 81163, IsMoving = True } }
805	280	MoveCommand { Actor = chr_01M3BMW7KN54EKH8FFGFYWVYVF, Intent = MoveIntent { DirXPermille = 988, DirZPermille = 153, Gait = Run, FacingMdeg = 81174, IsMoving = True } }
806	281	MoveCommand { Actor = chr_01M3BMW7KN54EKH8FFGFYWVYVF, Intent = MoveIntent { DirXPermille = 988, DirZPermille = 154, Gait = Run, FacingMdeg = 81159, IsMoving = True } }
807	282	MoveCommand { Actor = chr_01M3BMW7KN54EKH8FFGFYWVYVF, Intent = MoveIntent { DirXPermille = 988, DirZPermille = 153, Gait = Run, FacingMdeg = 81172, IsMoving = True } }
808	283	MoveCommand { Actor = chr_01M3BMW7KN54EKH8FFGFYWVYVF, Intent = MoveIntent { DirXPermille = 988, DirZPermille = 154, Gait = Run, FacingMdeg = 81154, IsMoving = True } }
810	284	MoveCommand { Actor = chr_01M3BMW7KN54EKH8FFGFYWVYVF, Intent = MoveIntent { DirXPermille = 988, DirZPermille = 153, Gait = Run, FacingMdeg = 81188, IsMoving = True } }
811	285	MoveCommand { Actor = chr_01M3BMW7KN54EKH8FFGFYWVYVF, Intent = MoveIntent { DirXPermille = 988, DirZPermille = 154, Gait = Run, FacingMdeg = 81165, IsMoving = True } }
812	286	MoveCommand { Actor = chr_01M3BMW7KN54EKH8FFGFYWVYVF, Intent = MoveIntent { DirXPermille = 988, DirZPermille = 153, Gait = Run, FacingMdeg = 81189, IsMoving = True } }
813	287	MoveCommand { Actor = chr_01M3BMW7KN54EKH8FFGFYWVYVF, Intent = MoveIntent { DirXPermille = 988, DirZPermille = 154, Gait = Run, FacingMdeg = 81157, IsMoving = True } }
814	288	MoveCommand { Actor = chr_01M3BMW7KN54EKH8FFGFYWVYVF, Intent = MoveIntent { DirXPermille = 988, DirZPermille = 153, Gait = Run, FacingMdeg = 81191, IsMoving = True } }
815	289	MoveCommand { Actor = chr_01M3BMW7KN54EKH8FFGFYWVYVF, Intent = MoveIntent { DirXPermille = 988, DirZPermille = 154, Gait = Run, FacingMdeg = 81139, IsMoving = True } }
817	290	MoveCommand { Actor = chr_01M3BMW7KN54EKH8FFGFYWVYVF, Intent = MoveIntent { DirXPermille = 995, DirZPermille = 100, Gait = Run, FacingMdeg = 84259, IsMoving = True } }
825	291	MoveCommand { Actor = chr_01M3BMW7KN54EKH8FFGFYWVYVF, Intent = MoveIntent { DirXPermille = 989, DirZPermille = 148, Gait = Run, FacingMdeg = 81466, IsMoving = True } }
826	292	MoveCommand { Actor = chr_01M3BMW7KN54EKH8FFGFYWVYVF, Intent = MoveIntent { DirXPermille = 989, DirZPermille = 148, Gait = Run, FacingMdeg = 81465, IsMoving = True } }
827	293	MoveCommand { Actor = chr_01M3BMW7KN54EKH8FFGFYWVYVF, Intent = MoveIntent { DirXPermille = 989, DirZPermille = 148, Gait = Run, FacingMdeg = 81464, IsMoving = True } }
829	294	MoveCommand { Actor = chr_01M3BMW7KN54EKH8FFGFYWVYVF, Intent = MoveIntent { DirXPermille = 989, DirZPermille = 148, Gait = Run, FacingMdeg = 81463, IsMoving = True } }
830	295	MoveCommand { Actor = chr_01M3BMW7KN54EKH8FFGFYWVYVF, Intent = MoveIntent { DirXPermille = 989, DirZPermille = 148, Gait = Run, FacingMdeg = 81462, IsMoving = True } }
831	296	MoveCommand { Actor = chr_01M3BMW7KN54EKH8FFGFYWVYVF, Intent = MoveIntent { DirXPermille = 989, DirZPermille = 148, Gait = Run, FacingMdeg = 81461, IsMoving = True } }
832	297	MoveCommand { Actor = chr_01M3BMW7KN54EKH8FFGFYWVYVF, Intent = MoveIntent { DirXPermille = 989, DirZPermille = 149, Gait = Run, FacingMdeg = 81460, IsMoving = True } }
833	298	MoveCommand { Actor = chr_01M3BMW7KN54EKH8FFGFYWVYVF, Intent = MoveIntent { DirXPermille = 989, DirZPermille = 149, Gait = Run, FacingMdeg = 81459, IsMoving = True } }
834	299	MoveCommand { Actor = chr_01M3BMW7KN54EKH8FFGFYWVYVF, Intent = MoveIntent { DirXPermille = 989, DirZPermille = 148, Gait = Run, FacingMdeg = 81461, IsMoving = True } }
835	300	MoveCommand { Actor = chr_01M3BMW7KN54EKH8FFGFYWVYVF, Intent = MoveIntent { DirXPermille = 989, DirZPermille = 149, Gait = Run, FacingMdeg = 81460, IsMoving = True } }
836	301	MoveCommand { Actor = chr_01M3BMW7KN54EKH8FFGFYWVYVF, Intent = MoveIntent { DirXPermille = 989, DirZPermille = 149, Gait = Run, FacingMdeg = 81459, IsMoving = True } }
837	302	MoveCommand { Actor = chr_01M3BMW7KN54EKH8FFGFYWVYVF, Intent = MoveIntent { DirXPermille = 989, DirZPermille = 148, Gait = Run, FacingMdeg = 81461, IsMoving = True } }
838	303	MoveCommand { Actor = chr_01M3BMW7KN54EKH8FFGFYWVYVF, Intent = MoveIntent { DirXPermille = 989, DirZPermille = 148, Gait = Run, FacingMdeg = 81460, IsMoving = True } }
839	304	MoveCommand { Actor = chr_01M3BMW7KN54EKH8FFGFYWVYVF, Intent = MoveIntent { DirXPermille = 989, DirZPermille = 149, Gait = Run, FacingMdeg = 81459, IsMoving = True } }
840	305	MoveCommand { Actor = chr_01M3BMW7KN54EKH8FFGFYWVYVF, Intent = MoveIntent { DirXPermille = 989, DirZPermille = 148, Gait = Run, FacingMdeg = 81461, IsMoving = True } }
841	306	MoveCommand { Actor = chr_01M3BMW7KN54EKH8FFGFYWVYVF, Intent = MoveIntent { DirXPermille = 989, DirZPermille = 148, Gait = Run, FacingMdeg = 81460, IsMoving = True } }
842	307	MoveCommand { Actor = chr_01M3BMW7KN54EKH8FFGFYWVYVF, Intent = MoveIntent { DirXPermille = 989, DirZPermille = 149, Gait = Run, FacingMdeg = 81459, IsMoving = True } }
843	308	MoveCommand { Actor = chr_01M3BMW7KN54EKH8FFGFYWVYVF, Intent = MoveIntent { DirXPermille = 989, DirZPermille = 148, Gait = Run, FacingMdeg = 81462, IsMoving = True } }
844	309	MoveCommand { Actor = chr_01M3BMW7KN54EKH8FFGFYWVYVF, Intent = MoveIntent { DirXPermille = 989, DirZPermille = 148, Gait = Run, FacingMdeg = 81460, IsMoving = True } }
845	310	MoveCommand { Actor = chr_01M3BMW7KN54EKH8FFGFYWVYVF, Intent = MoveIntent { DirXPermille = 989, DirZPermille = 149, Gait = Run, FacingMdeg = 81459, IsMoving = True } }
846	311	MoveCommand { Actor = chr_01M3BMW7KN54EKH8FFGFYWVYVF, Intent = MoveIntent { DirXPermille = 989, DirZPermille = 149, Gait = Run, FacingMdeg = 81457, IsMoving = True } }
847	312	MoveCommand { Actor = chr_01M3BMW7KN54EKH8FFGFYWVYVF, Intent = MoveIntent { DirXPermille = 989, DirZPermille = 148, Gait = Run, FacingMdeg = 81460, IsMoving = True } }
848	313	MoveCommand { Actor = chr_01M3BMW7KN54EKH8FFGFYWVYVF, Intent = MoveIntent { DirXPermille = 989, DirZPermille = 149, Gait = Run, FacingMdeg = 81459, IsMoving = True } }
849	314	MoveCommand { Actor = chr_01M3BMW7KN54EKH8FFGFYWVYVF, Intent = MoveIntent { DirXPermille = 989, DirZPermille = 149, Gait = Run, FacingMdeg = 81457, IsMoving = True } }
850	315	MoveCommand { Actor = chr_01M3BMW7KN54EKH8FFGFYWVYVF, Intent = MoveIntent { DirXPermille = 989, DirZPermille = 148, Gait = Run, FacingMdeg = 81461, IsMoving = True } }
851	316	MoveCommand { Actor = chr_01M3BMW7KN54EKH8FFGFYWVYVF, Intent = MoveIntent { DirXPermille = 989, DirZPermille = 149, Gait = Run, FacingMdeg = 81459, IsMoving = True } }
852	317	MoveCommand { Actor = chr_01M3BMW7KN54EKH8FFGFYWVYVF, Intent = MoveIntent { DirXPermille = 989, DirZPermille = 149, Gait = Run, FacingMdeg = 81457, IsMoving = True } }
853	318	MoveCommand { Actor = chr_01M3BMW7KN54EKH8FFGFYWVYVF, Intent = MoveIntent { DirXPermille = 989, DirZPermille = 148, Gait = Run, FacingMdeg = 81461, IsMoving = True } }
854	319	MoveCommand { Actor = chr_01M3BMW7KN54EKH8FFGFYWVYVF, Intent = MoveIntent { DirXPermille = 989, DirZPermille = 149, Gait = Run, FacingMdeg = 81459, IsMoving = True } }
855	320	MoveCommand { Actor = chr_01M3BMW7KN54EKH8FFGFYWVYVF, Intent = MoveIntent { DirXPermille = 989, DirZPermille = 149, Gait = Run, FacingMdeg = 81456, IsMoving = True } }
856	321	MoveCommand { Actor = chr_01M3BMW7KN54EKH8FFGFYWVYVF, Intent = MoveIntent { DirXPermille = 989, DirZPermille = 148, Gait = Run, FacingMdeg = 81461, IsMoving = True } }
857	322	MoveCommand { Actor = chr_01M3BMW7KN54EKH8FFGFYWVYVF, Intent = MoveIntent { DirXPermille = 989, DirZPermille = 149, Gait = Run, FacingMdeg = 81459, IsMoving = True } }
858	323	MoveCommand { Actor = chr_01M3BMW7KN54EKH8FFGFYWVYVF, Intent = MoveIntent { DirXPermille = 989, DirZPermille = 149, Gait = Run, FacingMdeg = 81455, IsMoving = True } }
859	324	MoveCommand { Actor = chr_01M3BMW7KN54EKH8FFGFYWVYVF, Intent = MoveIntent { DirXPermille = 989, DirZPermille = 148, Gait = Run, FacingMdeg = 81462, IsMoving = True } }
860	325	MoveCommand { Actor = chr_01M3BMW7KN54EKH8FFGFYWVYVF, Intent = MoveIntent { DirXPermille = 989, DirZPermille = 149, Gait = Run, FacingMdeg = 81458, IsMoving = True } }
861	326	MoveCommand { Actor = chr_01M3BMW7KN54EKH8FFGFYWVYVF, Intent = MoveIntent { DirXPermille = 989, DirZPermille = 149, Gait = Run, FacingMdeg = 81454, IsMoving = True } }
862	327	MoveCommand { Actor = chr_01M3BMW7KN54EKH8FFGFYWVYVF, Intent = MoveIntent { DirXPermille = 989, DirZPermille = 148, Gait = Run, FacingMdeg = 81463, IsMoving = True } }
863	328	MoveCommand { Actor = chr_01M3BMW7KN54EKH8FFGFYWVYVF, Intent = MoveIntent { DirXPermille = 989, DirZPermille = 149, Gait = Run, FacingMdeg = 81458, IsMoving = True } }
864	329	MoveCommand { Actor = chr_01M3BMW7KN54EKH8FFGFYWVYVF, Intent = MoveIntent { DirXPermille = 989, DirZPermille = 149, Gait = Run, FacingMdeg = 81453, IsMoving = True } }
865	330	MoveCommand { Actor = chr_01M3BMW7KN54EKH8FFGFYWVYVF, Intent = MoveIntent { DirXPermille = 989, DirZPermille = 148, Gait = Run, FacingMdeg = 81464, IsMoving = True } }
866	331	MoveCommand { Actor = chr_01M3BMW7KN54EKH8FFGFYWVYVF, Intent = MoveIntent { DirXPermille = 989, DirZPermille = 149, Gait = Run, FacingMdeg = 81458, IsMoving = True } }
867	332	MoveCommand { Actor = chr_01M3BMW7KN54EKH8FFGFYWVYVF, Intent = MoveIntent { DirXPermille = 989, DirZPermille = 148, Gait = Run, FacingMdeg = 81464, IsMoving = True } }
868	333	MoveCommand { Actor = chr_01M3BMW7KN54EKH8FFGFYWVYVF, Intent = MoveIntent { DirXPermille = 0, DirZPermille = 0, Gait = Run, FacingMdeg = 81456, IsMoving = False } }
868	334	AttackCommand { Actor = chr_01M3BMW7KN54EKH8FFGFYWVYVF }
869	335	MoveCommand { Actor = chr_01M3BMW7KN54EKH8FFGFYWVYVF, Intent = MoveIntent { DirXPermille = 0, DirZPermille = 0, Gait = Run, FacingMdeg = 81469, IsMoving = False } }
870	336	MoveCommand { Actor = chr_01M3BMW7KN54EKH8FFGFYWVYVF, Intent = MoveIntent { DirXPermille = 0, DirZPermille = 0, Gait = Run, FacingMdeg = 81445, IsMoving = False } }
871	337	MoveCommand { Actor = chr_01M3BMW7KN54EKH8FFGFYWVYVF, Intent = MoveIntent { DirXPermille = 0, DirZPermille = 0, Gait = Run, FacingMdeg = 81463, IsMoving = False } }
872	338	MoveCommand { Actor = chr_01M3BMW7KN54EKH8FFGFYWVYVF, Intent = MoveIntent { DirXPermille = 0, DirZPermille = 0, Gait = Run, FacingMdeg = 81492, IsMoving = False } }
883	339	AttackCommand { Actor = chr_01M3BMW7KN54EKH8FFGFYWVYVF }
898	340	AttackCommand { Actor = chr_01M3BMW7KN54EKH8FFGFYWVYVF }
913	341	AttackCommand { Actor = chr_01M3BMW7KN54EKH8FFGFYWVYVF }
928	342	AttackCommand { Actor = chr_01M3BMW7KN54EKH8FFGFYWVYVF }
943	343	AttackCommand { Actor = chr_01M3BMW7KN54EKH8FFGFYWVYVF }
950	344	MoveCommand { Actor = chr_01M3BMW7KN54EKH8FFGFYWVYVF, Intent = MoveIntent { DirXPermille = 997, DirZPermille = 72, Gait = Run, FacingMdeg = 85893, IsMoving = True } }
956	345	MoveCommand { Actor = chr_01M3BMW7KN54EKH8FFGFYWVYVF, Intent = MoveIntent { DirXPermille = 997, DirZPermille = 71, Gait = Run, FacingMdeg = 85900, IsMoving = True } }
958	346	MoveCommand { Actor = chr_01M3BMW7KN54EKH8FFGFYWVYVF, Intent = MoveIntent { DirXPermille = 997, DirZPermille = 72, Gait = Run, FacingMdeg = 85899, IsMoving = True } }
959	347	MoveCommand { Actor = chr_01M3BMW7KN54EKH8FFGFYWVYVF, Intent = MoveIntent { DirXPermille = 997, DirZPermille = 71, Gait = Run, FacingMdeg = 85902, IsMoving = True } }
960	348	MoveCommand { Actor = chr_01M3BMW7KN54EKH8FFGFYWVYVF, Intent = MoveIntent { DirXPermille = 997, DirZPermille = 72, Gait = Run, FacingMdeg = 85900, IsMoving = True } }
961	349	MoveCommand { Actor = chr_01M3BMW7KN54EKH8FFGFYWVYVF, Intent = MoveIntent { DirXPermille = 997, DirZPermille = 71, Gait = Run, FacingMdeg = 85902, IsMoving = True } }
963	350	MoveCommand { Actor = chr_01M3BMW7KN54EKH8FFGFYWVYVF, Intent = MoveIntent { DirXPermille = 997, DirZPermille = 72, Gait = Run, FacingMdeg = 85898, IsMoving = True } }
964	351	MoveCommand { Actor = chr_01M3BMW7KN54EKH8FFGFYWVYVF, Intent = MoveIntent { DirXPermille = 997, DirZPermille = 71, Gait = Run, FacingMdeg = 85900, IsMoving = True } }
965	352	MoveCommand { Actor = chr_01M3BMW7KN54EKH8FFGFYWVYVF, Intent = MoveIntent { DirXPermille = 997, DirZPermille = 72, Gait = Run, FacingMdeg = 85898, IsMoving = True } }
966	353	MoveCommand { Actor = chr_01M3BMW7KN54EKH8FFGFYWVYVF, Intent = MoveIntent { DirXPermille = 997, DirZPermille = 71, Gait = Run, FacingMdeg = 85901, IsMoving = True } }
967	354	MoveCommand { Actor = chr_01M3BMW7KN54EKH8FFGFYWVYVF, Intent = MoveIntent { DirXPermille = 997, DirZPermille = 72, Gait = Run, FacingMdeg = 85898, IsMoving = True } }
968	355	MoveCommand { Actor = chr_01M3BMW7KN54EKH8FFGFYWVYVF, Intent = MoveIntent { DirXPermille = 997, DirZPermille = 71, Gait = Run, FacingMdeg = 85901, IsMoving = True } }
969	356	MoveCommand { Actor = chr_01M3BMW7KN54EKH8FFGFYWVYVF, Intent = MoveIntent { DirXPermille = 997, DirZPermille = 72, Gait = Run, FacingMdeg = 85898, IsMoving = True } }
970	357	MoveCommand { Actor = chr_01M3BMW7KN54EKH8FFGFYWVYVF, Intent = MoveIntent { DirXPermille = 997, DirZPermille = 71, Gait = Run, FacingMdeg = 85902, IsMoving = True } }
971	358	MoveCommand { Actor = chr_01M3BMW7KN54EKH8FFGFYWVYVF, Intent = MoveIntent { DirXPermille = 997, DirZPermille = 72, Gait = Run, FacingMdeg = 85899, IsMoving = True } }
972	359	MoveCommand { Actor = chr_01M3BMW7KN54EKH8FFGFYWVYVF, Intent = MoveIntent { DirXPermille = 997, DirZPermille = 71, Gait = Run, FacingMdeg = 85902, IsMoving = True } }
973	360	MoveCommand { Actor = chr_01M3BMW7KN54EKH8FFGFYWVYVF, Intent = MoveIntent { DirXPermille = 997, DirZPermille = 72, Gait = Run, FacingMdeg = 85899, IsMoving = True } }
974	361	MoveCommand { Actor = chr_01M3BMW7KN54EKH8FFGFYWVYVF, Intent = MoveIntent { DirXPermille = 997, DirZPermille = 71, Gait = Run, FacingMdeg = 85902, IsMoving = True } }
975	362	MoveCommand { Actor = chr_01M3BMW7KN54EKH8FFGFYWVYVF, Intent = MoveIntent { DirXPermille = 997, DirZPermille = 72, Gait = Run, FacingMdeg = 85899, IsMoving = True } }
976	363	MoveCommand { Actor = chr_01M3BMW7KN54EKH8FFGFYWVYVF, Intent = MoveIntent { DirXPermille = 997, DirZPermille = 71, Gait = Run, FacingMdeg = 85903, IsMoving = True } }
977	364	MoveCommand { Actor = chr_01M3BMW7KN54EKH8FFGFYWVYVF, Intent = MoveIntent { DirXPermille = 997, DirZPermille = 72, Gait = Run, FacingMdeg = 85900, IsMoving = True } }
978	365	MoveCommand { Actor = chr_01M3BMW7KN54EKH8FFGFYWVYVF, Intent = MoveIntent { DirXPermille = 997, DirZPermille = 71, Gait = Run, FacingMdeg = 85903, IsMoving = True } }
980	366	MoveCommand { Actor = chr_01M3BMW7KN54EKH8FFGFYWVYVF, Intent = MoveIntent { DirXPermille = 997, DirZPermille = 72, Gait = Run, FacingMdeg = 85897, IsMoving = True } }
981	367	MoveCommand { Actor = chr_01M3BMW7KN54EKH8FFGFYWVYVF, Intent = MoveIntent { DirXPermille = 997, DirZPermille = 71, Gait = Run, FacingMdeg = 85901, IsMoving = True } }
982	368	MoveCommand { Actor = chr_01M3BMW7KN54EKH8FFGFYWVYVF, Intent = MoveIntent { DirXPermille = 997, DirZPermille = 72, Gait = Run, FacingMdeg = 85897, IsMoving = True } }
983	369	MoveCommand { Actor = chr_01M3BMW7KN54EKH8FFGFYWVYVF, Intent = MoveIntent { DirXPermille = 997, DirZPermille = 71, Gait = Run, FacingMdeg = 85901, IsMoving = True } }
984	370	MoveCommand { Actor = chr_01M3BMW7KN54EKH8FFGFYWVYVF, Intent = MoveIntent { DirXPermille = 997, DirZPermille = 72, Gait = Run, FacingMdeg = 85898, IsMoving = True } }
985	371	MoveCommand { Actor = chr_01M3BMW7KN54EKH8FFGFYWVYVF, Intent = MoveIntent { DirXPermille = 997, DirZPermille = 71, Gait = Run, FacingMdeg = 85902, IsMoving = True } }
986	372	MoveCommand { Actor = chr_01M3BMW7KN54EKH8FFGFYWVYVF, Intent = MoveIntent { DirXPermille = 997, DirZPermille = 72, Gait = Run, FacingMdeg = 85898, IsMoving = True } }
987	373	MoveCommand { Actor = chr_01M3BMW7KN54EKH8FFGFYWVYVF, Intent = MoveIntent { DirXPermille = 997, DirZPermille = 71, Gait = Run, FacingMdeg = 85902, IsMoving = True } }
988	374	MoveCommand { Actor = chr_01M3BMW7KN54EKH8FFGFYWVYVF, Intent = MoveIntent { DirXPermille = 997, DirZPermille = 72, Gait = Run, FacingMdeg = 85898, IsMoving = True } }
989	375	MoveCommand { Actor = chr_01M3BMW7KN54EKH8FFGFYWVYVF, Intent = MoveIntent { DirXPermille = 997, DirZPermille = 71, Gait = Run, FacingMdeg = 85903, IsMoving = True } }
990	376	MoveCommand { Actor = chr_01M3BMW7KN54EKH8FFGFYWVYVF, Intent = MoveIntent { DirXPermille = 997, DirZPermille = 72, Gait = Run, FacingMdeg = 85899, IsMoving = True } }
991	377	MoveCommand { Actor = chr_01M3BMW7KN54EKH8FFGFYWVYVF, Intent = MoveIntent { DirXPermille = 997, DirZPermille = 71, Gait = Run, FacingMdeg = 85904, IsMoving = True } }
992	378	MoveCommand { Actor = chr_01M3BMW7KN54EKH8FFGFYWVYVF, Intent = MoveIntent { DirXPermille = 997, DirZPermille = 72, Gait = Run, FacingMdeg = 85899, IsMoving = True } }
993	379	MoveCommand { Actor = chr_01M3BMW7KN54EKH8FFGFYWVYVF, Intent = MoveIntent { DirXPermille = 997, DirZPermille = 71, Gait = Run, FacingMdeg = 85905, IsMoving = True } }
995	380	MoveCommand { Actor = chr_01M3BMW7KN54EKH8FFGFYWVYVF, Intent = MoveIntent { DirXPermille = 997, DirZPermille = 72, Gait = Run, FacingMdeg = 85895, IsMoving = True } }
996	381	MoveCommand { Actor = chr_01M3BMW7KN54EKH8FFGFYWVYVF, Intent = MoveIntent { DirXPermille = 997, DirZPermille = 71, Gait = Run, FacingMdeg = 85901, IsMoving = True } }
997	382	MoveCommand { Actor = chr_01M3BMW7KN54EKH8FFGFYWVYVF, Intent = MoveIntent { DirXPermille = 997, DirZPermille = 72, Gait = Run, FacingMdeg = 85896, IsMoving = True } }
998	383	MoveCommand { Actor = chr_01M3BMW7KN54EKH8FFGFYWVYVF, Intent = MoveIntent { DirXPermille = 997, DirZPermille = 71, Gait = Run, FacingMdeg = 85901, IsMoving = True } }
999	384	MoveCommand { Actor = chr_01M3BMW7KN54EKH8FFGFYWVYVF, Intent = MoveIntent { DirXPermille = 997, DirZPermille = 72, Gait = Run, FacingMdeg = 85896, IsMoving = True } }
1000	385	MoveCommand { Actor = chr_01M3BMW7KN54EKH8FFGFYWVYVF, Intent = MoveIntent { DirXPermille = 997, DirZPermille = 71, Gait = Run, FacingMdeg = 85902, IsMoving = True } }
1001	386	MoveCommand { Actor = chr_01M3BMW7KN54EKH8FFGFYWVYVF, Intent = MoveIntent { DirXPermille = 997, DirZPermille = 72, Gait = Run, FacingMdeg = 85896, IsMoving = True } }
1002	387	MoveCommand { Actor = chr_01M3BMW7KN54EKH8FFGFYWVYVF, Intent = MoveIntent { DirXPermille = 997, DirZPermille = 71, Gait = Run, FacingMdeg = 85903, IsMoving = True } }
1003	388	MoveCommand { Actor = chr_01M3BMW7KN54EKH8FFGFYWVYVF, Intent = MoveIntent { DirXPermille = 997, DirZPermille = 72, Gait = Run, FacingMdeg = 85897, IsMoving = True } }
1004	389	MoveCommand { Actor = chr_01M3BMW7KN54EKH8FFGFYWVYVF, Intent = MoveIntent { DirXPermille = 997, DirZPermille = 71, Gait = Run, FacingMdeg = 85904, IsMoving = True } }
1005	390	MoveCommand { Actor = chr_01M3BMW7KN54EKH8FFGFYWVYVF, Intent = MoveIntent { DirXPermille = 997, DirZPermille = 72, Gait = Run, FacingMdeg = 85898, IsMoving = True } }
1006	391	MoveCommand { Actor = chr_01M3BMW7KN54EKH8FFGFYWVYVF, Intent = MoveIntent { DirXPermille = 997, DirZPermille = 71, Gait = Run, FacingMdeg = 85906, IsMoving = True } }
1007	392	MoveCommand { Actor = chr_01M3BMW7KN54EKH8FFGFYWVYVF, Intent = MoveIntent { DirXPermille = 997, DirZPermille = 72, Gait = Run, FacingMdeg = 85898, IsMoving = True } }
1008	393	MoveCommand { Actor = chr_01M3BMW7KN54EKH8FFGFYWVYVF, Intent = MoveIntent { DirXPermille = 997, DirZPermille = 71, Gait = Run, FacingMdeg = 85907, IsMoving = True } }
1009	394	MoveCommand { Actor = chr_01M3BMW7KN54EKH8FFGFYWVYVF, Intent = MoveIntent { DirXPermille = 997, DirZPermille = 72, Gait = Run, FacingMdeg = 85899, IsMoving = True } }
1010	395	MoveCommand { Actor = chr_01M3BMW7KN54EKH8FFGFYWVYVF, Intent = MoveIntent { DirXPermille = 997, DirZPermille = 71, Gait = Run, FacingMdeg = 85909, IsMoving = True } }
1012	396	MoveCommand { Actor = chr_01M3BMW7KN54EKH8FFGFYWVYVF, Intent = MoveIntent { DirXPermille = 997, DirZPermille = 72, Gait = Run, FacingMdeg = 85891, IsMoving = True } }
1013	397	MoveCommand { Actor = chr_01M3BMW7KN54EKH8FFGFYWVYVF, Intent = MoveIntent { DirXPermille = 997, DirZPermille = 71, Gait = Run, FacingMdeg = 85902, IsMoving = True } }
1014	398	MoveCommand { Actor = chr_01M3BMW7KN54EKH8FFGFYWVYVF, Intent = MoveIntent { DirXPermille = 997, DirZPermille = 72, Gait = Run, FacingMdeg = 85891, IsMoving = True } }
1015	399	MoveCommand { Actor = chr_01M3BMW7KN54EKH8FFGFYWVYVF, Intent = MoveIntent { DirXPermille = 997, DirZPermille = 71, Gait = Run, FacingMdeg = 85904, IsMoving = True } }
1016	400	MoveCommand { Actor = chr_01M3BMW7KN54EKH8FFGFYWVYVF, Intent = MoveIntent { DirXPermille = 997, DirZPermille = 72, Gait = Run, FacingMdeg = 85892, IsMoving = True } }
1017	401	MoveCommand { Actor = chr_01M3BMW7KN54EKH8FFGFYWVYVF, Intent = MoveIntent { DirXPermille = 997, DirZPermille = 71, Gait = Run, FacingMdeg = 85906, IsMoving = True } }
1018	402	MoveCommand { Actor = chr_01M3BMW7KN54EKH8FFGFYWVYVF, Intent = MoveIntent { DirXPermille = 997, DirZPermille = 72, Gait = Run, FacingMdeg = 85892, IsMoving = True } }
1019	403	MoveCommand { Actor = chr_01M3BMW7KN54EKH8FFGFYWVYVF, Intent = MoveIntent { DirXPermille = 997, DirZPermille = 71, Gait = Run, FacingMdeg = 85909, IsMoving = True } }
1020	404	MoveCommand { Actor = chr_01M3BMW7KN54EKH8FFGFYWVYVF, Intent = MoveIntent { DirXPermille = 997, DirZPermille = 72, Gait = Run, FacingMdeg = 85893, IsMoving = True } }
1021	405	MoveCommand { Actor = chr_01M3BMW7KN54EKH8FFGFYWVYVF, Intent = MoveIntent { DirXPermille = 997, DirZPermille = 71, Gait = Run, FacingMdeg = 85914, IsMoving = True } }
1022	406	MoveCommand { Actor = chr_01M3BMW7KN54EKH8FFGFYWVYVF, Intent = MoveIntent { DirXPermille = 997, DirZPermille = 72, Gait = Run, FacingMdeg = 85894, IsMoving = True } }
1023	407	MoveCommand { Actor = chr_01M3BMW7KN54EKH8FFGFYWVYVF, Intent = MoveIntent { DirXPermille = 997, DirZPermille = 71, Gait = Run, FacingMdeg = 85922, IsMoving = True } }
1024	408	MoveCommand { Actor = chr_01M3BMW7KN54EKH8FFGFYWVYVF, Intent = MoveIntent { DirXPermille = 997, DirZPermille = 72, Gait = Run, FacingMdeg = 85896, IsMoving = True } }
1025	409	MoveCommand { Actor = chr_01M3BMW7KN54EKH8FFGFYWVYVF, Intent = MoveIntent { DirXPermille = 997, DirZPermille = 71, Gait = Run, FacingMdeg = 85938, IsMoving = True } }
1026	410	MoveCommand { Actor = chr_01M3BMW7KN54EKH8FFGFYWVYVF, Intent = MoveIntent { DirXPermille = 997, DirZPermille = 72, Gait = Run, FacingMdeg = 85899, IsMoving = True } }
1028	411	MoveCommand { Actor = chr_01M3BMW7KN54EKH8FFGFYWVYVF, Intent = MoveIntent { DirXPermille = 0, DirZPermille = 0, Gait = Run, FacingMdeg = 85899, IsMoving = False } }
1035	412	MoveCommand { Actor = chr_01M3BMW7KN54EKH8FFGFYWVYVF, Intent = MoveIntent { DirXPermille = 944, DirZPermille = 330, Gait = Run, FacingMdeg = 70750, IsMoving = True } }
1049	413	MoveCommand { Actor = chr_01M3BMW7KN54EKH8FFGFYWVYVF, Intent = MoveIntent { DirXPermille = 944, DirZPermille = 329, Gait = Run, FacingMdeg = 70762, IsMoving = True } }
1086	414	MoveCommand { Actor = chr_01M3BMW7KN54EKH8FFGFYWVYVF, Intent = MoveIntent { DirXPermille = 945, DirZPermille = 328, Gait = Run, FacingMdeg = 70823, IsMoving = True } }
1087	415	MoveCommand { Actor = chr_01M3BMW7KN54EKH8FFGFYWVYVF, Intent = MoveIntent { DirXPermille = 944, DirZPermille = 329, Gait = Run, FacingMdeg = 70820, IsMoving = True } }
1088	416	MoveCommand { Actor = chr_01M3BMW7KN54EKH8FFGFYWVYVF, Intent = MoveIntent { DirXPermille = 945, DirZPermille = 328, Gait = Run, FacingMdeg = 70823, IsMoving = True } }
1089	417	MoveCommand { Actor = chr_01M3BMW7KN54EKH8FFGFYWVYVF, Intent = MoveIntent { DirXPermille = 944, DirZPermille = 329, Gait = Run, FacingMdeg = 70820, IsMoving = True } }
1090	418	MoveCommand { Actor = chr_01M3BMW7KN54EKH8FFGFYWVYVF, Intent = MoveIntent { DirXPermille = 945, DirZPermille = 328, Gait = Run, FacingMdeg = 70822, IsMoving = True } }
1091	419	MoveCommand { Actor = chr_01M3BMW7KN54EKH8FFGFYWVYVF, Intent = MoveIntent { DirXPermille = 944, DirZPermille = 329, Gait = Run, FacingMdeg = 70819, IsMoving = True } }
1092	420	MoveCommand { Actor = chr_01M3BMW7KN54EKH8FFGFYWVYVF, Intent = MoveIntent { DirXPermille = 945, DirZPermille = 328, Gait = Run, FacingMdeg = 70822, IsMoving = True } }
1093	421	MoveCommand { Actor = chr_01M3BMW7KN54EKH8FFGFYWVYVF, Intent = MoveIntent { DirXPermille = 944, DirZPermille = 329, Gait = Run, FacingMdeg = 70819, IsMoving = True } }
1094	422	MoveCommand { Actor = chr_01M3BMW7KN54EKH8FFGFYWVYVF, Intent = MoveIntent { DirXPermille = 945, DirZPermille = 329, Gait = Run, FacingMdeg = 70822, IsMoving = True } }
1095	423	MoveCommand { Actor = chr_01M3BMW7KN54EKH8FFGFYWVYVF, Intent = MoveIntent { DirXPermille = 945, DirZPermille = 328, Gait = Run, FacingMdeg = 70825, IsMoving = True } }
1096	424	MoveCommand { Actor = chr_01M3BMW7KN54EKH8FFGFYWVYVF, Intent = MoveIntent { DirXPermille = 945, DirZPermille = 329, Gait = Run, FacingMdeg = 70822, IsMoving = True } }
1097	425	MoveCommand { Actor = chr_01M3BMW7KN54EKH8FFGFYWVYVF, Intent = MoveIntent { DirXPermille = 945, DirZPermille = 328, Gait = Run, FacingMdeg = 70825, IsMoving = True } }
1098	426	MoveCommand { Actor = chr_01M3BMW7KN54EKH8FFGFYWVYVF, Intent = MoveIntent { DirXPermille = 945, DirZPermille = 329, Gait = Run, FacingMdeg = 70822, IsMoving = True } }
1099	427	MoveCommand { Actor = chr_01M3BMW7KN54EKH8FFGFYWVYVF, Intent = MoveIntent { DirXPermille = 945, DirZPermille = 328, Gait = Run, FacingMdeg = 70825, IsMoving = True } }
1100	428	MoveCommand { Actor = chr_01M3BMW7KN54EKH8FFGFYWVYVF, Intent = MoveIntent { DirXPermille = 944, DirZPermille = 329, Gait = Run, FacingMdeg = 70821, IsMoving = True } }
1101	429	MoveCommand { Actor = chr_01M3BMW7KN54EKH8FFGFYWVYVF, Intent = MoveIntent { DirXPermille = 945, DirZPermille = 328, Gait = Run, FacingMdeg = 70825, IsMoving = True } }
1102	430	MoveCommand { Actor = chr_01M3BMW7KN54EKH8FFGFYWVYVF, Intent = MoveIntent { DirXPermille = 944, DirZPermille = 329, Gait = Run, FacingMdeg = 70821, IsMoving = True } }
1103	431	MoveCommand { Actor = chr_01M3BMW7KN54EKH8FFGFYWVYVF, Intent = MoveIntent { DirXPermille = 945, DirZPermille = 328, Gait = Run, FacingMdeg = 70825, IsMoving = True } }
1104	432	MoveCommand { Actor = chr_01M3BMW7KN54EKH8FFGFYWVYVF, Intent = MoveIntent { DirXPermille = 944, DirZPermille = 329, Gait = Run, FacingMdeg = 70821, IsMoving = True } }
1105	433	MoveCommand { Actor = chr_01M3BMW7KN54EKH8FFGFYWVYVF, Intent = MoveIntent { DirXPermille = 945, DirZPermille = 328, Gait = Run, FacingMdeg = 70824, IsMoving = True } }
1106	434	MoveCommand { Actor = chr_01M3BMW7KN54EKH8FFGFYWVYVF, Intent = MoveIntent { DirXPermille = 944, DirZPermille = 329, Gait = Run, FacingMdeg = 70820, IsMoving = True } }
1107	435	MoveCommand { Actor = chr_01M3BMW7KN54EKH8FFGFYWVYVF, Intent = MoveIntent { DirXPermille = 945, DirZPermille = 328, Gait = Run, FacingMdeg = 70824, IsMoving = True } }
1108	436	MoveCommand { Actor = chr_01M3BMW7KN54EKH8FFGFYWVYVF, Intent = MoveIntent { DirXPermille = 944, DirZPermille = 329, Gait = Run, FacingMdeg = 70820, IsMoving = True } }
1109	437	MoveCommand { Actor = chr_01M3BMW7KN54EKH8FFGFYWVYVF, Intent = MoveIntent { DirXPermille = 945, DirZPermille = 328, Gait = Run, FacingMdeg = 70824, IsMoving = True } }
1110	438	MoveCommand { Actor = chr_01M3BMW7KN54EKH8FFGFYWVYVF, Intent = MoveIntent { DirXPermille = 944, DirZPermille = 329, Gait = Run, FacingMdeg = 70819, IsMoving = True } }
1111	439	MoveCommand { Actor = chr_01M3BMW7KN54EKH8FFGFYWVYVF, Intent = MoveIntent { DirXPermille = 945, DirZPermille = 328, Gait = Run, FacingMdeg = 70824, IsMoving = True } }
1112	440	MoveCommand { Actor = chr_01M3BMW7KN54EKH8FFGFYWVYVF, Intent = MoveIntent { DirXPermille = 944, DirZPermille = 329, Gait = Run, FacingMdeg = 70819, IsMoving = True } }
1113	441	MoveCommand { Actor = chr_01M3BMW7KN54EKH8FFGFYWVYVF, Intent = MoveIntent { DirXPermille = 945, DirZPermille = 328, Gait = Run, FacingMdeg = 70823, IsMoving = True } }
1114	442	MoveCommand { Actor = chr_01M3BMW7KN54EKH8FFGFYWVYVF, Intent = MoveIntent { DirXPermille = 944, DirZPermille = 329, Gait = Run, FacingMdeg = 70818, IsMoving = True } }
1115	443	MoveCommand { Actor = chr_01M3BMW7KN54EKH8FFGFYWVYVF, Intent = MoveIntent { DirXPermille = 945, DirZPermille = 328, Gait = Run, FacingMdeg = 70823, IsMoving = True } }
1116	444	MoveCommand { Actor = chr_01M3BMW7KN54EKH8FFGFYWVYVF, Intent = MoveIntent { DirXPermille = 944, DirZPermille = 329, Gait = Run, FacingMdeg = 70818, IsMoving = True } }
1117	445	MoveCommand { Actor = chr_01M3BMW7KN54EKH8FFGFYWVYVF, Intent = MoveIntent { DirXPermille = 945, DirZPermille = 328, Gait = Run, FacingMdeg = 70823, IsMoving = True } }
1118	446	MoveCommand { Actor = chr_01M3BMW7KN54EKH8FFGFYWVYVF, Intent = MoveIntent { DirXPermille = 944, DirZPermille = 329, Gait = Run, FacingMdeg = 70817, IsMoving = True } }
1119	447	MoveCommand { Actor = chr_01M3BMW7KN54EKH8FFGFYWVYVF, Intent = MoveIntent { DirXPermille = 945, DirZPermille = 328, Gait = Run, FacingMdeg = 70822, IsMoving = True } }
1120	448	MoveCommand { Actor = chr_01M3BMW7KN54EKH8FFGFYWVYVF, Intent = MoveIntent { DirXPermille = 944, DirZPermille = 329, Gait = Run, FacingMdeg = 70816, IsMoving = True } }
1121	449	MoveCommand { Actor = chr_01M3BMW7KN54EKH8FFGFYWVYVF, Intent = MoveIntent { DirXPermille = 945, DirZPermille = 329, Gait = Run, FacingMdeg = 70822, IsMoving = True } }
1122	450	MoveCommand { Actor = chr_01M3BMW7KN54EKH8FFGFYWVYVF, Intent = MoveIntent { DirXPermille = 945, DirZPermille = 328, Gait = Run, FacingMdeg = 70828, IsMoving = True } }
1123	451	MoveCommand { Actor = chr_01M3BMW7KN54EKH8FFGFYWVYVF, Intent = MoveIntent { DirXPermille = 944, DirZPermille = 329, Gait = Run, FacingMdeg = 70822, IsMoving = True } }
1124	452	MoveCommand { Actor = chr_01M3BMW7KN54EKH8FFGFYWVYVF, Intent = MoveIntent { DirXPermille = 945, DirZPermille = 328, Gait = Run, FacingMdeg = 70828, IsMoving = True } }
1125	453	MoveCommand { Actor = chr_01M3BMW7KN54EKH8FFGFYWVYVF, Intent = MoveIntent { DirXPermille = 944, DirZPermille = 329, Gait = Run, FacingMdeg = 70821, IsMoving = True } }
1126	454	MoveCommand { Actor = chr_01M3BMW7KN54EKH8FFGFYWVYVF, Intent = MoveIntent { DirXPermille = 945, DirZPermille = 328, Gait = Run, FacingMdeg = 70828, IsMoving = True } }
1127	455	MoveCommand { Actor = chr_01M3BMW7KN54EKH8FFGFYWVYVF, Intent = MoveIntent { DirXPermille = 944, DirZPermille = 329, Gait = Run, FacingMdeg = 70820, IsMoving = True } }
1128	456	MoveCommand { Actor = chr_01M3BMW7KN54EKH8FFGFYWVYVF, Intent = MoveIntent { DirXPermille = 945, DirZPermille = 328, Gait = Run, FacingMdeg = 70828, IsMoving = True } }
1129	457	MoveCommand { Actor = chr_01M3BMW7KN54EKH8FFGFYWVYVF, Intent = MoveIntent { DirXPermille = 944, DirZPermille = 329, Gait = Run, FacingMdeg = 70820, IsMoving = True } }
1130	458	MoveCommand { Actor = chr_01M3BMW7KN54EKH8FFGFYWVYVF, Intent = MoveIntent { DirXPermille = 945, DirZPermille = 328, Gait = Run, FacingMdeg = 70828, IsMoving = True } }
1131	459	MoveCommand { Actor = chr_01M3BMW7KN54EKH8FFGFYWVYVF, Intent = MoveIntent { DirXPermille = 944, DirZPermille = 329, Gait = Run, FacingMdeg = 70819, IsMoving = True } }
1132	460	MoveCommand { Actor = chr_01M3BMW7KN54EKH8FFGFYWVYVF, Intent = MoveIntent { DirXPermille = 945, DirZPermille = 328, Gait = Run, FacingMdeg = 70828, IsMoving = True } }
1133	461	MoveCommand { Actor = chr_01M3BMW7KN54EKH8FFGFYWVYVF, Intent = MoveIntent { DirXPermille = 944, DirZPermille = 329, Gait = Run, FacingMdeg = 70817, IsMoving = True } }
1134	462	MoveCommand { Actor = chr_01M3BMW7KN54EKH8FFGFYWVYVF, Intent = MoveIntent { DirXPermille = 945, DirZPermille = 328, Gait = Run, FacingMdeg = 70828, IsMoving = True } }
1135	463	MoveCommand { Actor = chr_01M3BMW7KN54EKH8FFGFYWVYVF, Intent = MoveIntent { DirXPermille = 944, DirZPermille = 329, Gait = Run, FacingMdeg = 70816, IsMoving = True } }
1136	464	MoveCommand { Actor = chr_01M3BMW7KN54EKH8FFGFYWVYVF, Intent = MoveIntent { DirXPermille = 945, DirZPermille = 328, Gait = Run, FacingMdeg = 70828, IsMoving = True } }
1137	465	MoveCommand { Actor = chr_01M3BMW7KN54EKH8FFGFYWVYVF, Intent = MoveIntent { DirXPermille = 944, DirZPermille = 329, Gait = Run, FacingMdeg = 70814, IsMoving = True } }
1138	466	MoveCommand { Actor = chr_01M3BMW7KN54EKH8FFGFYWVYVF, Intent = MoveIntent { DirXPermille = 945, DirZPermille = 328, Gait = Run, FacingMdeg = 70828, IsMoving = True } }
1139	467	MoveCommand { Actor = chr_01M3BMW7KN54EKH8FFGFYWVYVF, Intent = MoveIntent { DirXPermille = 944, DirZPermille = 329, Gait = Run, FacingMdeg = 70811, IsMoving = True } }
1140	468	MoveCommand { Actor = chr_01M3BMW7KN54EKH8FFGFYWVYVF, Intent = MoveIntent { DirXPermille = 945, DirZPermille = 328, Gait = Run, FacingMdeg = 70827, IsMoving = True } }
1141	469	MoveCommand { Actor = chr_01M3BMW7KN54EKH8FFGFYWVYVF, Intent = MoveIntent { DirXPermille = 944, DirZPermille = 329, Gait = Run, FacingMdeg = 70806, IsMoving = True } }
1142	470	MoveCommand { Actor = chr_01M3BMW7KN54EKH8FFGFYWVYVF, Intent = MoveIntent { DirXPermille = 945, DirZPermille = 328, Gait = Run, FacingMdeg = 70827, IsMoving = True } }
1143	471	MoveCommand { Actor = chr_01M3BMW7KN54EKH8FFGFYWVYVF, Intent = MoveIntent { DirXPermille = 944, DirZPermille = 329, Gait = Run, FacingMdeg = 70799, IsMoving = True } }
1144	472	MoveCommand { Actor = chr_01M3BMW7KN54EKH8FFGFYWVYVF, Intent = MoveIntent { DirXPermille = 945, DirZPermille = 328, Gait = Run, FacingMdeg = 70827, IsMoving = True } }
1145	473	MoveCommand { Actor = chr_01M3BMW7KN54EKH8FFGFYWVYVF, Intent = MoveIntent { DirXPermille = 944, DirZPermille = 329, Gait = Run, FacingMdeg = 70785, IsMoving = True } }
1146	474	MoveCommand { Actor = chr_01M3BMW7KN54EKH8FFGFYWVYVF, Intent = MoveIntent { DirXPermille = 945, DirZPermille = 328, Gait = Run, FacingMdeg = 70826, IsMoving = True } }
1147	475	MoveCommand { Actor = chr_01M3BMW7KN54EKH8FFGFYWVYVF, Intent = MoveIntent { DirXPermille = 944, DirZPermille = 330, Gait = Run, FacingMdeg = 70743, IsMoving = True } }
1149	476	MoveCommand { Actor = chr_01M3BMW7KN54EKH8FFGFYWVYVF, Intent = MoveIntent { DirXPermille = 974, DirZPermille = 227, Gait = Run, FacingMdeg = 76863, IsMoving = True } }
1156	477	MoveCommand { Actor = chr_01M3BMW7KN54EKH8FFGFYWVYVF, Intent = MoveIntent { DirXPermille = 974, DirZPermille = 228, Gait = Run, FacingMdeg = 76849, IsMoving = True } }
1175	478	MoveCommand { Actor = chr_01M3BMW7KN54EKH8FFGFYWVYVF, Intent = MoveIntent { DirXPermille = 974, DirZPermille = 229, Gait = Run, FacingMdeg = 76790, IsMoving = True } }
1176	479	MoveCommand { Actor = chr_01M3BMW7KN54EKH8FFGFYWVYVF, Intent = MoveIntent { DirXPermille = 974, DirZPermille = 228, Gait = Run, FacingMdeg = 76793, IsMoving = True } }
1177	480	MoveCommand { Actor = chr_01M3BMW7KN54EKH8FFGFYWVYVF, Intent = MoveIntent { DirXPermille = 974, DirZPermille = 229, Gait = Run, FacingMdeg = 76789, IsMoving = True } }
1178	481	MoveCommand { Actor = chr_01M3BMW7KN54EKH8FFGFYWVYVF, Intent = MoveIntent { DirXPermille = 974, DirZPermille = 228, Gait = Run, FacingMdeg = 76791, IsMoving = True } }
1179	482	MoveCommand { Actor = chr_01M3BMW7KN54EKH8FFGFYWVYVF, Intent = MoveIntent { DirXPermille = 974, DirZPermille = 229, Gait = Run, FacingMdeg = 76787, IsMoving = True } }
1181	483	MoveCommand { Actor = chr_01M3BMW7KN54EKH8FFGFYWVYVF, Intent = MoveIntent { DirXPermille = 974, DirZPermille = 228, Gait = Run, FacingMdeg = 76793, IsMoving = True } }
1182	484	MoveCommand { Actor = chr_01M3BMW7KN54EKH8FFGFYWVYVF, Intent = MoveIntent { DirXPermille = 974, DirZPermille = 229, Gait = Run, FacingMdeg = 76788, IsMoving = True } }
1184	485	MoveCommand { Actor = chr_01M3BMW7KN54EKH8FFGFYWVYVF, Intent = MoveIntent { DirXPermille = 974, DirZPermille = 228, Gait = Run, FacingMdeg = 76794, IsMoving = True } }
1185	486	MoveCommand { Actor = chr_01M3BMW7KN54EKH8FFGFYWVYVF, Intent = MoveIntent { DirXPermille = 974, DirZPermille = 229, Gait = Run, FacingMdeg = 76789, IsMoving = True } }
1186	487	MoveCommand { Actor = chr_01M3BMW7KN54EKH8FFGFYWVYVF, Intent = MoveIntent { DirXPermille = 974, DirZPermille = 228, Gait = Run, FacingMdeg = 76792, IsMoving = True } }
1187	488	MoveCommand { Actor = chr_01M3BMW7KN54EKH8FFGFYWVYVF, Intent = MoveIntent { DirXPermille = 974, DirZPermille = 229, Gait = Run, FacingMdeg = 76787, IsMoving = True } }
1189	489	MoveCommand { Actor = chr_01M3BMW7KN54EKH8FFGFYWVYVF, Intent = MoveIntent { DirXPermille = 974, DirZPermille = 228, Gait = Run, FacingMdeg = 76794, IsMoving = True } }
1190	490	MoveCommand { Actor = chr_01M3BMW7KN54EKH8FFGFYWVYVF, Intent = MoveIntent { DirXPermille = 974, DirZPermille = 229, Gait = Run, FacingMdeg = 76788, IsMoving = True } }
1191	491	MoveCommand { Actor = chr_01M3BMW7KN54EKH8FFGFYWVYVF, Intent = MoveIntent { DirXPermille = 974, DirZPermille = 228, Gait = Run, FacingMdeg = 76792, IsMoving = True } }
1192	492	MoveCommand { Actor = chr_01M3BMW7KN54EKH8FFGFYWVYVF, Intent = MoveIntent { DirXPermille = 974, DirZPermille = 229, Gait = Run, FacingMdeg = 76785, IsMoving = True } }
1194	493	MoveCommand { Actor = chr_01M3BMW7KN54EKH8FFGFYWVYVF, Intent = MoveIntent { DirXPermille = 974, DirZPermille = 228, Gait = Run, FacingMdeg = 76793, IsMoving = True } }
1195	494	MoveCommand { Actor = chr_01M3BMW7KN54EKH8FFGFYWVYVF, Intent = MoveIntent { DirXPermille = 974, DirZPermille = 229, Gait = Run, FacingMdeg = 76787, IsMoving = True } }
1197	495	MoveCommand { Actor = chr_01M3BMW7KN54EKH8FFGFYWVYVF, Intent = MoveIntent { DirXPermille = 974, DirZPermille = 228, Gait = Run, FacingMdeg = 76796, IsMoving = True } }
1198	496	MoveCommand { Actor = chr_01M3BMW7KN54EKH8FFGFYWVYVF, Intent = MoveIntent { DirXPermille = 974, DirZPermille = 229, Gait = Run, FacingMdeg = 76788, IsMoving = True } }
1199	497	MoveCommand { Actor = chr_01M3BMW7KN54EKH8FFGFYWVYVF, Intent = MoveIntent { DirXPermille = 974, DirZPermille = 228, Gait = Run, FacingMdeg = 76793, IsMoving = True } }
1200	498	MoveCommand { Actor = chr_01M3BMW7KN54EKH8FFGFYWVYVF, Intent = MoveIntent { DirXPermille = 974, DirZPermille = 229, Gait = Run, FacingMdeg = 76785, IsMoving = True } }
1202	499	MoveCommand { Actor = chr_01M3BMW7KN54EKH8FFGFYWVYVF, Intent = MoveIntent { DirXPermille = 974, DirZPermille = 228, Gait = Run, FacingMdeg = 76795, IsMoving = True } }
1203	500	MoveCommand { Actor = chr_01M3BMW7KN54EKH8FFGFYWVYVF, Intent = MoveIntent { DirXPermille = 974, DirZPermille = 229, Gait = Run, FacingMdeg = 76786, IsMoving = True } }
1204	501	MoveCommand { Actor = chr_01M3BMW7KN54EKH8FFGFYWVYVF, Intent = MoveIntent { DirXPermille = 974, DirZPermille = 228, Gait = Run, FacingMdeg = 76792, IsMoving = True } }
1205	502	MoveCommand { Actor = chr_01M3BMW7KN54EKH8FFGFYWVYVF, Intent = MoveIntent { DirXPermille = 974, DirZPermille = 229, Gait = Run, FacingMdeg = 76782, IsMoving = True } }
1207	503	MoveCommand { Actor = chr_01M3BMW7KN54EKH8FFGFYWVYVF, Intent = MoveIntent { DirXPermille = 974, DirZPermille = 228, Gait = Run, FacingMdeg = 76795, IsMoving = True } }
1208	504	MoveCommand { Actor = chr_01M3BMW7KN54EKH8FFGFYWVYVF, Intent = MoveIntent { DirXPermille = 974, DirZPermille = 229, Gait = Run, FacingMdeg = 76783, IsMoving = True } }
1210	505	MoveCommand { Actor = chr_01M3BMW7KN54EKH8FFGFYWVYVF, Intent = MoveIntent { DirXPermille = 974, DirZPermille = 228, Gait = Run, FacingMdeg = 76799, IsMoving = True } }
1211	506	MoveCommand { Actor = chr_01M3BMW7KN54EKH8FFGFYWVYVF, Intent = MoveIntent { DirXPermille = 974, DirZPermille = 229, Gait = Run, FacingMdeg = 76785, IsMoving = True } }
1212	507	MoveCommand { Actor = chr_01M3BMW7KN54EKH8FFGFYWVYVF, Intent = MoveIntent { DirXPermille = 974, DirZPermille = 228, Gait = Run, FacingMdeg = 76795, IsMoving = True } }
1213	508	MoveCommand { Actor = chr_01M3BMW7KN54EKH8FFGFYWVYVF, Intent = MoveIntent { DirXPermille = 973, DirZPermille = 229, Gait = Run, FacingMdeg = 76778, IsMoving = True } }
1214	509	MoveCommand { Actor = chr_01M3BMW7KN54EKH8FFGFYWVYVF, Intent = MoveIntent { DirXPermille = 974, DirZPermille = 229, Gait = Run, FacingMdeg = 76789, IsMoving = True } }
1215	510	MoveCommand { Actor = chr_01M3BMW7KN54EKH8FFGFYWVYVF, Intent = MoveIntent { DirXPermille = 974, DirZPermille = 228, Gait = Run, FacingMdeg = 76800, IsMoving = True } }
1216	511	MoveCommand { Actor = chr_01M3BMW7KN54EKH8FFGFYWVYVF, Intent = MoveIntent { DirXPermille = 973, DirZPermille = 229, Gait = Run, FacingMdeg = 76780, IsMoving = True } }
1217	512	MoveCommand { Actor = chr_01M3BMW7KN54EKH8FFGFYWVYVF, Intent = MoveIntent { DirXPermille = 974, DirZPermille = 228, Gait = Run, FacingMdeg = 76794, IsMoving = True } }
1218	513	MoveCommand { Actor = chr_01M3BMW7KN54EKH8FFGFYWVYVF, Intent = MoveIntent { DirXPermille = 973, DirZPermille = 229, Gait = Run, FacingMdeg = 76767, IsMoving = True } }
1219	514	MoveCommand { Actor = chr_01M3BMW7KN54EKH8FFGFYWVYVF, Intent = MoveIntent { DirXPermille = 974, DirZPermille = 229, Gait = Run, FacingMdeg = 76783, IsMoving = True } }
1220	515	MoveCommand { Actor = chr_01M3BMW7KN54EKH8FFGFYWVYVF, Intent = MoveIntent { DirXPermille = 974, DirZPermille = 228, Gait = Run, FacingMdeg = 76804, IsMoving = True } }
1221	516	MoveCommand { Actor = chr_01M3BMW7KN54EKH8FFGFYWVYVF, Intent = MoveIntent { DirXPermille = 973, DirZPermille = 229, Gait = Run, FacingMdeg = 76764, IsMoving = True } }
1222	517	MoveCommand { Actor = chr_01M3BMW7KN54EKH8FFGFYWVYVF, Intent = MoveIntent { DirXPermille = 974, DirZPermille = 229, Gait = Run, FacingMdeg = 76790, IsMoving = True } }
1223	518	MoveCommand { Actor = chr_01M3BMW7KN54EKH8FFGFYWVYVF, Intent = MoveIntent { DirXPermille = 974, DirZPermille = 228, Gait = Run, FacingMdeg = 76835, IsMoving = True } }
1224	519	MoveCommand { Actor = chr_01M3BMW7KN54EKH8FFGFYWVYVF, Intent = MoveIntent { DirXPermille = 973, DirZPermille = 229, Gait = Run, FacingMdeg = 76749, IsMoving = True } }
1226	520	MoveCommand { Actor = chr_01M3BMW7KN54EKH8FFGFYWVYVF, Intent = MoveIntent { DirXPermille = 0, DirZPermille = 0, Gait = Run, FacingMdeg = 76749, IsMoving = False } }
1226	521	MoveItemCommand { Actor = chr_01M3BMW7KN54EKH8FFGFYWVYVF, Item = container.merchant_cart#00, From = container container.merchant_cart, To = inventory, Count = 12 }
1226	522	MoveItemCommand { Actor = chr_01M3BMW7KN54EKH8FFGFYWVYVF, Item = container.merchant_cart#01, From = container container.merchant_cart, To = inventory, Count = 1 }	rejected: there is no 'container.merchant_cart#01' in the container container.merchant_cart
1227	523	MoveItemCommand { Actor = chr_01M3BMW7KN54EKH8FFGFYWVYVF, Item = itm_01M3BMY3STTN0DNCR5DC8Q78YT, From = container container.merchant_cart, To = inventory, Count = 1 }
1235	524	MoveCommand { Actor = chr_01M3BMW7KN54EKH8FFGFYWVYVF, Intent = MoveIntent { DirXPermille = 673, DirZPermille = -740, Gait = Run, FacingMdeg = 137737, IsMoving = True } }
1237	525	MoveCommand { Actor = chr_01M3BMW7KN54EKH8FFGFYWVYVF, Intent = MoveIntent { DirXPermille = 672, DirZPermille = -740, Gait = Run, FacingMdeg = 137742, IsMoving = True } }
1247	526	MoveCommand { Actor = chr_01M3BMW7KN54EKH8FFGFYWVYVF, Intent = MoveIntent { DirXPermille = 672, DirZPermille = -741, Gait = Run, FacingMdeg = 137776, IsMoving = True } }
1248	527	MoveCommand { Actor = chr_01M3BMW7KN54EKH8FFGFYWVYVF, Intent = MoveIntent { DirXPermille = 672, DirZPermille = -740, Gait = Run, FacingMdeg = 137771, IsMoving = True } }
1249	528	MoveCommand { Actor = chr_01M3BMW7KN54EKH8FFGFYWVYVF, Intent = MoveIntent { DirXPermille = 672, DirZPermille = -741, Gait = Run, FacingMdeg = 137775, IsMoving = True } }
1250	529	MoveCommand { Actor = chr_01M3BMW7KN54EKH8FFGFYWVYVF, Intent = MoveIntent { DirXPermille = 672, DirZPermille = -740, Gait = Run, FacingMdeg = 137771, IsMoving = True } }
1251	530	MoveCommand { Actor = chr_01M3BMW7KN54EKH8FFGFYWVYVF, Intent = MoveIntent { DirXPermille = 672, DirZPermille = -741, Gait = Run, FacingMdeg = 137775, IsMoving = True } }
1252	531	MoveCommand { Actor = chr_01M3BMW7KN54EKH8FFGFYWVYVF, Intent = MoveIntent { DirXPermille = 672, DirZPermille = -740, Gait = Run, FacingMdeg = 137770, IsMoving = True } }
1253	532	MoveCommand { Actor = chr_01M3BMW7KN54EKH8FFGFYWVYVF, Intent = MoveIntent { DirXPermille = 672, DirZPermille = -741, Gait = Run, FacingMdeg = 137775, IsMoving = True } }
1254	533	MoveCommand { Actor = chr_01M3BMW7KN54EKH8FFGFYWVYVF, Intent = MoveIntent { DirXPermille = 672, DirZPermille = -740, Gait = Run, FacingMdeg = 137770, IsMoving = True } }
1255	534	MoveCommand { Actor = chr_01M3BMW7KN54EKH8FFGFYWVYVF, Intent = MoveIntent { DirXPermille = 672, DirZPermille = -741, Gait = Run, FacingMdeg = 137774, IsMoving = True } }
1256	535	MoveCommand { Actor = chr_01M3BMW7KN54EKH8FFGFYWVYVF, Intent = MoveIntent { DirXPermille = 672, DirZPermille = -740, Gait = Run, FacingMdeg = 137769, IsMoving = True } }
1258	536	MoveCommand { Actor = chr_01M3BMW7KN54EKH8FFGFYWVYVF, Intent = MoveIntent { DirXPermille = 672, DirZPermille = -741, Gait = Run, FacingMdeg = 137778, IsMoving = True } }
1259	537	MoveCommand { Actor = chr_01M3BMW7KN54EKH8FFGFYWVYVF, Intent = MoveIntent { DirXPermille = 672, DirZPermille = -740, Gait = Run, FacingMdeg = 137773, IsMoving = True } }
1260	538	MoveCommand { Actor = chr_01M3BMW7KN54EKH8FFGFYWVYVF, Intent = MoveIntent { DirXPermille = 672, DirZPermille = -741, Gait = Run, FacingMdeg = 137778, IsMoving = True } }
1261	539	MoveCommand { Actor = chr_01M3BMW7KN54EKH8FFGFYWVYVF, Intent = MoveIntent { DirXPermille = 672, DirZPermille = -740, Gait = Run, FacingMdeg = 137773, IsMoving = True } }
1262	540	MoveCommand { Actor = chr_01M3BMW7KN54EKH8FFGFYWVYVF, Intent = MoveIntent { DirXPermille = 672, DirZPermille = -741, Gait = Run, FacingMdeg = 137778, IsMoving = True } }
1263	541	MoveCommand { Actor = chr_01M3BMW7KN54EKH8FFGFYWVYVF, Intent = MoveIntent { DirXPermille = 672, DirZPermille = -740, Gait = Run, FacingMdeg = 137772, IsMoving = True } }
1264	542	MoveCommand { Actor = chr_01M3BMW7KN54EKH8FFGFYWVYVF, Intent = MoveIntent { DirXPermille = 672, DirZPermille = -741, Gait = Run, FacingMdeg = 137777, IsMoving = True } }
1265	543	MoveCommand { Actor = chr_01M3BMW7KN54EKH8FFGFYWVYVF, Intent = MoveIntent { DirXPermille = 672, DirZPermille = -740, Gait = Run, FacingMdeg = 137771, IsMoving = True } }
1266	544	MoveCommand { Actor = chr_01M3BMW7KN54EKH8FFGFYWVYVF, Intent = MoveIntent { DirXPermille = 672, DirZPermille = -741, Gait = Run, FacingMdeg = 137777, IsMoving = True } }
1267	545	MoveCommand { Actor = chr_01M3BMW7KN54EKH8FFGFYWVYVF, Intent = MoveIntent { DirXPermille = 672, DirZPermille = -740, Gait = Run, FacingMdeg = 137771, IsMoving = True } }
1268	546	MoveCommand { Actor = chr_01M3BMW7KN54EKH8FFGFYWVYVF, Intent = MoveIntent { DirXPermille = 672, DirZPermille = -741, Gait = Run, FacingMdeg = 137776, IsMoving = True } }
1269	547	MoveCommand { Actor = chr_01M3BMW7KN54EKH8FFGFYWVYVF, Intent = MoveIntent { DirXPermille = 672, DirZPermille = -740, Gait = Run, FacingMdeg = 137770, IsMoving = True } }
1270	548	MoveCommand { Actor = chr_01M3BMW7KN54EKH8FFGFYWVYVF, Intent = MoveIntent { DirXPermille = 672, DirZPermille = -741, Gait = Run, FacingMdeg = 137776, IsMoving = True } }
1271	549	MoveCommand { Actor = chr_01M3BMW7KN54EKH8FFGFYWVYVF, Intent = MoveIntent { DirXPermille = 672, DirZPermille = -740, Gait = Run, FacingMdeg = 137769, IsMoving = True } }
1272	550	MoveCommand { Actor = chr_01M3BMW7KN54EKH8FFGFYWVYVF, Intent = MoveIntent { DirXPermille = 672, DirZPermille = -741, Gait = Run, FacingMdeg = 137775, IsMoving = True } }
1273	551	MoveCommand { Actor = chr_01M3BMW7KN54EKH8FFGFYWVYVF, Intent = MoveIntent { DirXPermille = 672, DirZPermille = -740, Gait = Run, FacingMdeg = 137768, IsMoving = True } }
1274	552	MoveCommand { Actor = chr_01M3BMW7KN54EKH8FFGFYWVYVF, Intent = MoveIntent { DirXPermille = 672, DirZPermille = -741, Gait = Run, FacingMdeg = 137775, IsMoving = True } }
1275	553	MoveCommand { Actor = chr_01M3BMW7KN54EKH8FFGFYWVYVF, Intent = MoveIntent { DirXPermille = 672, DirZPermille = -740, Gait = Run, FacingMdeg = 137767, IsMoving = True } }
1277	554	MoveCommand { Actor = chr_01M3BMW7KN54EKH8FFGFYWVYVF, Intent = MoveIntent { DirXPermille = 672, DirZPermille = -741, Gait = Run, FacingMdeg = 137781, IsMoving = True } }
1278	555	MoveCommand { Actor = chr_01M3BMW7KN54EKH8FFGFYWVYVF, Intent = MoveIntent { DirXPermille = 672, DirZPermille = -740, Gait = Run, FacingMdeg = 137773, IsMoving = True } }
1279	556	MoveCommand { Actor = chr_01M3BMW7KN54EKH8FFGFYWVYVF, Intent = MoveIntent { DirXPermille = 672, DirZPermille = -741, Gait = Run, FacingMdeg = 137781, IsMoving = True } }
1280	557	MoveCommand { Actor = chr_01M3BMW7KN54EKH8FFGFYWVYVF, Intent = MoveIntent { DirXPermille = 672, DirZPermille = -740, Gait = Run, FacingMdeg = 137772, IsMoving = True } }
1281	558	MoveCommand { Actor = chr_01M3BMW7KN54EKH8FFGFYWVYVF, Intent = MoveIntent { DirXPermille = 672, DirZPermille = -741, Gait = Run, FacingMdeg = 137781, IsMoving = True } }
1282	559	MoveCommand { Actor = chr_01M3BMW7KN54EKH8FFGFYWVYVF, Intent = MoveIntent { DirXPermille = 672, DirZPermille = -740, Gait = Run, FacingMdeg = 137771, IsMoving = True } }
1283	560	MoveCommand { Actor = chr_01M3BMW7KN54EKH8FFGFYWVYVF, Intent = MoveIntent { DirXPermille = 672, DirZPermille = -741, Gait = Run, FacingMdeg = 137780, IsMoving = True } }
1284	561	MoveCommand { Actor = chr_01M3BMW7KN54EKH8FFGFYWVYVF, Intent = MoveIntent { DirXPermille = 672, DirZPermille = -740, Gait = Run, FacingMdeg = 137770, IsMoving = True } }
1285	562	MoveCommand { Actor = chr_01M3BMW7KN54EKH8FFGFYWVYVF, Intent = MoveIntent { DirXPermille = 672, DirZPermille = -741, Gait = Run, FacingMdeg = 137780, IsMoving = True } }
1286	563	MoveCommand { Actor = chr_01M3BMW7KN54EKH8FFGFYWVYVF, Intent = MoveIntent { DirXPermille = 672, DirZPermille = -740, Gait = Run, FacingMdeg = 137769, IsMoving = True } }
1287	564	MoveCommand { Actor = chr_01M3BMW7KN54EKH8FFGFYWVYVF, Intent = MoveIntent { DirXPermille = 672, DirZPermille = -741, Gait = Run, FacingMdeg = 137779, IsMoving = True } }
1288	565	MoveCommand { Actor = chr_01M3BMW7KN54EKH8FFGFYWVYVF, Intent = MoveIntent { DirXPermille = 672, DirZPermille = -740, Gait = Run, FacingMdeg = 137767, IsMoving = True } }
1289	566	MoveCommand { Actor = chr_01M3BMW7KN54EKH8FFGFYWVYVF, Intent = MoveIntent { DirXPermille = 672, DirZPermille = -741, Gait = Run, FacingMdeg = 137778, IsMoving = True } }
1290	567	MoveCommand { Actor = chr_01M3BMW7KN54EKH8FFGFYWVYVF, Intent = MoveIntent { DirXPermille = 672, DirZPermille = -740, Gait = Run, FacingMdeg = 137765, IsMoving = True } }
1291	568	MoveCommand { Actor = chr_01M3BMW7KN54EKH8FFGFYWVYVF, Intent = MoveIntent { DirXPermille = 672, DirZPermille = -741, Gait = Run, FacingMdeg = 137778, IsMoving = True } }
1292	569	MoveCommand { Actor = chr_01M3BMW7KN54EKH8FFGFYWVYVF, Intent = MoveIntent { DirXPermille = 672, DirZPermille = -740, Gait = Run, FacingMdeg = 137762, IsMoving = True } }
1293	570	MoveCommand { Actor = chr_01M3BMW7KN54EKH8FFGFYWVYVF, Intent = MoveIntent { DirXPermille = 672, DirZPermille = -741, Gait = Run, FacingMdeg = 137776, IsMoving = True } }
1294	571	MoveCommand { Actor = chr_01M3BMW7KN54EKH8FFGFYWVYVF, Intent = MoveIntent { DirXPermille = 672, DirZPermille = -740, Gait = Run, FacingMdeg = 137759, IsMoving = True } }
1295	572	MoveCommand { Actor = chr_01M3BMW7KN54EKH8FFGFYWVYVF, Intent = MoveIntent { DirXPermille = 672, DirZPermille = -741, Gait = Run, FacingMdeg = 137775, IsMoving = True } }
1296	573	MoveCommand { Actor = chr_01M3BMW7KN54EKH8FFGFYWVYVF, Intent = MoveIntent { DirXPermille = 672, DirZPermille = -740, Gait = Run, FacingMdeg = 137755, IsMoving = True } }
1298	574	MoveCommand { Actor = chr_01M3BMW7KN54EKH8FFGFYWVYVF, Intent = MoveIntent { DirXPermille = 672, DirZPermille = -741, Gait = Run, FacingMdeg = 137794, IsMoving = True } }
1299	575	MoveCommand { Actor = chr_01M3BMW7KN54EKH8FFGFYWVYVF, Intent = MoveIntent { DirXPermille = 672, DirZPermille = -740, Gait = Run, FacingMdeg = 137771, IsMoving = True } }
1300	576	MoveCommand { Actor = chr_01M3BMW7KN54EKH8FFGFYWVYVF, Intent = MoveIntent { DirXPermille = 672, DirZPermille = -741, Gait = Run, FacingMdeg = 137796, IsMoving = True } }
1301	577	MoveCommand { Actor = chr_01M3BMW7KN54EKH8FFGFYWVYVF, Intent = MoveIntent { DirXPermille = 672, DirZPermille = -740, Gait = Run, FacingMdeg = 137767, IsMoving = True } }
1302	578	MoveCommand { Actor = chr_01M3BMW7KN54EKH8FFGFYWVYVF, Intent = MoveIntent { DirXPermille = 672, DirZPermille = -741, Gait = Run, FacingMdeg = 137799, IsMoving = True } }
1303	579	MoveCommand { Actor = chr_01M3BMW7KN54EKH8FFGFYWVYVF, Intent = MoveIntent { DirXPermille = 672, DirZPermille = -740, Gait = Run, FacingMdeg = 137761, IsMoving = True } }
1304	580	MoveCommand { Actor = chr_01M3BMW7KN54EKH8FFGFYWVYVF, Intent = MoveIntent { DirXPermille = 672, DirZPermille = -741, Gait = Run, FacingMdeg = 137803, IsMoving = True } }
1305	581	MoveCommand { Actor = chr_01M3BMW7KN54EKH8FFGFYWVYVF, Intent = MoveIntent { DirXPermille = 672, DirZPermille = -740, Gait = Run, FacingMdeg = 137749, IsMoving = True } }
1306	582	MoveCommand { Actor = chr_01M3BMW7KN54EKH8FFGFYWVYVF, Intent = MoveIntent { DirXPermille = 672, DirZPermille = -741, Gait = Run, FacingMdeg = 137813, IsMoving = True } }
1307	583	MoveCommand { Actor = chr_01M3BMW7KN54EKH8FFGFYWVYVF, Intent = MoveIntent { DirXPermille = 673, DirZPermille = -740, Gait = Run, FacingMdeg = 137716, IsMoving = True } }
1308	584	MoveCommand { Actor = chr_01M3BMW7KN54EKH8FFGFYWVYVF, Intent = MoveIntent { DirXPermille = 671, DirZPermille = -741, Gait = Run, FacingMdeg = 137853, IsMoving = True } }
1310	585	MoveCommand { Actor = chr_01M3BMW7KN54EKH8FFGFYWVYVF, Intent = MoveIntent { DirXPermille = 782, DirZPermille = -624, Gait = Run, FacingMdeg = 128578, IsMoving = True } }
1316	586	MoveCommand { Actor = chr_01M3BMW7KN54EKH8FFGFYWVYVF, Intent = MoveIntent { DirXPermille = 782, DirZPermille = -623, Gait = Run, FacingMdeg = 128571, IsMoving = True } }
1328	587	MoveCommand { Actor = chr_01M3BMW7KN54EKH8FFGFYWVYVF, Intent = MoveIntent { DirXPermille = 781, DirZPermille = -625, Gait = Run, FacingMdeg = 128691, IsMoving = True } }
1329	588	MoveCommand { Actor = chr_01M3BMW7KN54EKH8FFGFYWVYVF, Intent = MoveIntent { DirXPermille = 775, DirZPermille = -631, Gait = Run, FacingMdeg = 129150, IsMoving = True } }
1330	589	MoveCommand { Actor = chr_01M3BMW7KN54EKH8FFGFYWVYVF, Intent = MoveIntent { DirXPermille = 770, DirZPermille = -638, Gait = Run, FacingMdeg = 129615, IsMoving = True } }
1331	590	MoveCommand { Actor = chr_01M3BMW7KN54EKH8FFGFYWVYVF, Intent = MoveIntent { DirXPermille = 765, DirZPermille = -644, Gait = Run, FacingMdeg = 130086, IsMoving = True } }
1332	591	MoveCommand { Actor = chr_01M3BMW7KN54EKH8FFGFYWVYVF, Intent = MoveIntent { DirXPermille = 760, DirZPermille = -650, Gait = Run, FacingMdeg = 130562, IsMoving = True } }
1333	592	MoveCommand { Actor = chr_01M3BMW7KN54EKH8FFGFYWVYVF, Intent = MoveIntent { DirXPermille = 754, DirZPermille = -657, Gait = Run, FacingMdeg = 131047, IsMoving = True } }
1334	593	MoveCommand { Actor = chr_01M3BMW7KN54EKH8FFGFYWVYVF, Intent = MoveIntent { DirXPermille = 749, DirZPermille = -663, Gait = Run, FacingMdeg = 131538, IsMoving = True } }
1335	594	MoveCommand { Actor = chr_01M3BMW7KN54EKH8FFGFYWVYVF, Intent = MoveIntent { DirXPermille = 743, DirZPermille = -670, Gait = Run, FacingMdeg = 132035, IsMoving = True } }
1336	595	MoveCommand { Actor = chr_01M3BMW7KN54EKH8FFGFYWVYVF, Intent = MoveIntent { DirXPermille = 737, DirZPermille = -676, Gait = Run, FacingMdeg = 132536, IsMoving = True } }
1337	596	MoveCommand { Actor = chr_01M3BMW7KN54EKH8FFGFYWVYVF, Intent = MoveIntent { DirXPermille = 731, DirZPermille = -683, Gait = Run, FacingMdeg = 133044, IsMoving = True } }
1338	597	MoveCommand { Actor = chr_01M3BMW7KN54EKH8FFGFYWVYVF, Intent = MoveIntent { DirXPermille = 725, DirZPermille = -689, Gait = Run, FacingMdeg = 133556, IsMoving = True } }
1339	598	MoveCommand { Actor = chr_01M3BMW7KN54EKH8FFGFYWVYVF, Intent = MoveIntent { DirXPermille = 718, DirZPermille = -696, Gait = Run, FacingMdeg = 134074, IsMoving = True } }
1340	599	MoveCommand { Actor = chr_01M3BMW7KN54EKH8FFGFYWVYVF, Intent = MoveIntent { DirXPermille = 712, DirZPermille = -702, Gait = Run, FacingMdeg = 134598, IsMoving = True } }
1341	600	MoveCommand { Actor = chr_01M3BMW7KN54EKH8FFGFYWVYVF, Intent = MoveIntent { DirXPermille = 706, DirZPermille = -709, Gait = Run, FacingMdeg = 135126, IsMoving = True } }
1342	601	MoveCommand { Actor = chr_01M3BMW7KN54EKH8FFGFYWVYVF, Intent = MoveIntent { DirXPermille = 699, DirZPermille = -715, Gait = Run, FacingMdeg = 135660, IsMoving = True } }
1343	602	MoveCommand { Actor = chr_01M3BMW7KN54EKH8FFGFYWVYVF, Intent = MoveIntent { DirXPermille = 692, DirZPermille = -722, Gait = Run, FacingMdeg = 136198, IsMoving = True } }
1344	603	MoveCommand { Actor = chr_01M3BMW7KN54EKH8FFGFYWVYVF, Intent = MoveIntent { DirXPermille = 685, DirZPermille = -728, Gait = Run, FacingMdeg = 136742, IsMoving = True } }
1345	604	MoveCommand { Actor = chr_01M3BMW7KN54EKH8FFGFYWVYVF, Intent = MoveIntent { DirXPermille = 678, DirZPermille = -735, Gait = Run, FacingMdeg = 137290, IsMoving = True } }
1346	605	MoveCommand { Actor = chr_01M3BMW7KN54EKH8FFGFYWVYVF, Intent = MoveIntent { DirXPermille = 671, DirZPermille = -741, Gait = Run, FacingMdeg = 137838, IsMoving = True } }
1347	606	MoveCommand { Actor = chr_01M3BMW7KN54EKH8FFGFYWVYVF, Intent = MoveIntent { DirXPermille = 664, DirZPermille = -748, Gait = Run, FacingMdeg = 138391, IsMoving = True } }
1348	607	MoveCommand { Actor = chr_01M3BMW7KN54EKH8FFGFYWVYVF, Intent = MoveIntent { DirXPermille = 657, DirZPermille = -754, Gait = Run, FacingMdeg = 138948, IsMoving = True } }
1349	608	MoveCommand { Actor = chr_01M3BMW7KN54EKH8FFGFYWVYVF, Intent = MoveIntent { DirXPermille = 649, DirZPermille = -761, Gait = Run, FacingMdeg = 139509, IsMoving = True } }
1350	609	MoveCommand { Actor = chr_01M3BMW7KN54EKH8FFGFYWVYVF, Intent = MoveIntent { DirXPermille = 642, DirZPermille = -767, Gait = Run, FacingMdeg = 140074, IsMoving = True } }
1351	610	MoveCommand { Actor = chr_01M3BMW7KN54EKH8FFGFYWVYVF, Intent = MoveIntent { DirXPermille = 634, DirZPermille = -773, Gait = Run, FacingMdeg = 140643, IsMoving = True } }
1352	611	MoveCommand { Actor = chr_01M3BMW7KN54EKH8FFGFYWVYVF, Intent = MoveIntent { DirXPermille = 626, DirZPermille = -779, Gait = Run, FacingMdeg = 141210, IsMoving = True } }
1353	612	MoveCommand { Actor = chr_01M3BMW7KN54EKH8FFGFYWVYVF, Intent = MoveIntent { DirXPermille = 619, DirZPermille = -786, Gait = Run, FacingMdeg = 141780, IsMoving = True } }
1354	613	MoveCommand { Actor = chr_01M3BMW7KN54EKH8FFGFYWVYVF, Intent = MoveIntent { DirXPermille = 611, DirZPermille = -792, Gait = Run, FacingMdeg = 142354, IsMoving = True } }
1355	614	MoveCommand { Actor = chr_01M3BMW7KN54EKH8FFGFYWVYVF, Intent = MoveIntent { DirXPermille = 603, DirZPermille = -798, Gait = Run, FacingMdeg = 142931, IsMoving = True } }
1356	615	MoveCommand { Actor = chr_01M3BMW7KN54EKH8FFGFYWVYVF, Intent = MoveIntent { DirXPermille = 595, DirZPermille = -804, Gait = Run, FacingMdeg = 143505, IsMoving = True } }
1357	616	MoveCommand { Actor = chr_01M3BMW7KN54EKH8FFGFYWVYVF, Intent = MoveIntent { DirXPermille = 587, DirZPermille = -810, Gait = Run, FacingMdeg = 144081, IsMoving = True } }
1358	617	MoveCommand { Actor = chr_01M3BMW7KN54EKH8FFGFYWVYVF, Intent = MoveIntent { DirXPermille = 578, DirZPermille = -816, Gait = Run, FacingMdeg = 144659, IsMoving = True } }
1359	618	MoveCommand { Actor = chr_01M3BMW7KN54EKH8FFGFYWVYVF, Intent = MoveIntent { DirXPermille = 570, DirZPermille = -821, Gait = Run, FacingMdeg = 145234, IsMoving = True } }
1360	619	MoveCommand { Actor = chr_01M3BMW7KN54EKH8FFGFYWVYVF, Intent = MoveIntent { DirXPermille = 562, DirZPermille = -827, Gait = Run, FacingMdeg = 145810, IsMoving = True } }
1361	620	MoveCommand { Actor = chr_01M3BMW7KN54EKH8FFGFYWVYVF, Intent = MoveIntent { DirXPermille = 554, DirZPermille = -833, Gait = Run, FacingMdeg = 146387, IsMoving = True } }
1362	621	MoveCommand { Actor = chr_01M3BMW7KN54EKH8FFGFYWVYVF, Intent = MoveIntent { DirXPermille = 545, DirZPermille = -838, Gait = Run, FacingMdeg = 146966, IsMoving = True } }
1363	622	MoveCommand { Actor = chr_01M3BMW7KN54EKH8FFGFYWVYVF, Intent = MoveIntent { DirXPermille = 534, DirZPermille = -845, Gait = Run, FacingMdeg = 147723, IsMoving = True } }
1364	623	MoveCommand { Actor = chr_01M3BMW7KN54EKH8FFGFYWVYVF, Intent = MoveIntent { DirXPermille = 527, DirZPermille = -850, Gait = Run, FacingMdeg = 148215, IsMoving = True } }
1381	624	MoveCommand { Actor = chr_01M3BMW7KN54EKH8FFGFYWVYVF, Intent = MoveIntent { DirXPermille = 528, DirZPermille = -850, Gait = Run, FacingMdeg = 148163, IsMoving = True } }
1383	625	MoveCommand { Actor = chr_01M3BMW7KN54EKH8FFGFYWVYVF, Intent = MoveIntent { DirXPermille = 528, DirZPermille = -849, Gait = Run, FacingMdeg = 148152, IsMoving = True } }
1391	626	MoveCommand { Actor = chr_01M3BMW7KN54EKH8FFGFYWVYVF, Intent = MoveIntent { DirXPermille = 529, DirZPermille = -849, Gait = Run, FacingMdeg = 148084, IsMoving = True } }
1393	627	MoveCommand { Actor = chr_01M3BMW7KN54EKH8FFGFYWVYVF, Intent = MoveIntent { DirXPermille = 528, DirZPermille = -849, Gait = Run, FacingMdeg = 148096, IsMoving = True } }
1394	628	MoveCommand { Actor = chr_01M3BMW7KN54EKH8FFGFYWVYVF, Intent = MoveIntent { DirXPermille = 529, DirZPermille = -849, Gait = Run, FacingMdeg = 148082, IsMoving = True } }
1396	629	MoveCommand { Actor = chr_01M3BMW7KN54EKH8FFGFYWVYVF, Intent = MoveIntent { DirXPermille = 528, DirZPermille = -849, Gait = Run, FacingMdeg = 148096, IsMoving = True } }
1397	630	MoveCommand { Actor = chr_01M3BMW7KN54EKH8FFGFYWVYVF, Intent = MoveIntent { DirXPermille = 529, DirZPermille = -849, Gait = Run, FacingMdeg = 148078, IsMoving = True } }
1399	631	MoveCommand { Actor = chr_01M3BMW7KN54EKH8FFGFYWVYVF, Intent = MoveIntent { DirXPermille = 528, DirZPermille = -849, Gait = Run, FacingMdeg = 148096, IsMoving = True } }
1400	632	MoveCommand { Actor = chr_01M3BMW7KN54EKH8FFGFYWVYVF, Intent = MoveIntent { DirXPermille = 529, DirZPermille = -849, Gait = Run, FacingMdeg = 148072, IsMoving = True } }
1402	633	MoveCommand { Actor = chr_01M3BMW7KN54EKH8FFGFYWVYVF, Intent = MoveIntent { DirXPermille = 528, DirZPermille = -849, Gait = Run, FacingMdeg = 148096, IsMoving = True } }
1403	634	MoveCommand { Actor = chr_01M3BMW7KN54EKH8FFGFYWVYVF, Intent = MoveIntent { DirXPermille = 529, DirZPermille = -849, Gait = Run, FacingMdeg = 148059, IsMoving = True } }
1405	635	MoveCommand { Actor = chr_01M3BMW7KN54EKH8FFGFYWVYVF, Intent = MoveIntent { DirXPermille = 528, DirZPermille = -849, Gait = Run, FacingMdeg = 148097, IsMoving = True } }
1406	636	MoveCommand { Actor = chr_01M3BMW7KN54EKH8FFGFYWVYVF, Intent = MoveIntent { DirXPermille = 530, DirZPermille = -848, Gait = Run, FacingMdeg = 148011, IsMoving = True } }
1409	637	MoveCommand { Actor = chr_01M3BMW7KN54EKH8FFGFYWVYVF, Intent = MoveIntent { DirXPermille = 738, DirZPermille = -675, Gait = Run, FacingMdeg = 132468, IsMoving = True } }
1440	638	MoveCommand { Actor = chr_01M3BMW7KN54EKH8FFGFYWVYVF, Intent = MoveIntent { DirXPermille = 737, DirZPermille = -675, Gait = Run, FacingMdeg = 132483, IsMoving = True } }
1441	639	MoveCommand { Actor = chr_01M3BMW7KN54EKH8FFGFYWVYVF, Intent = MoveIntent { DirXPermille = 737, DirZPermille = -676, Gait = Run, FacingMdeg = 132495, IsMoving = True } }
1443	640	MoveCommand { Actor = chr_01M3BMW7KN54EKH8FFGFYWVYVF, Intent = MoveIntent { DirXPermille = 0, DirZPermille = 0, Gait = Run, FacingMdeg = 132495, IsMoving = False } }
1443	641	GatherCommand { Actor = chr_01M3BMW7KN54EKH8FFGFYWVYVF, NodeKey = node.r_0_0:c_01_01.ash_stand.00 }
1451	642	MoveCommand { Actor = chr_01M3BMW7KN54EKH8FFGFYWVYVF, Intent = MoveIntent { DirXPermille = -409, DirZPermille = -913, Gait = Run, FacingMdeg = 204139, IsMoving = True } }
1459	643	MoveCommand { Actor = chr_01M3BMW7KN54EKH8FFGFYWVYVF, Intent = MoveIntent { DirXPermille = -409, DirZPermille = -912, Gait = Run, FacingMdeg = 204148, IsMoving = True } }
1479	644	MoveCommand { Actor = chr_01M3BMW7KN54EKH8FFGFYWVYVF, Intent = MoveIntent { DirXPermille = -410, DirZPermille = -912, Gait = Run, FacingMdeg = 204174, IsMoving = True } }
1480	645	MoveCommand { Actor = chr_01M3BMW7KN54EKH8FFGFYWVYVF, Intent = MoveIntent { DirXPermille = -409, DirZPermille = -912, Gait = Run, FacingMdeg = 204173, IsMoving = True } }
1481	646	MoveCommand { Actor = chr_01M3BMW7KN54EKH8FFGFYWVYVF, Intent = MoveIntent { DirXPermille = -410, DirZPermille = -912, Gait = Run, FacingMdeg = 204175, IsMoving = True } }
1482	647	MoveCommand { Actor = chr_01M3BMW7KN54EKH8FFGFYWVYVF, Intent = MoveIntent { DirXPermille = -409, DirZPermille = -912, Gait = Run, FacingMdeg = 204173, IsMoving = True } }
1483	648	MoveCommand { Actor = chr_01M3BMW7KN54EKH8FFGFYWVYVF, Intent = MoveIntent { DirXPermille = -410, DirZPermille = -912, Gait = Run, FacingMdeg = 204175, IsMoving = True } }
1485	649	MoveCommand { Actor = chr_01M3BMW7KN54EKH8FFGFYWVYVF, Intent = MoveIntent { DirXPermille = -409, DirZPermille = -912, Gait = Run, FacingMdeg = 204172, IsMoving = True } }
1486	650	MoveCommand { Actor = chr_01M3BMW7KN54EKH8FFGFYWVYVF, Intent = MoveIntent { DirXPermille = -410, DirZPermille = -912, Gait = Run, FacingMdeg = 204174, IsMoving = True } }
1487	651	MoveCommand { Actor = chr_01M3BMW7KN54EKH8FFGFYWVYVF, Intent = MoveIntent { DirXPermille = -409, DirZPermille = -912, Gait = Run, FacingMdeg = 204172, IsMoving = True } }
1488	652	MoveCommand { Actor = chr_01M3BMW7KN54EKH8FFGFYWVYVF, Intent = MoveIntent { DirXPermille = -410, DirZPermille = -912, Gait = Run, FacingMdeg = 204174, IsMoving = True } }
1489	653	MoveCommand { Actor = chr_01M3BMW7KN54EKH8FFGFYWVYVF, Intent = MoveIntent { DirXPermille = -409, DirZPermille = -912, Gait = Run, FacingMdeg = 204172, IsMoving = True } }
1490	654	MoveCommand { Actor = chr_01M3BMW7KN54EKH8FFGFYWVYVF, Intent = MoveIntent { DirXPermille = -410, DirZPermille = -912, Gait = Run, FacingMdeg = 204174, IsMoving = True } }
1491	655	MoveCommand { Actor = chr_01M3BMW7KN54EKH8FFGFYWVYVF, Intent = MoveIntent { DirXPermille = -409, DirZPermille = -912, Gait = Run, FacingMdeg = 204173, IsMoving = True } }
1492	656	MoveCommand { Actor = chr_01M3BMW7KN54EKH8FFGFYWVYVF, Intent = MoveIntent { DirXPermille = -410, DirZPermille = -912, Gait = Run, FacingMdeg = 204174, IsMoving = True } }
1493	657	MoveCommand { Actor = chr_01M3BMW7KN54EKH8FFGFYWVYVF, Intent = MoveIntent { DirXPermille = -409, DirZPermille = -912, Gait = Run, FacingMdeg = 204173, IsMoving = True } }
1494	658	MoveCommand { Actor = chr_01M3BMW7KN54EKH8FFGFYWVYVF, Intent = MoveIntent { DirXPermille = -410, DirZPermille = -912, Gait = Run, FacingMdeg = 204175, IsMoving = True } }
1495	659	MoveCommand { Actor = chr_01M3BMW7KN54EKH8FFGFYWVYVF, Intent = MoveIntent { DirXPermille = -409, DirZPermille = -912, Gait = Run, FacingMdeg = 204173, IsMoving = True } }
1496	660	MoveCommand { Actor = chr_01M3BMW7KN54EKH8FFGFYWVYVF, Intent = MoveIntent { DirXPermille = -410, DirZPermille = -912, Gait = Run, FacingMdeg = 204175, IsMoving = True } }
1497	661	MoveCommand { Actor = chr_01M3BMW7KN54EKH8FFGFYWVYVF, Intent = MoveIntent { DirXPermille = -409, DirZPermille = -912, Gait = Run, FacingMdeg = 204173, IsMoving = True } }
1498	662	MoveCommand { Actor = chr_01M3BMW7KN54EKH8FFGFYWVYVF, Intent = MoveIntent { DirXPermille = -410, DirZPermille = -912, Gait = Run, FacingMdeg = 204175, IsMoving = True } }
1500	663	MoveCommand { Actor = chr_01M3BMW7KN54EKH8FFGFYWVYVF, Intent = MoveIntent { DirXPermille = -409, DirZPermille = -912, Gait = Run, FacingMdeg = 204172, IsMoving = True } }
1501	664	MoveCommand { Actor = chr_01M3BMW7KN54EKH8FFGFYWVYVF, Intent = MoveIntent { DirXPermille = -410, DirZPermille = -912, Gait = Run, FacingMdeg = 204174, IsMoving = True } }
1502	665	MoveCommand { Actor = chr_01M3BMW7KN54EKH8FFGFYWVYVF, Intent = MoveIntent { DirXPermille = -409, DirZPermille = -912, Gait = Run, FacingMdeg = 204172, IsMoving = True } }
1503	666	MoveCommand { Actor = chr_01M3BMW7KN54EKH8FFGFYWVYVF, Intent = MoveIntent { DirXPermille = -410, DirZPermille = -912, Gait = Run, FacingMdeg = 204174, IsMoving = True } }
1504	667	MoveCommand { Actor = chr_01M3BMW7KN54EKH8FFGFYWVYVF, Intent = MoveIntent { DirXPermille = -409, DirZPermille = -912, Gait = Run, FacingMdeg = 204172, IsMoving = True } }
1505	668	MoveCommand { Actor = chr_01M3BMW7KN54EKH8FFGFYWVYVF, Intent = MoveIntent { DirXPermille = -410, DirZPermille = -912, Gait = Run, FacingMdeg = 204174, IsMoving = True } }
1506	669	MoveCommand { Actor = chr_01M3BMW7KN54EKH8FFGFYWVYVF, Intent = MoveIntent { DirXPermille = -409, DirZPermille = -912, Gait = Run, FacingMdeg = 204172, IsMoving = True } }
1507	670	MoveCommand { Actor = chr_01M3BMW7KN54EKH8FFGFYWVYVF, Intent = MoveIntent { DirXPermille = -410, DirZPermille = -912, Gait = Run, FacingMdeg = 204175, IsMoving = True } }
1508	671	MoveCommand { Actor = chr_01M3BMW7KN54EKH8FFGFYWVYVF, Intent = MoveIntent { DirXPermille = -409, DirZPermille = -912, Gait = Run, FacingMdeg = 204173, IsMoving = True } }
1509	672	MoveCommand { Actor = chr_01M3BMW7KN54EKH8FFGFYWVYVF, Intent = MoveIntent { DirXPermille = -410, DirZPermille = -912, Gait = Run, FacingMdeg = 204175, IsMoving = True } }
1510	673	MoveCommand { Actor = chr_01M3BMW7KN54EKH8FFGFYWVYVF, Intent = MoveIntent { DirXPermille = -409, DirZPermille = -912, Gait = Run, FacingMdeg = 204173, IsMoving = True } }
1511	674	MoveCommand { Actor = chr_01M3BMW7KN54EKH8FFGFYWVYVF, Intent = MoveIntent { DirXPermille = -410, DirZPermille = -912, Gait = Run, FacingMdeg = 204175, IsMoving = True } }
1512	675	MoveCommand { Actor = chr_01M3BMW7KN54EKH8FFGFYWVYVF, Intent = MoveIntent { DirXPermille = -409, DirZPermille = -912, Gait = Run, FacingMdeg = 204173, IsMoving = True } }
1513	676	MoveCommand { Actor = chr_01M3BMW7KN54EKH8FFGFYWVYVF, Intent = MoveIntent { DirXPermille = -410, DirZPermille = -912, Gait = Run, FacingMdeg = 204176, IsMoving = True } }
1515	677	MoveCommand { Actor = chr_01M3BMW7KN54EKH8FFGFYWVYVF, Intent = MoveIntent { DirXPermille = -409, DirZPermille = -912, Gait = Run, FacingMdeg = 204172, IsMoving = True } }
1516	678	MoveCommand { Actor = chr_01M3BMW7KN54EKH8FFGFYWVYVF, Intent = MoveIntent { DirXPermille = -410, DirZPermille = -912, Gait = Run, FacingMdeg = 204174, IsMoving = True } }
1517	679	MoveCommand { Actor = chr_01M3BMW7KN54EKH8FFGFYWVYVF, Intent = MoveIntent { DirXPermille = -409, DirZPermille = -912, Gait = Run, FacingMdeg = 204172, IsMoving = True } }
1518	680	MoveCommand { Actor = chr_01M3BMW7KN54EKH8FFGFYWVYVF, Intent = MoveIntent { DirXPermille = -410, DirZPermille = -912, Gait = Run, FacingMdeg = 204174, IsMoving = True } }
1519	681	MoveCommand { Actor = chr_01M3BMW7KN54EKH8FFGFYWVYVF, Intent = MoveIntent { DirXPermille = -409, DirZPermille = -912, Gait = Run, FacingMdeg = 204172, IsMoving = True } }
1520	682	MoveCommand { Actor = chr_01M3BMW7KN54EKH8FFGFYWVYVF, Intent = MoveIntent { DirXPermille = -410, DirZPermille = -912, Gait = Run, FacingMdeg = 204174, IsMoving = True } }
1521	683	MoveCommand { Actor = chr_01M3BMW7KN54EKH8FFGFYWVYVF, Intent = MoveIntent { DirXPermille = -409, DirZPermille = -912, Gait = Run, FacingMdeg = 204172, IsMoving = True } }
1522	684	MoveCommand { Actor = chr_01M3BMW7KN54EKH8FFGFYWVYVF, Intent = MoveIntent { DirXPermille = -410, DirZPermille = -912, Gait = Run, FacingMdeg = 204175, IsMoving = True } }
1523	685	MoveCommand { Actor = chr_01M3BMW7KN54EKH8FFGFYWVYVF, Intent = MoveIntent { DirXPermille = -409, DirZPermille = -912, Gait = Run, FacingMdeg = 204173, IsMoving = True } }
1524	686	MoveCommand { Actor = chr_01M3BMW7KN54EKH8FFGFYWVYVF, Intent = MoveIntent { DirXPermille = -410, DirZPermille = -912, Gait = Run, FacingMdeg = 204175, IsMoving = True } }
1525	687	MoveCommand { Actor = chr_01M3BMW7KN54EKH8FFGFYWVYVF, Intent = MoveIntent { DirXPermille = -409, DirZPermille = -912, Gait = Run, FacingMdeg = 204173, IsMoving = True } }
1526	688	MoveCommand { Actor = chr_01M3BMW7KN54EKH8FFGFYWVYVF, Intent = MoveIntent { DirXPermille = -410, DirZPermille = -912, Gait = Run, FacingMdeg = 204176, IsMoving = True } }
1527	689	MoveCommand { Actor = chr_01M3BMW7KN54EKH8FFGFYWVYVF, Intent = MoveIntent { DirXPermille = -409, DirZPermille = -912, Gait = Run, FacingMdeg = 204173, IsMoving = True } }
1528	690	MoveCommand { Actor = chr_01M3BMW7KN54EKH8FFGFYWVYVF, Intent = MoveIntent { DirXPermille = -410, DirZPermille = -912, Gait = Run, FacingMdeg = 204176, IsMoving = True } }
1530	691	MoveCommand { Actor = chr_01M3BMW7KN54EKH8FFGFYWVYVF, Intent = MoveIntent { DirXPermille = -409, DirZPermille = -912, Gait = Run, FacingMdeg = 204171, IsMoving = True } }
1531	692	MoveCommand { Actor = chr_01M3BMW7KN54EKH8FFGFYWVYVF, Intent = MoveIntent { DirXPermille = -410, DirZPermille = -912, Gait = Run, FacingMdeg = 204174, IsMoving = True } }
1532	693	MoveCommand { Actor = chr_01M3BMW7KN54EKH8FFGFYWVYVF, Intent = MoveIntent { DirXPermille = -409, DirZPermille = -912, Gait = Run, FacingMdeg = 204171, IsMoving = True } }
1533	694	MoveCommand { Actor = chr_01M3BMW7KN54EKH8FFGFYWVYVF, Intent = MoveIntent { DirXPermille = -410, DirZPermille = -912, Gait = Run, FacingMdeg = 204174, IsMoving = True } }
1534	695	MoveCommand { Actor = chr_01M3BMW7KN54EKH8FFGFYWVYVF, Intent = MoveIntent { DirXPermille = -409, DirZPermille = -912, Gait = Run, FacingMdeg = 204172, IsMoving = True } }
1535	696	MoveCommand { Actor = chr_01M3BMW7KN54EKH8FFGFYWVYVF, Intent = MoveIntent { DirXPermille = -410, DirZPermille = -912, Gait = Run, FacingMdeg = 204175, IsMoving = True } }
1536	697	MoveCommand { Actor = chr_01M3BMW7KN54EKH8FFGFYWVYVF, Intent = MoveIntent { DirXPermille = -409, DirZPermille = -912, Gait = Run, FacingMdeg = 204172, IsMoving = True } }
1537	698	MoveCommand { Actor = chr_01M3BMW7KN54EKH8FFGFYWVYVF, Intent = MoveIntent { DirXPermille = -410, DirZPermille = -912, Gait = Run, FacingMdeg = 204175, IsMoving = True } }
1538	699	MoveCommand { Actor = chr_01M3BMW7KN54EKH8FFGFYWVYVF, Intent = MoveIntent { DirXPermille = -409, DirZPermille = -912, Gait = Run, FacingMdeg = 204172, IsMoving = True } }
1539	700	MoveCommand { Actor = chr_01M3BMW7KN54EKH8FFGFYWVYVF, Intent = MoveIntent { DirXPermille = -410, DirZPermille = -912, Gait = Run, FacingMdeg = 204176, IsMoving = True } }
1540	701	MoveCommand { Actor = chr_01M3BMW7KN54EKH8FFGFYWVYVF, Intent = MoveIntent { DirXPermille = -409, DirZPermille = -912, Gait = Run, FacingMdeg = 204173, IsMoving = True } }
1541	702	MoveCommand { Actor = chr_01M3BMW7KN54EKH8FFGFYWVYVF, Intent = MoveIntent { DirXPermille = -410, DirZPermille = -912, Gait = Run, FacingMdeg = 204176, IsMoving = True } }
1542	703	MoveCommand { Actor = chr_01M3BMW7KN54EKH8FFGFYWVYVF, Intent = MoveIntent { DirXPermille = -409, DirZPermille = -912, Gait = Run, FacingMdeg = 204173, IsMoving = True } }
1543	704	MoveCommand { Actor = chr_01M3BMW7KN54EKH8FFGFYWVYVF, Intent = MoveIntent { DirXPermille = -410, DirZPermille = -912, Gait = Run, FacingMdeg = 204177, IsMoving = True } }
1545	705	MoveCommand { Actor = chr_01M3BMW7KN54EKH8FFGFYWVYVF, Intent = MoveIntent { DirXPermille = -409, DirZPermille = -912, Gait = Run, FacingMdeg = 204170, IsMoving = True } }
1546	706	MoveCommand { Actor = chr_01M3BMW7KN54EKH8FFGFYWVYVF, Intent = MoveIntent { DirXPermille = -410, DirZPermille = -912, Gait = Run, FacingMdeg = 204174, IsMoving = True } }
1547	707	MoveCommand { Actor = chr_01M3BMW7KN54EKH8FFGFYWVYVF, Intent = MoveIntent { DirXPermille = -409, DirZPermille = -912, Gait = Run, FacingMdeg = 204171, IsMoving = True } }
1548	708	MoveCommand { Actor = chr_01M3BMW7KN54EKH8FFGFYWVYVF, Intent = MoveIntent { DirXPermille = -410, DirZPermille = -912, Gait = Run, FacingMdeg = 204175, IsMoving = True } }
1549	709	MoveCommand { Actor = chr_01M3BMW7KN54EKH8FFGFYWVYVF, Intent = MoveIntent { DirXPermille = -409, DirZPermille = -912, Gait = Run, FacingMdeg = 204171, IsMoving = True } }
1550	710	MoveCommand { Actor = chr_01M3BMW7KN54EKH8FFGFYWVYVF, Intent = MoveIntent { DirXPermille = -410, DirZPermille = -912, Gait = Run, FacingMdeg = 204175, IsMoving = True } }
1551	711	MoveCommand { Actor = chr_01M3BMW7KN54EKH8FFGFYWVYVF, Intent = MoveIntent { DirXPermille = -409, DirZPermille = -912, Gait = Run, FacingMdeg = 204172, IsMoving = True } }
1552	712	MoveCommand { Actor = chr_01M3BMW7KN54EKH8FFGFYWVYVF, Intent = MoveIntent { DirXPermille = -410, DirZPermille = -912, Gait = Run, FacingMdeg = 204176, IsMoving = True } }
1553	713	MoveCommand { Actor = chr_01M3BMW7KN54EKH8FFGFYWVYVF, Intent = MoveIntent { DirXPermille = -409, DirZPermille = -912, Gait = Run, FacingMdeg = 204172, IsMoving = True } }
1554	714	MoveCommand { Actor = chr_01M3BMW7KN54EKH8FFGFYWVYVF, Intent = MoveIntent { DirXPermille = -410, DirZPermille = -912, Gait = Run, FacingMdeg = 204177, IsMoving = True } }
1555	715	MoveCommand { Actor = chr_01M3BMW7KN54EKH8FFGFYWVYVF, Intent = MoveIntent { DirXPermille = -409, DirZPermille = -912, Gait = Run, FacingMdeg = 204173, IsMoving = True } }
1556	716	MoveCommand { Actor = chr_01M3BMW7KN54EKH8FFGFYWVYVF, Intent = MoveIntent { DirXPermille = -410, DirZPermille = -912, Gait = Run, FacingMdeg = 204178, IsMoving = True } }
1557	717	MoveCommand { Actor = chr_01M3BMW7KN54EKH8FFGFYWVYVF, Intent = MoveIntent { DirXPermille = -409, DirZPermille = -912, Gait = Run, FacingMdeg = 204173, IsMoving = True } }
1558	718	MoveCommand { Actor = chr_01M3BMW7KN54EKH8FFGFYWVYVF, Intent = MoveIntent { DirXPermille = -410, DirZPermille = -912, Gait = Run, FacingMdeg = 204179, IsMoving = True } }
1560	719	MoveCommand { Actor = chr_01M3BMW7KN54EKH8FFGFYWVYVF, Intent = MoveIntent { DirXPermille = -409, DirZPermille = -912, Gait = Run, FacingMdeg = 204169, IsMoving = True } }
1561	720	MoveCommand { Actor = chr_01M3BMW7KN54EKH8FFGFYWVYVF, Intent = MoveIntent { DirXPermille = -410, DirZPermille = -912, Gait = Run, FacingMdeg = 204175, IsMoving = True } }
1562	721	MoveCommand { Actor = chr_01M3BMW7KN54EKH8FFGFYWVYVF, Intent = MoveIntent { DirXPermille = -409, DirZPermille = -912, Gait = Run, FacingMdeg = 204169, IsMoving = True } }
1563	722	MoveCommand { Actor = chr_01M3BMW7KN54EKH8FFGFYWVYVF, Intent = MoveIntent { DirXPermille = -410, DirZPermille = -912, Gait = Run, FacingMdeg = 204176, IsMoving = True } }
1564	723	MoveCommand { Actor = chr_01M3BMW7KN54EKH8FFGFYWVYVF, Intent = MoveIntent { DirXPermille = -409, DirZPermille = -912, Gait = Run, FacingMdeg = 204170, IsMoving = True } }
1565	724	MoveCommand { Actor = chr_01M3BMW7KN54EKH8FFGFYWVYVF, Intent = MoveIntent { DirXPermille = -410, DirZPermille = -912, Gait = Run, FacingMdeg = 204177, IsMoving = True } }
1566	725	MoveCommand { Actor = chr_01M3BMW7KN54EKH8FFGFYWVYVF, Intent = MoveIntent { DirXPermille = -409, DirZPermille = -912, Gait = Run, FacingMdeg = 204170, IsMoving = True } }
1567	726	MoveCommand { Actor = chr_01M3BMW7KN54EKH8FFGFYWVYVF, Intent = MoveIntent { DirXPermille = -410, DirZPermille = -912, Gait = Run, FacingMdeg = 204178, IsMoving = True } }
1568	727	MoveCommand { Actor = chr_01M3BMW7KN54EKH8FFGFYWVYVF, Intent = MoveIntent { DirXPermille = -409, DirZPermille = -912, Gait = Run, FacingMdeg = 204171, IsMoving = True } }
1569	728	MoveCommand { Actor = chr_01M3BMW7KN54EKH8FFGFYWVYVF, Intent = MoveIntent { DirXPermille = -410, DirZPermille = -912, Gait = Run, FacingMdeg = 204179, IsMoving = True } }
1570	729	MoveCommand { Actor = chr_01M3BMW7KN54EKH8FFGFYWVYVF, Intent = MoveIntent { DirXPermille = -409, DirZPermille = -912, Gait = Run, FacingMdeg = 204172, IsMoving = True } }
1571	730	MoveCommand { Actor = chr_01M3BMW7KN54EKH8FFGFYWVYVF, Intent = MoveIntent { DirXPermille = -410, DirZPermille = -912, Gait = Run, FacingMdeg = 204181, IsMoving = True } }
1572	731	MoveCommand { Actor = chr_01M3BMW7KN54EKH8FFGFYWVYVF, Intent = MoveIntent { DirXPermille = -409, DirZPermille = -912, Gait = Run, FacingMdeg = 204173, IsMoving = True } }
1573	732	MoveCommand { Actor = chr_01M3BMW7KN54EKH8FFGFYWVYVF, Intent = MoveIntent { DirXPermille = -410, DirZPermille = -912, Gait = Run, FacingMdeg = 204184, IsMoving = True } }
1575	733	MoveCommand { Actor = chr_01M3BMW7KN54EKH8FFGFYWVYVF, Intent = MoveIntent { DirXPermille = -409, DirZPermille = -912, Gait = Run, FacingMdeg = 204164, IsMoving = True } }
1576	734	MoveCommand { Actor = chr_01M3BMW7KN54EKH8FFGFYWVYVF, Intent = MoveIntent { DirXPermille = -410, DirZPermille = -912, Gait = Run, FacingMdeg = 204176, IsMoving = True } }
1577	735	MoveCommand { Actor = chr_01M3BMW7KN54EKH8FFGFYWVYVF, Intent = MoveIntent { DirXPermille = -409, DirZPermille = -912, Gait = Run, FacingMdeg = 204164, IsMoving = True } }
1578	736	MoveCommand { Actor = chr_01M3BMW7KN54EKH8FFGFYWVYVF, Intent = MoveIntent { DirXPermille = -410, DirZPermille = -912, Gait = Run, FacingMdeg = 204179, IsMoving = True } }
1579	737	MoveCommand { Actor = chr_01M3BMW7KN54EKH8FFGFYWVYVF, Intent = MoveIntent { DirXPermille = -409, DirZPermille = -912, Gait = Run, FacingMdeg = 204165, IsMoving = True } }
1580	738	MoveCommand { Actor = chr_01M3BMW7KN54EKH8FFGFYWVYVF, Intent = MoveIntent { DirXPermille = -410, DirZPermille = -912, Gait = Run, FacingMdeg = 204182, IsMoving = True } }
1581	739	MoveCommand { Actor = chr_01M3BMW7KN54EKH8FFGFYWVYVF, Intent = MoveIntent { DirXPermille = -409, DirZPermille = -912, Gait = Run, FacingMdeg = 204165, IsMoving = True } }
1582	740	MoveCommand { Actor = chr_01M3BMW7KN54EKH8FFGFYWVYVF, Intent = MoveIntent { DirXPermille = -410, DirZPermille = -912, Gait = Run, FacingMdeg = 204187, IsMoving = True } }
1583	741	MoveCommand { Actor = chr_01M3BMW7KN54EKH8FFGFYWVYVF, Intent = MoveIntent { DirXPermille = -409, DirZPermille = -912, Gait = Run, FacingMdeg = 204166, IsMoving = True } }
1584	742	MoveCommand { Actor = chr_01M3BMW7KN54EKH8FFGFYWVYVF, Intent = MoveIntent { DirXPermille = -410, DirZPermille = -912, Gait = Run, FacingMdeg = 204196, IsMoving = True } }
1585	743	MoveCommand { Actor = chr_01M3BMW7KN54EKH8FFGFYWVYVF, Intent = MoveIntent { DirXPermille = -409, DirZPermille = -912, Gait = Run, FacingMdeg = 204168, IsMoving = True } }
1586	744	MoveCommand { Actor = chr_01M3BMW7KN54EKH8FFGFYWVYVF, Intent = MoveIntent { DirXPermille = -410, DirZPermille = -912, Gait = Run, FacingMdeg = 204214, IsMoving = True } }
1588	745	MoveCommand { Actor = chr_01M3BMW7KN54EKH8FFGFYWVYVF, Intent = MoveIntent { DirXPermille = -854, DirZPermille = -520, Gait = Run, FacingMdeg = 238677, IsMoving = True } }
1629	746	MoveCommand { Actor = chr_01M3BMW7KN54EKH8FFGFYWVYVF, Intent = MoveIntent { DirXPermille = -854, DirZPermille = -521, Gait = Run, FacingMdeg = 238633, IsMoving = True } }
1650	747	MoveCommand { Actor = chr_01M3BMW7KN54EKH8FFGFYWVYVF, Intent = MoveIntent { DirXPermille = -853, DirZPermille = -521, Gait = Run, FacingMdeg = 238594, IsMoving = True } }
1712	748	MoveCommand { Actor = chr_01M3BMW7KN54EKH8FFGFYWVYVF, Intent = MoveIntent { DirXPermille = -853, DirZPermille = -522, Gait = Run, FacingMdeg = 238567, IsMoving = True } }
1713	749	MoveCommand { Actor = chr_01M3BMW7KN54EKH8FFGFYWVYVF, Intent = MoveIntent { DirXPermille = -853, DirZPermille = -521, Gait = Run, FacingMdeg = 238579, IsMoving = True } }
1721	750	MoveCommand { Actor = chr_01M3BMW7KN54EKH8FFGFYWVYVF, Intent = MoveIntent { DirXPermille = -853, DirZPermille = -522, Gait = Run, FacingMdeg = 238565, IsMoving = True } }
1722	751	MoveCommand { Actor = chr_01M3BMW7KN54EKH8FFGFYWVYVF, Intent = MoveIntent { DirXPermille = -853, DirZPermille = -521, Gait = Run, FacingMdeg = 238584, IsMoving = True } }
1729	752	MoveCommand { Actor = chr_01M3BMW7KN54EKH8FFGFYWVYVF, Intent = MoveIntent { DirXPermille = -853, DirZPermille = -522, Gait = Run, FacingMdeg = 238562, IsMoving = True } }
1730	753	MoveCommand { Actor = chr_01M3BMW7KN54EKH8FFGFYWVYVF, Intent = MoveIntent { DirXPermille = -854, DirZPermille = -521, Gait = Run, FacingMdeg = 238612, IsMoving = True } }
1731	754	MoveCommand { Actor = chr_01M3BMW7KN54EKH8FFGFYWVYVF, Intent = MoveIntent { DirXPermille = -853, DirZPermille = -521, Gait = Run, FacingMdeg = 238570, IsMoving = True } }
1732	755	MoveCommand { Actor = chr_01M3BMW7KN54EKH8FFGFYWVYVF, Intent = MoveIntent { DirXPermille = -853, DirZPermille = -522, Gait = Run, FacingMdeg = 238560, IsMoving = True } }
1734	756	MoveCommand { Actor = chr_01M3BMW7KN54EKH8FFGFYWVYVF, Intent = MoveIntent { DirXPermille = -987, DirZPermille = -161, Gait = Run, FacingMdeg = 260727, IsMoving = True } }
1788	757	MoveCommand { Actor = chr_01M3BMW7KN54EKH8FFGFYWVYVF, Intent = MoveIntent { DirXPermille = -987, DirZPermille = -160, Gait = Run, FacingMdeg = 260764, IsMoving = True } }
1825	758	MoveCommand { Actor = chr_01M3BMW7KN54EKH8FFGFYWVYVF, Intent = MoveIntent { DirXPermille = -987, DirZPermille = -159, Gait = Run, FacingMdeg = 260823, IsMoving = True } }
1826	759	MoveCommand { Actor = chr_01M3BMW7KN54EKH8FFGFYWVYVF, Intent = MoveIntent { DirXPermille = -987, DirZPermille = -160, Gait = Run, FacingMdeg = 260821, IsMoving = True } }
1827	760	MoveCommand { Actor = chr_01M3BMW7KN54EKH8FFGFYWVYVF, Intent = MoveIntent { DirXPermille = -987, DirZPermille = -159, Gait = Run, FacingMdeg = 260823, IsMoving = True } }
1828	761	MoveCommand { Actor = chr_01M3BMW7KN54EKH8FFGFYWVYVF, Intent = MoveIntent { DirXPermille = -987, DirZPermille = -160, Gait = Run, FacingMdeg = 260820, IsMoving = True } }
1829	762	MoveCommand { Actor = chr_01M3BMW7KN54EKH8FFGFYWVYVF, Intent = MoveIntent { DirXPermille = -987, DirZPermille = -159, Gait = Run, FacingMdeg = 260823, IsMoving = True } }
1830	763	MoveCommand { Actor = chr_01M3BMW7KN54EKH8FFGFYWVYVF, Intent = MoveIntent { DirXPermille = -987, DirZPermille = -160, Gait = Run, FacingMdeg = 260820, IsMoving = True } }
1831	764	MoveCommand { Actor = chr_01M3BMW7KN54EKH8FFGFYWVYVF, Intent = MoveIntent { DirXPermille = -987, DirZPermille = -159, Gait = Run, FacingMdeg = 260822, IsMoving = True } }
1832	765	MoveCommand { Actor = chr_01M3BMW7KN54EKH8FFGFYWVYVF, Intent = MoveIntent { DirXPermille = -987, DirZPermille = -160, Gait = Run, FacingMdeg = 260819, IsMoving = True } }
1833	766	MoveCommand { Actor = chr_01M3BMW7KN54EKH8FFGFYWVYVF, Intent = MoveIntent { DirXPermille = -987, DirZPermille = -159, Gait = Run, FacingMdeg = 260822, IsMoving = True } }
1834	767	MoveCommand { Actor = chr_01M3BMW7KN54EKH8FFGFYWVYVF, Intent = MoveIntent { DirXPermille = -987, DirZPermille = -160, Gait = Run, FacingMdeg = 260819, IsMoving = True } }
1836	768	MoveCommand { Actor = chr_01M3BMW7KN54EKH8FFGFYWVYVF, Intent = MoveIntent { DirXPermille = -987, DirZPermille = -159, Gait = Run, FacingMdeg = 260825, IsMoving = True } }
1837	769	MoveCommand { Actor = chr_01M3BMW7KN54EKH8FFGFYWVYVF, Intent = MoveIntent { DirXPermille = -987, DirZPermille = -160, Gait = Run, FacingMdeg = 260821, IsMoving = True } }
1838	770	MoveCommand { Actor = chr_01M3BMW7KN54EKH8FFGFYWVYVF, Intent = MoveIntent { DirXPermille = -987, DirZPermille = -159, Gait = Run, FacingMdeg = 260824, IsMoving = True } }
1839	771	MoveCommand { Actor = chr_01M3BMW7KN54EKH8FFGFYWVYVF, Intent = MoveIntent { DirXPermille = -987, DirZPermille = -160, Gait = Run, FacingMdeg = 260821, IsMoving = True } }
1840	772	MoveCommand { Actor = chr_01M3BMW7KN54EKH8FFGFYWVYVF, Intent = MoveIntent { DirXPermille = -987, DirZPermille = -159, Gait = Run, FacingMdeg = 260824, IsMoving = True } }
1841	773	MoveCommand { Actor = chr_01M3BMW7KN54EKH8FFGFYWVYVF, Intent = MoveIntent { DirXPermille = -987, DirZPermille = -160, Gait = Run, FacingMdeg = 260821, IsMoving = True } }
1842	774	MoveCommand { Actor = chr_01M3BMW7KN54EKH8FFGFYWVYVF, Intent = MoveIntent { DirXPermille = -987, DirZPermille = -159, Gait = Run, FacingMdeg = 260824, IsMoving = True } }
1843	775	MoveCommand { Actor = chr_01M3BMW7KN54EKH8FFGFYWVYVF, Intent = MoveIntent { DirXPermille = -987, DirZPermille = -160, Gait = Run, FacingMdeg = 260820, IsMoving = True } }
1844	776	MoveCommand { Actor = chr_01M3BMW7KN54EKH8FFGFYWVYVF, Intent = MoveIntent { DirXPermille = -987, DirZPermille = -159, Gait = Run, FacingMdeg = 260824, IsMoving = True } }
1845	777	MoveCommand { Actor = chr_01M3BMW7KN54EKH8FFGFYWVYVF, Intent = MoveIntent { DirXPermille = -987, DirZPermille = -160, Gait = Run, FacingMdeg = 260820, IsMoving = True } }
1846	778	MoveCommand { Actor = chr_01M3BMW7KN54EKH8FFGFYWVYVF, Intent = MoveIntent { DirXPermille = -987, DirZPermille = -159, Gait = Run, FacingMdeg = 260823, IsMoving = True } }
1847	779	MoveCommand { Actor = chr_01M3BMW7KN54EKH8FFGFYWVYVF, Intent = MoveIntent { DirXPermille = -987, DirZPermille = -160, Gait = Run, FacingMdeg = 260819, IsMoving = True } }
1848	780	MoveCommand { Actor = chr_01M3BMW7KN54EKH8FFGFYWVYVF, Intent = MoveIntent { DirXPermille = -987, DirZPermille = -159, Gait = Run, FacingMdeg = 260823, IsMoving = True } }
1849	781	MoveCommand { Actor = chr_01M3BMW7KN54EKH8FFGFYWVYVF, Intent = MoveIntent { DirXPermille = -987, DirZPermille = -160, Gait = Run, FacingMdeg = 260819, IsMoving = True } }
1850	782	MoveCommand { Actor = chr_01M3BMW7KN54EKH8FFGFYWVYVF, Intent = MoveIntent { DirXPermille = -987, DirZPermille = -159, Gait = Run, FacingMdeg = 260822, IsMoving = True } }
1851	783	MoveCommand { Actor = chr_01M3BMW7KN54EKH8FFGFYWVYVF, Intent = MoveIntent { DirXPermille = -987, DirZPermille = -160, Gait = Run, FacingMdeg = 260818, IsMoving = True } }
1853	784	MoveCommand { Actor = chr_01M3BMW7KN54EKH8FFGFYWVYVF, Intent = MoveIntent { DirXPermille = -987, DirZPermille = -159, Gait = Run, FacingMdeg = 260826, IsMoving = True } }
1854	785	MoveCommand { Actor = chr_01M3BMW7KN54EKH8FFGFYWVYVF, Intent = MoveIntent { DirXPermille = -987, DirZPermille = -160, Gait = Run, FacingMdeg = 260821, IsMoving = True } }
1855	786	MoveCommand { Actor = chr_01M3BMW7KN54EKH8FFGFYWVYVF, Intent = MoveIntent { DirXPermille = -987, DirZPermille = -159, Gait = Run, FacingMdeg = 260826, IsMoving = True } }
1856	787	MoveCommand { Actor = chr_01M3BMW7KN54EKH8FFGFYWVYVF, Intent = MoveIntent { DirXPermille = -987, DirZPermille = -160, Gait = Run, FacingMdeg = 260821, IsMoving = True } }
1857	788	MoveCommand { Actor = chr_01M3BMW7KN54EKH8FFGFYWVYVF, Intent = MoveIntent { DirXPermille = -987, DirZPermille = -159, Gait = Run, FacingMdeg = 260825, IsMoving = True } }
1858	789	MoveCommand { Actor = chr_01M3BMW7KN54EKH8FFGFYWVYVF, Intent = MoveIntent { DirXPermille = -987, DirZPermille = -160, Gait = Run, FacingMdeg = 260820, IsMoving = True } }
1859	790	MoveCommand { Actor = chr_01M3BMW7KN54EKH8FFGFYWVYVF, Intent = MoveIntent { DirXPermille = -987, DirZPermille = -159, Gait = Run, FacingMdeg = 260825, IsMoving = True } }
1860	791	MoveCommand { Actor = chr_01M3BMW7KN54EKH8FFGFYWVYVF, Intent = MoveIntent { DirXPermille = -987, DirZPermille = -160, Gait = Run, FacingMdeg = 260820, IsMoving = True } }
1861	792	MoveCommand { Actor = chr_01M3BMW7KN54EKH8FFGFYWVYVF, Intent = MoveIntent { DirXPermille = -987, DirZPermille = -159, Gait = Run, FacingMdeg = 260825, IsMoving = True } }
1862	793	MoveCommand { Actor = chr_01M3BMW7KN54EKH8FFGFYWVYVF, Intent = MoveIntent { DirXPermille = -987, DirZPermille = -160, Gait = Run, FacingMdeg = 260819, IsMoving = True } }
1863	794	MoveCommand { Actor = chr_01M3BMW7KN54EKH8FFGFYWVYVF, Intent = MoveIntent { DirXPermille = -987, DirZPermille = -159, Gait = Run, FacingMdeg = 260824, IsMoving = True } }
1864	795	MoveCommand { Actor = chr_01M3BMW7KN54EKH8FFGFYWVYVF, Intent = MoveIntent { DirXPermille = -987, DirZPermille = -160, Gait = Run, FacingMdeg = 260818, IsMoving = True } }
1865	796	MoveCommand { Actor = chr_01M3BMW7KN54EKH8FFGFYWVYVF, Intent = MoveIntent { DirXPermille = -987, DirZPermille = -159, Gait = Run, FacingMdeg = 260824, IsMoving = True } }
1866	797	MoveCommand { Actor = chr_01M3BMW7KN54EKH8FFGFYWVYVF, Intent = MoveIntent { DirXPermille = -987, DirZPermille = -160, Gait = Run, FacingMdeg = 260817, IsMoving = True } }
1867	798	MoveCommand { Actor = chr_01M3BMW7KN54EKH8FFGFYWVYVF, Intent = MoveIntent { DirXPermille = -987, DirZPermille = -159, Gait = Run, FacingMdeg = 260823, IsMoving = True } }
1868	799	MoveCommand { Actor = chr_01M3BMW7KN54EKH8FFGFYWVYVF, Intent = MoveIntent { DirXPermille = -987, DirZPermille = -160, Gait = Run, FacingMdeg = 260816, IsMoving = True } }
1869	800	MoveCommand { Actor = chr_01M3BMW7KN54EKH8FFGFYWVYVF, Intent = MoveIntent { DirXPermille = -987, DirZPermille = -159, Gait = Run, FacingMdeg = 260822, IsMoving = True } }
1870	801	MoveCommand { Actor = chr_01M3BMW7KN54EKH8FFGFYWVYVF, Intent = MoveIntent { DirXPermille = -987, DirZPermille = -160, Gait = Run, FacingMdeg = 260814, IsMoving = True } }
1872	802	MoveCommand { Actor = chr_01M3BMW7KN54EKH8FFGFYWVYVF, Intent = MoveIntent { DirXPermille = -987, DirZPermille = -159, Gait = Run, FacingMdeg = 260829, IsMoving = True } }
1873	803	MoveCommand { Actor = chr_01M3BMW7KN54EKH8FFGFYWVYVF, Intent = MoveIntent { DirXPermille = -987, DirZPermille = -160, Gait = Run, FacingMdeg = 260820, IsMoving = True } }
1874	804	MoveCommand { Actor = chr_01M3BMW7KN54EKH8FFGFYWVYVF, Intent = MoveIntent { DirXPermille = -987, DirZPermille = -159, Gait = Run, FacingMdeg = 260829, IsMoving = True } }
1875	805	MoveCommand { Actor = chr_01M3BMW7KN54EKH8FFGFYWVYVF, Intent = MoveIntent { DirXPermille = -987, DirZPermille = -160, Gait = Run, FacingMdeg = 260819, IsMoving = True } }
1876	806	MoveCommand { Actor = chr_01M3BMW7KN54EKH8FFGFYWVYVF, Intent = MoveIntent { DirXPermille = -987, DirZPermille = -159, Gait = Run, FacingMdeg = 260828, IsMoving = True } }
1877	807	MoveCommand { Actor = chr_01M3BMW7KN54EKH8FFGFYWVYVF, Intent = MoveIntent { DirXPermille = -987, DirZPermille = -160, Gait = Run, FacingMdeg = 260818, IsMoving = True } }
1878	808	MoveCommand { Actor = chr_01M3BMW7KN54EKH8FFGFYWVYVF, Intent = MoveIntent { DirXPermille = -987, DirZPermille = -159, Gait = Run, FacingMdeg = 260828, IsMoving = True } }
1879	809	MoveCommand { Actor = chr_01M3BMW7KN54EKH8FFGFYWVYVF, Intent = MoveIntent { DirXPermille = -987, DirZPermille = -160, Gait = Run, FacingMdeg = 260816, IsMoving = True } }
1880	810	MoveCommand { Actor = chr_01M3BMW7KN54EKH8FFGFYWVYVF, Intent = MoveIntent { DirXPermille = -987, DirZPermille = -159, Gait = Run, FacingMdeg = 260827, IsMoving = True } }
1881	811	MoveCommand { Actor = chr_01M3BMW7KN54EKH8FFGFYWVYVF, Intent = MoveIntent { DirXPermille = -987, DirZPermille = -160, Gait = Run, FacingMdeg = 260813, IsMoving = True } }
1882	812	MoveCommand { Actor = chr_01M3BMW7KN54EKH8FFGFYWVYVF, Intent = MoveIntent { DirXPermille = -987, DirZPermille = -159, Gait = Run, FacingMdeg = 260827, IsMoving = True } }
1883	813	MoveCommand { Actor = chr_01M3BMW7KN54EKH8FFGFYWVYVF, Intent = MoveIntent { DirXPermille = -987, DirZPermille = -160, Gait = Run, FacingMdeg = 260809, IsMoving = True } }
1884	814	MoveCommand { Actor = chr_01M3BMW7KN54EKH8FFGFYWVYVF, Intent = MoveIntent { DirXPermille = -987, DirZPermille = -159, Gait = Run, FacingMdeg = 260826, IsMoving = True } }
1885	815	MoveCommand { Actor = chr_01M3BMW7KN54EKH8FFGFYWVYVF, Intent = MoveIntent { DirXPermille = -987, DirZPermille = -160, Gait = Run, FacingMdeg = 260804, IsMoving = True } }
1886	816	MoveCommand { Actor = chr_01M3BMW7KN54EKH8FFGFYWVYVF, Intent = MoveIntent { DirXPermille = -987, DirZPermille = -159, Gait = Run, FacingMdeg = 260824, IsMoving = True } }
1887	817	MoveCommand { Actor = chr_01M3BMW7KN54EKH8FFGFYWVYVF, Intent = MoveIntent { DirXPermille = -987, DirZPermille = -160, Gait = Run, FacingMdeg = 260795, IsMoving = True } }
1889	818	MoveCommand { Actor = chr_01M3BMW7KN54EKH8FFGFYWVYVF, Intent = MoveIntent { DirXPermille = -987, DirZPermille = -159, Gait = Run, FacingMdeg = 260858, IsMoving = True } }
1890	819	MoveCommand { Actor = chr_01M3BMW7KN54EKH8FFGFYWVYVF, Intent = MoveIntent { DirXPermille = -987, DirZPermille = -160, Gait = Run, FacingMdeg = 260814, IsMoving = True } }
1892	820	MoveCommand { Actor = chr_01M3BMW7KN54EKH8FFGFYWVYVF, Intent = MoveIntent { DirXPermille = -954, DirZPermille = 301, Gait = Run, FacingMdeg = 287526, IsMoving = True } }
1913	821	MoveCommand { Actor = chr_01M3BMW7KN54EKH8FFGFYWVYVF, Intent = MoveIntent { DirXPermille = -953, DirZPermille = 301, Gait = Run, FacingMdeg = 287542, IsMoving = True } }
1953	822	MoveCommand { Actor = chr_01M3BMW7KN54EKH8FFGFYWVYVF, Intent = MoveIntent { DirXPermille = -953, DirZPermille = 302, Gait = Run, FacingMdeg = 287548, IsMoving = True } }
2030	823	MoveCommand { Actor = chr_01M3BMW7KN54EKH8FFGFYWVYVF, Intent = MoveIntent { DirXPermille = -953, DirZPermille = 303, Gait = Run, FacingMdeg = 287609, IsMoving = True } }
2042	824	MoveCommand { Actor = chr_01M3BMW7KN54EKH8FFGFYWVYVF, Intent = MoveIntent { DirXPermille = -953, DirZPermille = 304, Gait = Run, FacingMdeg = 287673, IsMoving = True } }
2043	825	MoveCommand { Actor = chr_01M3BMW7KN54EKH8FFGFYWVYVF, Intent = MoveIntent { DirXPermille = -953, DirZPermille = 303, Gait = Run, FacingMdeg = 287660, IsMoving = True } }
2044	826	MoveCommand { Actor = chr_01M3BMW7KN54EKH8FFGFYWVYVF, Intent = MoveIntent { DirXPermille = -953, DirZPermille = 304, Gait = Run, FacingMdeg = 287669, IsMoving = True } }
2045	827	MoveCommand { Actor = chr_01M3BMW7KN54EKH8FFGFYWVYVF, Intent = MoveIntent { DirXPermille = -953, DirZPermille = 303, Gait = Run, FacingMdeg = 287654, IsMoving = True } }
2047	828	MoveCommand { Actor = chr_01M3BMW7KN54EKH8FFGFYWVYVF, Intent = MoveIntent { DirXPermille = -953, DirZPermille = 304, Gait = Run, FacingMdeg = 287678, IsMoving = True } }
2048	829	MoveCommand { Actor = chr_01M3BMW7KN54EKH8FFGFYWVYVF, Intent = MoveIntent { DirXPermille = -953, DirZPermille = 303, Gait = Run, FacingMdeg = 287658, IsMoving = True } }
2049	830	MoveCommand { Actor = chr_01M3BMW7KN54EKH8FFGFYWVYVF, Intent = MoveIntent { DirXPermille = -953, DirZPermille = 304, Gait = Run, FacingMdeg = 287673, IsMoving = True } }
2050	831	MoveCommand { Actor = chr_01M3BMW7KN54EKH8FFGFYWVYVF, Intent = MoveIntent { DirXPermille = -953, DirZPermille = 303, Gait = Run, FacingMdeg = 287648, IsMoving = True } }
2052	832	MoveCommand { Actor = chr_01M3BMW7KN54EKH8FFGFYWVYVF, Intent = MoveIntent { DirXPermille = -953, DirZPermille = 304, Gait = Run, FacingMdeg = 287690, IsMoving = True } }
2053	833	MoveCommand { Actor = chr_01M3BMW7KN54EKH8FFGFYWVYVF, Intent = MoveIntent { DirXPermille = -953, DirZPermille = 303, Gait = Run, FacingMdeg = 287653, IsMoving = True } }
2054	834	MoveCommand { Actor = chr_01M3BMW7KN54EKH8FFGFYWVYVF, Intent = MoveIntent { DirXPermille = -953, DirZPermille = 304, Gait = Run, FacingMdeg = 287687, IsMoving = True } }
2056	835	MoveCommand { Actor = chr_01M3BMW7KN54EKH8FFGFYWVYVF, Intent = MoveIntent { DirXPermille = -982, DirZPermille = -190, Gait = Run, FacingMdeg = 259073, IsMoving = True } }
2099	836	MoveCommand { Actor = chr_01M3BMW7KN54EKH8FFGFYWVYVF, Intent = MoveIntent { DirXPermille = -982, DirZPermille = -191, Gait = Run, FacingMdeg = 259018, IsMoving = True } }
2100	837	MoveCommand { Actor = chr_01M3BMW7KN54EKH8FFGFYWVYVF, Intent = MoveIntent { DirXPermille = -982, DirZPermille = -190, Gait = Run, FacingMdeg = 259020, IsMoving = True } }
2102	838	MoveCommand { Actor = chr_01M3BMW7KN54EKH8FFGFYWVYVF, Intent = MoveIntent { DirXPermille = -982, DirZPermille = -191, Gait = Run, FacingMdeg = 259016, IsMoving = True } }
2103	839	MoveCommand { Actor = chr_01M3BMW7KN54EKH8FFGFYWVYVF, Intent = MoveIntent { DirXPermille = -982, DirZPermille = -190, Gait = Run, FacingMdeg = 259019, IsMoving = True } }
2104	840	MoveCommand { Actor = chr_01M3BMW7KN54EKH8FFGFYWVYVF, Intent = MoveIntent { DirXPermille = -982, DirZPermille = -191, Gait = Run, FacingMdeg = 259017, IsMoving = True } }
2105	841	MoveCommand { Actor = chr_01M3BMW7KN54EKH8FFGFYWVYVF, Intent = MoveIntent { DirXPermille = -982, DirZPermille = -190, Gait = Run, FacingMdeg = 259019, IsMoving = True } }
2106	842	MoveCommand { Actor = chr_01M3BMW7KN54EKH8FFGFYWVYVF, Intent = MoveIntent { DirXPermille = -982, DirZPermille = -191, Gait = Run, FacingMdeg = 259017, IsMoving = True } }
2107	843	MoveCommand { Actor = chr_01M3BMW7KN54EKH8FFGFYWVYVF, Intent = MoveIntent { DirXPermille = -982, DirZPermille = -190, Gait = Run, FacingMdeg = 259019, IsMoving = True } }
2108	844	MoveCommand { Actor = chr_01M3BMW7KN54EKH8FFGFYWVYVF, Intent = MoveIntent { DirXPermille = -982, DirZPermille = -191, Gait = Run, FacingMdeg = 259017, IsMoving = True } }
2109	845	MoveCommand { Actor = chr_01M3BMW7KN54EKH8FFGFYWVYVF, Intent = MoveIntent { DirXPermille = -982, DirZPermille = -190, Gait = Run, FacingMdeg = 259020, IsMoving = True } }
2110	846	MoveCommand { Actor = chr_01M3BMW7KN54EKH8FFGFYWVYVF, Intent = MoveIntent { DirXPermille = -982, DirZPermille = -191, Gait = Run, FacingMdeg = 259017, IsMoving = True } }
2111	847	MoveCommand { Actor = chr_01M3BMW7KN54EKH8FFGFYWVYVF, Intent = MoveIntent { DirXPermille = -982, DirZPermille = -190, Gait = Run, FacingMdeg = 259020, IsMoving = True } }
2112	848	MoveCommand { Actor = chr_01M3BMW7KN54EKH8FFGFYWVYVF, Intent = MoveIntent { DirXPermille = -982, DirZPermille = -191, Gait = Run, FacingMdeg = 259018, IsMoving = True } }
2113	849	MoveCommand { Actor = chr_01M3BMW7KN54EKH8FFGFYWVYVF, Intent = MoveIntent { DirXPermille = -982, DirZPermille = -190, Gait = Run, FacingMdeg = 259020, IsMoving = True } }
2114	850	MoveCommand { Actor = chr_01M3BMW7KN54EKH8FFGFYWVYVF, Intent = MoveIntent { DirXPermille = -982, DirZPermille = -191, Gait = Run, FacingMdeg = 259018, IsMoving = True } }
2115	851	MoveCommand { Actor = chr_01M3BMW7KN54EKH8FFGFYWVYVF, Intent = MoveIntent { DirXPermille = -982, DirZPermille = -190, Gait = Run, FacingMdeg = 259021, IsMoving = True } }
2117	852	MoveCommand { Actor = chr_01M3BMW7KN54EKH8FFGFYWVYVF, Intent = MoveIntent { DirXPermille = -982, DirZPermille = -191, Gait = Run, FacingMdeg = 259016, IsMoving = True } }
2118	853	MoveCommand { Actor = chr_01M3BMW7KN54EKH8FFGFYWVYVF, Intent = MoveIntent { DirXPermille = -982, DirZPermille = -190, Gait = Run, FacingMdeg = 259019, IsMoving = True } }
2119	854	MoveCommand { Actor = chr_01M3BMW7KN54EKH8FFGFYWVYVF, Intent = MoveIntent { DirXPermille = -982, DirZPermille = -191, Gait = Run, FacingMdeg = 259016, IsMoving = True } }
2120	855	MoveCommand { Actor = chr_01M3BMW7KN54EKH8FFGFYWVYVF, Intent = MoveIntent { DirXPermille = -982, DirZPermille = -190, Gait = Run, FacingMdeg = 259019, IsMoving = True } }
2121	856	MoveCommand { Actor = chr_01M3BMW7KN54EKH8FFGFYWVYVF, Intent = MoveIntent { DirXPermille = -982, DirZPermille = -191, Gait = Run, FacingMdeg = 259017, IsMoving = True } }
2122	857	MoveCommand { Actor = chr_01M3BMW7KN54EKH8FFGFYWVYVF, Intent = MoveIntent { DirXPermille = -982, DirZPermille = -190, Gait = Run, FacingMdeg = 259020, IsMoving = True } }
2123	858	MoveCommand { Actor = chr_01M3BMW7KN54EKH8FFGFYWVYVF, Intent = MoveIntent { DirXPermille = -982, DirZPermille = -191, Gait = Run, FacingMdeg = 259017, IsMoving = True } }
2124	859	MoveCommand { Actor = chr_01M3BMW7KN54EKH8FFGFYWVYVF, Intent = MoveIntent { DirXPermille = -982, DirZPermille = -190, Gait = Run, FacingMdeg = 259020, IsMoving = True } }
2125	860	MoveCommand { Actor = chr_01M3BMW7KN54EKH8FFGFYWVYVF, Intent = MoveIntent { DirXPermille = -982, DirZPermille = -191, Gait = Run, FacingMdeg = 259017, IsMoving = True } }
2126	861	MoveCommand { Actor = chr_01M3BMW7KN54EKH8FFGFYWVYVF, Intent = MoveIntent { DirXPermille = -982, DirZPermille = -190, Gait = Run, FacingMdeg = 259020, IsMoving = True } }
2127	862	MoveCommand { Actor = chr_01M3BMW7KN54EKH8FFGFYWVYVF, Intent = MoveIntent { DirXPermille = -982, DirZPermille = -191, Gait = Run, FacingMdeg = 259018, IsMoving = True } }
2128	863	MoveCommand { Actor = chr_01M3BMW7KN54EKH8FFGFYWVYVF, Intent = MoveIntent { DirXPermille = -982, DirZPermille = -190, Gait = Run, FacingMdeg = 259021, IsMoving = True } }
2130	864	MoveCommand { Actor = chr_01M3BMW7KN54EKH8FFGFYWVYVF, Intent = MoveIntent { DirXPermille = -982, DirZPermille = -191, Gait = Run, FacingMdeg = 259015, IsMoving = True } }
2131	865	MoveCommand { Actor = chr_01M3BMW7KN54EKH8FFGFYWVYVF, Intent = MoveIntent { DirXPermille = -982, DirZPermille = -190, Gait = Run, FacingMdeg = 259018, IsMoving = True } }
2132	866	MoveCommand { Actor = chr_01M3BMW7KN54EKH8FFGFYWVYVF, Intent = MoveIntent { DirXPermille = -982, DirZPermille = -191, Gait = Run, FacingMdeg = 259015, IsMoving = True } }
2133	867	MoveCommand { Actor = chr_01M3BMW7KN54EKH8FFGFYWVYVF, Intent = MoveIntent { DirXPermille = -982, DirZPermille = -190, Gait = Run, FacingMdeg = 259019, IsMoving = True } }
2134	868	MoveCommand { Actor = chr_01M3BMW7KN54EKH8FFGFYWVYVF, Intent = MoveIntent { DirXPermille = -982, DirZPermille = -191, Gait = Run, FacingMdeg = 259016, IsMoving = True } }
2135	869	MoveCommand { Actor = chr_01M3BMW7KN54EKH8FFGFYWVYVF, Intent = MoveIntent { DirXPermille = -982, DirZPermille = -190, Gait = Run, FacingMdeg = 259019, IsMoving = True } }
2136	870	MoveCommand { Actor = chr_01M3BMW7KN54EKH8FFGFYWVYVF, Intent = MoveIntent { DirXPermille = -982, DirZPermille = -191, Gait = Run, FacingMdeg = 259016, IsMoving = True } }
2137	871	MoveCommand { Actor = chr_01M3BMW7KN54EKH8FFGFYWVYVF, Intent = MoveIntent { DirXPermille = -982, DirZPermille = -190, Gait = Run, FacingMdeg = 259020, IsMoving = True } }
2138	872	MoveCommand { Actor = chr_01M3BMW7KN54EKH8FFGFYWVYVF, Intent = MoveIntent { DirXPermille = -982, DirZPermille = -191, Gait = Run, FacingMdeg = 259017, IsMoving = True } }
2139	873	MoveCommand { Actor = chr_01M3BMW7KN54EKH8FFGFYWVYVF, Intent = MoveIntent { DirXPermille = -982, DirZPermille = -190, Gait = Run, FacingMdeg = 259021, IsMoving = True } }
2140	874	MoveCommand { Actor = chr_01M3BMW7KN54EKH8FFGFYWVYVF, Intent = MoveIntent { DirXPermille = -982, DirZPermille = -191, Gait = Run, FacingMdeg = 259017, IsMoving = True } }
2141	875	MoveCommand { Actor = chr_01M3BMW7KN54EKH8FFGFYWVYVF, Intent = MoveIntent { DirXPermille = -982, DirZPermille = -190, Gait = Run, FacingMdeg = 259021, IsMoving = True } }
2142	876	MoveCommand { Actor = chr_01M3BMW7KN54EKH8FFGFYWVYVF, Intent = MoveIntent { DirXPermille = -982, DirZPermille = -191, Gait = Run, FacingMdeg = 259018, IsMoving = True } }
2143	877	MoveCommand { Actor = chr_01M3BMW7KN54EKH8FFGFYWVYVF, Intent = MoveIntent { DirXPermille = -982, DirZPermille = -190, Gait = Run, FacingMdeg = 259022, IsMoving = True } }
2145	878	MoveCommand { Actor = chr_01M3BMW7KN54EKH8FFGFYWVYVF, Intent = MoveIntent { DirXPermille = -982, DirZPermille = -191, Gait = Run, FacingMdeg = 259014, IsMoving = True } }
2146	879	MoveCommand { Actor = chr_01M3BMW7KN54EKH8FFGFYWVYVF, Intent = MoveIntent { DirXPermille = -982, DirZPermille = -190, Gait = Run, FacingMdeg = 259019, IsMoving = True } }
2147	880	MoveCommand { Actor = chr_01M3BMW7KN54EKH8FFGFYWVYVF, Intent = MoveIntent { DirXPermille = -982, DirZPermille = -191, Gait = Run, FacingMdeg = 259014, IsMoving = True } }
2148	881	MoveCommand { Actor = chr_01M3BMW7KN54EKH8FFGFYWVYVF, Intent = MoveIntent { DirXPermille = -982, DirZPermille = -190, Gait = Run, FacingMdeg = 259019, IsMoving = True } }
2149	882	MoveCommand { Actor = chr_01M3BMW7KN54EKH8FFGFYWVYVF, Intent = MoveIntent { DirXPermille = -982, DirZPermille = -191, Gait = Run, FacingMdeg = 259015, IsMoving = True } }
2150	883	MoveCommand { Actor = chr_01M3BMW7KN54EKH8FFGFYWVYVF, Intent = MoveIntent { DirXPermille = -982, DirZPermille = -190, Gait = Run, FacingMdeg = 259020, IsMoving = True } }
2151	884	MoveCommand { Actor = chr_01M3BMW7KN54EKH8FFGFYWVYVF, Intent = MoveIntent { DirXPermille = -982, DirZPermille = -191, Gait = Run, FacingMdeg = 259015, IsMoving = True } }
2152	885	MoveCommand { Actor = chr_01M3BMW7KN54EKH8FFGFYWVYVF, Intent = MoveIntent { DirXPermille = -982, DirZPermille = -190, Gait = Run, FacingMdeg = 259021, IsMoving = True } }
2153	886	MoveCommand { Actor = chr_01M3BMW7KN54EKH8FFGFYWVYVF, Intent = MoveIntent { DirXPermille = -982, DirZPermille = -191, Gait = Run, FacingMdeg = 259016, IsMoving = True } }
2154	887	MoveCommand { Actor = chr_01M3BMW7KN54EKH8FFGFYWVYVF, Intent = MoveIntent { DirXPermille = -982, DirZPermille = -190, Gait = Run, FacingMdeg = 259022, IsMoving = True } }
2155	888	MoveCommand { Actor = chr_01M3BMW7KN54EKH8FFGFYWVYVF, Intent = MoveIntent { DirXPermille = -982, DirZPermille = -191, Gait = Run, FacingMdeg = 259017, IsMoving = True } }
2156	889	MoveCommand { Actor = chr_01M3BMW7KN54EKH8FFGFYWVYVF, Intent = MoveIntent { DirXPermille = -982, DirZPermille = -190, Gait = Run, FacingMdeg = 259023, IsMoving = True } }
2157	890	MoveCommand { Actor = chr_01M3BMW7KN54EKH8FFGFYWVYVF, Intent = MoveIntent { DirXPermille = -982, DirZPermille = -191, Gait = Run, FacingMdeg = 259017, IsMoving = True } }
2158	891	MoveCommand { Actor = chr_01M3BMW7KN54EKH8FFGFYWVYVF, Intent = MoveIntent { DirXPermille = -982, DirZPermille = -190, Gait = Run, FacingMdeg = 259024, IsMoving = True } }
2160	892	MoveCommand { Actor = chr_01M3BMW7KN54EKH8FFGFYWVYVF, Intent = MoveIntent { DirXPermille = -982, DirZPermille = -191, Gait = Run, FacingMdeg = 259012, IsMoving = True } }
2161	893	MoveCommand { Actor = chr_01M3BMW7KN54EKH8FFGFYWVYVF, Intent = MoveIntent { DirXPermille = -982, DirZPermille = -190, Gait = Run, FacingMdeg = 259019, IsMoving = True } }
2162	894	MoveCommand { Actor = chr_01M3BMW7KN54EKH8FFGFYWVYVF, Intent = MoveIntent { DirXPermille = -982, DirZPermille = -191, Gait = Run, FacingMdeg = 259012, IsMoving = True } }
2163	895	MoveCommand { Actor = chr_01M3BMW7KN54EKH8FFGFYWVYVF, Intent = MoveIntent { DirXPermille = -982, DirZPermille = -190, Gait = Run, FacingMdeg = 259020, IsMoving = True } }
2164	896	MoveCommand { Actor = chr_01M3BMW7KN54EKH8FFGFYWVYVF, Intent = MoveIntent { DirXPermille = -982, DirZPermille = -191, Gait = Run, FacingMdeg = 259013, IsMoving = True } }
2165	897	MoveCommand { Actor = chr_01M3BMW7KN54EKH8FFGFYWVYVF, Intent = MoveIntent { DirXPermille = -982, DirZPermille = -190, Gait = Run, FacingMdeg = 259022, IsMoving = True } }
2166	898	MoveCommand { Actor = chr_01M3BMW7KN54EKH8FFGFYWVYVF, Intent = MoveIntent { DirXPermille = -982, DirZPermille = -191, Gait = Run, FacingMdeg = 259013, IsMoving = True } }
2167	899	MoveCommand { Actor = chr_01M3BMW7KN54EKH8FFGFYWVYVF, Intent = MoveIntent { DirXPermille = -982, DirZPermille = -190, Gait = Run, FacingMdeg = 259023, IsMoving = True } }
2168	900	MoveCommand { Actor = chr_01M3BMW7KN54EKH8FFGFYWVYVF, Intent = MoveIntent { DirXPermille = -982, DirZPermille = -191, Gait = Run, FacingMdeg = 259014, IsMoving = True } }
2169	901	MoveCommand { Actor = chr_01M3BMW7KN54EKH8FFGFYWVYVF, Intent = MoveIntent { DirXPermille = -982, DirZPermille = -190, Gait = Run, FacingMdeg = 259026, IsMoving = True } }
2170	902	MoveCommand { Actor = chr_01M3BMW7KN54EKH8FFGFYWVYVF, Intent = MoveIntent { DirXPermille = -982, DirZPermille = -191, Gait = Run, FacingMdeg = 259015, IsMoving = True } }
2171	903	MoveCommand { Actor = chr_01M3BMW7KN54EKH8FFGFYWVYVF, Intent = MoveIntent { DirXPermille = -982, DirZPermille = -190, Gait = Run, FacingMdeg = 259028, IsMoving = True } }
2172	904	MoveCommand { Actor = chr_01M3BMW7KN54EKH8FFGFYWVYVF, Intent = MoveIntent { DirXPermille = -982, DirZPermille = -191, Gait = Run, FacingMdeg = 259017, IsMoving = True } }
2173	905	MoveCommand { Actor = chr_01M3BMW7KN54EKH8FFGFYWVYVF, Intent = MoveIntent { DirXPermille = -982, DirZPermille = -190, Gait = Run, FacingMdeg = 259032, IsMoving = True } }
2175	906	MoveCommand { Actor = chr_01M3BMW7KN54EKH8FFGFYWVYVF, Intent = MoveIntent { DirXPermille = -982, DirZPermille = -191, Gait = Run, FacingMdeg = 259002, IsMoving = True } }
2176	907	MoveCommand { Actor = chr_01M3BMW7KN54EKH8FFGFYWVYVF, Intent = MoveIntent { DirXPermille = -982, DirZPermille = -190, Gait = Run, FacingMdeg = 259021, IsMoving = True } }
2177	908	MoveCommand { Actor = chr_01M3BMW7KN54EKH8FFGFYWVYVF, Intent = MoveIntent { DirXPermille = -982, DirZPermille = -191, Gait = Run, FacingMdeg = 259001, IsMoving = True } }
2178	909	MoveCommand { Actor = chr_01M3BMW7KN54EKH8FFGFYWVYVF, Intent = MoveIntent { DirXPermille = -982, DirZPermille = -190, Gait = Run, FacingMdeg = 259025, IsMoving = True } }
2179	910	MoveCommand { Actor = chr_01M3BMW7KN54EKH8FFGFYWVYVF, Intent = MoveIntent { DirXPermille = -982, DirZPermille = -191, Gait = Run, FacingMdeg = 259000, IsMoving = True } }
2180	911	MoveCommand { Actor = chr_01M3BMW7KN54EKH8FFGFYWVYVF, Intent = MoveIntent { DirXPermille = -982, DirZPermille = -190, Gait = Run, FacingMdeg = 259033, IsMoving = True } }
2181	912	MoveCommand { Actor = chr_01M3BMW7KN54EKH8FFGFYWVYVF, Intent = MoveIntent { DirXPermille = -982, DirZPermille = -191, Gait = Run, FacingMdeg = 258996, IsMoving = True } }
2182	913	MoveCommand { Actor = chr_01M3BMW7KN54EKH8FFGFYWVYVF, Intent = MoveIntent { DirXPermille = -982, DirZPermille = -190, Gait = Run, FacingMdeg = 259050, IsMoving = True } }
2184	914	MoveCommand { Actor = chr_01M3BMW7KN54EKH8FFGFYWVYVF, Intent = MoveIntent { DirXPermille = -906, DirZPermille = -424, Gait = Run, FacingMdeg = 244931, IsMoving = True } }
2207	915	MoveCommand { Actor = chr_01M3BMW7KN54EKH8FFGFYWVYVF, Intent = MoveIntent { DirXPermille = -906, DirZPermille = -423, Gait = Run, FacingMdeg = 244944, IsMoving = True } }
2253	916	MoveCommand { Actor = chr_01M3BMW7KN54EKH8FFGFYWVYVF, Intent = MoveIntent { DirXPermille = -906, DirZPermille = -422, Gait = Run, FacingMdeg = 245009, IsMoving = True } }
2259	917	MoveCommand { Actor = chr_01M3BMW7KN54EKH8FFGFYWVYVF, Intent = MoveIntent { DirXPermille = -907, DirZPermille = -422, Gait = Run, FacingMdeg = 245027, IsMoving = True } }
2260	918	MoveCommand { Actor = chr_01M3BMW7KN54EKH8FFGFYWVYVF, Intent = MoveIntent { DirXPermille = -906, DirZPermille = -422, Gait = Run, FacingMdeg = 245023, IsMoving = True } }
2261	919	MoveCommand { Actor = chr_01M3BMW7KN54EKH8FFGFYWVYVF, Intent = MoveIntent { DirXPermille = -907, DirZPermille = -422, Gait = Run, FacingMdeg = 245027, IsMoving = True } }
2262	920	MoveCommand { Actor = chr_01M3BMW7KN54EKH8FFGFYWVYVF, Intent = MoveIntent { DirXPermille = -906, DirZPermille = -422, Gait = Run, FacingMdeg = 245023, IsMoving = True } }
2263	921	MoveCommand { Actor = chr_01M3BMW7KN54EKH8FFGFYWVYVF, Intent = MoveIntent { DirXPermille = -907, DirZPermille = -422, Gait = Run, FacingMdeg = 245026, IsMoving = True } }
2264	922	MoveCommand { Actor = chr_01M3BMW7KN54EKH8FFGFYWVYVF, Intent = MoveIntent { DirXPermille = -906, DirZPermille = -422, Gait = Run, FacingMdeg = 245022, IsMoving = True } }
2266	923	MoveCommand { Actor = chr_01M3BMW7KN54EKH8FFGFYWVYVF, Intent = MoveIntent { DirXPermille = -907, DirZPermille = -422, Gait = Run, FacingMdeg = 245030, IsMoving = True } }
2267	924	MoveCommand { Actor = chr_01M3BMW7KN54EKH8FFGFYWVYVF, Intent = MoveIntent { DirXPermille = -906, DirZPermille = -422, Gait = Run, FacingMdeg = 245025, IsMoving = True } }
2268	925	MoveCommand { Actor = chr_01M3BMW7KN54EKH8FFGFYWVYVF, Intent = MoveIntent { DirXPermille = -907, DirZPermille = -422, Gait = Run, FacingMdeg = 245030, IsMoving = True } }
2269	926	MoveCommand { Actor = chr_01M3BMW7KN54EKH8FFGFYWVYVF, Intent = MoveIntent { DirXPermille = -906, DirZPermille = -422, Gait = Run, FacingMdeg = 245024, IsMoving = True } }
2270	927	MoveCommand { Actor = chr_01M3BMW7KN54EKH8FFGFYWVYVF, Intent = MoveIntent { DirXPermille = -907, DirZPermille = -422, Gait = Run, FacingMdeg = 245029, IsMoving = True } }
2271	928	MoveCommand { Actor = chr_01M3BMW7KN54EKH8FFGFYWVYVF, Intent = MoveIntent { DirXPermille = -906, DirZPermille = -422, Gait = Run, FacingMdeg = 245024, IsMoving = True } }
2272	929	MoveCommand { Actor = chr_01M3BMW7KN54EKH8FFGFYWVYVF, Intent = MoveIntent { DirXPermille = -907, DirZPermille = -422, Gait = Run, FacingMdeg = 245029, IsMoving = True } }
2273	930	MoveCommand { Actor = chr_01M3BMW7KN54EKH8FFGFYWVYVF, Intent = MoveIntent { DirXPermille = -906, DirZPermille = -422, Gait = Run, FacingMdeg = 245023, IsMoving = True } }
2274	931	MoveCommand { Actor = chr_01M3BMW7KN54EKH8FFGFYWVYVF, Intent = MoveIntent { DirXPermille = -907, DirZPermille = -422, Gait = Run, FacingMdeg = 245028, IsMoving = True } }
2275	932	MoveCommand { Actor = chr_01M3BMW7KN54EKH8FFGFYWVYVF, Intent = MoveIntent { DirXPermille = -906, DirZPermille = -422, Gait = Run, FacingMdeg = 245022, IsMoving = True } }
2276	933	MoveCommand { Actor = chr_01M3BMW7KN54EKH8FFGFYWVYVF, Intent = MoveIntent { DirXPermille = -907, DirZPermille = -422, Gait = Run, FacingMdeg = 245027, IsMoving = True } }
2277	934	MoveCommand { Actor = chr_01M3BMW7KN54EKH8FFGFYWVYVF, Intent = MoveIntent { DirXPermille = -906, DirZPermille = -422, Gait = Run, FacingMdeg = 245020, IsMoving = True } }
2278	935	MoveCommand { Actor = chr_01M3BMW7KN54EKH8FFGFYWVYVF, Intent = MoveIntent { DirXPermille = -907, DirZPermille = -422, Gait = Run, FacingMdeg = 245026, IsMoving = True } }
2279	936	MoveCommand { Actor = chr_01M3BMW7KN54EKH8FFGFYWVYVF, Intent = MoveIntent { DirXPermille = -906, DirZPermille = -422, Gait = Run, FacingMdeg = 245019, IsMoving = True } }
2281	937	MoveCommand { Actor = chr_01M3BMW7KN54EKH8FFGFYWVYVF, Intent = MoveIntent { DirXPermille = -907, DirZPermille = -422, Gait = Run, FacingMdeg = 245033, IsMoving = True } }
2282	938	MoveCommand { Actor = chr_01M3BMW7KN54EKH8FFGFYWVYVF, Intent = MoveIntent { DirXPermille = -906, DirZPermille = -422, Gait = Run, FacingMdeg = 245024, IsMoving = True } }
2283	939	MoveCommand { Actor = chr_01M3BMW7KN54EKH8FFGFYWVYVF, Intent = MoveIntent { DirXPermille = -907, DirZPermille = -422, Gait = Run, FacingMdeg = 245032, IsMoving = True } }
2284	940	MoveCommand { Actor = chr_01M3BMW7KN54EKH8FFGFYWVYVF, Intent = MoveIntent { DirXPermille = -906, DirZPermille = -422, Gait = Run, FacingMdeg = 245023, IsMoving = True } }
2285	941	MoveCommand { Actor = chr_01M3BMW7KN54EKH8FFGFYWVYVF, Intent = MoveIntent { DirXPermille = -907, DirZPermille = -422, Gait = Run, FacingMdeg = 245031, IsMoving = True } }
2286	942	MoveCommand { Actor = chr_01M3BMW7KN54EKH8FFGFYWVYVF, Intent = MoveIntent { DirXPermille = -906, DirZPermille = -422, Gait = Run, FacingMdeg = 245021, IsMoving = True } }
2287	943	MoveCommand { Actor = chr_01M3BMW7KN54EKH8FFGFYWVYVF, Intent = MoveIntent { DirXPermille = -907, DirZPermille = -422, Gait = Run, FacingMdeg = 245031, IsMoving = True } }
2288	944	MoveCommand { Actor = chr_01M3BMW7KN54EKH8FFGFYWVYVF, Intent = MoveIntent { DirXPermille = -906, DirZPermille = -422, Gait = Run, FacingMdeg = 245019, IsMoving = True } }
2289	945	MoveCommand { Actor = chr_01M3BMW7KN54EKH8FFGFYWVYVF, Intent = MoveIntent { DirXPermille = -907, DirZPermille = -422, Gait = Run, FacingMdeg = 245030, IsMoving = True } }
2290	946	MoveCommand { Actor = chr_01M3BMW7KN54EKH8FFGFYWVYVF, Intent = MoveIntent { DirXPermille = -906, DirZPermille = -422, Gait = Run, FacingMdeg = 245016, IsMoving = True } }
2291	947	MoveCommand { Actor = chr_01M3BMW7KN54EKH8FFGFYWVYVF, Intent = MoveIntent { DirXPermille = -907, DirZPermille = -422, Gait = Run, FacingMdeg = 245028, IsMoving = True } }
2292	948	MoveCommand { Actor = chr_01M3BMW7KN54EKH8FFGFYWVYVF, Intent = MoveIntent { DirXPermille = -906, DirZPermille = -422, Gait = Run, FacingMdeg = 245012, IsMoving = True } }
2293	949	MoveCommand { Actor = chr_01M3BMW7KN54EKH8FFGFYWVYVF, Intent = MoveIntent { DirXPermille = -907, DirZPermille = -422, Gait = Run, FacingMdeg = 245027, IsMoving = True } }
2294	950	MoveCommand { Actor = chr_01M3BMW7KN54EKH8FFGFYWVYVF, Intent = MoveIntent { DirXPermille = -906, DirZPermille = -423, Gait = Run, FacingMdeg = 245006, IsMoving = True } }
2295	951	MoveCommand { Actor = chr_01M3BMW7KN54EKH8FFGFYWVYVF, Intent = MoveIntent { DirXPermille = -906, DirZPermille = -422, Gait = Run, FacingMdeg = 245024, IsMoving = True } }
2296	952	MoveCommand { Actor = chr_01M3BMW7KN54EKH8FFGFYWVYVF, Intent = MoveIntent { DirXPermille = -907, DirZPermille = -422, Gait = Run, FacingMdeg = 245047, IsMoving = True } }
2297	953	MoveCommand { Actor = chr_01M3BMW7KN54EKH8FFGFYWVYVF, Intent = MoveIntent { DirXPermille = -906, DirZPermille = -422, Gait = Run, FacingMdeg = 245019, IsMoving = True } }
2298	954	MoveCommand { Actor = chr_01M3BMW7KN54EKH8FFGFYWVYVF, Intent = MoveIntent { DirXPermille = -907, DirZPermille = -422, Gait = Run, FacingMdeg = 245051, IsMoving = True } }
2299	955	MoveCommand { Actor = chr_01M3BMW7KN54EKH8FFGFYWVYVF, Intent = MoveIntent { DirXPermille = -906, DirZPermille = -422, Gait = Run, FacingMdeg = 245008, IsMoving = True } }
2301	956	MoveCommand { Actor = chr_01M3BMW7KN54EKH8FFGFYWVYVF, Intent = MoveIntent { DirXPermille = 0, DirZPermille = 0, Gait = Run, FacingMdeg = 245008, IsMoving = False } }
2308	957	MoveCommand { Actor = chr_01M3BMW7KN54EKH8FFGFYWVYVF, Intent = MoveIntent { DirXPermille = -369, DirZPermille = -930, Gait = Run, FacingMdeg = 201635, IsMoving = True } }
2319	958	MoveCommand { Actor = chr_01M3BMW7KN54EKH8FFGFYWVYVF, Intent = MoveIntent { DirXPermille = -369, DirZPermille = -929, Gait = Run, FacingMdeg = 201644, IsMoving = True } }
2341	959	MoveCommand { Actor = chr_01M3BMW7KN54EKH8FFGFYWVYVF, Intent = MoveIntent { DirXPermille = -370, DirZPermille = -929, Gait = Run, FacingMdeg = 201686, IsMoving = True } }
2350	960	MoveCommand { Actor = chr_01M3BMW7KN54EKH8FFGFYWVYVF, Intent = MoveIntent { DirXPermille = -371, DirZPermille = -929, Gait = Run, FacingMdeg = 201748, IsMoving = True } }
2354	961	MoveCommand { Actor = chr_01M3BMW7KN54EKH8FFGFYWVYVF, Intent = MoveIntent { DirXPermille = -372, DirZPermille = -928, Gait = Run, FacingMdeg = 201817, IsMoving = True } }
2355	962	MoveCommand { Actor = chr_01M3BMW7KN54EKH8FFGFYWVYVF, Intent = MoveIntent { DirXPermille = -371, DirZPermille = -929, Gait = Run, FacingMdeg = 201783, IsMoving = True } }
2356	963	MoveCommand { Actor = chr_01M3BMW7KN54EKH8FFGFYWVYVF, Intent = MoveIntent { DirXPermille = -372, DirZPermille = -928, Gait = Run, FacingMdeg = 201812, IsMoving = True } }
2357	964	MoveCommand { Actor = chr_01M3BMW7KN54EKH8FFGFYWVYVF, Intent = MoveIntent { DirXPermille = -371, DirZPermille = -929, Gait = Run, FacingMdeg = 201764, IsMoving = True } }
2358	965	MoveCommand { Actor = chr_01M3BMW7KN54EKH8FFGFYWVYVF, Intent = MoveIntent { DirXPermille = -371, DirZPermille = -928, Gait = Run, FacingMdeg = 201801, IsMoving = True } }
2359	966	MoveCommand { Actor = chr_01M3BMW7KN54EKH8FFGFYWVYVF, Intent = MoveIntent { DirXPermille = -372, DirZPermille = -928, Gait = Run, FacingMdeg = 201821, IsMoving = True } }
2360	967	MoveCommand { Actor = chr_01M3BMW7KN54EKH8FFGFYWVYVF, Intent = MoveIntent { DirXPermille = -370, DirZPermille = -929, Gait = Run, FacingMdeg = 201718, IsMoving = True } }
2361	968	MoveCommand { Actor = chr_01M3BMW7KN54EKH8FFGFYWVYVF, Intent = MoveIntent { DirXPermille = -371, DirZPermille = -928, Gait = Run, FacingMdeg = 201801, IsMoving = True } }
2363	969	MoveCommand { Actor = chr_01M3BMW7KN54EKH8FFGFYWVYVF, Intent = MoveIntent { DirXPermille = -351, DirZPermille = -936, Gait = Run, FacingMdeg = 200550, IsMoving = True } }
2392	970	MoveCommand { Actor = chr_01M3BMW7KN54EKH8FFGFYWVYVF, Intent = MoveIntent { DirXPermille = -352, DirZPermille = -936, Gait = Run, FacingMdeg = 200579, IsMoving = True } }
2420	971	MoveCommand { Actor = chr_01M3BMW7KN54EKH8FFGFYWVYVF, Intent = MoveIntent { DirXPermille = -353, DirZPermille = -936, Gait = Run, FacingMdeg = 200640, IsMoving = True } }
2432	972	MoveCommand { Actor = chr_01M3BMW7KN54EKH8FFGFYWVYVF, Intent = MoveIntent { DirXPermille = -353, DirZPermille = -935, Gait = Run, FacingMdeg = 200695, IsMoving = True } }
2434	973	MoveCommand { Actor = chr_01M3BMW7KN54EKH8FFGFYWVYVF, Intent = MoveIntent { DirXPermille = -354, DirZPermille = -935, Gait = Run, FacingMdeg = 200708, IsMoving = True } }
2436	974	MoveCommand { Actor = chr_01M3BMW7KN54EKH8FFGFYWVYVF, Intent = MoveIntent { DirXPermille = -353, DirZPermille = -935, Gait = Run, FacingMdeg = 200702, IsMoving = True } }
2437	975	MoveCommand { Actor = chr_01M3BMW7KN54EKH8FFGFYWVYVF, Intent = MoveIntent { DirXPermille = -354, DirZPermille = -935, Gait = Run, FacingMdeg = 200709, IsMoving = True } }
2440	976	MoveCommand { Actor = chr_01M3BMW7KN54EKH8FFGFYWVYVF, Intent = MoveIntent { DirXPermille = -353, DirZPermille = -935, Gait = Run, FacingMdeg = 200699, IsMoving = True } }
2441	977	MoveCommand { Actor = chr_01M3BMW7KN54EKH8FFGFYWVYVF, Intent = MoveIntent { DirXPermille = -354, DirZPermille = -935, Gait = Run, FacingMdeg = 200707, IsMoving = True } }
2443	978	MoveCommand { Actor = chr_01M3BMW7KN54EKH8FFGFYWVYVF, Intent = MoveIntent { DirXPermille = -353, DirZPermille = -935, Gait = Run, FacingMdeg = 200699, IsMoving = True } }
2444	979	MoveCommand { Actor = chr_01M3BMW7KN54EKH8FFGFYWVYVF, Intent = MoveIntent { DirXPermille = -354, DirZPermille = -935, Gait = Run, FacingMdeg = 200708, IsMoving = True } }
2446	980	MoveCommand { Actor = chr_01M3BMW7KN54EKH8FFGFYWVYVF, Intent = MoveIntent { DirXPermille = -353, DirZPermille = -935, Gait = Run, FacingMdeg = 200699, IsMoving = True } }
2447	981	MoveCommand { Actor = chr_01M3BMW7KN54EKH8FFGFYWVYVF, Intent = MoveIntent { DirXPermille = -354, DirZPermille = -935, Gait = Run, FacingMdeg = 200710, IsMoving = True } }
2449	982	MoveCommand { Actor = chr_01M3BMW7KN54EKH8FFGFYWVYVF, Intent = MoveIntent { DirXPermille = -353, DirZPermille = -935, Gait = Run, FacingMdeg = 200700, IsMoving = True } }
2450	983	MoveCommand { Actor = chr_01M3BMW7KN54EKH8FFGFYWVYVF, Intent = MoveIntent { DirXPermille = -354, DirZPermille = -935, Gait = Run, FacingMdeg = 200712, IsMoving = True } }
2452	984	MoveCommand { Actor = chr_01M3BMW7KN54EKH8FFGFYWVYVF, Intent = MoveIntent { DirXPermille = -353, DirZPermille = -935, Gait = Run, FacingMdeg = 200701, IsMoving = True } }
2453	985	MoveCommand { Actor = chr_01M3BMW7KN54EKH8FFGFYWVYVF, Intent = MoveIntent { DirXPermille = -354, DirZPermille = -935, Gait = Run, FacingMdeg = 200715, IsMoving = True } }
2456	986	MoveCommand { Actor = chr_01M3BMW7KN54EKH8FFGFYWVYVF, Intent = MoveIntent { DirXPermille = -353, DirZPermille = -935, Gait = Run, FacingMdeg = 200694, IsMoving = True } }
2457	987	MoveCommand { Actor = chr_01M3BMW7KN54EKH8FFGFYWVYVF, Intent = MoveIntent { DirXPermille = -354, DirZPermille = -935, Gait = Run, FacingMdeg = 200712, IsMoving = True } }
2459	988	MoveCommand { Actor = chr_01M3BMW7KN54EKH8FFGFYWVYVF, Intent = MoveIntent { DirXPermille = -353, DirZPermille = -935, Gait = Run, FacingMdeg = 200693, IsMoving = True } }
2460	989	MoveCommand { Actor = chr_01M3BMW7KN54EKH8FFGFYWVYVF, Intent = MoveIntent { DirXPermille = -354, DirZPermille = -935, Gait = Run, FacingMdeg = 200718, IsMoving = True } }
2462	990	MoveCommand { Actor = chr_01M3BMW7KN54EKH8FFGFYWVYVF, Intent = MoveIntent { DirXPermille = -353, DirZPermille = -935, Gait = Run, FacingMdeg = 200692, IsMoving = True } }
2463	991	MoveCommand { Actor = chr_01M3BMW7KN54EKH8FFGFYWVYVF, Intent = MoveIntent { DirXPermille = -354, DirZPermille = -935, Gait = Run, FacingMdeg = 200729, IsMoving = True } }
2465	992	MoveCommand { Actor = chr_01M3BMW7KN54EKH8FFGFYWVYVF, Intent = MoveIntent { DirXPermille = -353, DirZPermille = -936, Gait = Run, FacingMdeg = 200690, IsMoving = True } }
2466	993	MoveCommand { Actor = chr_01M3BMW7KN54EKH8FFGFYWVYVF, Intent = MoveIntent { DirXPermille = -354, DirZPermille = -935, Gait = Run, FacingMdeg = 200761, IsMoving = True } }
2469	994	MoveCommand { Actor = chr_01M3BMW7KN54EKH8FFGFYWVYVF, Intent = MoveIntent { DirXPermille = -447, DirZPermille = -894, Gait = Run, FacingMdeg = 206559, IsMoving = True } }
2471	995	MoveCommand { Actor = chr_01M3BMW7KN54EKH8FFGFYWVYVF, Intent = MoveIntent { DirXPermille = -447, DirZPermille = -895, Gait = Run, FacingMdeg = 206555, IsMoving = True } }
2472	996	MoveCommand { Actor = chr_01M3BMW7KN54EKH8FFGFYWVYVF, Intent = MoveIntent { DirXPermille = -447, DirZPermille = -894, Gait = Run, FacingMdeg = 206557, IsMoving = True } }
2473	997	MoveCommand { Actor = chr_01M3BMW7KN54EKH8FFGFYWVYVF, Intent = MoveIntent { DirXPermille = -447, DirZPermille = -895, Gait = Run, FacingMdeg = 206555, IsMoving = True } }
2474	998	MoveCommand { Actor = chr_01M3BMW7KN54EKH8FFGFYWVYVF, Intent = MoveIntent { DirXPermille = -447, DirZPermille = -894, Gait = Run, FacingMdeg = 206557, IsMoving = True } }
2475	999	MoveCommand { Actor = chr_01M3BMW7KN54EKH8FFGFYWVYVF, Intent = MoveIntent { DirXPermille = -447, DirZPermille = -895, Gait = Run, FacingMdeg = 206555, IsMoving = True } }
2476	1000	MoveCommand { Actor = chr_01M3BMW7KN54EKH8FFGFYWVYVF, Intent = MoveIntent { DirXPermille = -447, DirZPermille = -894, Gait = Run, FacingMdeg = 206557, IsMoving = True } }
2477	1001	MoveCommand { Actor = chr_01M3BMW7KN54EKH8FFGFYWVYVF, Intent = MoveIntent { DirXPermille = -447, DirZPermille = -895, Gait = Run, FacingMdeg = 206554, IsMoving = True } }
2478	1002	MoveCommand { Actor = chr_01M3BMW7KN54EKH8FFGFYWVYVF, Intent = MoveIntent { DirXPermille = -447, DirZPermille = -894, Gait = Run, FacingMdeg = 206556, IsMoving = True } }
2479	1003	MoveCommand { Actor = chr_01M3BMW7KN54EKH8FFGFYWVYVF, Intent = MoveIntent { DirXPermille = -447, DirZPermille = -895, Gait = Run, FacingMdeg = 206554, IsMoving = True } }
2480	1004	MoveCommand { Actor = chr_01M3BMW7KN54EKH8FFGFYWVYVF, Intent = MoveIntent { DirXPermille = -447, DirZPermille = -894, Gait = Run, FacingMdeg = 206556, IsMoving = True } }
2481	1005	MoveCommand { Actor = chr_01M3BMW7KN54EKH8FFGFYWVYVF, Intent = MoveIntent { DirXPermille = -447, DirZPermille = -895, Gait = Run, FacingMdeg = 206554, IsMoving = True } }
2482	1006	MoveCommand { Actor = chr_01M3BMW7KN54EKH8FFGFYWVYVF, Intent = MoveIntent { DirXPermille = -447, DirZPermille = -894, Gait = Run, FacingMdeg = 206556, IsMoving = True } }
2483	1007	MoveCommand { Actor = chr_01M3BMW7KN54EKH8FFGFYWVYVF, Intent = MoveIntent { DirXPermille = -447, DirZPermille = -895, Gait = Run, FacingMdeg = 206554, IsMoving = True } }
2484	1008	MoveCommand { Actor = chr_01M3BMW7KN54EKH8FFGFYWVYVF, Intent = MoveIntent { DirXPermille = -447, DirZPermille = -894, Gait = Run, FacingMdeg = 206556, IsMoving = True } }
2485	1009	MoveCommand { Actor = chr_01M3BMW7KN54EKH8FFGFYWVYVF, Intent = MoveIntent { DirXPermille = -447, DirZPermille = -895, Gait = Run, FacingMdeg = 206553, IsMoving = True } }
2487	1010	MoveCommand { Actor = chr_01M3BMW7KN54EKH8FFGFYWVYVF, Intent = MoveIntent { DirXPermille = -447, DirZPermille = -894, Gait = Run, FacingMdeg = 206558, IsMoving = True } }
2488	1011	MoveCommand { Actor = chr_01M3BMW7KN54EKH8FFGFYWVYVF, Intent = MoveIntent { DirXPermille = -447, DirZPermille = -895, Gait = Run, FacingMdeg = 206555, IsMoving = True } }
2489	1012	MoveCommand { Actor = chr_01M3BMW7KN54EKH8FFGFYWVYVF, Intent = MoveIntent { DirXPermille = -447, DirZPermille = -894, Gait = Run, FacingMdeg = 206558, IsMoving = True } }
2490	1013	MoveCommand { Actor = chr_01M3BMW7KN54EKH8FFGFYWVYVF, Intent = MoveIntent { DirXPermille = -447, DirZPermille = -895, Gait = Run, FacingMdeg = 206555, IsMoving = True } }
2491	1014	MoveCommand { Actor = chr_01M3BMW7KN54EKH8FFGFYWVYVF, Intent = MoveIntent { DirXPermille = -447, DirZPermille = -894, Gait = Run, FacingMdeg = 206557, IsMoving = True } }
2492	1015	MoveCommand { Actor = chr_01M3BMW7KN54EKH8FFGFYWVYVF, Intent = MoveIntent { DirXPermille = -447, DirZPermille = -895, Gait = Run, FacingMdeg = 206555, IsMoving = True } }
2493	1016	MoveCommand { Actor = chr_01M3BMW7KN54EKH8FFGFYWVYVF, Intent = MoveIntent { DirXPermille = -447, DirZPermille = -894, Gait = Run, FacingMdeg = 206557, IsMoving = True } }
2494	1017	MoveCommand { Actor = chr_01M3BMW7KN54EKH8FFGFYWVYVF, Intent = MoveIntent { DirXPermille = -447, DirZPermille = -895, Gait = Run, FacingMdeg = 206554, IsMoving = True } }
2495	1018	MoveCommand { Actor = chr_01M3BMW7KN54EKH8FFGFYWVYVF, Intent = MoveIntent { DirXPermille = -447, DirZPermille = -894, Gait = Run, FacingMdeg = 206557, IsMoving = True } }
2496	1019	MoveCommand { Actor = chr_01M3BMW7KN54EKH8FFGFYWVYVF, Intent = MoveIntent { DirXPermille = -447, DirZPermille = -895, Gait = Run, FacingMdeg = 206554, IsMoving = True } }
2497	1020	MoveCommand { Actor = chr_01M3BMW7KN54EKH8FFGFYWVYVF, Intent = MoveIntent { DirXPermille = -447, DirZPermille = -894, Gait = Run, FacingMdeg = 206556, IsMoving = True } }
2498	1021	MoveCommand { Actor = chr_01M3BMW7KN54EKH8FFGFYWVYVF, Intent = MoveIntent { DirXPermille = -447, DirZPermille = -895, Gait = Run, FacingMdeg = 206553, IsMoving = True } }
2499	1022	MoveCommand { Actor = chr_01M3BMW7KN54EKH8FFGFYWVYVF, Intent = MoveIntent { DirXPermille = -447, DirZPermille = -894, Gait = Run, FacingMdeg = 206556, IsMoving = True } }
2500	1023	MoveCommand { Actor = chr_01M3BMW7KN54EKH8FFGFYWVYVF, Intent = MoveIntent { DirXPermille = -447, DirZPermille = -895, Gait = Run, FacingMdeg = 206553, IsMoving = True } }
2501	1024	MoveCommand { Actor = chr_01M3BMW7KN54EKH8FFGFYWVYVF, Intent = MoveIntent { DirXPermille = -447, DirZPermille = -894, Gait = Run, FacingMdeg = 206556, IsMoving = True } }
2502	1025	MoveCommand { Actor = chr_01M3BMW7KN54EKH8FFGFYWVYVF, Intent = MoveIntent { DirXPermille = -447, DirZPermille = -895, Gait = Run, FacingMdeg = 206552, IsMoving = True } }
2504	1026	MoveCommand { Actor = chr_01M3BMW7KN54EKH8FFGFYWVYVF, Intent = MoveIntent { DirXPermille = -447, DirZPermille = -894, Gait = Run, FacingMdeg = 206558, IsMoving = True } }
2505	1027	MoveCommand { Actor = chr_01M3BMW7KN54EKH8FFGFYWVYVF, Intent = MoveIntent { DirXPermille = -447, DirZPermille = -895, Gait = Run, FacingMdeg = 206555, IsMoving = True } }
2506	1028	MoveCommand { Actor = chr_01M3BMW7KN54EKH8FFGFYWVYVF, Intent = MoveIntent { DirXPermille = -447, DirZPermille = -894, Gait = Run, FacingMdeg = 206558, IsMoving = True } }
2507	1029	MoveCommand { Actor = chr_01M3BMW7KN54EKH8FFGFYWVYVF, Intent = MoveIntent { DirXPermille = -447, DirZPermille = -895, Gait = Run, FacingMdeg = 206555, IsMoving = True } }
2508	1030	MoveCommand { Actor = chr_01M3BMW7KN54EKH8FFGFYWVYVF, Intent = MoveIntent { DirXPermille = -447, DirZPermille = -894, Gait = Run, FacingMdeg = 206558, IsMoving = True } }
2509	1031	MoveCommand { Actor = chr_01M3BMW7KN54EKH8FFGFYWVYVF, Intent = MoveIntent { DirXPermille = -447, DirZPermille = -895, Gait = Run, FacingMdeg = 206554, IsMoving = True } }
2510	1032	MoveCommand { Actor = chr_01M3BMW7KN54EKH8FFGFYWVYVF, Intent = MoveIntent { DirXPermille = -447, DirZPermille = -894, Gait = Run, FacingMdeg = 206558, IsMoving = True } }
2511	1033	MoveCommand { Actor = chr_01M3BMW7KN54EKH8FFGFYWVYVF, Intent = MoveIntent { DirXPermille = -447, DirZPermille = -895, Gait = Run, FacingMdeg = 206554, IsMoving = True } }
2512	1034	MoveCommand { Actor = chr_01M3BMW7KN54EKH8FFGFYWVYVF, Intent = MoveIntent { DirXPermille = -447, DirZPermille = -894, Gait = Run, FacingMdeg = 206557, IsMoving = True } }
2513	1035	MoveCommand { Actor = chr_01M3BMW7KN54EKH8FFGFYWVYVF, Intent = MoveIntent { DirXPermille = -447, DirZPermille = -895, Gait = Run, FacingMdeg = 206553, IsMoving = True } }
2514	1036	MoveCommand { Actor = chr_01M3BMW7KN54EKH8FFGFYWVYVF, Intent = MoveIntent { DirXPermille = -447, DirZPermille = -894, Gait = Run, FacingMdeg = 206557, IsMoving = True } }
2515	1037	MoveCommand { Actor = chr_01M3BMW7KN54EKH8FFGFYWVYVF, Intent = MoveIntent { DirXPermille = -447, DirZPermille = -895, Gait = Run, FacingMdeg = 206552, IsMoving = True } }
2516	1038	MoveCommand { Actor = chr_01M3BMW7KN54EKH8FFGFYWVYVF, Intent = MoveIntent { DirXPermille = -447, DirZPermille = -894, Gait = Run, FacingMdeg = 206556, IsMoving = True } }
2517	1039	MoveCommand { Actor = chr_01M3BMW7KN54EKH8FFGFYWVYVF, Intent = MoveIntent { DirXPermille = -447, DirZPermille = -895, Gait = Run, FacingMdeg = 206552, IsMoving = True } }
2518	1040	MoveCommand { Actor = chr_01M3BMW7KN54EKH8FFGFYWVYVF, Intent = MoveIntent { DirXPermille = -447, DirZPermille = -894, Gait = Run, FacingMdeg = 206556, IsMoving = True } }
2519	1041	MoveCommand { Actor = chr_01M3BMW7KN54EKH8FFGFYWVYVF, Intent = MoveIntent { DirXPermille = -447, DirZPermille = -895, Gait = Run, FacingMdeg = 206551, IsMoving = True } }
2521	1042	MoveCommand { Actor = chr_01M3BMW7KN54EKH8FFGFYWVYVF, Intent = MoveIntent { DirXPermille = -447, DirZPermille = -894, Gait = Run, FacingMdeg = 206560, IsMoving = True } }
2522	1043	MoveCommand { Actor = chr_01M3BMW7KN54EKH8FFGFYWVYVF, Intent = MoveIntent { DirXPermille = -447, DirZPermille = -895, Gait = Run, FacingMdeg = 206555, IsMoving = True } }
2523	1044	MoveCommand { Actor = chr_01M3BMW7KN54EKH8FFGFYWVYVF, Intent = MoveIntent { DirXPermille = -447, DirZPermille = -894, Gait = Run, FacingMdeg = 206560, IsMoving = True } }
2524	1045	MoveCommand { Actor = chr_01M3BMW7KN54EKH8FFGFYWVYVF, Intent = MoveIntent { DirXPermille = -447, DirZPermille = -895, Gait = Run, FacingMdeg = 206554, IsMoving = True } }
2525	1046	MoveCommand { Actor = chr_01M3BMW7KN54EKH8FFGFYWVYVF, Intent = MoveIntent { DirXPermille = -447, DirZPermille = -894, Gait = Run, FacingMdeg = 206559, IsMoving = True } }
2526	1047	MoveCommand { Actor = chr_01M3BMW7KN54EKH8FFGFYWVYVF, Intent = MoveIntent { DirXPermille = -447, DirZPermille = -895, Gait = Run, FacingMdeg = 206553, IsMoving = True } }
2527	1048	MoveCommand { Actor = chr_01M3BMW7KN54EKH8FFGFYWVYVF, Intent = MoveIntent { DirXPermille = -447, DirZPermille = -894, Gait = Run, FacingMdeg = 206559, IsMoving = True } }
2528	1049	MoveCommand { Actor = chr_01M3BMW7KN54EKH8FFGFYWVYVF, Intent = MoveIntent { DirXPermille = -447, DirZPermille = -895, Gait = Run, FacingMdeg = 206552, IsMoving = True } }
2529	1050	MoveCommand { Actor = chr_01M3BMW7KN54EKH8FFGFYWVYVF, Intent = MoveIntent { DirXPermille = -447, DirZPermille = -894, Gait = Run, FacingMdeg = 206558, IsMoving = True } }
2530	1051	MoveCommand { Actor = chr_01M3BMW7KN54EKH8FFGFYWVYVF, Intent = MoveIntent { DirXPermille = -447, DirZPermille = -895, Gait = Run, FacingMdeg = 206551, IsMoving = True } }
2531	1052	MoveCommand { Actor = chr_01M3BMW7KN54EKH8FFGFYWVYVF, Intent = MoveIntent { DirXPermille = -447, DirZPermille = -894, Gait = Run, FacingMdeg = 206558, IsMoving = True } }
2532	1053	MoveCommand { Actor = chr_01M3BMW7KN54EKH8FFGFYWVYVF, Intent = MoveIntent { DirXPermille = -447, DirZPermille = -895, Gait = Run, FacingMdeg = 206550, IsMoving = True } }
2533	1054	MoveCommand { Actor = chr_01M3BMW7KN54EKH8FFGFYWVYVF, Intent = MoveIntent { DirXPermille = -447, DirZPermille = -894, Gait = Run, FacingMdeg = 206557, IsMoving = True } }
2534	1055	MoveCommand { Actor = chr_01M3BMW7KN54EKH8FFGFYWVYVF, Intent = MoveIntent { DirXPermille = -447, DirZPermille = -895, Gait = Run, FacingMdeg = 206548, IsMoving = True } }
2535	1056	MoveCommand { Actor = chr_01M3BMW7KN54EKH8FFGFYWVYVF, Intent = MoveIntent { DirXPermille = -447, DirZPermille = -894, Gait = Run, FacingMdeg = 206556, IsMoving = True } }
2536	1057	MoveCommand { Actor = chr_01M3BMW7KN54EKH8FFGFYWVYVF, Intent = MoveIntent { DirXPermille = -447, DirZPermille = -895, Gait = Run, FacingMdeg = 206546, IsMoving = True } }
2538	1058	MoveCommand { Actor = chr_01M3BMW7KN54EKH8FFGFYWVYVF, Intent = MoveIntent { DirXPermille = -447, DirZPermille = -894, Gait = Run, FacingMdeg = 206565, IsMoving = True } }
2539	1059	MoveCommand { Actor = chr_01M3BMW7KN54EKH8FFGFYWVYVF, Intent = MoveIntent { DirXPermille = -447, DirZPermille = -895, Gait = Run, FacingMdeg = 206554, IsMoving = True } }
2540	1060	MoveCommand { Actor = chr_01M3BMW7KN54EKH8FFGFYWVYVF, Intent = MoveIntent { DirXPermille = -447, DirZPermille = -894, Gait = Run, FacingMdeg = 206565, IsMoving = True } }
2541	1061	MoveCommand { Actor = chr_01M3BMW7KN54EKH8FFGFYWVYVF, Intent = MoveIntent { DirXPermille = -447, DirZPermille = -895, Gait = Run, FacingMdeg = 206552, IsMoving = True } }
2542	1062	MoveCommand { Actor = chr_01M3BMW7KN54EKH8FFGFYWVYVF, Intent = MoveIntent { DirXPermille = -447, DirZPermille = -894, Gait = Run, FacingMdeg = 206565, IsMoving = True } }
2543	1063	MoveCommand { Actor = chr_01M3BMW7KN54EKH8FFGFYWVYVF, Intent = MoveIntent { DirXPermille = -447, DirZPermille = -895, Gait = Run, FacingMdeg = 206549, IsMoving = True } }
2544	1064	MoveCommand { Actor = chr_01M3BMW7KN54EKH8FFGFYWVYVF, Intent = MoveIntent { DirXPermille = -447, DirZPermille = -894, Gait = Run, FacingMdeg = 206565, IsMoving = True } }
2545	1065	MoveCommand { Actor = chr_01M3BMW7KN54EKH8FFGFYWVYVF, Intent = MoveIntent { DirXPermille = -447, DirZPermille = -895, Gait = Run, FacingMdeg = 206545, IsMoving = True } }
2546	1066	MoveCommand { Actor = chr_01M3BMW7KN54EKH8FFGFYWVYVF, Intent = MoveIntent { DirXPermille = -447, DirZPermille = -894, Gait = Run, FacingMdeg = 206565, IsMoving = True } }
2547	1067	MoveCommand { Actor = chr_01M3BMW7KN54EKH8FFGFYWVYVF, Intent = MoveIntent { DirXPermille = -447, DirZPermille = -895, Gait = Run, FacingMdeg = 206538, IsMoving = True } }
2548	1068	MoveCommand { Actor = chr_01M3BMW7KN54EKH8FFGFYWVYVF, Intent = MoveIntent { DirXPermille = -447, DirZPermille = -894, Gait = Run, FacingMdeg = 206565, IsMoving = True } }
2549	1069	MoveCommand { Actor = chr_01M3BMW7KN54EKH8FFGFYWVYVF, Intent = MoveIntent { DirXPermille = -447, DirZPermille = -895, Gait = Run, FacingMdeg = 206525, IsMoving = True } }
2550	1070	MoveCommand { Actor = chr_01M3BMW7KN54EKH8FFGFYWVYVF, Intent = MoveIntent { DirXPermille = -447, DirZPermille = -894, Gait = Run, FacingMdeg = 206565, IsMoving = True } }
2551	1071	MoveCommand { Actor = chr_01M3BMW7KN54EKH8FFGFYWVYVF, Intent = MoveIntent { DirXPermille = -446, DirZPermille = -895, Gait = Run, FacingMdeg = 206484, IsMoving = True } }
2553	1072	MoveCommand { Actor = chr_01M3BMW7KN54EKH8FFGFYWVYVF, Intent = MoveIntent { DirXPermille = -707, DirZPermille = -707, Gait = Run, FacingMdeg = 225007, IsMoving = True } }
2593	1073	MoveCommand { Actor = chr_01M3BMW7KN54EKH8FFGFYWVYVF, Intent = MoveIntent { DirXPermille = -456, DirZPermille = -890, Gait = Run, FacingMdeg = 207131, IsMoving = True } }
2597	1074	MoveCommand { Actor = chr_01M3BMW7KN54EKH8FFGFYWVYVF, Intent = MoveIntent { DirXPermille = -456, DirZPermille = -890, Gait = Run, FacingMdeg = 207130, IsMoving = True } }
2600	1075	MoveCommand { Actor = chr_01M3BMW7KN54EKH8FFGFYWVYVF, Intent = MoveIntent { DirXPermille = -456, DirZPermille = -890, Gait = Run, FacingMdeg = 207129, IsMoving = True } }
2602	1076	MoveCommand { Actor = chr_01M3BMW7KN54EKH8FFGFYWVYVF, Intent = MoveIntent { DirXPermille = -456, DirZPermille = -890, Gait = Run, FacingMdeg = 207128, IsMoving = True } }
2603	1077	MoveCommand { Actor = chr_01M3BMW7KN54EKH8FFGFYWVYVF, Intent = MoveIntent { DirXPermille = -456, DirZPermille = -890, Gait = Run, FacingMdeg = 207123, IsMoving = True } }
2604	1078	MoveCommand { Actor = chr_01M3BMW7KN54EKH8FFGFYWVYVF, Intent = MoveIntent { DirXPermille = -456, DirZPermille = -890, Gait = Run, FacingMdeg = 207118, IsMoving = True } }
2605	1079	MoveCommand { Actor = chr_01M3BMW7KN54EKH8FFGFYWVYVF, Intent = MoveIntent { DirXPermille = -456, DirZPermille = -890, Gait = Run, FacingMdeg = 207112, IsMoving = True } }
2606	1080	MoveCommand { Actor = chr_01M3BMW7KN54EKH8FFGFYWVYVF, Intent = MoveIntent { DirXPermille = -456, DirZPermille = -890, Gait = Run, FacingMdeg = 207104, IsMoving = True } }
2607	1081	MoveCommand { Actor = chr_01M3BMW7KN54EKH8FFGFYWVYVF, Intent = MoveIntent { DirXPermille = 0, DirZPermille = 0, Gait = Run, FacingMdeg = 207096, IsMoving = False } }
2607	1082	AttackCommand { Actor = chr_01M3BMW7KN54EKH8FFGFYWVYVF }
2622	1083	AttackCommand { Actor = chr_01M3BMW7KN54EKH8FFGFYWVYVF }
2637	1084	AttackCommand { Actor = chr_01M3BMW7KN54EKH8FFGFYWVYVF }
2652	1085	AttackCommand { Actor = chr_01M3BMW7KN54EKH8FFGFYWVYVF }
2667	1086	AttackCommand { Actor = chr_01M3BMW7KN54EKH8FFGFYWVYVF }
2682	1087	AttackCommand { Actor = chr_01M3BMW7KN54EKH8FFGFYWVYVF }
2697	1088	AttackCommand { Actor = chr_01M3BMW7KN54EKH8FFGFYWVYVF }
2712	1089	AttackCommand { Actor = chr_01M3BMW7KN54EKH8FFGFYWVYVF }
2727	1090	AttackCommand { Actor = chr_01M3BMW7KN54EKH8FFGFYWVYVF }
2734	1091	MoveCommand { Actor = chr_01M3BMW7KN54EKH8FFGFYWVYVF, Intent = MoveIntent { DirXPermille = -855, DirZPermille = -518, Gait = Run, FacingMdeg = 238783, IsMoving = True } }
2738	1092	MoveCommand { Actor = chr_01M3BMW7KN54EKH8FFGFYWVYVF, Intent = MoveIntent { DirXPermille = -855, DirZPermille = -519, Gait = Run, FacingMdeg = 238767, IsMoving = True } }
2739	1093	MoveCommand { Actor = chr_01M3BMW7KN54EKH8FFGFYWVYVF, Intent = MoveIntent { DirXPermille = -855, DirZPermille = -518, Gait = Run, FacingMdeg = 238782, IsMoving = True } }
2745	1094	MoveCommand { Actor = chr_01M3BMW7KN54EKH8FFGFYWVYVF, Intent = MoveIntent { DirXPermille = -855, DirZPermille = -519, Gait = Run, FacingMdeg = 238767, IsMoving = True } }
2753	1095	MoveCommand { Actor = chr_01M3BMW7KN54EKH8FFGFYWVYVF, Intent = MoveIntent { DirXPermille = -854, DirZPermille = -520, Gait = Run, FacingMdeg = 238687, IsMoving = True } }
2754	1096	MoveCommand { Actor = chr_01M3BMW7KN54EKH8FFGFYWVYVF, Intent = MoveIntent { DirXPermille = -854, DirZPermille = -521, Gait = Run, FacingMdeg = 238617, IsMoving = True } }
2756	1097	MoveCommand { Actor = chr_01M3BMW7KN54EKH8FFGFYWVYVF, Intent = MoveIntent { DirXPermille = -705, DirZPermille = -709, Gait = Run, FacingMdeg = 224855, IsMoving = True } }
2770	1098	MoveCommand { Actor = chr_01M3BMW7KN54EKH8FFGFYWVYVF, Intent = MoveIntent { DirXPermille = -705, DirZPermille = -710, Gait = Run, FacingMdeg = 224803, IsMoving = True } }
2772	1099	MoveCommand { Actor = chr_01M3BMW7KN54EKH8FFGFYWVYVF, Intent = MoveIntent { DirXPermille = -705, DirZPermille = -709, Gait = Run, FacingMdeg = 224806, IsMoving = True } }
2773	1100	MoveCommand { Actor = chr_01M3BMW7KN54EKH8FFGFYWVYVF, Intent = MoveIntent { DirXPermille = -705, DirZPermille = -710, Gait = Run, FacingMdeg = 224800, IsMoving = True } }
2777	1101	MoveCommand { Actor = chr_01M3BMW7KN54EKH8FFGFYWVYVF, Intent = MoveIntent { DirXPermille = -705, DirZPermille = -709, Gait = Run, FacingMdeg = 224807, IsMoving = True } }
2778	1102	MoveCommand { Actor = chr_01M3BMW7KN54EKH8FFGFYWVYVF, Intent = MoveIntent { DirXPermille = -705, DirZPermille = -710, Gait = Run, FacingMdeg = 224801, IsMoving = True } }
2781	1103	MoveCommand { Actor = chr_01M3BMW7KN54EKH8FFGFYWVYVF, Intent = MoveIntent { DirXPermille = -705, DirZPermille = -709, Gait = Run, FacingMdeg = 224807, IsMoving = True } }
2782	1104	MoveCommand { Actor = chr_01M3BMW7KN54EKH8FFGFYWVYVF, Intent = MoveIntent { DirXPermille = -705, DirZPermille = -710, Gait = Run, FacingMdeg = 224799, IsMoving = True } }
2785	1105	MoveCommand { Actor = chr_01M3BMW7KN54EKH8FFGFYWVYVF, Intent = MoveIntent { DirXPermille = -705, DirZPermille = -709, Gait = Run, FacingMdeg = 224806, IsMoving = True } }
2786	1106	MoveCommand { Actor = chr_01M3BMW7KN54EKH8FFGFYWVYVF, Intent = MoveIntent { DirXPermille = -705, DirZPermille = -710, Gait = Run, FacingMdeg = 224797, IsMoving = True } }
2790	1107	MoveCommand { Actor = chr_01M3BMW7KN54EKH8FFGFYWVYVF, Intent = MoveIntent { DirXPermille = -705, DirZPermille = -709, Gait = Run, FacingMdeg = 224808, IsMoving = True } }
2791	1108	MoveCommand { Actor = chr_01M3BMW7KN54EKH8FFGFYWVYVF, Intent = MoveIntent { DirXPermille = -705, DirZPermille = -710, Gait = Run, FacingMdeg = 224797, IsMoving = True } }
2794	1109	MoveCommand { Actor = chr_01M3BMW7KN54EKH8FFGFYWVYVF, Intent = MoveIntent { DirXPermille = -705, DirZPermille = -709, Gait = Run, FacingMdeg = 224808, IsMoving = True } }
2795	1110	MoveCommand { Actor = chr_01M3BMW7KN54EKH8FFGFYWVYVF, Intent = MoveIntent { DirXPermille = -705, DirZPermille = -710, Gait = Run, FacingMdeg = 224793, IsMoving = True } }
2798	1111	MoveCommand { Actor = chr_01M3BMW7KN54EKH8FFGFYWVYVF, Intent = MoveIntent { DirXPermille = -705, DirZPermille = -709, Gait = Run, FacingMdeg = 224806, IsMoving = True } }
2799	1112	MoveCommand { Actor = chr_01M3BMW7KN54EKH8FFGFYWVYVF, Intent = MoveIntent { DirXPermille = -704, DirZPermille = -710, Gait = Run, FacingMdeg = 224786, IsMoving = True } }
2800	1113	MoveCommand { Actor = chr_01M3BMW7KN54EKH8FFGFYWVYVF, Intent = MoveIntent { DirXPermille = -705, DirZPermille = -710, Gait = Run, FacingMdeg = 224791, IsMoving = True } }
2803	1114	MoveCommand { Actor = chr_01M3BMW7KN54EKH8FFGFYWVYVF, Intent = MoveIntent { DirXPermille = -705, DirZPermille = -709, Gait = Run, FacingMdeg = 224814, IsMoving = True } }
2804	1115	MoveCommand { Actor = chr_01M3BMW7KN54EKH8FFGFYWVYVF, Intent = MoveIntent { DirXPermille = -704, DirZPermille = -710, Gait = Run, FacingMdeg = 224773, IsMoving = True } }
2806	1116	MoveCommand { Actor = chr_01M3BMW7KN54EKH8FFGFYWVYVF, Intent = MoveIntent { DirXPermille = -705, DirZPermille = -710, Gait = Run, FacingMdeg = 224793, IsMoving = True } }
2807	1117	MoveCommand { Actor = chr_01M3BMW7KN54EKH8FFGFYWVYVF, Intent = MoveIntent { DirXPermille = -705, DirZPermille = -709, Gait = Run, FacingMdeg = 224825, IsMoving = True } }
2809	1118	MoveCommand { Actor = chr_01M3BMW7KN54EKH8FFGFYWVYVF, Intent = MoveIntent { DirXPermille = -874, DirZPermille = -485, Gait = Run, FacingMdeg = 240976, IsMoving = True } }
2814	1119	MoveCommand { Actor = chr_01M3BMW7KN54EKH8FFGFYWVYVF, Intent = MoveIntent { DirXPermille = -875, DirZPermille = -485, Gait = Run, FacingMdeg = 240988, IsMoving = True } }
2824	1120	MoveCommand { Actor = chr_01M3BMW7KN54EKH8FFGFYWVYVF, Intent = MoveIntent { DirXPermille = -875, DirZPermille = -484, Gait = Run, FacingMdeg = 241022, IsMoving = True } }
2825	1121	MoveCommand { Actor = chr_01M3BMW7KN54EKH8FFGFYWVYVF, Intent = MoveIntent { DirXPermille = -875, DirZPermille = -485, Gait = Run, FacingMdeg = 241017, IsMoving = True } }
2826	1122	MoveCommand { Actor = chr_01M3BMW7KN54EKH8FFGFYWVYVF, Intent = MoveIntent { DirXPermille = -875, DirZPermille = -484, Gait = Run, FacingMdeg = 241021, IsMoving = True } }
2827	1123	MoveCommand { Actor = chr_01M3BMW7KN54EKH8FFGFYWVYVF, Intent = MoveIntent { DirXPermille = -875, DirZPermille = -485, Gait = Run, FacingMdeg = 241016, IsMoving = True } }
2828	1124	MoveCommand { Actor = chr_01M3BMW7KN54EKH8FFGFYWVYVF, Intent = MoveIntent { DirXPermille = -875, DirZPermille = -484, Gait = Run, FacingMdeg = 241021, IsMoving = True } }
2829	1125	MoveCommand { Actor = chr_01M3BMW7KN54EKH8FFGFYWVYVF, Intent = MoveIntent { DirXPermille = -875, DirZPermille = -485, Gait = Run, FacingMdeg = 241015, IsMoving = True } }
2831	1126	MoveCommand { Actor = chr_01M3BMW7KN54EKH8FFGFYWVYVF, Intent = MoveIntent { DirXPermille = -875, DirZPermille = -484, Gait = Run, FacingMdeg = 241025, IsMoving = True } }
2832	1127	MoveCommand { Actor = chr_01M3BMW7KN54EKH8FFGFYWVYVF, Intent = MoveIntent { DirXPermille = -875, DirZPermille = -485, Gait = Run, FacingMdeg = 241019, IsMoving = True } }
2833	1128	MoveCommand { Actor = chr_01M3BMW7KN54EKH8FFGFYWVYVF, Intent = MoveIntent { DirXPermille = -875, DirZPermille = -484, Gait = Run, FacingMdeg = 241025, IsMoving = True } }
2834	1129	MoveCommand { Actor = chr_01M3BMW7KN54EKH8FFGFYWVYVF, Intent = MoveIntent { DirXPermille = -875, DirZPermille = -485, Gait = Run, FacingMdeg = 241018, IsMoving = True } }
2835	1130	MoveCommand { Actor = chr_01M3BMW7KN54EKH8FFGFYWVYVF, Intent = MoveIntent { DirXPermille = -875, DirZPermille = -484, Gait = Run, FacingMdeg = 241024, IsMoving = True } }
2836	1131	MoveCommand { Actor = chr_01M3BMW7KN54EKH8FFGFYWVYVF, Intent = MoveIntent { DirXPermille = -875, DirZPermille = -485, Gait = Run, FacingMdeg = 241016, IsMoving = True } }
2837	1132	MoveCommand { Actor = chr_01M3BMW7KN54EKH8FFGFYWVYVF, Intent = MoveIntent { DirXPermille = -875, DirZPermille = -484, Gait = Run, FacingMdeg = 241023, IsMoving = True } }
2838	1133	MoveCommand { Actor = chr_01M3BMW7KN54EKH8FFGFYWVYVF, Intent = MoveIntent { DirXPermille = -875, DirZPermille = -485, Gait = Run, FacingMdeg = 241014, IsMoving = True } }
2839	1134	MoveCommand { Actor = chr_01M3BMW7KN54EKH8FFGFYWVYVF, Intent = MoveIntent { DirXPermille = -875, DirZPermille = -484, Gait = Run, FacingMdeg = 241022, IsMoving = True } }
2840	1135	MoveCommand { Actor = chr_01M3BMW7KN54EKH8FFGFYWVYVF, Intent = MoveIntent { DirXPermille = -875, DirZPermille = -485, Gait = Run, FacingMdeg = 241012, IsMoving = True } }
2841	1136	MoveCommand { Actor = chr_01M3BMW7KN54EKH8FFGFYWVYVF, Intent = MoveIntent { DirXPermille = -875, DirZPermille = -484, Gait = Run, FacingMdeg = 241021, IsMoving = True } }
2842	1137	MoveCommand { Actor = chr_01M3BMW7KN54EKH8FFGFYWVYVF, Intent = MoveIntent { DirXPermille = -875, DirZPermille = -485, Gait = Run, FacingMdeg = 241010, IsMoving = True } }
2843	1138	MoveCommand { Actor = chr_01M3BMW7KN54EKH8FFGFYWVYVF, Intent = MoveIntent { DirXPermille = -887, DirZPermille = -462, Gait = Run, FacingMdeg = 242505, IsMoving = True } }
2844	1139	MoveCommand { Actor = chr_01M3BMW7KN54EKH8FFGFYWVYVF, Intent = MoveIntent { DirXPermille = -899, DirZPermille = -438, Gait = Run, FacingMdeg = 244019, IsMoving = True } }
2845	1140	MoveCommand { Actor = chr_01M3BMW7KN54EKH8FFGFYWVYVF, Intent = MoveIntent { DirXPermille = -909, DirZPermille = -416, Gait = Run, FacingMdeg = 245407, IsMoving = True } }
2846	1141	MoveCommand { Actor = chr_01M3BMW7KN54EKH8FFGFYWVYVF, Intent = MoveIntent { DirXPermille = -917, DirZPermille = -398, Gait = Run, FacingMdeg = 246541, IsMoving = True } }
2847	1142	MoveCommand { Actor = chr_01M3BMW7KN54EKH8FFGFYWVYVF, Intent = MoveIntent { DirXPermille = -923, DirZPermille = -384, Gait = Run, FacingMdeg = 247406, IsMoving = True } }
2848	1143	MoveCommand { Actor = chr_01M3BMW7KN54EKH8FFGFYWVYVF, Intent = MoveIntent { DirXPermille = -926, DirZPermille = -378, Gait = Run, FacingMdeg = 247803, IsMoving = True } }
2851	1144	MoveCommand { Actor = chr_01M3BMW7KN54EKH8FFGFYWVYVF, Intent = MoveIntent { DirXPermille = -926, DirZPermille = -379, Gait = Run, FacingMdeg = 247744, IsMoving = True } }
2852	1145	MoveCommand { Actor = chr_01M3BMW7KN54EKH8FFGFYWVYVF, Intent = MoveIntent { DirXPermille = -926, DirZPermille = -378, Gait = Run, FacingMdeg = 247770, IsMoving = True } }
2853	1146	MoveCommand { Actor = chr_01M3BMW7KN54EKH8FFGFYWVYVF, Intent = MoveIntent { DirXPermille = -925, DirZPermille = -379, Gait = Run, FacingMdeg = 247735, IsMoving = True } }
2854	1147	MoveCommand { Actor = chr_01M3BMW7KN54EKH8FFGFYWVYVF, Intent = MoveIntent { DirXPermille = -926, DirZPermille = -378, Gait = Run, FacingMdeg = 247772, IsMoving = True } }
2855	1148	MoveCommand { Actor = chr_01M3BMW7KN54EKH8FFGFYWVYVF, Intent = MoveIntent { DirXPermille = -925, DirZPermille = -379, Gait = Run, FacingMdeg = 247710, IsMoving = True } }
2856	1149	MoveCommand { Actor = chr_01M3BMW7KN54EKH8FFGFYWVYVF, Intent = MoveIntent { DirXPermille = -926, DirZPermille = -378, Gait = Run, FacingMdeg = 247779, IsMoving = True } }
2858	1150	MoveCommand { Actor = chr_01M3BMW7KN54EKH8FFGFYWVYVF, Intent = MoveIntent { DirXPermille = 0, DirZPermille = 0, Gait = Run, FacingMdeg = 247779, IsMoving = False } }
2858	1151	GatherCommand { Actor = chr_01M3BMW7KN54EKH8FFGFYWVYVF, NodeKey = node.r_0_0:c_00_00.iron_seam.00 }
2866	1152	MoveCommand { Actor = chr_01M3BMW7KN54EKH8FFGFYWVYVF, Intent = MoveIntent { DirXPermille = 873, DirZPermille = 487, Gait = Run, FacingMdeg = 60867, IsMoving = True } }
2873	1153	MoveCommand { Actor = chr_01M3BMW7KN54EKH8FFGFYWVYVF, Intent = MoveIntent { DirXPermille = 869, DirZPermille = 495, Gait = Run, FacingMdeg = 60349, IsMoving = True } }
2874	1154	MoveCommand { Actor = chr_01M3BMW7KN54EKH8FFGFYWVYVF, Intent = MoveIntent { DirXPermille = 865, DirZPermille = 502, Gait = Run, FacingMdeg = 59849, IsMoving = True } }
2875	1155	MoveCommand { Actor = chr_01M3BMW7KN54EKH8FFGFYWVYVF, Intent = MoveIntent { DirXPermille = 861, DirZPermille = 508, Gait = Run, FacingMdeg = 59446, IsMoving = True } }
2876	1156	MoveCommand { Actor = chr_01M3BMW7KN54EKH8FFGFYWVYVF, Intent = MoveIntent { DirXPermille = 859, DirZPermille = 513, Gait = Run, FacingMdeg = 59153, IsMoving = True } }
2877	1157	MoveCommand { Actor = chr_01M3BMW7KN54EKH8FFGFYWVYVF, Intent = MoveIntent { DirXPermille = 857, DirZPermille = 515, Gait = Run, FacingMdeg = 58996, IsMoving = True } }
2884	1158	MoveCommand { Actor = chr_01M3BMW7KN54EKH8FFGFYWVYVF, Intent = MoveIntent { DirXPermille = 857, DirZPermille = 516, Gait = Run, FacingMdeg = 58968, IsMoving = True } }
2885	1159	MoveCommand { Actor = chr_01M3BMW7KN54EKH8FFGFYWVYVF, Intent = MoveIntent { DirXPermille = 857, DirZPermille = 515, Gait = Run, FacingMdeg = 58974, IsMoving = True } }
2887	1160	MoveCommand { Actor = chr_01M3BMW7KN54EKH8FFGFYWVYVF, Intent = MoveIntent { DirXPermille = 857, DirZPermille = 516, Gait = Run, FacingMdeg = 58965, IsMoving = True } }
2888	1161	MoveCommand { Actor = chr_01M3BMW7KN54EKH8FFGFYWVYVF, Intent = MoveIntent { DirXPermille = 857, DirZPermille = 515, Gait = Run, FacingMdeg = 58972, IsMoving = True } }
2889	1162	MoveCommand { Actor = chr_01M3BMW7KN54EKH8FFGFYWVYVF, Intent = MoveIntent { DirXPermille = 857, DirZPermille = 516, Gait = Run, FacingMdeg = 58967, IsMoving = True } }
2890	1163	MoveCommand { Actor = chr_01M3BMW7KN54EKH8FFGFYWVYVF, Intent = MoveIntent { DirXPermille = 857, DirZPermille = 515, Gait = Run, FacingMdeg = 58974, IsMoving = True } }
2891	1164	MoveCommand { Actor = chr_01M3BMW7KN54EKH8FFGFYWVYVF, Intent = MoveIntent { DirXPermille = 857, DirZPermille = 516, Gait = Run, FacingMdeg = 58969, IsMoving = True } }
2892	1165	MoveCommand { Actor = chr_01M3BMW7KN54EKH8FFGFYWVYVF, Intent = MoveIntent { DirXPermille = 857, DirZPermille = 515, Gait = Run, FacingMdeg = 58976, IsMoving = True } }
2894	1166	MoveCommand { Actor = chr_01M3BMW7KN54EKH8FFGFYWVYVF, Intent = MoveIntent { DirXPermille = 857, DirZPermille = 516, Gait = Run, FacingMdeg = 58965, IsMoving = True } }
2895	1167	MoveCommand { Actor = chr_01M3BMW7KN54EKH8FFGFYWVYVF, Intent = MoveIntent { DirXPermille = 857, DirZPermille = 515, Gait = Run, FacingMdeg = 58973, IsMoving = True } }
2896	1168	MoveCommand { Actor = chr_01M3BMW7KN54EKH8FFGFYWVYVF, Intent = MoveIntent { DirXPermille = 857, DirZPermille = 516, Gait = Run, FacingMdeg = 58967, IsMoving = True } }
2897	1169	MoveCommand { Actor = chr_01M3BMW7KN54EKH8FFGFYWVYVF, Intent = MoveIntent { DirXPermille = 857, DirZPermille = 515, Gait = Run, FacingMdeg = 58977, IsMoving = True } }
2899	1170	MoveCommand { Actor = chr_01M3BMW7KN54EKH8FFGFYWVYVF, Intent = MoveIntent { DirXPermille = 857, DirZPermille = 516, Gait = Run, FacingMdeg = 58962, IsMoving = True } }
2900	1171	MoveCommand { Actor = chr_01M3BMW7KN54EKH8FFGFYWVYVF, Intent = MoveIntent { DirXPermille = 857, DirZPermille = 515, Gait = Run, FacingMdeg = 58973, IsMoving = True } }
2901	1172	MoveCommand { Actor = chr_01M3BMW7KN54EKH8FFGFYWVYVF, Intent = MoveIntent { DirXPermille = 857, DirZPermille = 516, Gait = Run, FacingMdeg = 58964, IsMoving = True } }
2902	1173	MoveCommand { Actor = chr_01M3BMW7KN54EKH8FFGFYWVYVF, Intent = MoveIntent { DirXPermille = 857, DirZPermille = 515, Gait = Run, FacingMdeg = 58977, IsMoving = True } }
2903	1174	MoveCommand { Actor = chr_01M3BMW7KN54EKH8FFGFYWVYVF, Intent = MoveIntent { DirXPermille = 857, DirZPermille = 516, Gait = Run, FacingMdeg = 58968, IsMoving = True } }
2904	1175	MoveCommand { Actor = chr_01M3BMW7KN54EKH8FFGFYWVYVF, Intent = MoveIntent { DirXPermille = 857, DirZPermille = 515, Gait = Run, FacingMdeg = 58983, IsMoving = True } }
2906	1176	MoveCommand { Actor = chr_01M3BMW7KN54EKH8FFGFYWVYVF, Intent = MoveIntent { DirXPermille = 857, DirZPermille = 516, Gait = Run, FacingMdeg = 58959, IsMoving = True } }
2907	1177	MoveCommand { Actor = chr_01M3BMW7KN54EKH8FFGFYWVYVF, Intent = MoveIntent { DirXPermille = 857, DirZPermille = 515, Gait = Run, FacingMdeg = 58979, IsMoving = True } }
2908	1178	MoveCommand { Actor = chr_01M3BMW7KN54EKH8FFGFYWVYVF, Intent = MoveIntent { DirXPermille = 857, DirZPermille = 516, Gait = Run, FacingMdeg = 58963, IsMoving = True } }
2909	1179	MoveCommand { Actor = chr_01M3BMW7KN54EKH8FFGFYWVYVF, Intent = MoveIntent { DirXPermille = 857, DirZPermille = 515, Gait = Run, FacingMdeg = 58989, IsMoving = True } }
2911	1180	MoveCommand { Actor = chr_01M3BMW7KN54EKH8FFGFYWVYVF, Intent = MoveIntent { DirXPermille = 857, DirZPermille = 516, Gait = Run, FacingMdeg = 58941, IsMoving = True } }
2912	1181	MoveCommand { Actor = chr_01M3BMW7KN54EKH8FFGFYWVYVF, Intent = MoveIntent { DirXPermille = 857, DirZPermille = 515, Gait = Run, FacingMdeg = 58984, IsMoving = True } }
2914	1182	MoveCommand { Actor = chr_01M3BMW7KN54EKH8FFGFYWVYVF, Intent = MoveIntent { DirXPermille = 712, DirZPermille = 702, Gait = Run, FacingMdeg = 45385, IsMoving = True } }
2920	1183	MoveCommand { Actor = chr_01M3BMW7KN54EKH8FFGFYWVYVF, Intent = MoveIntent { DirXPermille = 712, DirZPermille = 703, Gait = Run, FacingMdeg = 45370, IsMoving = True } }
2925	1184	MoveCommand { Actor = chr_01M3BMW7KN54EKH8FFGFYWVYVF, Intent = MoveIntent { DirXPermille = 711, DirZPermille = 703, Gait = Run, FacingMdeg = 45355, IsMoving = True } }
2938	1185	MoveCommand { Actor = chr_01M3BMW7KN54EKH8FFGFYWVYVF, Intent = MoveIntent { DirXPermille = 711, DirZPermille = 704, Gait = Run, FacingMdeg = 45290, IsMoving = True } }
2940	1186	MoveCommand { Actor = chr_01M3BMW7KN54EKH8FFGFYWVYVF, Intent = MoveIntent { DirXPermille = 711, DirZPermille = 703, Gait = Run, FacingMdeg = 45293, IsMoving = True } }
2941	1187	MoveCommand { Actor = chr_01M3BMW7KN54EKH8FFGFYWVYVF, Intent = MoveIntent { DirXPermille = 711, DirZPermille = 704, Gait = Run, FacingMdeg = 45285, IsMoving = True } }
2946	1188	MoveCommand { Actor = chr_01M3BMW7KN54EKH8FFGFYWVYVF, Intent = MoveIntent { DirXPermille = 711, DirZPermille = 703, Gait = Run, FacingMdeg = 45292, IsMoving = True } }
2947	1189	MoveCommand { Actor = chr_01M3BMW7KN54EKH8FFGFYWVYVF, Intent = MoveIntent { DirXPermille = 711, DirZPermille = 704, Gait = Run, FacingMdeg = 45282, IsMoving = True } }
2953	1190	MoveCommand { Actor = chr_01M3BMW7KN54EKH8FFGFYWVYVF, Intent = MoveIntent { DirXPermille = 711, DirZPermille = 703, Gait = Run, FacingMdeg = 45294, IsMoving = True } }
2954	1191	MoveCommand { Actor = chr_01M3BMW7KN54EKH8FFGFYWVYVF, Intent = MoveIntent { DirXPermille = 711, DirZPermille = 704, Gait = Run, FacingMdeg = 45279, IsMoving = True } }
2959	1192	MoveCommand { Actor = chr_01M3BMW7KN54EKH8FFGFYWVYVF, Intent = MoveIntent { DirXPermille = 711, DirZPermille = 703, Gait = Run, FacingMdeg = 45293, IsMoving = True } }
2960	1193	MoveCommand { Actor = chr_01M3BMW7KN54EKH8FFGFYWVYVF, Intent = MoveIntent { DirXPermille = 710, DirZPermille = 704, Gait = Run, FacingMdeg = 45268, IsMoving = True } }
2963	1194	MoveCommand { Actor = chr_01M3BMW7KN54EKH8FFGFYWVYVF, Intent = MoveIntent { DirXPermille = 711, DirZPermille = 704, Gait = Run, FacingMdeg = 45277, IsMoving = True } }
2967	1195	MoveCommand { Actor = chr_01M3BMW7KN54EKH8FFGFYWVYVF, Intent = MoveIntent { DirXPermille = 707, DirZPermille = 707, Gait = Run, FacingMdeg = 45007, IsMoving = True } }
3024	1196	MoveCommand { Actor = chr_01M3BMW7KN54EKH8FFGFYWVYVF, Intent = MoveIntent { DirXPermille = 708, DirZPermille = 707, Gait = Run, FacingMdeg = 45033, IsMoving = True } }
3029	1197	MoveCommand { Actor = chr_01M3BMW7KN54EKH8FFGFYWVYVF, Intent = MoveIntent { DirXPermille = 708, DirZPermille = 706, Gait = Run, FacingMdeg = 45049, IsMoving = True } }
3035	1198	MoveCommand { Actor = chr_01M3BMW7KN54EKH8FFGFYWVYVF, Intent = MoveIntent { DirXPermille = 709, DirZPermille = 706, Gait = Run, FacingMdeg = 45119, IsMoving = True } }
3036	1199	MoveCommand { Actor = chr_01M3BMW7KN54EKH8FFGFYWVYVF, Intent = MoveIntent { DirXPermille = 709, DirZPermille = 705, Gait = Run, FacingMdeg = 45155, IsMoving = True } }
3038	1200	MoveCommand { Actor = chr_01M3BMW7KN54EKH8FFGFYWVYVF, Intent = MoveIntent { DirXPermille = 452, DirZPermille = 892, Gait = Run, FacingMdeg = 26842, IsMoving = True } }
3068	1201	MoveCommand { Actor = chr_01M3BMW7KN54EKH8FFGFYWVYVF, Intent = MoveIntent { DirXPermille = 453, DirZPermille = 892, Gait = Run, FacingMdeg = 26905, IsMoving = True } }
3077	1202	MoveCommand { Actor = chr_01M3BMW7KN54EKH8FFGFYWVYVF, Intent = MoveIntent { DirXPermille = 453, DirZPermille = 891, Gait = Run, FacingMdeg = 26941, IsMoving = True } }
3083	1203	MoveCommand { Actor = chr_01M3BMW7KN54EKH8FFGFYWVYVF, Intent = MoveIntent { DirXPermille = 454, DirZPermille = 891, Gait = Run, FacingMdeg = 26973, IsMoving = True } }
3086	1204	MoveCommand { Actor = chr_01M3BMW7KN54EKH8FFGFYWVYVF, Intent = MoveIntent { DirXPermille = 453, DirZPermille = 891, Gait = Run, FacingMdeg = 26967, IsMoving = True } }
3087	1205	MoveCommand { Actor = chr_01M3BMW7KN54EKH8FFGFYWVYVF, Intent = MoveIntent { DirXPermille = 454, DirZPermille = 891, Gait = Run, FacingMdeg = 26974, IsMoving = True } }
3090	1206	MoveCommand { Actor = chr_01M3BMW7KN54EKH8FFGFYWVYVF, Intent = MoveIntent { DirXPermille = 453, DirZPermille = 891, Gait = Run, FacingMdeg = 26968, IsMoving = True } }
3091	1207	MoveCommand { Actor = chr_01M3BMW7KN54EKH8FFGFYWVYVF, Intent = MoveIntent { DirXPermille = 454, DirZPermille = 891, Gait = Run, FacingMdeg = 26975, IsMoving = True } }
3094	1208	MoveCommand { Actor = chr_01M3BMW7KN54EKH8FFGFYWVYVF, Intent = MoveIntent { DirXPermille = 453, DirZPermille = 891, Gait = Run, FacingMdeg = 26968, IsMoving = True } }
3095	1209	MoveCommand { Actor = chr_01M3BMW7KN54EKH8FFGFYWVYVF, Intent = MoveIntent { DirXPermille = 454, DirZPermille = 891, Gait = Run, FacingMdeg = 26977, IsMoving = True } }
3099	1210	MoveCommand { Actor = chr_01M3BMW7KN54EKH8FFGFYWVYVF, Intent = MoveIntent { DirXPermille = 453, DirZPermille = 891, Gait = Run, FacingMdeg = 26966, IsMoving = True } }
3100	1211	MoveCommand { Actor = chr_01M3BMW7KN54EKH8FFGFYWVYVF, Intent = MoveIntent { DirXPermille = 454, DirZPermille = 891, Gait = Run, FacingMdeg = 26976, IsMoving = True } }
3103	1212	MoveCommand { Actor = chr_01M3BMW7KN54EKH8FFGFYWVYVF, Intent = MoveIntent { DirXPermille = 453, DirZPermille = 891, Gait = Run, FacingMdeg = 26966, IsMoving = True } }
3104	1213	MoveCommand { Actor = chr_01M3BMW7KN54EKH8FFGFYWVYVF, Intent = MoveIntent { DirXPermille = 454, DirZPermille = 891, Gait = Run, FacingMdeg = 26979, IsMoving = True } }
3107	1214	MoveCommand { Actor = chr_01M3BMW7KN54EKH8FFGFYWVYVF, Intent = MoveIntent { DirXPermille = 453, DirZPermille = 891, Gait = Run, FacingMdeg = 26966, IsMoving = True } }
3108	1215	MoveCommand { Actor = chr_01M3BMW7KN54EKH8FFGFYWVYVF, Intent = MoveIntent { DirXPermille = 454, DirZPermille = 891, Gait = Run, FacingMdeg = 26983, IsMoving = True } }
3111	1216	MoveCommand { Actor = chr_01M3BMW7KN54EKH8FFGFYWVYVF, Intent = MoveIntent { DirXPermille = 453, DirZPermille = 891, Gait = Run, FacingMdeg = 26967, IsMoving = True } }
3112	1217	MoveCommand { Actor = chr_01M3BMW7KN54EKH8FFGFYWVYVF, Intent = MoveIntent { DirXPermille = 454, DirZPermille = 891, Gait = Run, FacingMdeg = 26989, IsMoving = True } }
3116	1218	MoveCommand { Actor = chr_01M3BMW7KN54EKH8FFGFYWVYVF, Intent = MoveIntent { DirXPermille = 453, DirZPermille = 891, Gait = Run, FacingMdeg = 26958, IsMoving = True } }
3117	1219	MoveCommand { Actor = chr_01M3BMW7KN54EKH8FFGFYWVYVF, Intent = MoveIntent { DirXPermille = 454, DirZPermille = 891, Gait = Run, FacingMdeg = 26997, IsMoving = True } }
3121	1220	MoveCommand { Actor = chr_01M3BMW7KN54EKH8FFGFYWVYVF, Intent = MoveIntent { DirXPermille = 353, DirZPermille = 936, Gait = Run, FacingMdeg = 20668, IsMoving = True } }
3133	1221	MoveCommand { Actor = chr_01M3BMW7KN54EKH8FFGFYWVYVF, Intent = MoveIntent { DirXPermille = 353, DirZPermille = 935, Gait = Run, FacingMdeg = 20692, IsMoving = True } }
3137	1222	MoveCommand { Actor = chr_01M3BMW7KN54EKH8FFGFYWVYVF, Intent = MoveIntent { DirXPermille = 354, DirZPermille = 935, Gait = Run, FacingMdeg = 20702, IsMoving = True } }
3138	1223	MoveCommand { Actor = chr_01M3BMW7KN54EKH8FFGFYWVYVF, Intent = MoveIntent { DirXPermille = 353, DirZPermille = 935, Gait = Run, FacingMdeg = 20700, IsMoving = True } }
3139	1224	MoveCommand { Actor = chr_01M3BMW7KN54EKH8FFGFYWVYVF, Intent = MoveIntent { DirXPermille = 354, DirZPermille = 935, Gait = Run, FacingMdeg = 20703, IsMoving = True } }
3141	1225	MoveCommand { Actor = chr_01M3BMW7KN54EKH8FFGFYWVYVF, Intent = MoveIntent { DirXPermille = 353, DirZPermille = 935, Gait = Run, FacingMdeg = 20701, IsMoving = True } }
3142	1226	MoveCommand { Actor = chr_01M3BMW7KN54EKH8FFGFYWVYVF, Intent = MoveIntent { DirXPermille = 354, DirZPermille = 935, Gait = Run, FacingMdeg = 20703, IsMoving = True } }
3144	1227	MoveCommand { Actor = chr_01M3BMW7KN54EKH8FFGFYWVYVF, Intent = MoveIntent { DirXPermille = 353, DirZPermille = 935, Gait = Run, FacingMdeg = 20701, IsMoving = True } }
3145	1228	MoveCommand { Actor = chr_01M3BMW7KN54EKH8FFGFYWVYVF, Intent = MoveIntent { DirXPermille = 354, DirZPermille = 935, Gait = Run, FacingMdeg = 20704, IsMoving = True } }
3147	1229	MoveCommand { Actor = chr_01M3BMW7KN54EKH8FFGFYWVYVF, Intent = MoveIntent { DirXPermille = 353, DirZPermille = 935, Gait = Run, FacingMdeg = 20701, IsMoving = True } }
3148	1230	MoveCommand { Actor = chr_01M3BMW7KN54EKH8FFGFYWVYVF, Intent = MoveIntent { DirXPermille = 354, DirZPermille = 935, Gait = Run, FacingMdeg = 20704, IsMoving = True } }
3150	1231	MoveCommand { Actor = chr_01M3BMW7KN54EKH8FFGFYWVYVF, Intent = MoveIntent { DirXPermille = 353, DirZPermille = 935, Gait = Run, FacingMdeg = 20701, IsMoving = True } }
3151	1232	MoveCommand { Actor = chr_01M3BMW7KN54EKH8FFGFYWVYVF, Intent = MoveIntent { DirXPermille = 354, DirZPermille = 935, Gait = Run, FacingMdeg = 20704, IsMoving = True } }
3153	1233	MoveCommand { Actor = chr_01M3BMW7KN54EKH8FFGFYWVYVF, Intent = MoveIntent { DirXPermille = 353, DirZPermille = 935, Gait = Run, FacingMdeg = 20701, IsMoving = True } }
3154	1234	MoveCommand { Actor = chr_01M3BMW7KN54EKH8FFGFYWVYVF, Intent = MoveIntent { DirXPermille = 354, DirZPermille = 935, Gait = Run, FacingMdeg = 20705, IsMoving = True } }
3157	1235	MoveCommand { Actor = chr_01M3BMW7KN54EKH8FFGFYWVYVF, Intent = MoveIntent { DirXPermille = 353, DirZPermille = 935, Gait = Run, FacingMdeg = 20700, IsMoving = True } }
3158	1236	MoveCommand { Actor = chr_01M3BMW7KN54EKH8FFGFYWVYVF, Intent = MoveIntent { DirXPermille = 354, DirZPermille = 935, Gait = Run, FacingMdeg = 20703, IsMoving = True } }
3160	1237	MoveCommand { Actor = chr_01M3BMW7KN54EKH8FFGFYWVYVF, Intent = MoveIntent { DirXPermille = 353, DirZPermille = 935, Gait = Run, FacingMdeg = 20700, IsMoving = True } }
3161	1238	MoveCommand { Actor = chr_01M3BMW7KN54EKH8FFGFYWVYVF, Intent = MoveIntent { DirXPermille = 354, DirZPermille = 935, Gait = Run, FacingMdeg = 20704, IsMoving = True } }
3163	1239	MoveCommand { Actor = chr_01M3BMW7KN54EKH8FFGFYWVYVF, Intent = MoveIntent { DirXPermille = 353, DirZPermille = 935, Gait = Run, FacingMdeg = 20701, IsMoving = True } }
3164	1240	MoveCommand { Actor = chr_01M3BMW7KN54EKH8FFGFYWVYVF, Intent = MoveIntent { DirXPermille = 354, DirZPermille = 935, Gait = Run, FacingMdeg = 20704, IsMoving = True } }
3166	1241	MoveCommand { Actor = chr_01M3BMW7KN54EKH8FFGFYWVYVF, Intent = MoveIntent { DirXPermille = 353, DirZPermille = 935, Gait = Run, FacingMdeg = 20701, IsMoving = True } }
3167	1242	MoveCommand { Actor = chr_01M3BMW7KN54EKH8FFGFYWVYVF, Intent = MoveIntent { DirXPermille = 354, DirZPermille = 935, Gait = Run, FacingMdeg = 20705, IsMoving = True } }
3169	1243	MoveCommand { Actor = chr_01M3BMW7KN54EKH8FFGFYWVYVF, Intent = MoveIntent { DirXPermille = 353, DirZPermille = 935, Gait = Run, FacingMdeg = 20701, IsMoving = True } }
3170	1244	MoveCommand { Actor = chr_01M3BMW7KN54EKH8FFGFYWVYVF, Intent = MoveIntent { DirXPermille = 354, DirZPermille = 935, Gait = Run, FacingMdeg = 20705, IsMoving = True } }
3172	1245	MoveCommand { Actor = chr_01M3BMW7KN54EKH8FFGFYWVYVF, Intent = MoveIntent { DirXPermille = 353, DirZPermille = 935, Gait = Run, FacingMdeg = 20702, IsMoving = True } }
3173	1246	MoveCommand { Actor = chr_01M3BMW7KN54EKH8FFGFYWVYVF, Intent = MoveIntent { DirXPermille = 354, DirZPermille = 935, Gait = Run, FacingMdeg = 20706, IsMoving = True } }
3176	1247	MoveCommand { Actor = chr_01M3BMW7KN54EKH8FFGFYWVYVF, Intent = MoveIntent { DirXPermille = 353, DirZPermille = 935, Gait = Run, FacingMdeg = 20700, IsMoving = True } }
3177	1248	MoveCommand { Actor = chr_01M3BMW7KN54EKH8FFGFYWVYVF, Intent = MoveIntent { DirXPermille = 354, DirZPermille = 935, Gait = Run, FacingMdeg = 20704, IsMoving = True } }
3179	1249	MoveCommand { Actor = chr_01M3BMW7KN54EKH8FFGFYWVYVF, Intent = MoveIntent { DirXPermille = 353, DirZPermille = 935, Gait = Run, FacingMdeg = 20700, IsMoving = True } }
3180	1250	MoveCommand { Actor = chr_01M3BMW7KN54EKH8FFGFYWVYVF, Intent = MoveIntent { DirXPermille = 354, DirZPermille = 935, Gait = Run, FacingMdeg = 20705, IsMoving = True } }
3182	1251	MoveCommand { Actor = chr_01M3BMW7KN54EKH8FFGFYWVYVF, Intent = MoveIntent { DirXPermille = 353, DirZPermille = 935, Gait = Run, FacingMdeg = 20700, IsMoving = True } }
3183	1252	MoveCommand { Actor = chr_01M3BMW7KN54EKH8FFGFYWVYVF, Intent = MoveIntent { DirXPermille = 354, DirZPermille = 935, Gait = Run, FacingMdeg = 20705, IsMoving = True } }
3185	1253	MoveCommand { Actor = chr_01M3BMW7KN54EKH8FFGFYWVYVF, Intent = MoveIntent { DirXPermille = 353, DirZPermille = 935, Gait = Run, FacingMdeg = 20701, IsMoving = True } }
3186	1254	MoveCommand { Actor = chr_01M3BMW7KN54EKH8FFGFYWVYVF, Intent = MoveIntent { DirXPermille = 354, DirZPermille = 935, Gait = Run, FacingMdeg = 20706, IsMoving = True } }
3188	1255	MoveCommand { Actor = chr_01M3BMW7KN54EKH8FFGFYWVYVF, Intent = MoveIntent { DirXPermille = 353, DirZPermille = 935, Gait = Run, FacingMdeg = 20701, IsMoving = True } }
3189	1256	MoveCommand { Actor = chr_01M3BMW7KN54EKH8FFGFYWVYVF, Intent = MoveIntent { DirXPermille = 354, DirZPermille = 935, Gait = Run, FacingMdeg = 20707, IsMoving = True } }
3192	1257	MoveCommand { Actor = chr_01M3BMW7KN54EKH8FFGFYWVYVF, Intent = MoveIntent { DirXPermille = 353, DirZPermille = 935, Gait = Run, FacingMdeg = 20699, IsMoving = True } }
3193	1258	MoveCommand { Actor = chr_01M3BMW7KN54EKH8FFGFYWVYVF, Intent = MoveIntent { DirXPermille = 354, DirZPermille = 935, Gait = Run, FacingMdeg = 20705, IsMoving = True } }
3195	1259	MoveCommand { Actor = chr_01M3BMW7KN54EKH8FFGFYWVYVF, Intent = MoveIntent { DirXPermille = 353, DirZPermille = 935, Gait = Run, FacingMdeg = 20699, IsMoving = True } }
3196	1260	MoveCommand { Actor = chr_01M3BMW7KN54EKH8FFGFYWVYVF, Intent = MoveIntent { DirXPermille = 354, DirZPermille = 935, Gait = Run, FacingMdeg = 20706, IsMoving = True } }
3198	1261	MoveCommand { Actor = chr_01M3BMW7KN54EKH8FFGFYWVYVF, Intent = MoveIntent { DirXPermille = 353, DirZPermille = 935, Gait = Run, FacingMdeg = 20699, IsMoving = True } }
3199	1262	MoveCommand { Actor = chr_01M3BMW7KN54EKH8FFGFYWVYVF, Intent = MoveIntent { DirXPermille = 354, DirZPermille = 935, Gait = Run, FacingMdeg = 20707, IsMoving = True } }
3201	1263	MoveCommand { Actor = chr_01M3BMW7KN54EKH8FFGFYWVYVF, Intent = MoveIntent { DirXPermille = 353, DirZPermille = 935, Gait = Run, FacingMdeg = 20700, IsMoving = True } }
3202	1264	MoveCommand { Actor = chr_01M3BMW7KN54EKH8FFGFYWVYVF, Intent = MoveIntent { DirXPermille = 354, DirZPermille = 935, Gait = Run, FacingMdeg = 20708, IsMoving = True } }
3204	1265	MoveCommand { Actor = chr_01M3BMW7KN54EKH8FFGFYWVYVF, Intent = MoveIntent { DirXPermille = 353, DirZPermille = 935, Gait = Run, FacingMdeg = 20700, IsMoving = True } }
3205	1266	MoveCommand { Actor = chr_01M3BMW7KN54EKH8FFGFYWVYVF, Intent = MoveIntent { DirXPermille = 354, DirZPermille = 935, Gait = Run, FacingMdeg = 20710, IsMoving = True } }
3207	1267	MoveCommand { Actor = chr_01M3BMW7KN54EKH8FFGFYWVYVF, Intent = MoveIntent { DirXPermille = 353, DirZPermille = 935, Gait = Run, FacingMdeg = 20701, IsMoving = True } }
3208	1268	MoveCommand { Actor = chr_01M3BMW7KN54EKH8FFGFYWVYVF, Intent = MoveIntent { DirXPermille = 354, DirZPermille = 935, Gait = Run, FacingMdeg = 20712, IsMoving = True } }
3211	1269	MoveCommand { Actor = chr_01M3BMW7KN54EKH8FFGFYWVYVF, Intent = MoveIntent { DirXPermille = 353, DirZPermille = 935, Gait = Run, FacingMdeg = 20696, IsMoving = True } }
3212	1270	MoveCommand { Actor = chr_01M3BMW7KN54EKH8FFGFYWVYVF, Intent = MoveIntent { DirXPermille = 354, DirZPermille = 935, Gait = Run, FacingMdeg = 20709, IsMoving = True } }
3214	1271	MoveCommand { Actor = chr_01M3BMW7KN54EKH8FFGFYWVYVF, Intent = MoveIntent { DirXPermille = 353, DirZPermille = 935, Gait = Run, FacingMdeg = 20696, IsMoving = True } }
3215	1272	MoveCommand { Actor = chr_01M3BMW7KN54EKH8FFGFYWVYVF, Intent = MoveIntent { DirXPermille = 354, DirZPermille = 935, Gait = Run, FacingMdeg = 20712, IsMoving = True } }
3217	1273	MoveCommand { Actor = chr_01M3BMW7KN54EKH8FFGFYWVYVF, Intent = MoveIntent { DirXPermille = 353, DirZPermille = 935, Gait = Run, FacingMdeg = 20697, IsMoving = True } }
3218	1274	MoveCommand { Actor = chr_01M3BMW7KN54EKH8FFGFYWVYVF, Intent = MoveIntent { DirXPermille = 354, DirZPermille = 935, Gait = Run, FacingMdeg = 20716, IsMoving = True } }
3220	1275	MoveCommand { Actor = chr_01M3BMW7KN54EKH8FFGFYWVYVF, Intent = MoveIntent { DirXPermille = 353, DirZPermille = 935, Gait = Run, FacingMdeg = 20697, IsMoving = True } }
3221	1276	MoveCommand { Actor = chr_01M3BMW7KN54EKH8FFGFYWVYVF, Intent = MoveIntent { DirXPermille = 354, DirZPermille = 935, Gait = Run, FacingMdeg = 20723, IsMoving = True } }
3223	1277	MoveCommand { Actor = chr_01M3BMW7KN54EKH8FFGFYWVYVF, Intent = MoveIntent { DirXPermille = 353, DirZPermille = 935, Gait = Run, FacingMdeg = 20698, IsMoving = True } }
3224	1278	MoveCommand { Actor = chr_01M3BMW7KN54EKH8FFGFYWVYVF, Intent = MoveIntent { DirXPermille = 354, DirZPermille = 935, Gait = Run, FacingMdeg = 20739, IsMoving = True } }
3226	1279	MoveCommand { Actor = chr_01M3BMW7KN54EKH8FFGFYWVYVF, Intent = MoveIntent { DirXPermille = 353, DirZPermille = 935, Gait = Run, FacingMdeg = 20700, IsMoving = True } }
3228	1280	MoveCommand { Actor = chr_01M3BMW7KN54EKH8FFGFYWVYVF, Intent = MoveIntent { DirXPermille = 351, DirZPermille = 936, Gait = Run, FacingMdeg = 20568, IsMoving = True } }
3234	1281	MoveCommand { Actor = chr_01M3BMW7KN54EKH8FFGFYWVYVF, Intent = MoveIntent { DirXPermille = 352, DirZPermille = 936, Gait = Run, FacingMdeg = 20580, IsMoving = True } }
3252	1282	MoveCommand { Actor = chr_01M3BMW7KN54EKH8FFGFYWVYVF, Intent = MoveIntent { DirXPermille = 353, DirZPermille = 936, Gait = Run, FacingMdeg = 20643, IsMoving = True } }
3259	1283	MoveCommand { Actor = chr_01M3BMW7KN54EKH8FFGFYWVYVF, Intent = MoveIntent { DirXPermille = 353, DirZPermille = 935, Gait = Run, FacingMdeg = 20693, IsMoving = True } }
3260	1284	MoveCommand { Actor = chr_01M3BMW7KN54EKH8FFGFYWVYVF, Intent = MoveIntent { DirXPermille = 354, DirZPermille = 935, Gait = Run, FacingMdeg = 20703, IsMoving = True } }
3261	1285	MoveCommand { Actor = chr_01M3BMW7KN54EKH8FFGFYWVYVF, Intent = MoveIntent { DirXPermille = 353, DirZPermille = 935, Gait = Run, FacingMdeg = 20698, IsMoving = True } }
3262	1286	MoveCommand { Actor = chr_01M3BMW7KN54EKH8FFGFYWVYVF, Intent = MoveIntent { DirXPermille = 354, DirZPermille = 935, Gait = Run, FacingMdeg = 20709, IsMoving = True } }
3264	1287	MoveCommand { Actor = chr_01M3BMW7KN54EKH8FFGFYWVYVF, Intent = MoveIntent { DirXPermille = 353, DirZPermille = 935, Gait = Run, FacingMdeg = 20698, IsMoving = True } }
3265	1288	MoveCommand { Actor = chr_01M3BMW7KN54EKH8FFGFYWVYVF, Intent = MoveIntent { DirXPermille = 354, DirZPermille = 935, Gait = Run, FacingMdeg = 20711, IsMoving = True } }
3267	1289	MoveCommand { Actor = chr_01M3BMW7KN54EKH8FFGFYWVYVF, Intent = MoveIntent { DirXPermille = 353, DirZPermille = 935, Gait = Run, FacingMdeg = 20699, IsMoving = True } }
3268	1290	MoveCommand { Actor = chr_01M3BMW7KN54EKH8FFGFYWVYVF, Intent = MoveIntent { DirXPermille = 354, DirZPermille = 935, Gait = Run, FacingMdeg = 20714, IsMoving = True } }
3270	1291	MoveCommand { Actor = chr_01M3BMW7KN54EKH8FFGFYWVYVF, Intent = MoveIntent { DirXPermille = 353, DirZPermille = 935, Gait = Run, FacingMdeg = 20700, IsMoving = True } }
3271	1292	MoveCommand { Actor = chr_01M3BMW7KN54EKH8FFGFYWVYVF, Intent = MoveIntent { DirXPermille = 354, DirZPermille = 935, Gait = Run, FacingMdeg = 20719, IsMoving = True } }
3273	1293	MoveCommand { Actor = chr_01M3BMW7KN54EKH8FFGFYWVYVF, Intent = MoveIntent { DirXPermille = 353, DirZPermille = 935, Gait = Run, FacingMdeg = 20701, IsMoving = True } }
3274	1294	MoveCommand { Actor = chr_01M3BMW7KN54EKH8FFGFYWVYVF, Intent = MoveIntent { DirXPermille = 354, DirZPermille = 935, Gait = Run, FacingMdeg = 20727, IsMoving = True } }
3277	1295	MoveCommand { Actor = chr_01M3BMW7KN54EKH8FFGFYWVYVF, Intent = MoveIntent { DirXPermille = 353, DirZPermille = 936, Gait = Run, FacingMdeg = 20685, IsMoving = True } }
3278	1296	MoveCommand { Actor = chr_01M3BMW7KN54EKH8FFGFYWVYVF, Intent = MoveIntent { DirXPermille = 354, DirZPermille = 935, Gait = Run, FacingMdeg = 20729, IsMoving = True } }
3281	1297	MoveCommand { Actor = chr_01M3BMW7KN54EKH8FFGFYWVYVF, Intent = MoveIntent { DirXPermille = 77, DirZPermille = 997, Gait = Run, FacingMdeg = 4419, IsMoving = True } }
3297	1298	MoveCommand { Actor = chr_01M3BMW7KN54EKH8FFGFYWVYVF, Intent = MoveIntent { DirXPermille = 78, DirZPermille = 997, Gait = Run, FacingMdeg = 4447, IsMoving = True } }
3317	1299	MoveCommand { Actor = chr_01M3BMW7KN54EKH8FFGFYWVYVF, Intent = MoveIntent { DirXPermille = 79, DirZPermille = 997, Gait = Run, FacingMdeg = 4506, IsMoving = True } }
3319	1300	MoveCommand { Actor = chr_01M3BMW7KN54EKH8FFGFYWVYVF, Intent = MoveIntent { DirXPermille = 78, DirZPermille = 997, Gait = Run, FacingMdeg = 4501, IsMoving = True } }
3320	1301	MoveCommand { Actor = chr_01M3BMW7KN54EKH8FFGFYWVYVF, Intent = MoveIntent { DirXPermille = 79, DirZPermille = 997, Gait = Run, FacingMdeg = 4505, IsMoving = True } }
3321	1302	MoveCommand { Actor = chr_01M3BMW7KN54EKH8FFGFYWVYVF, Intent = MoveIntent { DirXPermille = 78, DirZPermille = 997, Gait = Run, FacingMdeg = 4502, IsMoving = True } }
3322	1303	MoveCommand { Actor = chr_01M3BMW7KN54EKH8FFGFYWVYVF, Intent = MoveIntent { DirXPermille = 79, DirZPermille = 997, Gait = Run, FacingMdeg = 4507, IsMoving = True } }
3324	1304	MoveCommand { Actor = chr_01M3BMW7KN54EKH8FFGFYWVYVF, Intent = MoveIntent { DirXPermille = 78, DirZPermille = 997, Gait = Run, FacingMdeg = 4501, IsMoving = True } }
3325	1305	MoveCommand { Actor = chr_01M3BMW7KN54EKH8FFGFYWVYVF, Intent = MoveIntent { DirXPermille = 79, DirZPermille = 997, Gait = Run, FacingMdeg = 4505, IsMoving = True } }
3326	1306	MoveCommand { Actor = chr_01M3BMW7KN54EKH8FFGFYWVYVF, Intent = MoveIntent { DirXPermille = 78, DirZPermille = 997, Gait = Run, FacingMdeg = 4502, IsMoving = True } }
3327	1307	MoveCommand { Actor = chr_01M3BMW7KN54EKH8FFGFYWVYVF, Intent = MoveIntent { DirXPermille = 79, DirZPermille = 997, Gait = Run, FacingMdeg = 4507, IsMoving = True } }
3329	1308	MoveCommand { Actor = chr_01M3BMW7KN54EKH8FFGFYWVYVF, Intent = MoveIntent { DirXPermille = 78, DirZPermille = 997, Gait = Run, FacingMdeg = 4500, IsMoving = True } }
3330	1309	MoveCommand { Actor = chr_01M3BMW7KN54EKH8FFGFYWVYVF, Intent = MoveIntent { DirXPermille = 79, DirZPermille = 997, Gait = Run, FacingMdeg = 4506, IsMoving = True } }
3331	1310	MoveCommand { Actor = chr_01M3BMW7KN54EKH8FFGFYWVYVF, Intent = MoveIntent { DirXPermille = 78, DirZPermille = 997, Gait = Run, FacingMdeg = 4502, IsMoving = True } }
3332	1311	MoveCommand { Actor = chr_01M3BMW7KN54EKH8FFGFYWVYVF, Intent = MoveIntent { DirXPermille = 79, DirZPermille = 997, Gait = Run, FacingMdeg = 4508, IsMoving = True } }
3334	1312	MoveCommand { Actor = chr_01M3BMW7KN54EKH8FFGFYWVYVF, Intent = MoveIntent { DirXPermille = 78, DirZPermille = 997, Gait = Run, FacingMdeg = 4500, IsMoving = True } }
3335	1313	MoveCommand { Actor = chr_01M3BMW7KN54EKH8FFGFYWVYVF, Intent = MoveIntent { DirXPermille = 79, DirZPermille = 997, Gait = Run, FacingMdeg = 4506, IsMoving = True } }
3336	1314	MoveCommand { Actor = chr_01M3BMW7KN54EKH8FFGFYWVYVF, Intent = MoveIntent { DirXPermille = 78, DirZPermille = 997, Gait = Run, FacingMdeg = 4502, IsMoving = True } }
3337	1315	MoveCommand { Actor = chr_01M3BMW7KN54EKH8FFGFYWVYVF, Intent = MoveIntent { DirXPermille = 79, DirZPermille = 997, Gait = Run, FacingMdeg = 4508, IsMoving = True } }
3339	1316	MoveCommand { Actor = chr_01M3BMW7KN54EKH8FFGFYWVYVF, Intent = MoveIntent { DirXPermille = 78, DirZPermille = 997, Gait = Run, FacingMdeg = 4500, IsMoving = True } }
3340	1317	MoveCommand { Actor = chr_01M3BMW7KN54EKH8FFGFYWVYVF, Intent = MoveIntent { DirXPermille = 79, DirZPermille = 997, Gait = Run, FacingMdeg = 4507, IsMoving = True } }
3341	1318	MoveCommand { Actor = chr_01M3BMW7KN54EKH8FFGFYWVYVF, Intent = MoveIntent { DirXPermille = 78, DirZPermille = 997, Gait = Run, FacingMdeg = 4502, IsMoving = True } }
3342	1319	MoveCommand { Actor = chr_01M3BMW7KN54EKH8FFGFYWVYVF, Intent = MoveIntent { DirXPermille = 79, DirZPermille = 997, Gait = Run, FacingMdeg = 4509, IsMoving = True } }
3344	1320	MoveCommand { Actor = chr_01M3BMW7KN54EKH8FFGFYWVYVF, Intent = MoveIntent { DirXPermille = 78, DirZPermille = 997, Gait = Run, FacingMdeg = 4499, IsMoving = True } }
3345	1321	MoveCommand { Actor = chr_01M3BMW7KN54EKH8FFGFYWVYVF, Intent = MoveIntent { DirXPermille = 79, DirZPermille = 997, Gait = Run, FacingMdeg = 4507, IsMoving = True } }
3346	1322	MoveCommand { Actor = chr_01M3BMW7KN54EKH8FFGFYWVYVF, Intent = MoveIntent { DirXPermille = 78, DirZPermille = 997, Gait = Run, FacingMdeg = 4502, IsMoving = True } }
3347	1323	MoveCommand { Actor = chr_01M3BMW7KN54EKH8FFGFYWVYVF, Intent = MoveIntent { DirXPermille = 79, DirZPermille = 997, Gait = Run, FacingMdeg = 4511, IsMoving = True } }
3349	1324	MoveCommand { Actor = chr_01M3BMW7KN54EKH8FFGFYWVYVF, Intent = MoveIntent { DirXPermille = 78, DirZPermille = 997, Gait = Run, FacingMdeg = 4498, IsMoving = True } }
3350	1325	MoveCommand { Actor = chr_01M3BMW7KN54EKH8FFGFYWVYVF, Intent = MoveIntent { DirXPermille = 79, DirZPermille = 997, Gait = Run, FacingMdeg = 4508, IsMoving = True } }
3351	1326	MoveCommand { Actor = chr_01M3BMW7KN54EKH8FFGFYWVYVF, Intent = MoveIntent { DirXPermille = 78, DirZPermille = 997, Gait = Run, FacingMdeg = 4501, IsMoving = True } }
3352	1327	MoveCommand { Actor = chr_01M3BMW7KN54EKH8FFGFYWVYVF, Intent = MoveIntent { DirXPermille = 79, DirZPermille = 997, Gait = Run, FacingMdeg = 4513, IsMoving = True } }
3354	1328	MoveCommand { Actor = chr_01M3BMW7KN54EKH8FFGFYWVYVF, Intent = MoveIntent { DirXPermille = 78, DirZPermille = 997, Gait = Run, FacingMdeg = 4497, IsMoving = True } }
3355	1329	MoveCommand { Actor = chr_01M3BMW7KN54EKH8FFGFYWVYVF, Intent = MoveIntent { DirXPermille = 79, DirZPermille = 997, Gait = Run, FacingMdeg = 4510, IsMoving = True } }
3356	1330	MoveCommand { Actor = chr_01M3BMW7KN54EKH8FFGFYWVYVF, Intent = MoveIntent { DirXPermille = 78, DirZPermille = 997, Gait = Run, FacingMdeg = 4501, IsMoving = True } }
3357	1331	MoveCommand { Actor = chr_01M3BMW7KN54EKH8FFGFYWVYVF, Intent = MoveIntent { DirXPermille = 79, DirZPermille = 997, Gait = Run, FacingMdeg = 4517, IsMoving = True } }
3359	1332	MoveCommand { Actor = chr_01M3BMW7KN54EKH8FFGFYWVYVF, Intent = MoveIntent { DirXPermille = 78, DirZPermille = 997, Gait = Run, FacingMdeg = 4494, IsMoving = True } }
3360	1333	MoveCommand { Actor = chr_01M3BMW7KN54EKH8FFGFYWVYVF, Intent = MoveIntent { DirXPermille = 79, DirZPermille = 997, Gait = Run, FacingMdeg = 4514, IsMoving = True } }
3361	1334	MoveCommand { Actor = chr_01M3BMW7KN54EKH8FFGFYWVYVF, Intent = MoveIntent { DirXPermille = 78, DirZPermille = 997, Gait = Run, FacingMdeg = 4500, IsMoving = True } }
3362	1335	MoveCommand { Actor = chr_01M3BMW7KN54EKH8FFGFYWVYVF, Intent = MoveIntent { DirXPermille = 79, DirZPermille = 997, Gait = Run, FacingMdeg = 4525, IsMoving = True } }
3364	1336	MoveCommand { Actor = chr_01M3BMW7KN54EKH8FFGFYWVYVF, Intent = MoveIntent { DirXPermille = 78, DirZPermille = 997, Gait = Run, FacingMdeg = 4487, IsMoving = True } }
3365	1337	MoveCommand { Actor = chr_01M3BMW7KN54EKH8FFGFYWVYVF, Intent = MoveIntent { DirXPermille = 79, DirZPermille = 997, Gait = Run, FacingMdeg = 4525, IsMoving = True } }
3366	1338	MoveCommand { Actor = chr_01M3BMW7KN54EKH8FFGFYWVYVF, Intent = MoveIntent { DirXPermille = 78, DirZPermille = 997, Gait = Run, FacingMdeg = 4496, IsMoving = True } }
3367	1339	MoveCommand { Actor = chr_01M3BMW7KN54EKH8FFGFYWVYVF, Intent = MoveIntent { DirXPermille = 80, DirZPermille = 997, Gait = Run, FacingMdeg = 4561, IsMoving = True } }
3369	1340	MoveCommand { Actor = chr_01M3BMW7KN54EKH8FFGFYWVYVF, Intent = MoveIntent { DirXPermille = -260, DirZPermille = 966, Gait = Run, FacingMdeg = 344909, IsMoving = True } }
3429	1341	MoveCommand { Actor = chr_01M3BMW7KN54EKH8FFGFYWVYVF, Intent = MoveIntent { DirXPermille = -259, DirZPermille = 966, Gait = Run, FacingMdeg = 344961, IsMoving = True } }
3430	1342	MoveCommand { Actor = chr_01M3BMW7KN54EKH8FFGFYWVYVF, Intent = MoveIntent { DirXPermille = -260, DirZPermille = 966, Gait = Run, FacingMdeg = 344958, IsMoving = True } }
3432	1343	MoveCommand { Actor = chr_01M3BMW7KN54EKH8FFGFYWVYVF, Intent = MoveIntent { DirXPermille = -259, DirZPermille = 966, Gait = Run, FacingMdeg = 344961, IsMoving = True } }
3433	1344	MoveCommand { Actor = chr_01M3BMW7KN54EKH8FFGFYWVYVF, Intent = MoveIntent { DirXPermille = -260, DirZPermille = 966, Gait = Run, FacingMdeg = 344958, IsMoving = True } }
3435	1345	MoveCommand { Actor = chr_01M3BMW7KN54EKH8FFGFYWVYVF, Intent = MoveIntent { DirXPermille = -259, DirZPermille = 966, Gait = Run, FacingMdeg = 344961, IsMoving = True } }
3436	1346	MoveCommand { Actor = chr_01M3BMW7KN54EKH8FFGFYWVYVF, Intent = MoveIntent { DirXPermille = -260, DirZPermille = 966, Gait = Run, FacingMdeg = 344958, IsMoving = True } }
3437	1347	MoveCommand { Actor = chr_01M3BMW7KN54EKH8FFGFYWVYVF, Intent = MoveIntent { DirXPermille = -259, DirZPermille = 966, Gait = Run, FacingMdeg = 344960, IsMoving = True } }
3438	1348	MoveCommand { Actor = chr_01M3BMW7KN54EKH8FFGFYWVYVF, Intent = MoveIntent { DirXPermille = -260, DirZPermille = 966, Gait = Run, FacingMdeg = 344957, IsMoving = True } }
3440	1349	MoveCommand { Actor = chr_01M3BMW7KN54EKH8FFGFYWVYVF, Intent = MoveIntent { DirXPermille = -259, DirZPermille = 966, Gait = Run, FacingMdeg = 344960, IsMoving = True } }
3441	1350	MoveCommand { Actor = chr_01M3BMW7KN54EKH8FFGFYWVYVF, Intent = MoveIntent { DirXPermille = -260, DirZPermille = 966, Gait = Run, FacingMdeg = 344957, IsMoving = True } }
3443	1351	MoveCommand { Actor = chr_01M3BMW7KN54EKH8FFGFYWVYVF, Intent = MoveIntent { DirXPermille = -259, DirZPermille = 966, Gait = Run, FacingMdeg = 344960, IsMoving = True } }
3444	1352	MoveCommand { Actor = chr_01M3BMW7KN54EKH8FFGFYWVYVF, Intent = MoveIntent { DirXPermille = -260, DirZPermille = 966, Gait = Run, FacingMdeg = 344957, IsMoving = True } }
3446	1353	MoveCommand { Actor = chr_01M3BMW7KN54EKH8FFGFYWVYVF, Intent = MoveIntent { DirXPermille = -259, DirZPermille = 966, Gait = Run, FacingMdeg = 344961, IsMoving = True } }
3447	1354	MoveCommand { Actor = chr_01M3BMW7KN54EKH8FFGFYWVYVF, Intent = MoveIntent { DirXPermille = -260, DirZPermille = 966, Gait = Run, FacingMdeg = 344957, IsMoving = True } }
3449	1355	MoveCommand { Actor = chr_01M3BMW7KN54EKH8FFGFYWVYVF, Intent = MoveIntent { DirXPermille = -259, DirZPermille = 966, Gait = Run, FacingMdeg = 344961, IsMoving = True } }
3450	1356	MoveCommand { Actor = chr_01M3BMW7KN54EKH8FFGFYWVYVF, Intent = MoveIntent { DirXPermille = -260, DirZPermille = 966, Gait = Run, FacingMdeg = 344957, IsMoving = True } }
3452	1357	MoveCommand { Actor = chr_01M3BMW7KN54EKH8FFGFYWVYVF, Intent = MoveIntent { DirXPermille = -259, DirZPermille = 966, Gait = Run, FacingMdeg = 344961, IsMoving = True } }
3453	1358	MoveCommand { Actor = chr_01M3BMW7KN54EKH8FFGFYWVYVF, Intent = MoveIntent { DirXPermille = -260, DirZPermille = 966, Gait = Run, FacingMdeg = 344957, IsMoving = True } }
3455	1359	MoveCommand { Actor = chr_01M3BMW7KN54EKH8FFGFYWVYVF, Intent = MoveIntent { DirXPermille = -259, DirZPermille = 966, Gait = Run, FacingMdeg = 344962, IsMoving = True } }
3456	1360	MoveCommand { Actor = chr_01M3BMW7KN54EKH8FFGFYWVYVF, Intent = MoveIntent { DirXPermille = -260, DirZPermille = 966, Gait = Run, FacingMdeg = 344958, IsMoving = True } }
3457	1361	MoveCommand { Actor = chr_01M3BMW7KN54EKH8FFGFYWVYVF, Intent = MoveIntent { DirXPermille = -259, DirZPermille = 966, Gait = Run, FacingMdeg = 344960, IsMoving = True } }
3458	1362	MoveCommand { Actor = chr_01M3BMW7KN54EKH8FFGFYWVYVF, Intent = MoveIntent { DirXPermille = -260, DirZPermille = 966, Gait = Run, FacingMdeg = 344956, IsMoving = True } }
3460	1363	MoveCommand { Actor = chr_01M3BMW7KN54EKH8FFGFYWVYVF, Intent = MoveIntent { DirXPermille = -259, DirZPermille = 966, Gait = Run, FacingMdeg = 344960, IsMoving = True } }
3461	1364	MoveCommand { Actor = chr_01M3BMW7KN54EKH8FFGFYWVYVF, Intent = MoveIntent { DirXPermille = -260, DirZPermille = 966, Gait = Run, FacingMdeg = 344956, IsMoving = True } }
3463	1365	MoveCommand { Actor = chr_01M3BMW7KN54EKH8FFGFYWVYVF, Intent = MoveIntent { DirXPermille = -259, DirZPermille = 966, Gait = Run, FacingMdeg = 344961, IsMoving = True } }
3464	1366	MoveCommand { Actor = chr_01M3BMW7KN54EKH8FFGFYWVYVF, Intent = MoveIntent { DirXPermille = -260, DirZPermille = 966, Gait = Run, FacingMdeg = 344956, IsMoving = True } }
3466	1367	MoveCommand { Actor = chr_01M3BMW7KN54EKH8FFGFYWVYVF, Intent = MoveIntent { DirXPermille = -259, DirZPermille = 966, Gait = Run, FacingMdeg = 344961, IsMoving = True } }
3467	1368	MoveCommand { Actor = chr_01M3BMW7KN54EKH8FFGFYWVYVF, Intent = MoveIntent { DirXPermille = -260, DirZPermille = 966, Gait = Run, FacingMdeg = 344956, IsMoving = True } }
3469	1369	MoveCommand { Actor = chr_01M3BMW7KN54EKH8FFGFYWVYVF, Intent = MoveIntent { DirXPermille = -259, DirZPermille = 966, Gait = Run, FacingMdeg = 344962, IsMoving = True } }
3470	1370	MoveCommand { Actor = chr_01M3BMW7KN54EKH8FFGFYWVYVF, Intent = MoveIntent { DirXPermille = -260, DirZPermille = 966, Gait = Run, FacingMdeg = 344956, IsMoving = True } }
3472	1371	MoveCommand { Actor = chr_01M3BMW7KN54EKH8FFGFYWVYVF, Intent = MoveIntent { DirXPermille = -259, DirZPermille = 966, Gait = Run, FacingMdeg = 344962, IsMoving = True } }
3473	1372	MoveCommand { Actor = chr_01M3BMW7KN54EKH8FFGFYWVYVF, Intent = MoveIntent { DirXPermille = -260, DirZPermille = 966, Gait = Run, FacingMdeg = 344957, IsMoving = True } }
3474	1373	MoveCommand { Actor = chr_01M3BMW7KN54EKH8FFGFYWVYVF, Intent = MoveIntent { DirXPermille = -259, DirZPermille = 966, Gait = Run, FacingMdeg = 344960, IsMoving = True } }
3475	1374	MoveCommand { Actor = chr_01M3BMW7KN54EKH8FFGFYWVYVF, Intent = MoveIntent { DirXPermille = -260, DirZPermille = 966, Gait = Run, FacingMdeg = 344954, IsMoving = True } }
3477	1375	MoveCommand { Actor = chr_01M3BMW7KN54EKH8FFGFYWVYVF, Intent = MoveIntent { DirXPermille = -259, DirZPermille = 966, Gait = Run, FacingMdeg = 344960, IsMoving = True } }
3478	1376	MoveCommand { Actor = chr_01M3BMW7KN54EKH8FFGFYWVYVF, Intent = MoveIntent { DirXPermille = -260, DirZPermille = 966, Gait = Run, FacingMdeg = 344954, IsMoving = True } }
3480	1377	MoveCommand { Actor = chr_01M3BMW7KN54EKH8FFGFYWVYVF, Intent = MoveIntent { DirXPermille = -259, DirZPermille = 966, Gait = Run, FacingMdeg = 344961, IsMoving = True } }
3481	1378	MoveCommand { Actor = chr_01M3BMW7KN54EKH8FFGFYWVYVF, Intent = MoveIntent { DirXPermille = -260, DirZPermille = 966, Gait = Run, FacingMdeg = 344954, IsMoving = True } }
3483	1379	MoveCommand { Actor = chr_01M3BMW7KN54EKH8FFGFYWVYVF, Intent = MoveIntent { DirXPermille = -259, DirZPermille = 966, Gait = Run, FacingMdeg = 344961, IsMoving = True } }
3484	1380	MoveCommand { Actor = chr_01M3BMW7KN54EKH8FFGFYWVYVF, Intent = MoveIntent { DirXPermille = -260, DirZPermille = 966, Gait = Run, FacingMdeg = 344954, IsMoving = True } }
3486	1381	MoveCommand { Actor = chr_01M3BMW7KN54EKH8FFGFYWVYVF, Intent = MoveIntent { DirXPermille = -259, DirZPermille = 966, Gait = Run, FacingMdeg = 344962, IsMoving = True } }
3487	1382	MoveCommand { Actor = chr_01M3BMW7KN54EKH8FFGFYWVYVF, Intent = MoveIntent { DirXPermille = -260, DirZPermille = 966, Gait = Run, FacingMdeg = 344954, IsMoving = True } }
3489	1383	MoveCommand { Actor = chr_01M3BMW7KN54EKH8FFGFYWVYVF, Intent = MoveIntent { DirXPermille = -259, DirZPermille = 966, Gait = Run, FacingMdeg = 344964, IsMoving = True } }
3490	1384	MoveCommand { Actor = chr_01M3BMW7KN54EKH8FFGFYWVYVF, Intent = MoveIntent { DirXPermille = -260, DirZPermille = 966, Gait = Run, FacingMdeg = 344954, IsMoving = True } }
3492	1385	MoveCommand { Actor = chr_01M3BMW7KN54EKH8FFGFYWVYVF, Intent = MoveIntent { DirXPermille = -259, DirZPermille = 966, Gait = Run, FacingMdeg = 344965, IsMoving = True } }
3493	1386	MoveCommand { Actor = chr_01M3BMW7KN54EKH8FFGFYWVYVF, Intent = MoveIntent { DirXPermille = -260, DirZPermille = 966, Gait = Run, FacingMdeg = 344954, IsMoving = True } }
3494	1387	MoveCommand { Actor = chr_01M3BMW7KN54EKH8FFGFYWVYVF, Intent = MoveIntent { DirXPermille = -259, DirZPermille = 966, Gait = Run, FacingMdeg = 344960, IsMoving = True } }
3495	1388	MoveCommand { Actor = chr_01M3BMW7KN54EKH8FFGFYWVYVF, Intent = MoveIntent { DirXPermille = -260, DirZPermille = 966, Gait = Run, FacingMdeg = 344947, IsMoving = True } }
3497	1389	MoveCommand { Actor = chr_01M3BMW7KN54EKH8FFGFYWVYVF, Intent = MoveIntent { DirXPermille = -259, DirZPermille = 966, Gait = Run, FacingMdeg = 344961, IsMoving = True } }
3498	1390	MoveCommand { Actor = chr_01M3BMW7KN54EKH8FFGFYWVYVF, Intent = MoveIntent { DirXPermille = -260, DirZPermille = 966, Gait = Run, FacingMdeg = 344946, IsMoving = True } }
3500	1391	MoveCommand { Actor = chr_01M3BMW7KN54EKH8FFGFYWVYVF, Intent = MoveIntent { DirXPermille = -259, DirZPermille = 966, Gait = Run, FacingMdeg = 344963, IsMoving = True } }
3501	1392	MoveCommand { Actor = chr_01M3BMW7KN54EKH8FFGFYWVYVF, Intent = MoveIntent { DirXPermille = -260, DirZPermille = 966, Gait = Run, FacingMdeg = 344943, IsMoving = True } }
3503	1393	MoveCommand { Actor = chr_01M3BMW7KN54EKH8FFGFYWVYVF, Intent = MoveIntent { DirXPermille = -259, DirZPermille = 966, Gait = Run, FacingMdeg = 344966, IsMoving = True } }
3504	1394	MoveCommand { Actor = chr_01M3BMW7KN54EKH8FFGFYWVYVF, Intent = MoveIntent { DirXPermille = -260, DirZPermille = 966, Gait = Run, FacingMdeg = 344940, IsMoving = True } }
3506	1395	MoveCommand { Actor = chr_01M3BMW7KN54EKH8FFGFYWVYVF, Intent = MoveIntent { DirXPermille = -259, DirZPermille = 966, Gait = Run, FacingMdeg = 344972, IsMoving = True } }
3507	1396	MoveCommand { Actor = chr_01M3BMW7KN54EKH8FFGFYWVYVF, Intent = MoveIntent { DirXPermille = -260, DirZPermille = 966, Gait = Run, FacingMdeg = 344932, IsMoving = True } }
3509	1397	MoveCommand { Actor = chr_01M3BMW7KN54EKH8FFGFYWVYVF, Intent = MoveIntent { DirXPermille = -259, DirZPermille = 966, Gait = Run, FacingMdeg = 344990, IsMoving = True } }
3511	1398	MoveCommand { Actor = chr_01M3BMW7KN54EKH8FFGFYWVYVF, Intent = MoveIntent { DirXPermille = -944, DirZPermille = 330, Gait = Run, FacingMdeg = 289275, IsMoving = True } }
3526	1399	MoveCommand { Actor = chr_01M3BMW7KN54EKH8FFGFYWVYVF, Intent = MoveIntent { DirXPermille = -944, DirZPermille = 329, Gait = Run, FacingMdeg = 289238, IsMoving = True } }
3536	1400	MoveCommand { Actor = chr_01M3BMW7KN54EKH8FFGFYWVYVF, Intent = MoveIntent { DirXPermille = -945, DirZPermille = 328, Gait = Run, FacingMdeg = 289175, IsMoving = True } }
3537	1401	MoveCommand { Actor = chr_01M3BMW7KN54EKH8FFGFYWVYVF, Intent = MoveIntent { DirXPermille = -944, DirZPermille = 329, Gait = Run, FacingMdeg = 289186, IsMoving = True } }
3538	1402	MoveCommand { Actor = chr_01M3BMW7KN54EKH8FFGFYWVYVF, Intent = MoveIntent { DirXPermille = -945, DirZPermille = 328, Gait = Run, FacingMdeg = 289175, IsMoving = True } }
3539	1403	MoveCommand { Actor = chr_01M3BMW7KN54EKH8FFGFYWVYVF, Intent = MoveIntent { DirXPermille = -944, DirZPermille = 329, Gait = Run, FacingMdeg = 289188, IsMoving = True } }
3540	1404	MoveCommand { Actor = chr_01M3BMW7KN54EKH8FFGFYWVYVF, Intent = MoveIntent { DirXPermille = -945, DirZPermille = 328, Gait = Run, FacingMdeg = 289175, IsMoving = True } }
3541	1405	MoveCommand { Actor = chr_01M3BMW7KN54EKH8FFGFYWVYVF, Intent = MoveIntent { DirXPermille = -944, DirZPermille = 329, Gait = Run, FacingMdeg = 289191, IsMoving = True } }
3542	1406	MoveCommand { Actor = chr_01M3BMW7KN54EKH8FFGFYWVYVF, Intent = MoveIntent { DirXPermille = -945, DirZPermille = 328, Gait = Run, FacingMdeg = 289176, IsMoving = True } }
3543	1407	MoveCommand { Actor = chr_01M3BMW7KN54EKH8FFGFYWVYVF, Intent = MoveIntent { DirXPermille = -944, DirZPermille = 329, Gait = Run, FacingMdeg = 289195, IsMoving = True } }
3544	1408	MoveCommand { Actor = chr_01M3BMW7KN54EKH8FFGFYWVYVF, Intent = MoveIntent { DirXPermille = -945, DirZPermille = 328, Gait = Run, FacingMdeg = 289177, IsMoving = True } }
3545	1409	MoveCommand { Actor = chr_01M3BMW7KN54EKH8FFGFYWVYVF, Intent = MoveIntent { DirXPermille = -944, DirZPermille = 329, Gait = Run, FacingMdeg = 289201, IsMoving = True } }
3547	1410	MoveCommand { Actor = chr_01M3BMW7KN54EKH8FFGFYWVYVF, Intent = MoveIntent { DirXPermille = -945, DirZPermille = 328, Gait = Run, FacingMdeg = 289149, IsMoving = True } }
3548	1411	MoveCommand { Actor = chr_01M3BMW7KN54EKH8FFGFYWVYVF, Intent = MoveIntent { DirXPermille = -944, DirZPermille = 329, Gait = Run, FacingMdeg = 289182, IsMoving = True } }
3549	1412	MoveCommand { Actor = chr_01M3BMW7KN54EKH8FFGFYWVYVF, Intent = MoveIntent { DirXPermille = -945, DirZPermille = 328, Gait = Run, FacingMdeg = 289136, IsMoving = True } }
3551	1413	MoveCommand { Actor = chr_01M3BMW7KN54EKH8FFGFYWVYVF, Intent = MoveIntent { DirXPermille = -35, DirZPermille = 999, Gait = Run, FacingMdeg = 358010, IsMoving = True } }
3554	1414	MoveCommand { Actor = chr_01M3BMW7KN54EKH8FFGFYWVYVF, Intent = MoveIntent { DirXPermille = -34, DirZPermille = 999, Gait = Run, FacingMdeg = 358024, IsMoving = True } }
3555	1415	MoveCommand { Actor = chr_01M3BMW7KN54EKH8FFGFYWVYVF, Intent = MoveIntent { DirXPermille = -35, DirZPermille = 999, Gait = Run, FacingMdeg = 358019, IsMoving = True } }
3556	1416	MoveCommand { Actor = chr_01M3BMW7KN54EKH8FFGFYWVYVF, Intent = MoveIntent { DirXPermille = -34, DirZPermille = 999, Gait = Run, FacingMdeg = 358024, IsMoving = True } }
3557	1417	MoveCommand { Actor = chr_01M3BMW7KN54EKH8FFGFYWVYVF, Intent = MoveIntent { DirXPermille = -35, DirZPermille = 999, Gait = Run, FacingMdeg = 358018, IsMoving = True } }
3558	1418	MoveCommand { Actor = chr_01M3BMW7KN54EKH8FFGFYWVYVF, Intent = MoveIntent { DirXPermille = -34, DirZPermille = 999, Gait = Run, FacingMdeg = 358023, IsMoving = True } }
3559	1419	MoveCommand { Actor = chr_01M3BMW7KN54EKH8FFGFYWVYVF, Intent = MoveIntent { DirXPermille = -35, DirZPermille = 999, Gait = Run, FacingMdeg = 358017, IsMoving = True } }
3561	1420	MoveCommand { Actor = chr_01M3BMW7KN54EKH8FFGFYWVYVF, Intent = MoveIntent { DirXPermille = -34, DirZPermille = 999, Gait = Run, FacingMdeg = 358029, IsMoving = True } }
3562	1421	MoveCommand { Actor = chr_01M3BMW7KN54EKH8FFGFYWVYVF, Intent = MoveIntent { DirXPermille = -35, DirZPermille = 999, Gait = Run, FacingMdeg = 358022, IsMoving = True } }
3563	1422	MoveCommand { Actor = chr_01M3BMW7KN54EKH8FFGFYWVYVF, Intent = MoveIntent { DirXPermille = -34, DirZPermille = 999, Gait = Run, FacingMdeg = 358028, IsMoving = True } }
3564	1423	MoveCommand { Actor = chr_01M3BMW7KN54EKH8FFGFYWVYVF, Intent = MoveIntent { DirXPermille = -35, DirZPermille = 999, Gait = Run, FacingMdeg = 358021, IsMoving = True } }
3565	1424	MoveCommand { Actor = chr_01M3BMW7KN54EKH8FFGFYWVYVF, Intent = MoveIntent { DirXPermille = -34, DirZPermille = 999, Gait = Run, FacingMdeg = 358028, IsMoving = True } }
3566	1425	MoveCommand { Actor = chr_01M3BMW7KN54EKH8FFGFYWVYVF, Intent = MoveIntent { DirXPermille = -35, DirZPermille = 999, Gait = Run, FacingMdeg = 358020, IsMoving = True } }
3567	1426	MoveCommand { Actor = chr_01M3BMW7KN54EKH8FFGFYWVYVF, Intent = MoveIntent { DirXPermille = -34, DirZPermille = 999, Gait = Run, FacingMdeg = 358028, IsMoving = True } }
3568	1427	MoveCommand { Actor = chr_01M3BMW7KN54EKH8FFGFYWVYVF, Intent = MoveIntent { DirXPermille = -35, DirZPermille = 999, Gait = Run, FacingMdeg = 358019, IsMoving = True } }
3569	1428	MoveCommand { Actor = chr_01M3BMW7KN54EKH8FFGFYWVYVF, Intent = MoveIntent { DirXPermille = -34, DirZPermille = 999, Gait = Run, FacingMdeg = 358028, IsMoving = True } }
3570	1429	MoveCommand { Actor = chr_01M3BMW7KN54EKH8FFGFYWVYVF, Intent = MoveIntent { DirXPermille = -35, DirZPermille = 999, Gait = Run, FacingMdeg = 358018, IsMoving = True } }
3571	1430	MoveCommand { Actor = chr_01M3BMW7KN54EKH8FFGFYWVYVF, Intent = MoveIntent { DirXPermille = -34, DirZPermille = 999, Gait = Run, FacingMdeg = 358027, IsMoving = True } }
3572	1431	MoveCommand { Actor = chr_01M3BMW7KN54EKH8FFGFYWVYVF, Intent = MoveIntent { DirXPermille = -35, DirZPermille = 999, Gait = Run, FacingMdeg = 358016, IsMoving = True } }
3573	1432	MoveCommand { Actor = chr_01M3BMW7KN54EKH8FFGFYWVYVF, Intent = MoveIntent { DirXPermille = -34, DirZPermille = 999, Gait = Run, FacingMdeg = 358027, IsMoving = True } }
3574	1433	MoveCommand { Actor = chr_01M3BMW7KN54EKH8FFGFYWVYVF, Intent = MoveIntent { DirXPermille = -35, DirZPermille = 999, Gait = Run, FacingMdeg = 358014, IsMoving = True } }
3575	1434	MoveCommand { Actor = chr_01M3BMW7KN54EKH8FFGFYWVYVF, Intent = MoveIntent { DirXPermille = -34, DirZPermille = 999, Gait = Run, FacingMdeg = 358026, IsMoving = True } }
3576	1435	MoveCommand { Actor = chr_01M3BMW7KN54EKH8FFGFYWVYVF, Intent = MoveIntent { DirXPermille = -35, DirZPermille = 999, Gait = Run, FacingMdeg = 358012, IsMoving = True } }
3577	1436	MoveCommand { Actor = chr_01M3BMW7KN54EKH8FFGFYWVYVF, Intent = MoveIntent { DirXPermille = -34, DirZPermille = 999, Gait = Run, FacingMdeg = 358025, IsMoving = True } }
3578	1437	MoveCommand { Actor = chr_01M3BMW7KN54EKH8FFGFYWVYVF, Intent = MoveIntent { DirXPermille = -35, DirZPermille = 999, Gait = Run, FacingMdeg = 358008, IsMoving = True } }
3579	1438	MoveCommand { Actor = chr_01M3BMW7KN54EKH8FFGFYWVYVF, Intent = MoveIntent { DirXPermille = -34, DirZPermille = 999, Gait = Run, FacingMdeg = 358024, IsMoving = True } }
3580	1439	MoveCommand { Actor = chr_01M3BMW7KN54EKH8FFGFYWVYVF, Intent = MoveIntent { DirXPermille = -35, DirZPermille = 999, Gait = Run, FacingMdeg = 358003, IsMoving = True } }
3582	1440	MoveCommand { Actor = chr_01M3BMW7KN54EKH8FFGFYWVYVF, Intent = MoveIntent { DirXPermille = -34, DirZPermille = 999, Gait = Run, FacingMdeg = 358046, IsMoving = True } }
3583	1441	MoveCommand { Actor = chr_01M3BMW7KN54EKH8FFGFYWVYVF, Intent = MoveIntent { DirXPermille = -35, DirZPermille = 999, Gait = Run, FacingMdeg = 358019, IsMoving = True } }
3584	1442	MoveCommand { Actor = chr_01M3BMW7KN54EKH8FFGFYWVYVF, Intent = MoveIntent { DirXPermille = -34, DirZPermille = 999, Gait = Run, FacingMdeg = 358052, IsMoving = True } }
3585	1443	MoveCommand { Actor = chr_01M3BMW7KN54EKH8FFGFYWVYVF, Intent = MoveIntent { DirXPermille = -35, DirZPermille = 999, Gait = Run, FacingMdeg = 358013, IsMoving = True } }
3587	1444	MoveCommand { Actor = chr_01M3BMW7KN54EKH8FFGFYWVYVF, Intent = MoveIntent { DirXPermille = 0, DirZPermille = 0, Gait = Run, FacingMdeg = 358013, IsMoving = False } }
3588	1445	MoveCommand { Actor = chr_01M3BMW7KN54EKH8FFGFYWVYVF, Intent = MoveIntent { DirXPermille = 981, DirZPermille = 193, Gait = Run, FacingMdeg = 78862, IsMoving = True } }
3616	1446	MoveCommand { Actor = chr_01M3BMW7KN54EKH8FFGFYWVYVF, Intent = MoveIntent { DirXPermille = 981, DirZPermille = 192, Gait = Run, FacingMdeg = 78904, IsMoving = True } }
3625	1447	MoveCommand { Actor = chr_01M3BMW7KN54EKH8FFGFYWVYVF, Intent = MoveIntent { DirXPermille = 981, DirZPermille = 191, Gait = Run, FacingMdeg = 78960, IsMoving = True } }
3626	1448	MoveCommand { Actor = chr_01M3BMW7KN54EKH8FFGFYWVYVF, Intent = MoveIntent { DirXPermille = 982, DirZPermille = 191, Gait = Run, FacingMdeg = 78972, IsMoving = True } }
3629	1449	MoveCommand { Actor = chr_01M3BMW7KN54EKH8FFGFYWVYVF, Intent = MoveIntent { DirXPermille = 982, DirZPermille = 190, Gait = Run, FacingMdeg = 79025, IsMoving = True } }
3630	1450	MoveCommand { Actor = chr_01M3BMW7KN54EKH8FFGFYWVYVF, Intent = MoveIntent { DirXPermille = 982, DirZPermille = 191, Gait = Run, FacingMdeg = 79002, IsMoving = True } }
3631	1451	MoveCommand { Actor = chr_01M3BMW7KN54EKH8FFGFYWVYVF, Intent = MoveIntent { DirXPermille = 982, DirZPermille = 190, Gait = Run, FacingMdeg = 79031, IsMoving = True } }
3632	1452	MoveCommand { Actor = chr_01M3BMW7KN54EKH8FFGFYWVYVF, Intent = MoveIntent { DirXPermille = 982, DirZPermille = 191, Gait = Run, FacingMdeg = 79000, IsMoving = True } }
3633	1453	MoveCommand { Actor = chr_01M3BMW7KN54EKH8FFGFYWVYVF, Intent = MoveIntent { DirXPermille = 982, DirZPermille = 190, Gait = Run, FacingMdeg = 79043, IsMoving = True } }
3634	1454	MoveCommand { Actor = chr_01M3BMW7KN54EKH8FFGFYWVYVF, Intent = MoveIntent { DirXPermille = 982, DirZPermille = 191, Gait = Run, FacingMdeg = 78996, IsMoving = True } }
3635	1455	MoveCommand { Actor = chr_01M3BMW7KN54EKH8FFGFYWVYVF, Intent = MoveIntent { DirXPermille = 982, DirZPermille = 189, Gait = Run, FacingMdeg = 79080, IsMoving = True } }
3637	1456	MoveCommand { Actor = chr_01M3BMW7KN54EKH8FFGFYWVYVF, Intent = MoveIntent { DirXPermille = 0, DirZPermille = 0, Gait = Run, FacingMdeg = 79080, IsMoving = False } }
3637	1457	CraftCommand { Actor = chr_01M3BMW7KN54EKH8FFGFYWVYVF, RecipeId = recipe.smithing.iron_billet }
3645	1458	MoveCommand { Actor = chr_01M3BMW7KN54EKH8FFGFYWVYVF, Intent = MoveIntent { DirXPermille = -586, DirZPermille = -810, Gait = Run, FacingMdeg = 215900, IsMoving = True } }
3649	1459	MoveCommand { Actor = chr_01M3BMW7KN54EKH8FFGFYWVYVF, Intent = MoveIntent { DirXPermille = -587, DirZPermille = -810, Gait = Run, FacingMdeg = 215913, IsMoving = True } }
3654	1460	MoveCommand { Actor = chr_01M3BMW7KN54EKH8FFGFYWVYVF, Intent = MoveIntent { DirXPermille = -587, DirZPermille = -809, Gait = Run, FacingMdeg = 215957, IsMoving = True } }
3655	1461	MoveCommand { Actor = chr_01M3BMW7KN54EKH8FFGFYWVYVF, Intent = MoveIntent { DirXPermille = -587, DirZPermille = -810, Gait = Run, FacingMdeg = 215925, IsMoving = True } }
3657	1462	MoveCommand { Actor = chr_01M3BMW7KN54EKH8FFGFYWVYVF, Intent = MoveIntent { DirXPermille = -588, DirZPermille = -809, Gait = Run, FacingMdeg = 215985, IsMoving = True } }
3659	1463	MoveCommand { Actor = chr_01M3BMW7KN54EKH8FFGFYWVYVF, Intent = MoveIntent { DirXPermille = 0, DirZPermille = 0, Gait = Run, FacingMdeg = 215985, IsMoving = False } }
3659	1464	CraftCommand { Actor = chr_01M3BMW7KN54EKH8FFGFYWVYVF, RecipeId = recipe.smithing.march_spear }
3660	1465	EquipCommand { Actor = chr_01M3BMW7KN54EKH8FFGFYWVYVF, Item = itm_01M3BN1TKCR30987YKD7NG5YTD }
3668	1466	MoveCommand { Actor = chr_01M3BMW7KN54EKH8FFGFYWVYVF, Intent = MoveIntent { DirXPermille = 886, DirZPermille = -463, Gait = Run, FacingMdeg = 117583, IsMoving = True } }
3677	1467	MoveCommand { Actor = chr_01M3BMW7KN54EKH8FFGFYWVYVF, Intent = MoveIntent { DirXPermille = 886, DirZPermille = -464, Gait = Run, FacingMdeg = 117618, IsMoving = True } }
3684	1468	MoveCommand { Actor = chr_01M3BMW7KN54EKH8FFGFYWVYVF, Intent = MoveIntent { DirXPermille = 0, DirZPermille = 0, Gait = Run, FacingMdeg = 117618, IsMoving = False } }
3684	1469	TalkCommand { Actor = chr_01M3BMW7KN54EKH8FFGFYWVYVF, NpcId = npc.ashen_hollow.kera_voss }
3685	1470	ChooseCommand { Actor = chr_01M3BMW7KN54EKH8FFGFYWVYVF, ReplyId = show_spear }
3686	1471	LeaveCommand { Actor = chr_01M3BMW7KN54EKH8FFGFYWVYVF }
3693	1472	MoveCommand { Actor = chr_01M3BMW7KN54EKH8FFGFYWVYVF, Intent = MoveIntent { DirXPermille = -957, DirZPermille = 289, Gait = Run, FacingMdeg = 286816, IsMoving = True } }
3698	1473	MoveCommand { Actor = chr_01M3BMW7KN54EKH8FFGFYWVYVF, Intent = MoveIntent { DirXPermille = -957, DirZPermille = 290, Gait = Run, FacingMdeg = 286829, IsMoving = True } }
3712	1474	MoveCommand { Actor = chr_01M3BMW7KN54EKH8FFGFYWVYVF, Intent = MoveIntent { DirXPermille = -957, DirZPermille = 291, Gait = Run, FacingMdeg = 286895, IsMoving = True } }
3713	1475	MoveCommand { Actor = chr_01M3BMW7KN54EKH8FFGFYWVYVF, Intent = MoveIntent { DirXPermille = -957, DirZPermille = 290, Gait = Run, FacingMdeg = 286886, IsMoving = True } }
3714	1476	MoveCommand { Actor = chr_01M3BMW7KN54EKH8FFGFYWVYVF, Intent = MoveIntent { DirXPermille = -957, DirZPermille = 291, Gait = Run, FacingMdeg = 286894, IsMoving = True } }
3715	1477	MoveCommand { Actor = chr_01M3BMW7KN54EKH8FFGFYWVYVF, Intent = MoveIntent { DirXPermille = -957, DirZPermille = 290, Gait = Run, FacingMdeg = 286884, IsMoving = True } }
3716	1478	MoveCommand { Actor = chr_01M3BMW7KN54EKH8FFGFYWVYVF, Intent = MoveIntent { DirXPermille = -957, DirZPermille = 291, Gait = Run, FacingMdeg = 286893, IsMoving = True } }
3717	1479	MoveCommand { Actor = chr_01M3BMW7KN54EKH8FFGFYWVYVF, Intent = MoveIntent { DirXPermille = -957, DirZPermille = 290, Gait = Run, FacingMdeg = 286881, IsMoving = True } }
3718	1480	MoveCommand { Actor = chr_01M3BMW7KN54EKH8FFGFYWVYVF, Intent = MoveIntent { DirXPermille = -957, DirZPermille = 291, Gait = Run, FacingMdeg = 286891, IsMoving = True } }
3719	1481	MoveCommand { Actor = chr_01M3BMW7KN54EKH8FFGFYWVYVF, Intent = MoveIntent { DirXPermille = -957, DirZPermille = 290, Gait = Run, FacingMdeg = 286877, IsMoving = True } }
3720	1482	MoveCommand { Actor = chr_01M3BMW7KN54EKH8FFGFYWVYVF, Intent = MoveIntent { DirXPermille = -957, DirZPermille = 291, Gait = Run, FacingMdeg = 286889, IsMoving = True } }
3721	1483	MoveCommand { Actor = chr_01M3BMW7KN54EKH8FFGFYWVYVF, Intent = MoveIntent { DirXPermille = -957, DirZPermille = 290, Gait = Run, FacingMdeg = 286872, IsMoving = True } }
3723	1484	MoveCommand { Actor = chr_01M3BMW7KN54EKH8FFGFYWVYVF, Intent = MoveIntent { DirXPermille = -957, DirZPermille = 291, Gait = Run, FacingMdeg = 286903, IsMoving = True } }
3724	1485	MoveCommand { Actor = chr_01M3BMW7KN54EKH8FFGFYWVYVF, Intent = MoveIntent { DirXPermille = -957, DirZPermille = 290, Gait = Run, FacingMdeg = 286881, IsMoving = True } }
3725	1486	MoveCommand { Actor = chr_01M3BMW7KN54EKH8FFGFYWVYVF, Intent = MoveIntent { DirXPermille = -957, DirZPermille = 291, Gait = Run, FacingMdeg = 286902, IsMoving = True } }
3726	1487	MoveCommand { Actor = chr_01M3BMW7KN54EKH8FFGFYWVYVF, Intent = MoveIntent { DirXPermille = -957, DirZPermille = 290, Gait = Run, FacingMdeg = 286872, IsMoving = True } }
3727	1488	MoveCommand { Actor = chr_01M3BMW7KN54EKH8FFGFYWVYVF, Intent = MoveIntent { DirXPermille = -957, DirZPermille = 291, Gait = Run, FacingMdeg = 286900, IsMoving = True } }
3728	1489	MoveCommand { Actor = chr_01M3BMW7KN54EKH8FFGFYWVYVF, Intent = MoveIntent { DirXPermille = -957, DirZPermille = 290, Gait = Run, FacingMdeg = 286856, IsMoving = True } }
3730	1490	MoveCommand { Actor = chr_01M3BMW7KN54EKH8FFGFYWVYVF, Intent = MoveIntent { DirXPermille = -1000, DirZPermille = 30, Gait = Run, FacingMdeg = 271739, IsMoving = True } }
3740	1491	MoveCommand { Actor = chr_01M3BMW7KN54EKH8FFGFYWVYVF, Intent = MoveIntent { DirXPermille = -1000, DirZPermille = 29, Gait = Run, FacingMdeg = 271680, IsMoving = True } }
3743	1492	MoveCommand { Actor = chr_01M3BMW7KN54EKH8FFGFYWVYVF, Intent = MoveIntent { DirXPermille = -1000, DirZPermille = 28, Gait = Run, FacingMdeg = 271622, IsMoving = True } }
3744	1493	MoveCommand { Actor = chr_01M3BMW7KN54EKH8FFGFYWVYVF, Intent = MoveIntent { DirXPermille = -1000, DirZPermille = 29, Gait = Run, FacingMdeg = 271662, IsMoving = True } }
3745	1494	MoveCommand { Actor = chr_01M3BMW7KN54EKH8FFGFYWVYVF, Intent = MoveIntent { DirXPermille = -1000, DirZPermille = 28, Gait = Run, FacingMdeg = 271628, IsMoving = True } }
3747	1495	MoveCommand { Actor = chr_01M3BMW7KN54EKH8FFGFYWVYVF, Intent = MoveIntent { DirXPermille = -46, DirZPermille = -999, Gait = Run, FacingMdeg = 182657, IsMoving = True } }
3749	1496	MoveCommand { Actor = chr_01M3BMW7KN54EKH8FFGFYWVYVF, Intent = MoveIntent { DirXPermille = -47, DirZPermille = -999, Gait = Run, FacingMdeg = 182665, IsMoving = True } }
3750	1497	MoveCommand { Actor = chr_01M3BMW7KN54EKH8FFGFYWVYVF, Intent = MoveIntent { DirXPermille = -46, DirZPermille = -999, Gait = Run, FacingMdeg = 182660, IsMoving = True } }
3752	1498	MoveCommand { Actor = chr_01M3BMW7KN54EKH8FFGFYWVYVF, Intent = MoveIntent { DirXPermille = -47, DirZPermille = -999, Gait = Run, FacingMdeg = 182669, IsMoving = True } }
3753	1499	MoveCommand { Actor = chr_01M3BMW7KN54EKH8FFGFYWVYVF, Intent = MoveIntent { DirXPermille = -46, DirZPermille = -999, Gait = Run, FacingMdeg = 182663, IsMoving = True } }
3754	1500	MoveCommand { Actor = chr_01M3BMW7KN54EKH8FFGFYWVYVF, Intent = MoveIntent { DirXPermille = -47, DirZPermille = -999, Gait = Run, FacingMdeg = 182668, IsMoving = True } }
3755	1501	MoveCommand { Actor = chr_01M3BMW7KN54EKH8FFGFYWVYVF, Intent = MoveIntent { DirXPermille = -46, DirZPermille = -999, Gait = Run, FacingMdeg = 182662, IsMoving = True } }
3756	1502	MoveCommand { Actor = chr_01M3BMW7KN54EKH8FFGFYWVYVF, Intent = MoveIntent { DirXPermille = -47, DirZPermille = -999, Gait = Run, FacingMdeg = 182667, IsMoving = True } }
3757	1503	MoveCommand { Actor = chr_01M3BMW7KN54EKH8FFGFYWVYVF, Intent = MoveIntent { DirXPermille = -46, DirZPermille = -999, Gait = Run, FacingMdeg = 182660, IsMoving = True } }
3758	1504	MoveCommand { Actor = chr_01M3BMW7KN54EKH8FFGFYWVYVF, Intent = MoveIntent { DirXPermille = -47, DirZPermille = -999, Gait = Run, FacingMdeg = 182666, IsMoving = True } }
3759	1505	MoveCommand { Actor = chr_01M3BMW7KN54EKH8FFGFYWVYVF, Intent = MoveIntent { DirXPermille = -46, DirZPermille = -999, Gait = Run, FacingMdeg = 182658, IsMoving = True } }
3761	1506	MoveCommand { Actor = chr_01M3BMW7KN54EKH8FFGFYWVYVF, Intent = MoveIntent { DirXPermille = -47, DirZPermille = -999, Gait = Run, FacingMdeg = 182671, IsMoving = True } }
3762	1507	MoveCommand { Actor = chr_01M3BMW7KN54EKH8FFGFYWVYVF, Intent = MoveIntent { DirXPermille = -46, DirZPermille = -999, Gait = Run, FacingMdeg = 182663, IsMoving = True } }
3763	1508	MoveCommand { Actor = chr_01M3BMW7KN54EKH8FFGFYWVYVF, Intent = MoveIntent { DirXPermille = -47, DirZPermille = -999, Gait = Run, FacingMdeg = 182670, IsMoving = True } }
3764	1509	MoveCommand { Actor = chr_01M3BMW7KN54EKH8FFGFYWVYVF, Intent = MoveIntent { DirXPermille = -46, DirZPermille = -999, Gait = Run, FacingMdeg = 182661, IsMoving = True } }
3765	1510	MoveCommand { Actor = chr_01M3BMW7KN54EKH8FFGFYWVYVF, Intent = MoveIntent { DirXPermille = -47, DirZPermille = -999, Gait = Run, FacingMdeg = 182669, IsMoving = True } }
3766	1511	MoveCommand { Actor = chr_01M3BMW7KN54EKH8FFGFYWVYVF, Intent = MoveIntent { DirXPermille = -46, DirZPermille = -999, Gait = Run, FacingMdeg = 182658, IsMoving = True } }
3767	1512	MoveCommand { Actor = chr_01M3BMW7KN54EKH8FFGFYWVYVF, Intent = MoveIntent { DirXPermille = -47, DirZPermille = -999, Gait = Run, FacingMdeg = 182667, IsMoving = True } }
3768	1513	MoveCommand { Actor = chr_01M3BMW7KN54EKH8FFGFYWVYVF, Intent = MoveIntent { DirXPermille = -46, DirZPermille = -999, Gait = Run, FacingMdeg = 182655, IsMoving = True } }
3770	1514	MoveCommand { Actor = chr_01M3BMW7KN54EKH8FFGFYWVYVF, Intent = MoveIntent { DirXPermille = -47, DirZPermille = -999, Gait = Run, FacingMdeg = 182676, IsMoving = True } }
3771	1515	MoveCommand { Actor = chr_01M3BMW7KN54EKH8FFGFYWVYVF, Intent = MoveIntent { DirXPermille = -46, DirZPermille = -999, Gait = Run, FacingMdeg = 182662, IsMoving = True } }
3772	1516	MoveCommand { Actor = chr_01M3BMW7KN54EKH8FFGFYWVYVF, Intent = MoveIntent { DirXPermille = -47, DirZPermille = -999, Gait = Run, FacingMdeg = 182674, IsMoving = True } }
3773	1517	MoveCommand { Actor = chr_01M3BMW7KN54EKH8FFGFYWVYVF, Intent = MoveIntent { DirXPermille = -46, DirZPermille = -999, Gait = Run, FacingMdeg = 182658, IsMoving = True } }
3774	1518	MoveCommand { Actor = chr_01M3BMW7KN54EKH8FFGFYWVYVF, Intent = MoveIntent { DirXPermille = -47, DirZPermille = -999, Gait = Run, FacingMdeg = 182673, IsMoving = True } }
3775	1519	MoveCommand { Actor = chr_01M3BMW7KN54EKH8FFGFYWVYVF, Intent = MoveIntent { DirXPermille = -46, DirZPermille = -999, Gait = Run, FacingMdeg = 182652, IsMoving = True } }
3776	1520	MoveCommand { Actor = chr_01M3BMW7KN54EKH8FFGFYWVYVF, Intent = MoveIntent { DirXPermille = -47, DirZPermille = -999, Gait = Run, FacingMdeg = 182670, IsMoving = True } }
3777	1521	MoveCommand { Actor = chr_01M3BMW7KN54EKH8FFGFYWVYVF, Intent = MoveIntent { DirXPermille = -46, DirZPermille = -999, Gait = Run, FacingMdeg = 182644, IsMoving = True } }
3778	1522	MoveCommand { Actor = chr_01M3BMW7KN54EKH8FFGFYWVYVF, Intent = MoveIntent { DirXPermille = -47, DirZPermille = -999, Gait = Run, FacingMdeg = 182666, IsMoving = True } }
3779	1523	MoveCommand { Actor = chr_01M3BMW7KN54EKH8FFGFYWVYVF, Intent = MoveIntent { DirXPermille = -46, DirZPermille = -999, Gait = Run, FacingMdeg = 182629, IsMoving = True } }
3781	1524	MoveCommand { Actor = chr_01M3BMW7KN54EKH8FFGFYWVYVF, Intent = MoveIntent { DirXPermille = -47, DirZPermille = -999, Gait = Run, FacingMdeg = 182702, IsMoving = True } }
3783	1525	MoveCommand { Actor = chr_01M3BMW7KN54EKH8FFGFYWVYVF, Intent = MoveIntent { DirXPermille = 705, DirZPermille = -709, Gait = Run, FacingMdeg = 135143, IsMoving = True } }
3803	1526	MoveCommand { Actor = chr_01M3BMW7KN54EKH8FFGFYWVYVF, Intent = MoveIntent { DirXPermille = 705, DirZPermille = -710, Gait = Run, FacingMdeg = 135197, IsMoving = True } }
3806	1527	MoveCommand { Actor = chr_01M3BMW7KN54EKH8FFGFYWVYVF, Intent = MoveIntent { DirXPermille = 705, DirZPermille = -709, Gait = Run, FacingMdeg = 135194, IsMoving = True } }
3807	1528	MoveCommand { Actor = chr_01M3BMW7KN54EKH8FFGFYWVYVF, Intent = MoveIntent { DirXPermille = 705, DirZPermille = -710, Gait = Run, FacingMdeg = 135198, IsMoving = True } }
3811	1529	MoveCommand { Actor = chr_01M3BMW7KN54EKH8FFGFYWVYVF, Intent = MoveIntent { DirXPermille = 705, DirZPermille = -709, Gait = Run, FacingMdeg = 135193, IsMoving = True } }
3812	1530	MoveCommand { Actor = chr_01M3BMW7KN54EKH8FFGFYWVYVF, Intent = MoveIntent { DirXPermille = 705, DirZPermille = -710, Gait = Run, FacingMdeg = 135198, IsMoving = True } }
3815	1531	MoveCommand { Actor = chr_01M3BMW7KN54EKH8FFGFYWVYVF, Intent = MoveIntent { DirXPermille = 705, DirZPermille = -709, Gait = Run, FacingMdeg = 135194, IsMoving = True } }
3816	1532	MoveCommand { Actor = chr_01M3BMW7KN54EKH8FFGFYWVYVF, Intent = MoveIntent { DirXPermille = 705, DirZPermille = -710, Gait = Run, FacingMdeg = 135198, IsMoving = True } }
3819	1533	MoveCommand { Actor = chr_01M3BMW7KN54EKH8FFGFYWVYVF, Intent = MoveIntent { DirXPermille = 705, DirZPermille = -709, Gait = Run, FacingMdeg = 135194, IsMoving = True } }
3820	1534	MoveCommand { Actor = chr_01M3BMW7KN54EKH8FFGFYWVYVF, Intent = MoveIntent { DirXPermille = 705, DirZPermille = -710, Gait = Run, FacingMdeg = 135199, IsMoving = True } }
3824	1535	MoveCommand { Actor = chr_01M3BMW7KN54EKH8FFGFYWVYVF, Intent = MoveIntent { DirXPermille = 705, DirZPermille = -709, Gait = Run, FacingMdeg = 135193, IsMoving = True } }
3825	1536	MoveCommand { Actor = chr_01M3BMW7KN54EKH8FFGFYWVYVF, Intent = MoveIntent { DirXPermille = 705, DirZPermille = -710, Gait = Run, FacingMdeg = 135199, IsMoving = True } }
3828	1537	MoveCommand { Actor = chr_01M3BMW7KN54EKH8FFGFYWVYVF, Intent = MoveIntent { DirXPermille = 705, DirZPermille = -709, Gait = Run, FacingMdeg = 135193, IsMoving = True } }
3829	1538	MoveCommand { Actor = chr_01M3BMW7KN54EKH8FFGFYWVYVF, Intent = MoveIntent { DirXPermille = 705, DirZPermille = -710, Gait = Run, FacingMdeg = 135200, IsMoving = True } }
3832	1539	MoveCommand { Actor = chr_01M3BMW7KN54EKH8FFGFYWVYVF, Intent = MoveIntent { DirXPermille = 705, DirZPermille = -709, Gait = Run, FacingMdeg = 135194, IsMoving = True } }
3833	1540	MoveCommand { Actor = chr_01M3BMW7KN54EKH8FFGFYWVYVF, Intent = MoveIntent { DirXPermille = 705, DirZPermille = -710, Gait = Run, FacingMdeg = 135202, IsMoving = True } }
3837	1541	MoveCommand { Actor = chr_01M3BMW7KN54EKH8FFGFYWVYVF, Intent = MoveIntent { DirXPermille = 705, DirZPermille = -709, Gait = Run, FacingMdeg = 135191, IsMoving = True } }
3838	1542	MoveCommand { Actor = chr_01M3BMW7KN54EKH8FFGFYWVYVF, Intent = MoveIntent { DirXPermille = 705, DirZPermille = -710, Gait = Run, FacingMdeg = 135202, IsMoving = True } }
3841	1543	MoveCommand { Actor = chr_01M3BMW7KN54EKH8FFGFYWVYVF, Intent = MoveIntent { DirXPermille = 705, DirZPermille = -709, Gait = Run, FacingMdeg = 135192, IsMoving = True } }
3842	1544	MoveCommand { Actor = chr_01M3BMW7KN54EKH8FFGFYWVYVF, Intent = MoveIntent { DirXPermille = 705, DirZPermille = -710, Gait = Run, FacingMdeg = 135206, IsMoving = True } }
3845	1545	MoveCommand { Actor = chr_01M3BMW7KN54EKH8FFGFYWVYVF, Intent = MoveIntent { DirXPermille = 705, DirZPermille = -709, Gait = Run, FacingMdeg = 135193, IsMoving = True } }
3846	1546	MoveCommand { Actor = chr_01M3BMW7KN54EKH8FFGFYWVYVF, Intent = MoveIntent { DirXPermille = 704, DirZPermille = -710, Gait = Run, FacingMdeg = 135213, IsMoving = True } }
3847	1547	MoveCommand { Actor = chr_01M3BMW7KN54EKH8FFGFYWVYVF, Intent = MoveIntent { DirXPermille = 705, DirZPermille = -710, Gait = Run, FacingMdeg = 135209, IsMoving = True } }
3850	1548	MoveCommand { Actor = chr_01M3BMW7KN54EKH8FFGFYWVYVF, Intent = MoveIntent { DirXPermille = 705, DirZPermille = -709, Gait = Run, FacingMdeg = 135185, IsMoving = True } }
3851	1549	MoveCommand { Actor = chr_01M3BMW7KN54EKH8FFGFYWVYVF, Intent = MoveIntent { DirXPermille = 704, DirZPermille = -710, Gait = Run, FacingMdeg = 135226, IsMoving = True } }
3854	1550	MoveCommand { Actor = chr_01M3BMW7KN54EKH8FFGFYWVYVF, Intent = MoveIntent { DirXPermille = 0, DirZPermille = 0, Gait = Run, FacingMdeg = 135226, IsMoving = False } }
3854	1551	MoveCommand { Actor = chr_01M3BMW7KN54EKH8FFGFYWVYVF, Intent = MoveIntent { DirXPermille = 892, DirZPermille = -452, Gait = Run, FacingMdeg = 116882, IsMoving = True } }
3865	1552	MoveCommand { Actor = chr_01M3BMW7KN54EKH8FFGFYWVYVF, Intent = MoveIntent { DirXPermille = 892, DirZPermille = -453, Gait = Run, FacingMdeg = 116906, IsMoving = True } }
3877	1553	MoveCommand { Actor = chr_01M3BMW7KN54EKH8FFGFYWVYVF, Intent = MoveIntent { DirXPermille = 891, DirZPermille = -453, Gait = Run, FacingMdeg = 116941, IsMoving = True } }
3885	1554	MoveCommand { Actor = chr_01M3BMW7KN54EKH8FFGFYWVYVF, Intent = MoveIntent { DirXPermille = 891, DirZPermille = -454, Gait = Run, FacingMdeg = 116973, IsMoving = True } }
3888	1555	MoveCommand { Actor = chr_01M3BMW7KN54EKH8FFGFYWVYVF, Intent = MoveIntent { DirXPermille = 891, DirZPermille = -453, Gait = Run, FacingMdeg = 116968, IsMoving = True } }
3889	1556	MoveCommand { Actor = chr_01M3BMW7KN54EKH8FFGFYWVYVF, Intent = MoveIntent { DirXPermille = 891, DirZPermille = -454, Gait = Run, FacingMdeg = 116973, IsMoving = True } }
3893	1557	MoveCommand { Actor = chr_01M3BMW7KN54EKH8FFGFYWVYVF, Intent = MoveIntent { DirXPermille = 891, DirZPermille = -453, Gait = Run, FacingMdeg = 116967, IsMoving = True } }
3894	1558	MoveCommand { Actor = chr_01M3BMW7KN54EKH8FFGFYWVYVF, Intent = MoveIntent { DirXPermille = 891, DirZPermille = -454, Gait = Run, FacingMdeg = 116972, IsMoving = True } }
3897	1559	MoveCommand { Actor = chr_01M3BMW7KN54EKH8FFGFYWVYVF, Intent = MoveIntent { DirXPermille = 891, DirZPermille = -453, Gait = Run, FacingMdeg = 116967, IsMoving = True } }
3898	1560	MoveCommand { Actor = chr_01M3BMW7KN54EKH8FFGFYWVYVF, Intent = MoveIntent { DirXPermille = 891, DirZPermille = -454, Gait = Run, FacingMdeg = 116973, IsMoving = True } }
3901	1561	MoveCommand { Actor = chr_01M3BMW7KN54EKH8FFGFYWVYVF, Intent = MoveIntent { DirXPermille = 891, DirZPermille = -453, Gait = Run, FacingMdeg = 116968, IsMoving = True } }
3902	1562	MoveCommand { Actor = chr_01M3BMW7KN54EKH8FFGFYWVYVF, Intent = MoveIntent { DirXPermille = 891, DirZPermille = -454, Gait = Run, FacingMdeg = 116974, IsMoving = True } }
3905	1563	MoveCommand { Actor = chr_01M3BMW7KN54EKH8FFGFYWVYVF, Intent = MoveIntent { DirXPermille = 891, DirZPermille = -453, Gait = Run, FacingMdeg = 116968, IsMoving = True } }
3906	1564	MoveCommand { Actor = chr_01M3BMW7KN54EKH8FFGFYWVYVF, Intent = MoveIntent { DirXPermille = 891, DirZPermille = -454, Gait = Run, FacingMdeg = 116975, IsMoving = True } }
3910	1565	MoveCommand { Actor = chr_01M3BMW7KN54EKH8FFGFYWVYVF, Intent = MoveIntent { DirXPermille = 891, DirZPermille = -453, Gait = Run, FacingMdeg = 116966, IsMoving = True } }
3911	1566	MoveCommand { Actor = chr_01M3BMW7KN54EKH8FFGFYWVYVF, Intent = MoveIntent { DirXPermille = 891, DirZPermille = -454, Gait = Run, FacingMdeg = 116974, IsMoving = True } }
3914	1567	MoveCommand { Actor = chr_01M3BMW7KN54EKH8FFGFYWVYVF, Intent = MoveIntent { DirXPermille = 891, DirZPermille = -453, Gait = Run, FacingMdeg = 116966, IsMoving = True } }
3915	1568	MoveCommand { Actor = chr_01M3BMW7KN54EKH8FFGFYWVYVF, Intent = MoveIntent { DirXPermille = 891, DirZPermille = -454, Gait = Run, FacingMdeg = 116976, IsMoving = True } }
3918	1569	MoveCommand { Actor = chr_01M3BMW7KN54EKH8FFGFYWVYVF, Intent = MoveIntent { DirXPermille = 891, DirZPermille = -453, Gait = Run, FacingMdeg = 116967, IsMoving = True } }
3919	1570	MoveCommand { Actor = chr_01M3BMW7KN54EKH8FFGFYWVYVF, Intent = MoveIntent { DirXPermille = 891, DirZPermille = -454, Gait = Run, FacingMdeg = 116979, IsMoving = True } }
3922	1571	MoveCommand { Actor = chr_01M3BMW7KN54EKH8FFGFYWVYVF, Intent = MoveIntent { DirXPermille = 891, DirZPermille = -453, Gait = Run, FacingMdeg = 116967, IsMoving = True } }
3923	1572	MoveCommand { Actor = chr_01M3BMW7KN54EKH8FFGFYWVYVF, Intent = MoveIntent { DirXPermille = 891, DirZPermille = -454, Gait = Run, FacingMdeg = 116982, IsMoving = True } }
3926	1573	MoveCommand { Actor = chr_01M3BMW7KN54EKH8FFGFYWVYVF, Intent = MoveIntent { DirXPermille = 891, DirZPermille = -453, Gait = Run, FacingMdeg = 116968, IsMoving = True } }
3927	1574	MoveCommand { Actor = chr_01M3BMW7KN54EKH8FFGFYWVYVF, Intent = MoveIntent { DirXPermille = 891, DirZPermille = -454, Gait = Run, FacingMdeg = 116988, IsMoving = True } }
3931	1575	MoveCommand { Actor = chr_01M3BMW7KN54EKH8FFGFYWVYVF, Intent = MoveIntent { DirXPermille = 0, DirZPermille = 0, Gait = Run, FacingMdeg = 116988, IsMoving = False } }
3931	1576	TalkCommand { Actor = chr_01M3BMW7KN54EKH8FFGFYWVYVF, NpcId = npc.ashen_hollow.sel_arien }
3932	1577	ChooseCommand { Actor = chr_01M3BMW7KN54EKH8FFGFYWVYVF, ReplyId = books }
3940	1578	ChooseCommand { Actor = chr_01M3BMW7KN54EKH8FFGFYWVYVF, ReplyId = take }
3948	1579	ChooseCommand { Actor = chr_01M3BMW7KN54EKH8FFGFYWVYVF, ReplyId = back }
3956	1580	ChooseCommand { Actor = chr_01M3BMW7KN54EKH8FFGFYWVYVF, ReplyId = ruin }
3964	1581	ChooseCommand { Actor = chr_01M3BMW7KN54EKH8FFGFYWVYVF, ReplyId = tavar }
3972	1582	ChooseCommand { Actor = chr_01M3BMW7KN54EKH8FFGFYWVYVF, ReplyId = stones }
3980	1583	ChooseCommand { Actor = chr_01M3BMW7KN54EKH8FFGFYWVYVF, ReplyId = back }
3988	1584	LeaveCommand { Actor = chr_01M3BMW7KN54EKH8FFGFYWVYVF }
3996	1585	UseItemCommand { Actor = chr_01M3BMW7KN54EKH8FFGFYWVYVF, Item = itm_01M3BN28AEDXJ78NS31883QAW8 }
3998	1586	MoveCommand { Actor = chr_01M3BMW7KN54EKH8FFGFYWVYVF, Intent = MoveIntent { DirXPermille = 875, DirZPermille = -484, Gait = Run, FacingMdeg = 118931, IsMoving = True } }
4003	1587	MoveCommand { Actor = chr_01M3BMW7KN54EKH8FFGFYWVYVF, Intent = MoveIntent { DirXPermille = 876, DirZPermille = -483, Gait = Run, FacingMdeg = 118886, IsMoving = True } }
4004	1588	MoveCommand { Actor = chr_01M3BMW7KN54EKH8FFGFYWVYVF, Intent = MoveIntent { DirXPermille = 876, DirZPermille = -482, Gait = Run, FacingMdeg = 118839, IsMoving = True } }
4005	1589	MoveCommand { Actor = chr_01M3BMW7KN54EKH8FFGFYWVYVF, Intent = MoveIntent { DirXPermille = 876, DirZPermille = -481, Gait = Run, FacingMdeg = 118780, IsMoving = True } }
4006	1590	MoveCommand { Actor = chr_01M3BMW7KN54EKH8FFGFYWVYVF, Intent = MoveIntent { DirXPermille = 877, DirZPermille = -480, Gait = Run, FacingMdeg = 118703, IsMoving = True } }
4007	1591	MoveCommand { Actor = chr_01M3BMW7KN54EKH8FFGFYWVYVF, Intent = MoveIntent { DirXPermille = 878, DirZPermille = -479, Gait = Run, FacingMdeg = 118605, IsMoving = True } }
4008	1592	MoveCommand { Actor = chr_01M3BMW7KN54EKH8FFGFYWVYVF, Intent = MoveIntent { DirXPermille = 879, DirZPermille = -477, Gait = Run, FacingMdeg = 118482, IsMoving = True } }
4009	1593	MoveCommand { Actor = chr_01M3BMW7KN54EKH8FFGFYWVYVF, Intent = MoveIntent { DirXPermille = 880, DirZPermille = -475, Gait = Run, FacingMdeg = 118329, IsMoving = True } }
4010	1594	MoveCommand { Actor = chr_01M3BMW7KN54EKH8FFGFYWVYVF, Intent = MoveIntent { DirXPermille = 882, DirZPermille = -472, Gait = Run, FacingMdeg = 118146, IsMoving = True } }
4011	1595	MoveCommand { Actor = chr_01M3BMW7KN54EKH8FFGFYWVYVF, Intent = MoveIntent { DirXPermille = 884, DirZPermille = -468, Gait = Run, FacingMdeg = 117931, IsMoving = True } }
4012	1596	MoveCommand { Actor = chr_01M3BMW7KN54EKH8FFGFYWVYVF, Intent = MoveIntent { DirXPermille = 885, DirZPermille = -465, Gait = Run, FacingMdeg = 117696, IsMoving = True } }
4013	1597	MoveCommand { Actor = chr_01M3BMW7KN54EKH8FFGFYWVYVF, Intent = MoveIntent { DirXPermille = 887, DirZPermille = -461, Gait = Run, FacingMdeg = 117464, IsMoving = True } }
4014	1598	MoveCommand { Actor = chr_01M3BMW7KN54EKH8FFGFYWVYVF, Intent = MoveIntent { DirXPermille = 889, DirZPermille = -458, Gait = Run, FacingMdeg = 117264, IsMoving = True } }
4015	1599	MoveCommand { Actor = chr_01M3BMW7KN54EKH8FFGFYWVYVF, Intent = MoveIntent { DirXPermille = 890, DirZPermille = -456, Gait = Run, FacingMdeg = 117138, IsMoving = True } }
4026	1600	MoveCommand { Actor = chr_01M3BMW7KN54EKH8FFGFYWVYVF, Intent = MoveIntent { DirXPermille = 891, DirZPermille = -454, Gait = Run, FacingMdeg = 116988, IsMoving = True } }
4027	1601	MoveCommand { Actor = chr_01M3BMW7KN54EKH8FFGFYWVYVF, Intent = MoveIntent { DirXPermille = 893, DirZPermille = -451, Gait = Run, FacingMdeg = 116792, IsMoving = True } }
4028	1602	MoveCommand { Actor = chr_01M3BMW7KN54EKH8FFGFYWVYVF, Intent = MoveIntent { DirXPermille = 894, DirZPermille = -448, Gait = Run, FacingMdeg = 116597, IsMoving = True } }
4029	1603	MoveCommand { Actor = chr_01M3BMW7KN54EKH8FFGFYWVYVF, Intent = MoveIntent { DirXPermille = 896, DirZPermille = -445, Gait = Run, FacingMdeg = 116403, IsMoving = True } }
4030	1604	MoveCommand { Actor = chr_01M3BMW7KN54EKH8FFGFYWVYVF, Intent = MoveIntent { DirXPermille = 898, DirZPermille = -440, Gait = Run, FacingMdeg = 116128, IsMoving = True } }
4031	1605	MoveCommand { Actor = chr_01M3BMW7KN54EKH8FFGFYWVYVF, Intent = MoveIntent { DirXPermille = 900, DirZPermille = -436, Gait = Run, FacingMdeg = 115858, IsMoving = True } }
4032	1606	MoveCommand { Actor = chr_01M3BMW7KN54EKH8FFGFYWVYVF, Intent = MoveIntent { DirXPermille = 901, DirZPermille = -435, Gait = Run, FacingMdeg = 115764, IsMoving = True } }
4040	1607	MoveCommand { Actor = chr_01M3BMW7KN54EKH8FFGFYWVYVF, Intent = MoveIntent { DirXPermille = 901, DirZPermille = -434, Gait = Run, FacingMdeg = 115752, IsMoving = True } }
4042	1608	MoveCommand { Actor = chr_01M3BMW7KN54EKH8FFGFYWVYVF, Intent = MoveIntent { DirXPermille = 901, DirZPermille = -435, Gait = Run, FacingMdeg = 115755, IsMoving = True } }
4043	1609	MoveCommand { Actor = chr_01M3BMW7KN54EKH8FFGFYWVYVF, Intent = MoveIntent { DirXPermille = 901, DirZPermille = -434, Gait = Run, FacingMdeg = 115753, IsMoving = True } }
4044	1610	MoveCommand { Actor = chr_01M3BMW7KN54EKH8FFGFYWVYVF, Intent = MoveIntent { DirXPermille = 901, DirZPermille = -435, Gait = Run, FacingMdeg = 115755, IsMoving = True } }
4045	1611	MoveCommand { Actor = chr_01M3BMW7KN54EKH8FFGFYWVYVF, Intent = MoveIntent { DirXPermille = 901, DirZPermille = -434, Gait = Run, FacingMdeg = 115753, IsMoving = True } }
4046	1612	MoveCommand { Actor = chr_01M3BMW7KN54EKH8FFGFYWVYVF, Intent = MoveIntent { DirXPermille = 901, DirZPermille = -435, Gait = Run, FacingMdeg = 115755, IsMoving = True } }
4047	1613	MoveCommand { Actor = chr_01M3BMW7KN54EKH8FFGFYWVYVF, Intent = MoveIntent { DirXPermille = 901, DirZPermille = -434, Gait = Run, FacingMdeg = 115753, IsMoving = True } }
4048	1614	MoveCommand { Actor = chr_01M3BMW7KN54EKH8FFGFYWVYVF, Intent = MoveIntent { DirXPermille = 901, DirZPermille = -435, Gait = Run, FacingMdeg = 115754, IsMoving = True } }
4049	1615	MoveCommand { Actor = chr_01M3BMW7KN54EKH8FFGFYWVYVF, Intent = MoveIntent { DirXPermille = 901, DirZPermille = -434, Gait = Run, FacingMdeg = 115753, IsMoving = True } }
4050	1616	MoveCommand { Actor = chr_01M3BMW7KN54EKH8FFGFYWVYVF, Intent = MoveIntent { DirXPermille = 901, DirZPermille = -435, Gait = Run, FacingMdeg = 115754, IsMoving = True } }
4051	1617	MoveCommand { Actor = chr_01M3BMW7KN54EKH8FFGFYWVYVF, Intent = MoveIntent { DirXPermille = 901, DirZPermille = -434, Gait = Run, FacingMdeg = 115752, IsMoving = True } }
4052	1618	MoveCommand { Actor = chr_01M3BMW7KN54EKH8FFGFYWVYVF, Intent = MoveIntent { DirXPermille = 901, DirZPermille = -435, Gait = Run, FacingMdeg = 115754, IsMoving = True } }
4053	1619	MoveCommand { Actor = chr_01M3BMW7KN54EKH8FFGFYWVYVF, Intent = MoveIntent { DirXPermille = 901, DirZPermille = -434, Gait = Run, FacingMdeg = 115752, IsMoving = True } }
4054	1620	MoveCommand { Actor = chr_01M3BMW7KN54EKH8FFGFYWVYVF, Intent = MoveIntent { DirXPermille = 901, DirZPermille = -435, Gait = Run, FacingMdeg = 115754, IsMoving = True } }
4055	1621	MoveCommand { Actor = chr_01M3BMW7KN54EKH8FFGFYWVYVF, Intent = MoveIntent { DirXPermille = 901, DirZPermille = -434, Gait = Run, FacingMdeg = 115752, IsMoving = True } }
4056	1622	MoveCommand { Actor = chr_01M3BMW7KN54EKH8FFGFYWVYVF, Intent = MoveIntent { DirXPermille = 901, DirZPermille = -435, Gait = Run, FacingMdeg = 115754, IsMoving = True } }
4057	1623	MoveCommand { Actor = chr_01M3BMW7KN54EKH8FFGFYWVYVF, Intent = MoveIntent { DirXPermille = 901, DirZPermille = -434, Gait = Run, FacingMdeg = 115752, IsMoving = True } }
4059	1624	MoveCommand { Actor = chr_01M3BMW7KN54EKH8FFGFYWVYVF, Intent = MoveIntent { DirXPermille = 901, DirZPermille = -435, Gait = Run, FacingMdeg = 115755, IsMoving = True } }
4060	1625	MoveCommand { Actor = chr_01M3BMW7KN54EKH8FFGFYWVYVF, Intent = MoveIntent { DirXPermille = 901, DirZPermille = -434, Gait = Run, FacingMdeg = 115753, IsMoving = True } }
4061	1626	MoveCommand { Actor = chr_01M3BMW7KN54EKH8FFGFYWVYVF, Intent = MoveIntent { DirXPermille = 901, DirZPermille = -435, Gait = Run, FacingMdeg = 115755, IsMoving = True } }
4062	1627	MoveCommand { Actor = chr_01M3BMW7KN54EKH8FFGFYWVYVF, Intent = MoveIntent { DirXPermille = 901, DirZPermille = -434, Gait = Run, FacingMdeg = 115753, IsMoving = True } }
4063	1628	MoveCommand { Actor = chr_01M3BMW7KN54EKH8FFGFYWVYVF, Intent = MoveIntent { DirXPermille = 901, DirZPermille = -435, Gait = Run, FacingMdeg = 115755, IsMoving = True } }
4064	1629	MoveCommand { Actor = chr_01M3BMW7KN54EKH8FFGFYWVYVF, Intent = MoveIntent { DirXPermille = 901, DirZPermille = -434, Gait = Run, FacingMdeg = 115753, IsMoving = True } }
4065	1630	MoveCommand { Actor = chr_01M3BMW7KN54EKH8FFGFYWVYVF, Intent = MoveIntent { DirXPermille = 901, DirZPermille = -435, Gait = Run, FacingMdeg = 115754, IsMoving = True } }
4066	1631	MoveCommand { Actor = chr_01M3BMW7KN54EKH8FFGFYWVYVF, Intent = MoveIntent { DirXPermille = 901, DirZPermille = -434, Gait = Run, FacingMdeg = 115752, IsMoving = True } }
4067	1632	MoveCommand { Actor = chr_01M3BMW7KN54EKH8FFGFYWVYVF, Intent = MoveIntent { DirXPermille = 901, DirZPermille = -435, Gait = Run, FacingMdeg = 115754, IsMoving = True } }
4068	1633	MoveCommand { Actor = chr_01M3BMW7KN54EKH8FFGFYWVYVF, Intent = MoveIntent { DirXPermille = 901, DirZPermille = -434, Gait = Run, FacingMdeg = 115752, IsMoving = True } }
4069	1634	MoveCommand { Actor = chr_01M3BMW7KN54EKH8FFGFYWVYVF, Intent = MoveIntent { DirXPermille = 901, DirZPermille = -435, Gait = Run, FacingMdeg = 115754, IsMoving = True } }
4070	1635	MoveCommand { Actor = chr_01M3BMW7KN54EKH8FFGFYWVYVF, Intent = MoveIntent { DirXPermille = 901, DirZPermille = -434, Gait = Run, FacingMdeg = 115752, IsMoving = True } }
4071	1636	MoveCommand { Actor = chr_01M3BMW7KN54EKH8FFGFYWVYVF, Intent = MoveIntent { DirXPermille = 901, DirZPermille = -435, Gait = Run, FacingMdeg = 115754, IsMoving = True } }
4072	1637	MoveCommand { Actor = chr_01M3BMW7KN54EKH8FFGFYWVYVF, Intent = MoveIntent { DirXPermille = 901, DirZPermille = -434, Gait = Run, FacingMdeg = 115751, IsMoving = True } }
4074	1638	MoveCommand { Actor = chr_01M3BMW7KN54EKH8FFGFYWVYVF, Intent = MoveIntent { DirXPermille = 901, DirZPermille = -435, Gait = Run, FacingMdeg = 115755, IsMoving = True } }
4075	1639	MoveCommand { Actor = chr_01M3BMW7KN54EKH8FFGFYWVYVF, Intent = MoveIntent { DirXPermille = 901, DirZPermille = -434, Gait = Run, FacingMdeg = 115753, IsMoving = True } }
4076	1640	MoveCommand { Actor = chr_01M3BMW7KN54EKH8FFGFYWVYVF, Intent = MoveIntent { DirXPermille = 901, DirZPermille = -435, Gait = Run, FacingMdeg = 115755, IsMoving = True } }
4077	1641	MoveCommand { Actor = chr_01M3BMW7KN54EKH8FFGFYWVYVF, Intent = MoveIntent { DirXPermille = 901, DirZPermille = -434, Gait = Run, FacingMdeg = 115753, IsMoving = True } }
4078	1642	MoveCommand { Actor = chr_01M3BMW7KN54EKH8FFGFYWVYVF, Intent = MoveIntent { DirXPermille = 901, DirZPermille = -435, Gait = Run, FacingMdeg = 115755, IsMoving = True } }
4079	1643	MoveCommand { Actor = chr_01M3BMW7KN54EKH8FFGFYWVYVF, Intent = MoveIntent { DirXPermille = 901, DirZPermille = -434, Gait = Run, FacingMdeg = 115752, IsMoving = True } }
4080	1644	MoveCommand { Actor = chr_01M3BMW7KN54EKH8FFGFYWVYVF, Intent = MoveIntent { DirXPermille = 901, DirZPermille = -435, Gait = Run, FacingMdeg = 115755, IsMoving = True } }
4081	1645	MoveCommand { Actor = chr_01M3BMW7KN54EKH8FFGFYWVYVF, Intent = MoveIntent { DirXPermille = 901, DirZPermille = -434, Gait = Run, FacingMdeg = 115752, IsMoving = True } }
4082	1646	MoveCommand { Actor = chr_01M3BMW7KN54EKH8FFGFYWVYVF, Intent = MoveIntent { DirXPermille = 901, DirZPermille = -435, Gait = Run, FacingMdeg = 115754, IsMoving = True } }
4083	1647	MoveCommand { Actor = chr_01M3BMW7KN54EKH8FFGFYWVYVF, Intent = MoveIntent { DirXPermille = 901, DirZPermille = -434, Gait = Run, FacingMdeg = 115752, IsMoving = True } }
4084	1648	MoveCommand { Actor = chr_01M3BMW7KN54EKH8FFGFYWVYVF, Intent = MoveIntent { DirXPermille = 901, DirZPermille = -435, Gait = Run, FacingMdeg = 115754, IsMoving = True } }
4085	1649	MoveCommand { Actor = chr_01M3BMW7KN54EKH8FFGFYWVYVF, Intent = MoveIntent { DirXPermille = 901, DirZPermille = -434, Gait = Run, FacingMdeg = 115751, IsMoving = True } }
4086	1650	MoveCommand { Actor = chr_01M3BMW7KN54EKH8FFGFYWVYVF, Intent = MoveIntent { DirXPermille = 901, DirZPermille = -435, Gait = Run, FacingMdeg = 115754, IsMoving = True } }
4087	1651	MoveCommand { Actor = chr_01M3BMW7KN54EKH8FFGFYWVYVF, Intent = MoveIntent { DirXPermille = 901, DirZPermille = -434, Gait = Run, FacingMdeg = 115751, IsMoving = True } }
4089	1652	MoveCommand { Actor = chr_01M3BMW7KN54EKH8FFGFYWVYVF, Intent = MoveIntent { DirXPermille = 901, DirZPermille = -435, Gait = Run, FacingMdeg = 115756, IsMoving = True } }
4090	1653	MoveCommand { Actor = chr_01M3BMW7KN54EKH8FFGFYWVYVF, Intent = MoveIntent { DirXPermille = 901, DirZPermille = -434, Gait = Run, FacingMdeg = 115753, IsMoving = True } }
4091	1654	MoveCommand { Actor = chr_01M3BMW7KN54EKH8FFGFYWVYVF, Intent = MoveIntent { DirXPermille = 901, DirZPermille = -435, Gait = Run, FacingMdeg = 115756, IsMoving = True } }
4092	1655	MoveCommand { Actor = chr_01M3BMW7KN54EKH8FFGFYWVYVF, Intent = MoveIntent { DirXPermille = 901, DirZPermille = -434, Gait = Run, FacingMdeg = 115753, IsMoving = True } }
4093	1656	MoveCommand { Actor = chr_01M3BMW7KN54EKH8FFGFYWVYVF, Intent = MoveIntent { DirXPermille = 901, DirZPermille = -435, Gait = Run, FacingMdeg = 115755, IsMoving = True } }
4094	1657	MoveCommand { Actor = chr_01M3BMW7KN54EKH8FFGFYWVYVF, Intent = MoveIntent { DirXPermille = 901, DirZPermille = -434, Gait = Run, FacingMdeg = 115752, IsMoving = True } }
4095	1658	MoveCommand { Actor = chr_01M3BMW7KN54EKH8FFGFYWVYVF, Intent = MoveIntent { DirXPermille = 901, DirZPermille = -435, Gait = Run, FacingMdeg = 115755, IsMoving = True } }
4096	1659	MoveCommand { Actor = chr_01M3BMW7KN54EKH8FFGFYWVYVF, Intent = MoveIntent { DirXPermille = 901, DirZPermille = -434, Gait = Run, FacingMdeg = 115752, IsMoving = True } }
4097	1660	MoveCommand { Actor = chr_01M3BMW7KN54EKH8FFGFYWVYVF, Intent = MoveIntent { DirXPermille = 901, DirZPermille = -435, Gait = Run, FacingMdeg = 115755, IsMoving = True } }
4098	1661	MoveCommand { Actor = chr_01M3BMW7KN54EKH8FFGFYWVYVF, Intent = MoveIntent { DirXPermille = 901, DirZPermille = -434, Gait = Run, FacingMdeg = 115751, IsMoving = True } }
4099	1662	MoveCommand { Actor = chr_01M3BMW7KN54EKH8FFGFYWVYVF, Intent = MoveIntent { DirXPermille = 901, DirZPermille = -435, Gait = Run, FacingMdeg = 115754, IsMoving = True } }
4100	1663	MoveCommand { Actor = chr_01M3BMW7KN54EKH8FFGFYWVYVF, Intent = MoveIntent { DirXPermille = 901, DirZPermille = -434, Gait = Run, FacingMdeg = 115751, IsMoving = True } }
4101	1664	MoveCommand { Actor = chr_01M3BMW7KN54EKH8FFGFYWVYVF, Intent = MoveIntent { DirXPermille = 901, DirZPermille = -435, Gait = Run, FacingMdeg = 115754, IsMoving = True } }
4102	1665	MoveCommand { Actor = chr_01M3BMW7KN54EKH8FFGFYWVYVF, Intent = MoveIntent { DirXPermille = 901, DirZPermille = -434, Gait = Run, FacingMdeg = 115750, IsMoving = True } }
4103	1666	MoveCommand { Actor = chr_01M3BMW7KN54EKH8FFGFYWVYVF, Intent = MoveIntent { DirXPermille = 901, DirZPermille = -435, Gait = Run, FacingMdeg = 115754, IsMoving = True } }
4104	1667	MoveCommand { Actor = chr_01M3BMW7KN54EKH8FFGFYWVYVF, Intent = MoveIntent { DirXPermille = 901, DirZPermille = -434, Gait = Run, FacingMdeg = 115750, IsMoving = True } }
4106	1668	MoveCommand { Actor = chr_01M3BMW7KN54EKH8FFGFYWVYVF, Intent = MoveIntent { DirXPermille = 901, DirZPermille = -435, Gait = Run, FacingMdeg = 115757, IsMoving = True } }
4107	1669	MoveCommand { Actor = chr_01M3BMW7KN54EKH8FFGFYWVYVF, Intent = MoveIntent { DirXPermille = 901, DirZPermille = -434, Gait = Run, FacingMdeg = 115753, IsMoving = True } }
4108	1670	MoveCommand { Actor = chr_01M3BMW7KN54EKH8FFGFYWVYVF, Intent = MoveIntent { DirXPermille = 901, DirZPermille = -435, Gait = Run, FacingMdeg = 115756, IsMoving = True } }
4109	1671	MoveCommand { Actor = chr_01M3BMW7KN54EKH8FFGFYWVYVF, Intent = MoveIntent { DirXPermille = 901, DirZPermille = -434, Gait = Run, FacingMdeg = 115752, IsMoving = True } }
4110	1672	MoveCommand { Actor = chr_01M3BMW7KN54EKH8FFGFYWVYVF, Intent = MoveIntent { DirXPermille = 901, DirZPermille = -435, Gait = Run, FacingMdeg = 115756, IsMoving = True } }
4111	1673	MoveCommand { Actor = chr_01M3BMW7KN54EKH8FFGFYWVYVF, Intent = MoveIntent { DirXPermille = 901, DirZPermille = -434, Gait = Run, FacingMdeg = 115751, IsMoving = True } }
4112	1674	MoveCommand { Actor = chr_01M3BMW7KN54EKH8FFGFYWVYVF, Intent = MoveIntent { DirXPermille = 901, DirZPermille = -435, Gait = Run, FacingMdeg = 115756, IsMoving = True } }
4113	1675	MoveCommand { Actor = chr_01M3BMW7KN54EKH8FFGFYWVYVF, Intent = MoveIntent { DirXPermille = 901, DirZPermille = -434, Gait = Run, FacingMdeg = 115751, IsMoving = True } }
4114	1676	MoveCommand { Actor = chr_01M3BMW7KN54EKH8FFGFYWVYVF, Intent = MoveIntent { DirXPermille = 901, DirZPermille = -435, Gait = Run, FacingMdeg = 115755, IsMoving = True } }
4115	1677	MoveCommand { Actor = chr_01M3BMW7KN54EKH8FFGFYWVYVF, Intent = MoveIntent { DirXPermille = 901, DirZPermille = -434, Gait = Run, FacingMdeg = 115750, IsMoving = True } }
4116	1678	MoveCommand { Actor = chr_01M3BMW7KN54EKH8FFGFYWVYVF, Intent = MoveIntent { DirXPermille = 901, DirZPermille = -435, Gait = Run, FacingMdeg = 115754, IsMoving = True } }
4117	1679	MoveCommand { Actor = chr_01M3BMW7KN54EKH8FFGFYWVYVF, Intent = MoveIntent { DirXPermille = 901, DirZPermille = -434, Gait = Run, FacingMdeg = 115749, IsMoving = True } }
4118	1680	MoveCommand { Actor = chr_01M3BMW7KN54EKH8FFGFYWVYVF, Intent = MoveIntent { DirXPermille = 901, DirZPermille = -435, Gait = Run, FacingMdeg = 115754, IsMoving = True } }
4119	1681	MoveCommand { Actor = chr_01M3BMW7KN54EKH8FFGFYWVYVF, Intent = MoveIntent { DirXPermille = 901, DirZPermille = -434, Gait = Run, FacingMdeg = 115748, IsMoving = True } }
4121	1682	MoveCommand { Actor = chr_01M3BMW7KN54EKH8FFGFYWVYVF, Intent = MoveIntent { DirXPermille = 901, DirZPermille = -435, Gait = Run, FacingMdeg = 115759, IsMoving = True } }
4122	1683	MoveCommand { Actor = chr_01M3BMW7KN54EKH8FFGFYWVYVF, Intent = MoveIntent { DirXPermille = 901, DirZPermille = -434, Gait = Run, FacingMdeg = 115752, IsMoving = True } }
4123	1684	MoveCommand { Actor = chr_01M3BMW7KN54EKH8FFGFYWVYVF, Intent = MoveIntent { DirXPermille = 901, DirZPermille = -435, Gait = Run, FacingMdeg = 115758, IsMoving = True } }
4124	1685	MoveCommand { Actor = chr_01M3BMW7KN54EKH8FFGFYWVYVF, Intent = MoveIntent { DirXPermille = 901, DirZPermille = -434, Gait = Run, FacingMdeg = 115751, IsMoving = True } }
4125	1686	MoveCommand { Actor = chr_01M3BMW7KN54EKH8FFGFYWVYVF, Intent = MoveIntent { DirXPermille = 901, DirZPermille = -435, Gait = Run, FacingMdeg = 115758, IsMoving = True } }
4126	1687	MoveCommand { Actor = chr_01M3BMW7KN54EKH8FFGFYWVYVF, Intent = MoveIntent { DirXPermille = 901, DirZPermille = -434, Gait = Run, FacingMdeg = 115750, IsMoving = True } }
4127	1688	MoveCommand { Actor = chr_01M3BMW7KN54EKH8FFGFYWVYVF, Intent = MoveIntent { DirXPermille = 901, DirZPermille = -435, Gait = Run, FacingMdeg = 115757, IsMoving = True } }
4128	1689	MoveCommand { Actor = chr_01M3BMW7KN54EKH8FFGFYWVYVF, Intent = MoveIntent { DirXPermille = 901, DirZPermille = -434, Gait = Run, FacingMdeg = 115749, IsMoving = True } }
4129	1690	MoveCommand { Actor = chr_01M3BMW7KN54EKH8FFGFYWVYVF, Intent = MoveIntent { DirXPermille = 901, DirZPermille = -435, Gait = Run, FacingMdeg = 115757, IsMoving = True } }
4130	1691	MoveCommand { Actor = chr_01M3BMW7KN54EKH8FFGFYWVYVF, Intent = MoveIntent { DirXPermille = 901, DirZPermille = -434, Gait = Run, FacingMdeg = 115747, IsMoving = True } }
4131	1692	MoveCommand { Actor = chr_01M3BMW7KN54EKH8FFGFYWVYVF, Intent = MoveIntent { DirXPermille = 901, DirZPermille = -435, Gait = Run, FacingMdeg = 115756, IsMoving = True } }
4132	1693	MoveCommand { Actor = chr_01M3BMW7KN54EKH8FFGFYWVYVF, Intent = MoveIntent { DirXPermille = 901, DirZPermille = -434, Gait = Run, FacingMdeg = 115745, IsMoving = True } }
4133	1694	MoveCommand { Actor = chr_01M3BMW7KN54EKH8FFGFYWVYVF, Intent = MoveIntent { DirXPermille = 901, DirZPermille = -435, Gait = Run, FacingMdeg = 115755, IsMoving = True } }
4134	1695	MoveCommand { Actor = chr_01M3BMW7KN54EKH8FFGFYWVYVF, Intent = MoveIntent { DirXPermille = 901, DirZPermille = -434, Gait = Run, FacingMdeg = 115743, IsMoving = True } }
4136	1696	MoveCommand { Actor = chr_01M3BMW7KN54EKH8FFGFYWVYVF, Intent = MoveIntent { DirXPermille = 901, DirZPermille = -435, Gait = Run, FacingMdeg = 115766, IsMoving = True } }
4137	1697	MoveCommand { Actor = chr_01M3BMW7KN54EKH8FFGFYWVYVF, Intent = MoveIntent { DirXPermille = 901, DirZPermille = -434, Gait = Run, FacingMdeg = 115751, IsMoving = True } }
4138	1698	MoveCommand { Actor = chr_01M3BMW7KN54EKH8FFGFYWVYVF, Intent = MoveIntent { DirXPermille = 901, DirZPermille = -435, Gait = Run, FacingMdeg = 115766, IsMoving = True } }
4139	1699	MoveCommand { Actor = chr_01M3BMW7KN54EKH8FFGFYWVYVF, Intent = MoveIntent { DirXPermille = 901, DirZPermille = -434, Gait = Run, FacingMdeg = 115749, IsMoving = True } }
4140	1700	MoveCommand { Actor = chr_01M3BMW7KN54EKH8FFGFYWVYVF, Intent = MoveIntent { DirXPermille = 901, DirZPermille = -435, Gait = Run, FacingMdeg = 115767, IsMoving = True } }
4141	1701	MoveCommand { Actor = chr_01M3BMW7KN54EKH8FFGFYWVYVF, Intent = MoveIntent { DirXPermille = 901, DirZPermille = -434, Gait = Run, FacingMdeg = 115745, IsMoving = True } }
4142	1702	MoveCommand { Actor = chr_01M3BMW7KN54EKH8FFGFYWVYVF, Intent = MoveIntent { DirXPermille = 901, DirZPermille = -435, Gait = Run, FacingMdeg = 115768, IsMoving = True } }
4143	1703	MoveCommand { Actor = chr_01M3BMW7KN54EKH8FFGFYWVYVF, Intent = MoveIntent { DirXPermille = 901, DirZPermille = -434, Gait = Run, FacingMdeg = 115737, IsMoving = True } }
4144	1704	MoveCommand { Actor = chr_01M3BMW7KN54EKH8FFGFYWVYVF, Intent = MoveIntent { DirXPermille = 901, DirZPermille = -435, Gait = Run, FacingMdeg = 115769, IsMoving = True } }
4145	1705	MoveCommand { Actor = chr_01M3BMW7KN54EKH8FFGFYWVYVF, Intent = MoveIntent { DirXPermille = 901, DirZPermille = -434, Gait = Run, FacingMdeg = 115721, IsMoving = True } }
4147	1706	MoveCommand { Actor = chr_01M3BMW7KN54EKH8FFGFYWVYVF, Intent = MoveIntent { DirXPermille = 966, DirZPermille = -260, Gait = Run, FacingMdeg = 105068, IsMoving = True } }
4170	1707	MoveCommand { Actor = chr_01M3BMW7KN54EKH8FFGFYWVYVF, Intent = MoveIntent { DirXPermille = 966, DirZPermille = -259, Gait = Run, FacingMdeg = 105039, IsMoving = True } }
4171	1708	MoveCommand { Actor = chr_01M3BMW7KN54EKH8FFGFYWVYVF, Intent = MoveIntent { DirXPermille = 966, DirZPermille = -260, Gait = Run, FacingMdeg = 105042, IsMoving = True } }
4173	1709	MoveCommand { Actor = chr_01M3BMW7KN54EKH8FFGFYWVYVF, Intent = MoveIntent { DirXPermille = 966, DirZPermille = -259, Gait = Run, FacingMdeg = 105039, IsMoving = True } }
4174	1710	MoveCommand { Actor = chr_01M3BMW7KN54EKH8FFGFYWVYVF, Intent = MoveIntent { DirXPermille = 966, DirZPermille = -260, Gait = Run, FacingMdeg = 105042, IsMoving = True } }
4176	1711	MoveCommand { Actor = chr_01M3BMW7KN54EKH8FFGFYWVYVF, Intent = MoveIntent { DirXPermille = 966, DirZPermille = -259, Gait = Run, FacingMdeg = 105039, IsMoving = True } }
4177	1712	MoveCommand { Actor = chr_01M3BMW7KN54EKH8FFGFYWVYVF, Intent = MoveIntent { DirXPermille = 966, DirZPermille = -260, Gait = Run, FacingMdeg = 105042, IsMoving = True } }
4178	1713	MoveCommand { Actor = chr_01M3BMW7KN54EKH8FFGFYWVYVF, Intent = MoveIntent { DirXPermille = 966, DirZPermille = -259, Gait = Run, FacingMdeg = 105040, IsMoving = True } }
4179	1714	MoveCommand { Actor = chr_01M3BMW7KN54EKH8FFGFYWVYVF, Intent = MoveIntent { DirXPermille = 966, DirZPermille = -260, Gait = Run, FacingMdeg = 105044, IsMoving = True } }
4181	1715	MoveCommand { Actor = chr_01M3BMW7KN54EKH8FFGFYWVYVF, Intent = MoveIntent { DirXPermille = 966, DirZPermille = -259, Gait = Run, FacingMdeg = 105040, IsMoving = True } }
4182	1716	MoveCommand { Actor = chr_01M3BMW7KN54EKH8FFGFYWVYVF, Intent = MoveIntent { DirXPermille = 966, DirZPermille = -260, Gait = Run, FacingMdeg = 105044, IsMoving = True } }
4184	1717	MoveCommand { Actor = chr_01M3BMW7KN54EKH8FFGFYWVYVF, Intent = MoveIntent { DirXPermille = 966, DirZPermille = -259, Gait = Run, FacingMdeg = 105040, IsMoving = True } }
4185	1718	MoveCommand { Actor = chr_01M3BMW7KN54EKH8FFGFYWVYVF, Intent = MoveIntent { DirXPermille = 966, DirZPermille = -260, Gait = Run, FacingMdeg = 105043, IsMoving = True } }
4187	1719	MoveCommand { Actor = chr_01M3BMW7KN54EKH8FFGFYWVYVF, Intent = MoveIntent { DirXPermille = 966, DirZPermille = -259, Gait = Run, FacingMdeg = 105039, IsMoving = True } }
4188	1720	MoveCommand { Actor = chr_01M3BMW7KN54EKH8FFGFYWVYVF, Intent = MoveIntent { DirXPermille = 966, DirZPermille = -260, Gait = Run, FacingMdeg = 105043, IsMoving = True } }
4190	1721	MoveCommand { Actor = chr_01M3BMW7KN54EKH8FFGFYWVYVF, Intent = MoveIntent { DirXPermille = 966, DirZPermille = -259, Gait = Run, FacingMdeg = 105039, IsMoving = True } }
4191	1722	MoveCommand { Actor = chr_01M3BMW7KN54EKH8FFGFYWVYVF, Intent = MoveIntent { DirXPermille = 966, DirZPermille = -260, Gait = Run, FacingMdeg = 105043, IsMoving = True } }
4193	1723	MoveCommand { Actor = chr_01M3BMW7KN54EKH8FFGFYWVYVF, Intent = MoveIntent { DirXPermille = 966, DirZPermille = -259, Gait = Run, FacingMdeg = 105039, IsMoving = True } }
4194	1724	MoveCommand { Actor = chr_01M3BMW7KN54EKH8FFGFYWVYVF, Intent = MoveIntent { DirXPermille = 966, DirZPermille = -260, Gait = Run, FacingMdeg = 105043, IsMoving = True } }
4196	1725	MoveCommand { Actor = chr_01M3BMW7KN54EKH8FFGFYWVYVF, Intent = MoveIntent { DirXPermille = 966, DirZPermille = -259, Gait = Run, FacingMdeg = 105038, IsMoving = True } }
4197	1726	MoveCommand { Actor = chr_01M3BMW7KN54EKH8FFGFYWVYVF, Intent = MoveIntent { DirXPermille = 966, DirZPermille = -260, Gait = Run, FacingMdeg = 105043, IsMoving = True } }
4198	1727	MoveCommand { Actor = chr_01M3BMW7KN54EKH8FFGFYWVYVF, Intent = MoveIntent { DirXPermille = 966, DirZPermille = -259, Gait = Run, FacingMdeg = 105040, IsMoving = True } }
4199	1728	MoveCommand { Actor = chr_01M3BMW7KN54EKH8FFGFYWVYVF, Intent = MoveIntent { DirXPermille = 966, DirZPermille = -260, Gait = Run, FacingMdeg = 105045, IsMoving = True } }
4201	1729	MoveCommand { Actor = chr_01M3BMW7KN54EKH8FFGFYWVYVF, Intent = MoveIntent { DirXPermille = 966, DirZPermille = -259, Gait = Run, FacingMdeg = 105040, IsMoving = True } }
4202	1730	MoveCommand { Actor = chr_01M3BMW7KN54EKH8FFGFYWVYVF, Intent = MoveIntent { DirXPermille = 966, DirZPermille = -260, Gait = Run, FacingMdeg = 105045, IsMoving = True } }
4204	1731	MoveCommand { Actor = chr_01M3BMW7KN54EKH8FFGFYWVYVF, Intent = MoveIntent { DirXPermille = 966, DirZPermille = -259, Gait = Run, FacingMdeg = 105039, IsMoving = True } }
4205	1732	MoveCommand { Actor = chr_01M3BMW7KN54EKH8FFGFYWVYVF, Intent = MoveIntent { DirXPermille = 966, DirZPermille = -260, Gait = Run, FacingMdeg = 105045, IsMoving = True } }
4207	1733	MoveCommand { Actor = chr_01M3BMW7KN54EKH8FFGFYWVYVF, Intent = MoveIntent { DirXPermille = 966, DirZPermille = -259, Gait = Run, FacingMdeg = 105039, IsMoving = True } }
4208	1734	MoveCommand { Actor = chr_01M3BMW7KN54EKH8FFGFYWVYVF, Intent = MoveIntent { DirXPermille = 966, DirZPermille = -260, Gait = Run, FacingMdeg = 105045, IsMoving = True } }
4210	1735	MoveCommand { Actor = chr_01M3BMW7KN54EKH8FFGFYWVYVF, Intent = MoveIntent { DirXPermille = 966, DirZPermille = -259, Gait = Run, FacingMdeg = 105038, IsMoving = True } }
4211	1736	MoveCommand { Actor = chr_01M3BMW7KN54EKH8FFGFYWVYVF, Intent = MoveIntent { DirXPermille = 966, DirZPermille = -260, Gait = Run, FacingMdeg = 105045, IsMoving = True } }
4213	1737	MoveCommand { Actor = chr_01M3BMW7KN54EKH8FFGFYWVYVF, Intent = MoveIntent { DirXPermille = 966, DirZPermille = -259, Gait = Run, FacingMdeg = 105037, IsMoving = True } }
4214	1738	MoveCommand { Actor = chr_01M3BMW7KN54EKH8FFGFYWVYVF, Intent = MoveIntent { DirXPermille = 966, DirZPermille = -260, Gait = Run, FacingMdeg = 105044, IsMoving = True } }
4216	1739	MoveCommand { Actor = chr_01M3BMW7KN54EKH8FFGFYWVYVF, Intent = MoveIntent { DirXPermille = 966, DirZPermille = -259, Gait = Run, FacingMdeg = 105036, IsMoving = True } }
4217	1740	MoveCommand { Actor = chr_01M3BMW7KN54EKH8FFGFYWVYVF, Intent = MoveIntent { DirXPermille = 966, DirZPermille = -260, Gait = Run, FacingMdeg = 105044, IsMoving = True } }
4218	1741	MoveCommand { Actor = chr_01M3BMW7KN54EKH8FFGFYWVYVF, Intent = MoveIntent { DirXPermille = 966, DirZPermille = -259, Gait = Run, FacingMdeg = 105040, IsMoving = True } }
4219	1742	MoveCommand { Actor = chr_01M3BMW7KN54EKH8FFGFYWVYVF, Intent = MoveIntent { DirXPermille = 966, DirZPermille = -260, Gait = Run, FacingMdeg = 105049, IsMoving = True } }
4221	1743	MoveCommand { Actor = chr_01M3BMW7KN54EKH8FFGFYWVYVF, Intent = MoveIntent { DirXPermille = 966, DirZPermille = -259, Gait = Run, FacingMdeg = 105039, IsMoving = True } }
4222	1744	MoveCommand { Actor = chr_01M3BMW7KN54EKH8FFGFYWVYVF, Intent = MoveIntent { DirXPermille = 966, DirZPermille = -260, Gait = Run, FacingMdeg = 105049, IsMoving = True } }
4224	1745	MoveCommand { Actor = chr_01M3BMW7KN54EKH8FFGFYWVYVF, Intent = MoveIntent { DirXPermille = 966, DirZPermille = -259, Gait = Run, FacingMdeg = 105038, IsMoving = True } }
4225	1746	MoveCommand { Actor = chr_01M3BMW7KN54EKH8FFGFYWVYVF, Intent = MoveIntent { DirXPermille = 966, DirZPermille = -260, Gait = Run, FacingMdeg = 105049, IsMoving = True } }
4227	1747	MoveCommand { Actor = chr_01M3BMW7KN54EKH8FFGFYWVYVF, Intent = MoveIntent { DirXPermille = 966, DirZPermille = -259, Gait = Run, FacingMdeg = 105037, IsMoving = True } }
4228	1748	MoveCommand { Actor = chr_01M3BMW7KN54EKH8FFGFYWVYVF, Intent = MoveIntent { DirXPermille = 966, DirZPermille = -260, Gait = Run, FacingMdeg = 105050, IsMoving = True } }
4230	1749	MoveCommand { Actor = chr_01M3BMW7KN54EKH8FFGFYWVYVF, Intent = MoveIntent { DirXPermille = 966, DirZPermille = -259, Gait = Run, FacingMdeg = 105035, IsMoving = True } }
4231	1750	MoveCommand { Actor = chr_01M3BMW7KN54EKH8FFGFYWVYVF, Intent = MoveIntent { DirXPermille = 966, DirZPermille = -260, Gait = Run, FacingMdeg = 105050, IsMoving = True } }
4233	1751	MoveCommand { Actor = chr_01M3BMW7KN54EKH8FFGFYWVYVF, Intent = MoveIntent { DirXPermille = 966, DirZPermille = -259, Gait = Run, FacingMdeg = 105032, IsMoving = True } }
4234	1752	MoveCommand { Actor = chr_01M3BMW7KN54EKH8FFGFYWVYVF, Intent = MoveIntent { DirXPermille = 966, DirZPermille = -260, Gait = Run, FacingMdeg = 105051, IsMoving = True } }
4236	1753	MoveCommand { Actor = chr_01M3BMW7KN54EKH8FFGFYWVYVF, Intent = MoveIntent { DirXPermille = 966, DirZPermille = -259, Gait = Run, FacingMdeg = 105027, IsMoving = True } }
4237	1754	MoveCommand { Actor = chr_01M3BMW7KN54EKH8FFGFYWVYVF, Intent = MoveIntent { DirXPermille = 966, DirZPermille = -260, Gait = Run, FacingMdeg = 105053, IsMoving = True } }
4238	1755	MoveCommand { Actor = chr_01M3BMW7KN54EKH8FFGFYWVYVF, Intent = MoveIntent { DirXPermille = 966, DirZPermille = -259, Gait = Run, FacingMdeg = 105038, IsMoving = True } }
4239	1756	MoveCommand { Actor = chr_01M3BMW7KN54EKH8FFGFYWVYVF, Intent = MoveIntent { DirXPermille = 966, DirZPermille = -260, Gait = Run, FacingMdeg = 105075, IsMoving = True } }
4241	1757	MoveCommand { Actor = chr_01M3BMW7KN54EKH8FFGFYWVYVF, Intent = MoveIntent { DirXPermille = 966, DirZPermille = -259, Gait = Run, FacingMdeg = 105031, IsMoving = True } }
4243	1758	MoveCommand { Actor = chr_01M3BMW7KN54EKH8FFGFYWVYVF, Intent = MoveIntent { DirXPermille = 712, DirZPermille = -702, Gait = Run, FacingMdeg = 134593, IsMoving = True } }
4279	1759	MoveCommand { Actor = chr_01M3BMW7KN54EKH8FFGFYWVYVF, Intent = MoveIntent { DirXPermille = 712, DirZPermille = -703, Gait = Run, FacingMdeg = 134629, IsMoving = True } }
4289	1760	MoveCommand { Actor = chr_01M3BMW7KN54EKH8FFGFYWVYVF, Intent = MoveIntent { DirXPermille = 711, DirZPermille = -703, Gait = Run, FacingMdeg = 134644, IsMoving = True } }
4316	1761	MoveCommand { Actor = chr_01M3BMW7KN54EKH8FFGFYWVYVF, Intent = MoveIntent { DirXPermille = 711, DirZPermille = -704, Gait = Run, FacingMdeg = 134711, IsMoving = True } }
4321	1762	MoveCommand { Actor = chr_01M3BMW7KN54EKH8FFGFYWVYVF, Intent = MoveIntent { DirXPermille = 711, DirZPermille = -703, Gait = Run, FacingMdeg = 134708, IsMoving = True } }
4322	1763	MoveCommand { Actor = chr_01M3BMW7KN54EKH8FFGFYWVYVF, Intent = MoveIntent { DirXPermille = 711, DirZPermille = -704, Gait = Run, FacingMdeg = 134712, IsMoving = True } }
4327	1764	MoveCommand { Actor = chr_01M3BMW7KN54EKH8FFGFYWVYVF, Intent = MoveIntent { DirXPermille = 711, DirZPermille = -703, Gait = Run, FacingMdeg = 134708, IsMoving = True } }
4328	1765	MoveCommand { Actor = chr_01M3BMW7KN54EKH8FFGFYWVYVF, Intent = MoveIntent { DirXPermille = 711, DirZPermille = -704, Gait = Run, FacingMdeg = 134712, IsMoving = True } }
4333	1766	MoveCommand { Actor = chr_01M3BMW7KN54EKH8FFGFYWVYVF, Intent = MoveIntent { DirXPermille = 711, DirZPermille = -703, Gait = Run, FacingMdeg = 134708, IsMoving = True } }
4334	1767	MoveCommand { Actor = chr_01M3BMW7KN54EKH8FFGFYWVYVF, Intent = MoveIntent { DirXPermille = 711, DirZPermille = -704, Gait = Run, FacingMdeg = 134713, IsMoving = True } }
4340	1768	MoveCommand { Actor = chr_01M3BMW7KN54EKH8FFGFYWVYVF, Intent = MoveIntent { DirXPermille = 711, DirZPermille = -703, Gait = Run, FacingMdeg = 134708, IsMoving = True } }
4341	1769	MoveCommand { Actor = chr_01M3BMW7KN54EKH8FFGFYWVYVF, Intent = MoveIntent { DirXPermille = 711, DirZPermille = -704, Gait = Run, FacingMdeg = 134714, IsMoving = True } }
4346	1770	MoveCommand { Actor = chr_01M3BMW7KN54EKH8FFGFYWVYVF, Intent = MoveIntent { DirXPermille = 711, DirZPermille = -703, Gait = Run, FacingMdeg = 134708, IsMoving = True } }
4347	1771	MoveCommand { Actor = chr_01M3BMW7KN54EKH8FFGFYWVYVF, Intent = MoveIntent { DirXPermille = 711, DirZPermille = -704, Gait = Run, FacingMdeg = 134716, IsMoving = True } }
4353	1772	MoveCommand { Actor = chr_01M3BMW7KN54EKH8FFGFYWVYVF, Intent = MoveIntent { DirXPermille = 711, DirZPermille = -703, Gait = Run, FacingMdeg = 134708, IsMoving = True } }
4354	1773	MoveCommand { Actor = chr_01M3BMW7KN54EKH8FFGFYWVYVF, Intent = MoveIntent { DirXPermille = 711, DirZPermille = -704, Gait = Run, FacingMdeg = 134717, IsMoving = True } }
4359	1774	MoveCommand { Actor = chr_01M3BMW7KN54EKH8FFGFYWVYVF, Intent = MoveIntent { DirXPermille = 711, DirZPermille = -703, Gait = Run, FacingMdeg = 134708, IsMoving = True } }
4360	1775	MoveCommand { Actor = chr_01M3BMW7KN54EKH8FFGFYWVYVF, Intent = MoveIntent { DirXPermille = 711, DirZPermille = -704, Gait = Run, FacingMdeg = 134721, IsMoving = True } }
4366	1776	MoveCommand { Actor = chr_01M3BMW7KN54EKH8FFGFYWVYVF, Intent = MoveIntent { DirXPermille = 711, DirZPermille = -703, Gait = Run, FacingMdeg = 134706, IsMoving = True } }
4367	1777	MoveCommand { Actor = chr_01M3BMW7KN54EKH8FFGFYWVYVF, Intent = MoveIntent { DirXPermille = 710, DirZPermille = -704, Gait = Run, FacingMdeg = 134727, IsMoving = True } }
4369	1778	MoveCommand { Actor = chr_01M3BMW7KN54EKH8FFGFYWVYVF, Intent = MoveIntent { DirXPermille = 711, DirZPermille = -704, Gait = Run, FacingMdeg = 134722, IsMoving = True } }
4372	1779	MoveCommand { Actor = chr_01M3BMW7KN54EKH8FFGFYWVYVF, Intent = MoveIntent { DirXPermille = 711, DirZPermille = -703, Gait = Run, FacingMdeg = 134708, IsMoving = True } }
4373	1780	MoveCommand { Actor = chr_01M3BMW7KN54EKH8FFGFYWVYVF, Intent = MoveIntent { DirXPermille = 710, DirZPermille = -704, Gait = Run, FacingMdeg = 134759, IsMoving = True } }
4376	1781	MoveCommand { Actor = chr_01M3BMW7KN54EKH8FFGFYWVYVF, Intent = MoveIntent { DirXPermille = 838, DirZPermille = -546, Gait = Run, FacingMdeg = 123116, IsMoving = True } }
4384	1782	MoveCommand { Actor = chr_01M3BMW7KN54EKH8FFGFYWVYVF, Intent = MoveIntent { DirXPermille = 837, DirZPermille = -546, Gait = Run, FacingMdeg = 123123, IsMoving = True } }
4389	1783	MoveCommand { Actor = chr_01M3BMW7KN54EKH8FFGFYWVYVF, Intent = MoveIntent { DirXPermille = 837, DirZPermille = -547, Gait = Run, FacingMdeg = 123128, IsMoving = True } }
4390	1784	MoveCommand { Actor = chr_01M3BMW7KN54EKH8FFGFYWVYVF, Intent = MoveIntent { DirXPermille = 837, DirZPermille = -546, Gait = Run, FacingMdeg = 123127, IsMoving = True } }
4391	1785	MoveCommand { Actor = chr_01M3BMW7KN54EKH8FFGFYWVYVF, Intent = MoveIntent { DirXPermille = 837, DirZPermille = -547, Gait = Run, FacingMdeg = 123128, IsMoving = True } }
4392	1786	MoveCommand { Actor = chr_01M3BMW7KN54EKH8FFGFYWVYVF, Intent = MoveIntent { DirXPermille = 837, DirZPermille = -546, Gait = Run, FacingMdeg = 123126, IsMoving = True } }
4393	1787	MoveCommand { Actor = chr_01M3BMW7KN54EKH8FFGFYWVYVF, Intent = MoveIntent { DirXPermille = 837, DirZPermille = -547, Gait = Run, FacingMdeg = 123127, IsMoving = True } }
4394	1788	MoveCommand { Actor = chr_01M3BMW7KN54EKH8FFGFYWVYVF, Intent = MoveIntent { DirXPermille = 837, DirZPermille = -546, Gait = Run, FacingMdeg = 123126, IsMoving = True } }
4396	1789	MoveCommand { Actor = chr_01M3BMW7KN54EKH8FFGFYWVYVF, Intent = MoveIntent { DirXPermille = 837, DirZPermille = -547, Gait = Run, FacingMdeg = 123128, IsMoving = True } }
4397	1790	MoveCommand { Actor = chr_01M3BMW7KN54EKH8FFGFYWVYVF, Intent = MoveIntent { DirXPermille = 837, DirZPermille = -546, Gait = Run, FacingMdeg = 123127, IsMoving = True } }
4398	1791	MoveCommand { Actor = chr_01M3BMW7KN54EKH8FFGFYWVYVF, Intent = MoveIntent { DirXPermille = 837, DirZPermille = -547, Gait = Run, FacingMdeg = 123128, IsMoving = True } }
4399	1792	MoveCommand { Actor = chr_01M3BMW7KN54EKH8FFGFYWVYVF, Intent = MoveIntent { DirXPermille = 837, DirZPermille = -546, Gait = Run, FacingMdeg = 123127, IsMoving = True } }
4400	1793	MoveCommand { Actor = chr_01M3BMW7KN54EKH8FFGFYWVYVF, Intent = MoveIntent { DirXPermille = 837, DirZPermille = -547, Gait = Run, FacingMdeg = 123128, IsMoving = True } }
4401	1794	MoveCommand { Actor = chr_01M3BMW7KN54EKH8FFGFYWVYVF, Intent = MoveIntent { DirXPermille = 837, DirZPermille = -546, Gait = Run, FacingMdeg = 123126, IsMoving = True } }
4402	1795	MoveCommand { Actor = chr_01M3BMW7KN54EKH8FFGFYWVYVF, Intent = MoveIntent { DirXPermille = 837, DirZPermille = -547, Gait = Run, FacingMdeg = 123127, IsMoving = True } }
4403	1796	MoveCommand { Actor = chr_01M3BMW7KN54EKH8FFGFYWVYVF, Intent = MoveIntent { DirXPermille = 837, DirZPermille = -546, Gait = Run, FacingMdeg = 123126, IsMoving = True } }
4405	1797	MoveCommand { Actor = chr_01M3BMW7KN54EKH8FFGFYWVYVF, Intent = MoveIntent { DirXPermille = 837, DirZPermille = -547, Gait = Run, FacingMdeg = 123128, IsMoving = True } }
4406	1798	MoveCommand { Actor = chr_01M3BMW7KN54EKH8FFGFYWVYVF, Intent = MoveIntent { DirXPermille = 837, DirZPermille = -546, Gait = Run, FacingMdeg = 123127, IsMoving = True } }
4407	1799	MoveCommand { Actor = chr_01M3BMW7KN54EKH8FFGFYWVYVF, Intent = MoveIntent { DirXPermille = 837, DirZPermille = -547, Gait = Run, FacingMdeg = 123128, IsMoving = True } }
4408	1800	MoveCommand { Actor = chr_01M3BMW7KN54EKH8FFGFYWVYVF, Intent = MoveIntent { DirXPermille = 837, DirZPermille = -546, Gait = Run, FacingMdeg = 123127, IsMoving = True } }
4409	1801	MoveCommand { Actor = chr_01M3BMW7KN54EKH8FFGFYWVYVF, Intent = MoveIntent { DirXPermille = 837, DirZPermille = -547, Gait = Run, FacingMdeg = 123128, IsMoving = True } }
4410	1802	MoveCommand { Actor = chr_01M3BMW7KN54EKH8FFGFYWVYVF, Intent = MoveIntent { DirXPermille = 837, DirZPermille = -546, Gait = Run, FacingMdeg = 123126, IsMoving = True } }
4411	1803	MoveCommand { Actor = chr_01M3BMW7KN54EKH8FFGFYWVYVF, Intent = MoveIntent { DirXPermille = 837, DirZPermille = -547, Gait = Run, FacingMdeg = 123127, IsMoving = True } }
4412	1804	MoveCommand { Actor = chr_01M3BMW7KN54EKH8FFGFYWVYVF, Intent = MoveIntent { DirXPermille = 837, DirZPermille = -546, Gait = Run, FacingMdeg = 123126, IsMoving = True } }
4414	1805	MoveCommand { Actor = chr_01M3BMW7KN54EKH8FFGFYWVYVF, Intent = MoveIntent { DirXPermille = 837, DirZPermille = -547, Gait = Run, FacingMdeg = 123128, IsMoving = True } }
4415	1806	MoveCommand { Actor = chr_01M3BMW7KN54EKH8FFGFYWVYVF, Intent = MoveIntent { DirXPermille = 837, DirZPermille = -546, Gait = Run, FacingMdeg = 123127, IsMoving = True } }
4416	1807	MoveCommand { Actor = chr_01M3BMW7KN54EKH8FFGFYWVYVF, Intent = MoveIntent { DirXPermille = 837, DirZPermille = -547, Gait = Run, FacingMdeg = 123128, IsMoving = True } }
4417	1808	MoveCommand { Actor = chr_01M3BMW7KN54EKH8FFGFYWVYVF, Intent = MoveIntent { DirXPermille = 837, DirZPermille = -546, Gait = Run, FacingMdeg = 123126, IsMoving = True } }
4418	1809	MoveCommand { Actor = chr_01M3BMW7KN54EKH8FFGFYWVYVF, Intent = MoveIntent { DirXPermille = 837, DirZPermille = -547, Gait = Run, FacingMdeg = 123128, IsMoving = True } }
4419	1810	MoveCommand { Actor = chr_01M3BMW7KN54EKH8FFGFYWVYVF, Intent = MoveIntent { DirXPermille = 837, DirZPermille = -546, Gait = Run, FacingMdeg = 123126, IsMoving = True } }
4420	1811	MoveCommand { Actor = chr_01M3BMW7KN54EKH8FFGFYWVYVF, Intent = MoveIntent { DirXPermille = 837, DirZPermille = -547, Gait = Run, FacingMdeg = 123127, IsMoving = True } }
4421	1812	MoveCommand { Actor = chr_01M3BMW7KN54EKH8FFGFYWVYVF, Intent = MoveIntent { DirXPermille = 837, DirZPermille = -546, Gait = Run, FacingMdeg = 123126, IsMoving = True } }
4423	1813	MoveCommand { Actor = chr_01M3BMW7KN54EKH8FFGFYWVYVF, Intent = MoveIntent { DirXPermille = 837, DirZPermille = -547, Gait = Run, FacingMdeg = 123128, IsMoving = True } }
4424	1814	MoveCommand { Actor = chr_01M3BMW7KN54EKH8FFGFYWVYVF, Intent = MoveIntent { DirXPermille = 837, DirZPermille = -546, Gait = Run, FacingMdeg = 123127, IsMoving = True } }
4425	1815	MoveCommand { Actor = chr_01M3BMW7KN54EKH8FFGFYWVYVF, Intent = MoveIntent { DirXPermille = 837, DirZPermille = -547, Gait = Run, FacingMdeg = 123128, IsMoving = True } }
4426	1816	MoveCommand { Actor = chr_01M3BMW7KN54EKH8FFGFYWVYVF, Intent = MoveIntent { DirXPermille = 837, DirZPermille = -546, Gait = Run, FacingMdeg = 123126, IsMoving = True } }
4427	1817	MoveCommand { Actor = chr_01M3BMW7KN54EKH8FFGFYWVYVF, Intent = MoveIntent { DirXPermille = 837, DirZPermille = -547, Gait = Run, FacingMdeg = 123128, IsMoving = True } }
4428	1818	MoveCommand { Actor = chr_01M3BMW7KN54EKH8FFGFYWVYVF, Intent = MoveIntent { DirXPermille = 837, DirZPermille = -546, Gait = Run, FacingMdeg = 123126, IsMoving = True } }
4429	1819	MoveCommand { Actor = chr_01M3BMW7KN54EKH8FFGFYWVYVF, Intent = MoveIntent { DirXPermille = 837, DirZPermille = -547, Gait = Run, FacingMdeg = 123127, IsMoving = True } }
4430	1820	MoveCommand { Actor = chr_01M3BMW7KN54EKH8FFGFYWVYVF, Intent = MoveIntent { DirXPermille = 837, DirZPermille = -546, Gait = Run, FacingMdeg = 123126, IsMoving = True } }
4432	1821	MoveCommand { Actor = chr_01M3BMW7KN54EKH8FFGFYWVYVF, Intent = MoveIntent { DirXPermille = 837, DirZPermille = -547, Gait = Run, FacingMdeg = 123128, IsMoving = True } }
4433	1822	MoveCommand { Actor = chr_01M3BMW7KN54EKH8FFGFYWVYVF, Intent = MoveIntent { DirXPermille = 837, DirZPermille = -546, Gait = Run, FacingMdeg = 123127, IsMoving = True } }
4434	1823	MoveCommand { Actor = chr_01M3BMW7KN54EKH8FFGFYWVYVF, Intent = MoveIntent { DirXPermille = 837, DirZPermille = -547, Gait = Run, FacingMdeg = 123128, IsMoving = True } }
4435	1824	MoveCommand { Actor = chr_01M3BMW7KN54EKH8FFGFYWVYVF, Intent = MoveIntent { DirXPermille = 837, DirZPermille = -546, Gait = Run, FacingMdeg = 123126, IsMoving = True } }
4436	1825	MoveCommand { Actor = chr_01M3BMW7KN54EKH8FFGFYWVYVF, Intent = MoveIntent { DirXPermille = 837, DirZPermille = -547, Gait = Run, FacingMdeg = 123128, IsMoving = True } }
4437	1826	MoveCommand { Actor = chr_01M3BMW7KN54EKH8FFGFYWVYVF, Intent = MoveIntent { DirXPermille = 837, DirZPermille = -546, Gait = Run, FacingMdeg = 123126, IsMoving = True } }
4438	1827	MoveCommand { Actor = chr_01M3BMW7KN54EKH8FFGFYWVYVF, Intent = MoveIntent { DirXPermille = 837, DirZPermille = -547, Gait = Run, FacingMdeg = 123127, IsMoving = True } }
4439	1828	MoveCommand { Actor = chr_01M3BMW7KN54EKH8FFGFYWVYVF, Intent = MoveIntent { DirXPermille = 837, DirZPermille = -546, Gait = Run, FacingMdeg = 123126, IsMoving = True } }
4441	1829	MoveCommand { Actor = chr_01M3BMW7KN54EKH8FFGFYWVYVF, Intent = MoveIntent { DirXPermille = 837, DirZPermille = -547, Gait = Run, FacingMdeg = 123129, IsMoving = True } }
4442	1830	MoveCommand { Actor = chr_01M3BMW7KN54EKH8FFGFYWVYVF, Intent = MoveIntent { DirXPermille = 837, DirZPermille = -546, Gait = Run, FacingMdeg = 123127, IsMoving = True } }
4443	1831	MoveCommand { Actor = chr_01M3BMW7KN54EKH8FFGFYWVYVF, Intent = MoveIntent { DirXPermille = 837, DirZPermille = -547, Gait = Run, FacingMdeg = 123128, IsMoving = True } }
4444	1832	MoveCommand { Actor = chr_01M3BMW7KN54EKH8FFGFYWVYVF, Intent = MoveIntent { DirXPermille = 837, DirZPermille = -546, Gait = Run, FacingMdeg = 123126, IsMoving = True } }
4445	1833	MoveCommand { Actor = chr_01M3BMW7KN54EKH8FFGFYWVYVF, Intent = MoveIntent { DirXPermille = 837, DirZPermille = -547, Gait = Run, FacingMdeg = 123128, IsMoving = True } }
4446	1834	MoveCommand { Actor = chr_01M3BMW7KN54EKH8FFGFYWVYVF, Intent = MoveIntent { DirXPermille = 837, DirZPermille = -546, Gait = Run, FacingMdeg = 123126, IsMoving = True } }
4447	1835	MoveCommand { Actor = chr_01M3BMW7KN54EKH8FFGFYWVYVF, Intent = MoveIntent { DirXPermille = 837, DirZPermille = -547, Gait = Run, FacingMdeg = 123127, IsMoving = True } }
4448	1836	MoveCommand { Actor = chr_01M3BMW7KN54EKH8FFGFYWVYVF, Intent = MoveIntent { DirXPermille = 837, DirZPermille = -546, Gait = Run, FacingMdeg = 123125, IsMoving = True } }
4450	1837	MoveCommand { Actor = chr_01M3BMW7KN54EKH8FFGFYWVYVF, Intent = MoveIntent { DirXPermille = 837, DirZPermille = -547, Gait = Run, FacingMdeg = 123129, IsMoving = True } }
4451	1838	MoveCommand { Actor = chr_01M3BMW7KN54EKH8FFGFYWVYVF, Intent = MoveIntent { DirXPermille = 837, DirZPermille = -546, Gait = Run, FacingMdeg = 123127, IsMoving = True } }
4452	1839	MoveCommand { Actor = chr_01M3BMW7KN54EKH8FFGFYWVYVF, Intent = MoveIntent { DirXPermille = 837, DirZPermille = -547, Gait = Run, FacingMdeg = 123128, IsMoving = True } }
4453	1840	MoveCommand { Actor = chr_01M3BMW7KN54EKH8FFGFYWVYVF, Intent = MoveIntent { DirXPermille = 837, DirZPermille = -546, Gait = Run, FacingMdeg = 123126, IsMoving = True } }
4454	1841	MoveCommand { Actor = chr_01M3BMW7KN54EKH8FFGFYWVYVF, Intent = MoveIntent { DirXPermille = 837, DirZPermille = -547, Gait = Run, FacingMdeg = 123128, IsMoving = True } }
4455	1842	MoveCommand { Actor = chr_01M3BMW7KN54EKH8FFGFYWVYVF, Intent = MoveIntent { DirXPermille = 837, DirZPermille = -546, Gait = Run, FacingMdeg = 123126, IsMoving = True } }
4456	1843	MoveCommand { Actor = chr_01M3BMW7KN54EKH8FFGFYWVYVF, Intent = MoveIntent { DirXPermille = 837, DirZPermille = -547, Gait = Run, FacingMdeg = 123127, IsMoving = True } }
4457	1844	MoveCommand { Actor = chr_01M3BMW7KN54EKH8FFGFYWVYVF, Intent = MoveIntent { DirXPermille = 837, DirZPermille = -546, Gait = Run, FacingMdeg = 123125, IsMoving = True } }
4459	1845	MoveCommand { Actor = chr_01M3BMW7KN54EKH8FFGFYWVYVF, Intent = MoveIntent { DirXPermille = 837, DirZPermille = -547, Gait = Run, FacingMdeg = 123129, IsMoving = True } }
4460	1846	MoveCommand { Actor = chr_01M3BMW7KN54EKH8FFGFYWVYVF, Intent = MoveIntent { DirXPermille = 837, DirZPermille = -546, Gait = Run, FacingMdeg = 123126, IsMoving = True } }
4461	1847	MoveCommand { Actor = chr_01M3BMW7KN54EKH8FFGFYWVYVF, Intent = MoveIntent { DirXPermille = 837, DirZPermille = -547, Gait = Run, FacingMdeg = 123129, IsMoving = True } }
4462	1848	MoveCommand { Actor = chr_01M3BMW7KN54EKH8FFGFYWVYVF, Intent = MoveIntent { DirXPermille = 837, DirZPermille = -546, Gait = Run, FacingMdeg = 123126, IsMoving = True } }
4463	1849	MoveCommand { Actor = chr_01M3BMW7KN54EKH8FFGFYWVYVF, Intent = MoveIntent { DirXPermille = 837, DirZPermille = -547, Gait = Run, FacingMdeg = 123128, IsMoving = True } }
4464	1850	MoveCommand { Actor = chr_01M3BMW7KN54EKH8FFGFYWVYVF, Intent = MoveIntent { DirXPermille = 837, DirZPermille = -546, Gait = Run, FacingMdeg = 123125, IsMoving = True } }
4465	1851	MoveCommand { Actor = chr_01M3BMW7KN54EKH8FFGFYWVYVF, Intent = MoveIntent { DirXPermille = 837, DirZPermille = -547, Gait = Run, FacingMdeg = 123128, IsMoving = True } }
4466	1852	MoveCommand { Actor = chr_01M3BMW7KN54EKH8FFGFYWVYVF, Intent = MoveIntent { DirXPermille = 837, DirZPermille = -546, Gait = Run, FacingMdeg = 123125, IsMoving = True } }
4468	1853	MoveCommand { Actor = chr_01M3BMW7KN54EKH8FFGFYWVYVF, Intent = MoveIntent { DirXPermille = 837, DirZPermille = -547, Gait = Run, FacingMdeg = 123129, IsMoving = True } }
4469	1854	MoveCommand { Actor = chr_01M3BMW7KN54EKH8FFGFYWVYVF, Intent = MoveIntent { DirXPermille = 837, DirZPermille = -546, Gait = Run, FacingMdeg = 123126, IsMoving = True } }
4470	1855	MoveCommand { Actor = chr_01M3BMW7KN54EKH8FFGFYWVYVF, Intent = MoveIntent { DirXPermille = 837, DirZPermille = -547, Gait = Run, FacingMdeg = 123129, IsMoving = True } }
4471	1856	MoveCommand { Actor = chr_01M3BMW7KN54EKH8FFGFYWVYVF, Intent = MoveIntent { DirXPermille = 837, DirZPermille = -546, Gait = Run, FacingMdeg = 123126, IsMoving = True } }
4472	1857	MoveCommand { Actor = chr_01M3BMW7KN54EKH8FFGFYWVYVF, Intent = MoveIntent { DirXPermille = 837, DirZPermille = -547, Gait = Run, FacingMdeg = 123128, IsMoving = True } }
4473	1858	MoveCommand { Actor = chr_01M3BMW7KN54EKH8FFGFYWVYVF, Intent = MoveIntent { DirXPermille = 837, DirZPermille = -546, Gait = Run, FacingMdeg = 123125, IsMoving = True } }
4474	1859	MoveCommand { Actor = chr_01M3BMW7KN54EKH8FFGFYWVYVF, Intent = MoveIntent { DirXPermille = 837, DirZPermille = -547, Gait = Run, FacingMdeg = 123128, IsMoving = True } }
4475	1860	MoveCommand { Actor = chr_01M3BMW7KN54EKH8FFGFYWVYVF, Intent = MoveIntent { DirXPermille = 837, DirZPermille = -546, Gait = Run, FacingMdeg = 123124, IsMoving = True } }
4477	1861	MoveCommand { Actor = chr_01M3BMW7KN54EKH8FFGFYWVYVF, Intent = MoveIntent { DirXPermille = 837, DirZPermille = -547, Gait = Run, FacingMdeg = 123130, IsMoving = True } }
4478	1862	MoveCommand { Actor = chr_01M3BMW7KN54EKH8FFGFYWVYVF, Intent = MoveIntent { DirXPermille = 837, DirZPermille = -546, Gait = Run, FacingMdeg = 123126, IsMoving = True } }
4479	1863	MoveCommand { Actor = chr_01M3BMW7KN54EKH8FFGFYWVYVF, Intent = MoveIntent { DirXPermille = 837, DirZPermille = -547, Gait = Run, FacingMdeg = 123129, IsMoving = True } }
4480	1864	MoveCommand { Actor = chr_01M3BMW7KN54EKH8FFGFYWVYVF, Intent = MoveIntent { DirXPermille = 837, DirZPermille = -546, Gait = Run, FacingMdeg = 123125, IsMoving = True } }
4481	1865	MoveCommand { Actor = chr_01M3BMW7KN54EKH8FFGFYWVYVF, Intent = MoveIntent { DirXPermille = 837, DirZPermille = -547, Gait = Run, FacingMdeg = 123128, IsMoving = True } }
4482	1866	MoveCommand { Actor = chr_01M3BMW7KN54EKH8FFGFYWVYVF, Intent = MoveIntent { DirXPermille = 837, DirZPermille = -546, Gait = Run, FacingMdeg = 123125, IsMoving = True } }
4483	1867	MoveCommand { Actor = chr_01M3BMW7KN54EKH8FFGFYWVYVF, Intent = MoveIntent { DirXPermille = 837, DirZPermille = -547, Gait = Run, FacingMdeg = 123128, IsMoving = True } }
4484	1868	MoveCommand { Actor = chr_01M3BMW7KN54EKH8FFGFYWVYVF, Intent = MoveIntent { DirXPermille = 837, DirZPermille = -546, Gait = Run, FacingMdeg = 123124, IsMoving = True } }
4486	1869	MoveCommand { Actor = chr_01M3BMW7KN54EKH8FFGFYWVYVF, Intent = MoveIntent { DirXPermille = 837, DirZPermille = -547, Gait = Run, FacingMdeg = 123130, IsMoving = True } }
4487	1870	MoveCommand { Actor = chr_01M3BMW7KN54EKH8FFGFYWVYVF, Intent = MoveIntent { DirXPermille = 837, DirZPermille = -546, Gait = Run, FacingMdeg = 123126, IsMoving = True } }
4488	1871	MoveCommand { Actor = chr_01M3BMW7KN54EKH8FFGFYWVYVF, Intent = MoveIntent { DirXPermille = 837, DirZPermille = -547, Gait = Run, FacingMdeg = 123129, IsMoving = True } }
4489	1872	MoveCommand { Actor = chr_01M3BMW7KN54EKH8FFGFYWVYVF, Intent = MoveIntent { DirXPermille = 837, DirZPermille = -546, Gait = Run, FacingMdeg = 123125, IsMoving = True } }
4490	1873	MoveCommand { Actor = chr_01M3BMW7KN54EKH8FFGFYWVYVF, Intent = MoveIntent { DirXPermille = 837, DirZPermille = -547, Gait = Run, FacingMdeg = 123129, IsMoving = True } }
4491	1874	MoveCommand { Actor = chr_01M3BMW7KN54EKH8FFGFYWVYVF, Intent = MoveIntent { DirXPermille = 837, DirZPermille = -546, Gait = Run, FacingMdeg = 123124, IsMoving = True } }
4492	1875	MoveCommand { Actor = chr_01M3BMW7KN54EKH8FFGFYWVYVF, Intent = MoveIntent { DirXPermille = 837, DirZPermille = -547, Gait = Run, FacingMdeg = 123128, IsMoving = True } }
4493	1876	MoveCommand { Actor = chr_01M3BMW7KN54EKH8FFGFYWVYVF, Intent = MoveIntent { DirXPermille = 838, DirZPermille = -546, Gait = Run, FacingMdeg = 123123, IsMoving = True } }
4494	1877	MoveCommand { Actor = chr_01M3BMW7KN54EKH8FFGFYWVYVF, Intent = MoveIntent { DirXPermille = 837, DirZPermille = -546, Gait = Run, FacingMdeg = 123127, IsMoving = True } }
4495	1878	MoveCommand { Actor = chr_01M3BMW7KN54EKH8FFGFYWVYVF, Intent = MoveIntent { DirXPermille = 837, DirZPermille = -547, Gait = Run, FacingMdeg = 123131, IsMoving = True } }
4496	1879	MoveCommand { Actor = chr_01M3BMW7KN54EKH8FFGFYWVYVF, Intent = MoveIntent { DirXPermille = 837, DirZPermille = -546, Gait = Run, FacingMdeg = 123126, IsMoving = True } }
4497	1880	MoveCommand { Actor = chr_01M3BMW7KN54EKH8FFGFYWVYVF, Intent = MoveIntent { DirXPermille = 837, DirZPermille = -547, Gait = Run, FacingMdeg = 123130, IsMoving = True } }
4498	1881	MoveCommand { Actor = chr_01M3BMW7KN54EKH8FFGFYWVYVF, Intent = MoveIntent { DirXPermille = 837, DirZPermille = -546, Gait = Run, FacingMdeg = 123124, IsMoving = True } }
4499	1882	MoveCommand { Actor = chr_01M3BMW7KN54EKH8FFGFYWVYVF, Intent = MoveIntent { DirXPermille = 837, DirZPermille = -547, Gait = Run, FacingMdeg = 123129, IsMoving = True } }
4500	1883	MoveCommand { Actor = chr_01M3BMW7KN54EKH8FFGFYWVYVF, Intent = MoveIntent { DirXPermille = 838, DirZPermille = -546, Gait = Run, FacingMdeg = 123123, IsMoving = True } }
4501	1884	MoveCommand { Actor = chr_01M3BMW7KN54EKH8FFGFYWVYVF, Intent = MoveIntent { DirXPermille = 837, DirZPermille = -547, Gait = Run, FacingMdeg = 123128, IsMoving = True } }
4502	1885	MoveCommand { Actor = chr_01M3BMW7KN54EKH8FFGFYWVYVF, Intent = MoveIntent { DirXPermille = 838, DirZPermille = -546, Gait = Run, FacingMdeg = 123121, IsMoving = True } }
4503	1886	MoveCommand { Actor = chr_01M3BMW7KN54EKH8FFGFYWVYVF, Intent = MoveIntent { DirXPermille = 837, DirZPermille = -546, Gait = Run, FacingMdeg = 123126, IsMoving = True } }
4504	1887	MoveCommand { Actor = chr_01M3BMW7KN54EKH8FFGFYWVYVF, Intent = MoveIntent { DirXPermille = 837, DirZPermille = -547, Gait = Run, FacingMdeg = 123132, IsMoving = True } }
4505	1888	MoveCommand { Actor = chr_01M3BMW7KN54EKH8FFGFYWVYVF, Intent = MoveIntent { DirXPermille = 837, DirZPermille = -546, Gait = Run, FacingMdeg = 123125, IsMoving = True } }
4506	1889	MoveCommand { Actor = chr_01M3BMW7KN54EKH8FFGFYWVYVF, Intent = MoveIntent { DirXPermille = 837, DirZPermille = -547, Gait = Run, FacingMdeg = 123131, IsMoving = True } }
4507	1890	MoveCommand { Actor = chr_01M3BMW7KN54EKH8FFGFYWVYVF, Intent = MoveIntent { DirXPermille = 838, DirZPermille = -546, Gait = Run, FacingMdeg = 123123, IsMoving = True } }
4508	1891	MoveCommand { Actor = chr_01M3BMW7KN54EKH8FFGFYWVYVF, Intent = MoveIntent { DirXPermille = 837, DirZPermille = -547, Gait = Run, FacingMdeg = 123130, IsMoving = True } }
4509	1892	MoveCommand { Actor = chr_01M3BMW7KN54EKH8FFGFYWVYVF, Intent = MoveIntent { DirXPermille = 838, DirZPermille = -546, Gait = Run, FacingMdeg = 123120, IsMoving = True } }
4510	1893	MoveCommand { Actor = chr_01M3BMW7KN54EKH8FFGFYWVYVF, Intent = MoveIntent { DirXPermille = 837, DirZPermille = -547, Gait = Run, FacingMdeg = 123128, IsMoving = True } }
4511	1894	MoveCommand { Actor = chr_01M3BMW7KN54EKH8FFGFYWVYVF, Intent = MoveIntent { DirXPermille = 838, DirZPermille = -546, Gait = Run, FacingMdeg = 123117, IsMoving = True } }
4512	1895	MoveCommand { Actor = chr_01M3BMW7KN54EKH8FFGFYWVYVF, Intent = MoveIntent { DirXPermille = 837, DirZPermille = -546, Gait = Run, FacingMdeg = 123126, IsMoving = True } }
4513	1896	MoveCommand { Actor = chr_01M3BMW7KN54EKH8FFGFYWVYVF, Intent = MoveIntent { DirXPermille = 837, DirZPermille = -547, Gait = Run, FacingMdeg = 123136, IsMoving = True } }
4514	1897	MoveCommand { Actor = chr_01M3BMW7KN54EKH8FFGFYWVYVF, Intent = MoveIntent { DirXPermille = 837, DirZPermille = -546, Gait = Run, FacingMdeg = 123123, IsMoving = True } }
4515	1898	MoveCommand { Actor = chr_01M3BMW7KN54EKH8FFGFYWVYVF, Intent = MoveIntent { DirXPermille = 837, DirZPermille = -547, Gait = Run, FacingMdeg = 123134, IsMoving = True } }
4516	1899	MoveCommand { Actor = chr_01M3BMW7KN54EKH8FFGFYWVYVF, Intent = MoveIntent { DirXPermille = 838, DirZPermille = -546, Gait = Run, FacingMdeg = 123119, IsMoving = True } }
4517	1900	MoveCommand { Actor = chr_01M3BMW7KN54EKH8FFGFYWVYVF, Intent = MoveIntent { DirXPermille = 837, DirZPermille = -547, Gait = Run, FacingMdeg = 123132, IsMoving = True } }
4518	1901	MoveCommand { Actor = chr_01M3BMW7KN54EKH8FFGFYWVYVF, Intent = MoveIntent { DirXPermille = 838, DirZPermille = -546, Gait = Run, FacingMdeg = 123113, IsMoving = True } }
4519	1902	MoveCommand { Actor = chr_01M3BMW7KN54EKH8FFGFYWVYVF, Intent = MoveIntent { DirXPermille = 837, DirZPermille = -547, Gait = Run, FacingMdeg = 123129, IsMoving = True } }
4520	1903	MoveCommand { Actor = chr_01M3BMW7KN54EKH8FFGFYWVYVF, Intent = MoveIntent { DirXPermille = 838, DirZPermille = -546, Gait = Run, FacingMdeg = 123103, IsMoving = True } }
4521	1904	MoveCommand { Actor = chr_01M3BMW7KN54EKH8FFGFYWVYVF, Intent = MoveIntent { DirXPermille = 837, DirZPermille = -546, Gait = Run, FacingMdeg = 123124, IsMoving = True } }
4522	1905	MoveCommand { Actor = chr_01M3BMW7KN54EKH8FFGFYWVYVF, Intent = MoveIntent { DirXPermille = 837, DirZPermille = -547, Gait = Run, FacingMdeg = 123154, IsMoving = True } }
4523	1906	MoveCommand { Actor = chr_01M3BMW7KN54EKH8FFGFYWVYVF, Intent = MoveIntent { DirXPermille = 838, DirZPermille = -546, Gait = Run, FacingMdeg = 123111, IsMoving = True } }
4525	1907	MoveCommand { Actor = chr_01M3BMW7KN54EKH8FFGFYWVYVF, Intent = MoveIntent { DirXPermille = 0, DirZPermille = 0, Gait = Run, FacingMdeg = 123111, IsMoving = False } }
4526	1908	MoveCommand { Actor = chr_01M3BMW7KN54EKH8FFGFYWVYVF, Intent = MoveIntent { DirXPermille = 972, DirZPermille = -237, Gait = Run, FacingMdeg = 103686, IsMoving = True } }
4530	1909	MoveCommand { Actor = chr_01M3BMW7KN54EKH8FFGFYWVYVF, Intent = MoveIntent { DirXPermille = 972, DirZPermille = -236, Gait = Run, FacingMdeg = 103679, IsMoving = True } }
4550	1910	MoveCommand { Actor = chr_01M3BMW7KN54EKH8FFGFYWVYVF, Intent = MoveIntent { DirXPermille = 972, DirZPermille = -235, Gait = Run, FacingMdeg = 103619, IsMoving = True } }
4565	1911	MoveCommand { Actor = chr_01M3BMW7KN54EKH8FFGFYWVYVF, Intent = MoveIntent { DirXPermille = 972, DirZPermille = -234, Gait = Run, FacingMdeg = 103555, IsMoving = True } }
4566	1912	MoveCommand { Actor = chr_01M3BMW7KN54EKH8FFGFYWVYVF, Intent = MoveIntent { DirXPermille = 972, DirZPermille = -235, Gait = Run, FacingMdeg = 103568, IsMoving = True } }
4567	1913	MoveCommand { Actor = chr_01M3BMW7KN54EKH8FFGFYWVYVF, Intent = MoveIntent { DirXPermille = 972, DirZPermille = -234, Gait = Run, FacingMdeg = 103560, IsMoving = True } }
4568	1914	MoveCommand { Actor = chr_01M3BMW7KN54EKH8FFGFYWVYVF, Intent = MoveIntent { DirXPermille = 972, DirZPermille = -235, Gait = Run, FacingMdeg = 103576, IsMoving = True } }
4570	1915	MoveCommand { Actor = chr_01M3BMW7KN54EKH8FFGFYWVYVF, Intent = MoveIntent { DirXPermille = 972, DirZPermille = -234, Gait = Run, FacingMdeg = 103556, IsMoving = True } }
4571	1916	MoveCommand { Actor = chr_01M3BMW7KN54EKH8FFGFYWVYVF, Intent = MoveIntent { DirXPermille = 972, DirZPermille = -235, Gait = Run, FacingMdeg = 103576, IsMoving = True } }
4573	1917	MoveCommand { Actor = chr_01M3BMW7KN54EKH8FFGFYWVYVF, Intent = MoveIntent { DirXPermille = 972, DirZPermille = -234, Gait = Run, FacingMdeg = 103550, IsMoving = True } }
4574	1918	MoveCommand { Actor = chr_01M3BMW7KN54EKH8FFGFYWVYVF, Intent = MoveIntent { DirXPermille = 972, DirZPermille = -235, Gait = Run, FacingMdeg = 103577, IsMoving = True } }
4575	1919	MoveCommand { Actor = chr_01M3BMW7KN54EKH8FFGFYWVYVF, Intent = MoveIntent { DirXPermille = 972, DirZPermille = -234, Gait = Run, FacingMdeg = 103560, IsMoving = True } }
4576	1920	MoveCommand { Actor = chr_01M3BMW7KN54EKH8FFGFYWVYVF, Intent = MoveIntent { DirXPermille = 972, DirZPermille = -235, Gait = Run, FacingMdeg = 103598, IsMoving = True } }
4578	1921	MoveCommand { Actor = chr_01M3BMW7KN54EKH8FFGFYWVYVF, Intent = MoveIntent { DirXPermille = 972, DirZPermille = -234, Gait = Run, FacingMdeg = 103548, IsMoving = True } }
4579	1922	MoveCommand { Actor = chr_01M3BMW7KN54EKH8FFGFYWVYVF, Intent = MoveIntent { DirXPermille = 972, DirZPermille = -236, Gait = Run, FacingMdeg = 103623, IsMoving = True } }
4580	1923	MoveCommand { Actor = chr_01M3BMW7KN54EKH8FFGFYWVYVF, Intent = MoveIntent { DirXPermille = 972, DirZPermille = -234, Gait = Run, FacingMdeg = 103536, IsMoving = True } }
4582	1924	MoveCommand { Actor = chr_01M3BMW7KN54EKH8FFGFYWVYVF, Intent = MoveIntent { DirXPermille = 0, DirZPermille = 0, Gait = Run, FacingMdeg = 103536, IsMoving = False } }
4582	1925	InteractCommand { Actor = chr_01M3BMW7KN54EKH8FFGFYWVYVF, TargetKey = switch.stone_north }
4590	1926	MoveCommand { Actor = chr_01M3BMW7KN54EKH8FFGFYWVYVF, Intent = MoveIntent { DirXPermille = -601, DirZPermille = -799, Gait = Run, FacingMdeg = 216969, IsMoving = True } }
4601	1927	MoveCommand { Actor = chr_01M3BMW7KN54EKH8FFGFYWVYVF, Intent = MoveIntent { DirXPermille = -602, DirZPermille = -799, Gait = Run, FacingMdeg = 216978, IsMoving = True } }
4634	1928	MoveCommand { Actor = chr_01M3BMW7KN54EKH8FFGFYWVYVF, Intent = MoveIntent { DirXPermille = -602, DirZPermille = -798, Gait = Run, FacingMdeg = 217014, IsMoving = True } }
4653	1929	MoveCommand { Actor = chr_01M3BMW7KN54EKH8FFGFYWVYVF, Intent = MoveIntent { DirXPermille = -603, DirZPermille = -798, Gait = Run, FacingMdeg = 217050, IsMoving = True } }
4673	1930	MoveCommand { Actor = chr_01M3BMW7KN54EKH8FFGFYWVYVF, Intent = MoveIntent { DirXPermille = -603, DirZPermille = -797, Gait = Run, FacingMdeg = 217112, IsMoving = True } }
4676	1931	MoveCommand { Actor = chr_01M3BMW7KN54EKH8FFGFYWVYVF, Intent = MoveIntent { DirXPermille = -604, DirZPermille = -797, Gait = Run, FacingMdeg = 217125, IsMoving = True } }
4683	1932	MoveCommand { Actor = chr_01M3BMW7KN54EKH8FFGFYWVYVF, Intent = MoveIntent { DirXPermille = -603, DirZPermille = -797, Gait = Run, FacingMdeg = 217121, IsMoving = True } }
4684	1933	MoveCommand { Actor = chr_01M3BMW7KN54EKH8FFGFYWVYVF, Intent = MoveIntent { DirXPermille = -604, DirZPermille = -797, Gait = Run, FacingMdeg = 217126, IsMoving = True } }
4691	1934	MoveCommand { Actor = chr_01M3BMW7KN54EKH8FFGFYWVYVF, Intent = MoveIntent { DirXPermille = -603, DirZPermille = -797, Gait = Run, FacingMdeg = 217121, IsMoving = True } }
4692	1935	MoveCommand { Actor = chr_01M3BMW7KN54EKH8FFGFYWVYVF, Intent = MoveIntent { DirXPermille = -604, DirZPermille = -797, Gait = Run, FacingMdeg = 217127, IsMoving = True } }
4700	1936	MoveCommand { Actor = chr_01M3BMW7KN54EKH8FFGFYWVYVF, Intent = MoveIntent { DirXPermille = -603, DirZPermille = -797, Gait = Run, FacingMdeg = 217120, IsMoving = True } }
4701	1937	MoveCommand { Actor = chr_01M3BMW7KN54EKH8FFGFYWVYVF, Intent = MoveIntent { DirXPermille = -604, DirZPermille = -797, Gait = Run, FacingMdeg = 217128, IsMoving = True } }
4708	1938	MoveCommand { Actor = chr_01M3BMW7KN54EKH8FFGFYWVYVF, Intent = MoveIntent { DirXPermille = -603, DirZPermille = -797, Gait = Run, FacingMdeg = 217120, IsMoving = True } }
4709	1939	MoveCommand { Actor = chr_01M3BMW7KN54EKH8FFGFYWVYVF, Intent = MoveIntent { DirXPermille = -604, DirZPermille = -797, Gait = Run, FacingMdeg = 217131, IsMoving = True } }
4716	1940	MoveCommand { Actor = chr_01M3BMW7KN54EKH8FFGFYWVYVF, Intent = MoveIntent { DirXPermille = -603, DirZPermille = -797, Gait = Run, FacingMdeg = 217120, IsMoving = True } }
4717	1941	MoveCommand { Actor = chr_01M3BMW7KN54EKH8FFGFYWVYVF, Intent = MoveIntent { DirXPermille = -604, DirZPermille = -797, Gait = Run, FacingMdeg = 217138, IsMoving = True } }
4724	1942	MoveCommand { Actor = chr_01M3BMW7KN54EKH8FFGFYWVYVF, Intent = MoveIntent { DirXPermille = -603, DirZPermille = -797, Gait = Run, FacingMdeg = 217120, IsMoving = True } }
4725	1943	MoveCommand { Actor = chr_01M3BMW7KN54EKH8FFGFYWVYVF, Intent = MoveIntent { DirXPermille = -604, DirZPermille = -797, Gait = Run, FacingMdeg = 217165, IsMoving = True } }
4731	1944	MoveCommand { Actor = chr_01M3BMW7KN54EKH8FFGFYWVYVF, Intent = MoveIntent { DirXPermille = -463, DirZPermille = -886, Gait = Run, FacingMdeg = 207570, IsMoving = True } }
4807	1945	MoveCommand { Actor = chr_01M3BMW7KN54EKH8FFGFYWVYVF, Intent = MoveIntent { DirXPermille = -464, DirZPermille = -886, Gait = Run, FacingMdeg = 207614, IsMoving = True } }
4841	1946	MoveCommand { Actor = chr_01M3BMW7KN54EKH8FFGFYWVYVF, Intent = MoveIntent { DirXPermille = -465, DirZPermille = -886, Gait = Run, FacingMdeg = 207681, IsMoving = True } }
4843	1947	MoveCommand { Actor = chr_01M3BMW7KN54EKH8FFGFYWVYVF, Intent = MoveIntent { DirXPermille = -465, DirZPermille = -885, Gait = Run, FacingMdeg = 207688, IsMoving = True } }
4854	1948	MoveCommand { Actor = chr_01M3BMW7KN54EKH8FFGFYWVYVF, Intent = MoveIntent { DirXPermille = -466, DirZPermille = -885, Gait = Run, FacingMdeg = 207745, IsMoving = True } }
4855	1949	MoveCommand { Actor = chr_01M3BMW7KN54EKH8FFGFYWVYVF, Intent = MoveIntent { DirXPermille = -465, DirZPermille = -885, Gait = Run, FacingMdeg = 207742, IsMoving = True } }
4856	1950	MoveCommand { Actor = chr_01M3BMW7KN54EKH8FFGFYWVYVF, Intent = MoveIntent { DirXPermille = -466, DirZPermille = -885, Gait = Run, FacingMdeg = 207750, IsMoving = True } }
4859	1951	MoveCommand { Actor = chr_01M3BMW7KN54EKH8FFGFYWVYVF, Intent = MoveIntent { DirXPermille = -465, DirZPermille = -885, Gait = Run, FacingMdeg = 207739, IsMoving = True } }
4860	1952	MoveCommand { Actor = chr_01M3BMW7KN54EKH8FFGFYWVYVF, Intent = MoveIntent { DirXPermille = -466, DirZPermille = -885, Gait = Run, FacingMdeg = 207747, IsMoving = True } }
4862	1953	MoveCommand { Actor = chr_01M3BMW7KN54EKH8FFGFYWVYVF, Intent = MoveIntent { DirXPermille = -465, DirZPermille = -885, Gait = Run, FacingMdeg = 207739, IsMoving = True } }
4863	1954	MoveCommand { Actor = chr_01M3BMW7KN54EKH8FFGFYWVYVF, Intent = MoveIntent { DirXPermille = -466, DirZPermille = -885, Gait = Run, FacingMdeg = 207749, IsMoving = True } }
4865	1955	MoveCommand { Actor = chr_01M3BMW7KN54EKH8FFGFYWVYVF, Intent = MoveIntent { DirXPermille = -465, DirZPermille = -885, Gait = Run, FacingMdeg = 207740, IsMoving = True } }
4866	1956	MoveCommand { Actor = chr_01M3BMW7KN54EKH8FFGFYWVYVF, Intent = MoveIntent { DirXPermille = -466, DirZPermille = -885, Gait = Run, FacingMdeg = 207751, IsMoving = True } }
4868	1957	MoveCommand { Actor = chr_01M3BMW7KN54EKH8FFGFYWVYVF, Intent = MoveIntent { DirXPermille = -465, DirZPermille = -885, Gait = Run, FacingMdeg = 207741, IsMoving = True } }
4869	1958	MoveCommand { Actor = chr_01M3BMW7KN54EKH8FFGFYWVYVF, Intent = MoveIntent { DirXPermille = -466, DirZPermille = -885, Gait = Run, FacingMdeg = 207754, IsMoving = True } }
4871	1959	MoveCommand { Actor = chr_01M3BMW7KN54EKH8FFGFYWVYVF, Intent = MoveIntent { DirXPermille = -465, DirZPermille = -885, Gait = Run, FacingMdeg = 207741, IsMoving = True } }
4872	1960	MoveCommand { Actor = chr_01M3BMW7KN54EKH8FFGFYWVYVF, Intent = MoveIntent { DirXPermille = -466, DirZPermille = -885, Gait = Run, FacingMdeg = 207757, IsMoving = True } }
4875	1961	MoveCommand { Actor = chr_01M3BMW7KN54EKH8FFGFYWVYVF, Intent = MoveIntent { DirXPermille = -465, DirZPermille = -885, Gait = Run, FacingMdeg = 207733, IsMoving = True } }
4876	1962	MoveCommand { Actor = chr_01M3BMW7KN54EKH8FFGFYWVYVF, Intent = MoveIntent { DirXPermille = -466, DirZPermille = -885, Gait = Run, FacingMdeg = 207755, IsMoving = True } }
4878	1963	MoveCommand { Actor = chr_01M3BMW7KN54EKH8FFGFYWVYVF, Intent = MoveIntent { DirXPermille = -465, DirZPermille = -885, Gait = Run, FacingMdeg = 207732, IsMoving = True } }
4879	1964	MoveCommand { Actor = chr_01M3BMW7KN54EKH8FFGFYWVYVF, Intent = MoveIntent { DirXPermille = -466, DirZPermille = -885, Gait = Run, FacingMdeg = 207764, IsMoving = True } }
4881	1965	MoveCommand { Actor = chr_01M3BMW7KN54EKH8FFGFYWVYVF, Intent = MoveIntent { DirXPermille = -465, DirZPermille = -885, Gait = Run, FacingMdeg = 207729, IsMoving = True } }
4882	1966	MoveCommand { Actor = chr_01M3BMW7KN54EKH8FFGFYWVYVF, Intent = MoveIntent { DirXPermille = -466, DirZPermille = -885, Gait = Run, FacingMdeg = 207787, IsMoving = True } }
4884	1967	MoveCommand { Actor = chr_01M3BMW7KN54EKH8FFGFYWVYVF, Intent = MoveIntent { DirXPermille = -465, DirZPermille = -885, Gait = Run, FacingMdeg = 207715, IsMoving = True } }
4886	1968	MoveCommand { Actor = chr_01M3BMW7KN54EKH8FFGFYWVYVF, Intent = MoveIntent { DirXPermille = 0, DirZPermille = 0, Gait = Run, FacingMdeg = 207715, IsMoving = False } }
4886	1969	InteractCommand { Actor = chr_01M3BMW7KN54EKH8FFGFYWVYVF, TargetKey = switch.stone_southwest }
4894	1970	MoveCommand { Actor = chr_01M3BMW7KN54EKH8FFGFYWVYVF, Intent = MoveIntent { DirXPermille = 566, DirZPermille = 824, Gait = Run, FacingMdeg = 34489, IsMoving = True } }
4935	1971	MoveCommand { Actor = chr_01M3BMW7KN54EKH8FFGFYWVYVF, Intent = MoveIntent { DirXPermille = 566, DirZPermille = 825, Gait = Run, FacingMdeg = 34462, IsMoving = True } }
4960	1972	MoveCommand { Actor = chr_01M3BMW7KN54EKH8FFGFYWVYVF, Intent = MoveIntent { DirXPermille = 565, DirZPermille = 825, Gait = Run, FacingMdeg = 34436, IsMoving = True } }
4961	1973	MoveCommand { Actor = chr_01M3BMW7KN54EKH8FFGFYWVYVF, Intent = MoveIntent { DirXPermille = 566, DirZPermille = 825, Gait = Run, FacingMdeg = 34437, IsMoving = True } }
4962	1974	MoveCommand { Actor = chr_01M3BMW7KN54EKH8FFGFYWVYVF, Intent = MoveIntent { DirXPermille = 565, DirZPermille = 825, Gait = Run, FacingMdeg = 34436, IsMoving = True } }
4963	1975	MoveCommand { Actor = chr_01M3BMW7KN54EKH8FFGFYWVYVF, Intent = MoveIntent { DirXPermille = 566, DirZPermille = 825, Gait = Run, FacingMdeg = 34437, IsMoving = True } }
4964	1976	MoveCommand { Actor = chr_01M3BMW7KN54EKH8FFGFYWVYVF, Intent = MoveIntent { DirXPermille = 565, DirZPermille = 825, Gait = Run, FacingMdeg = 34436, IsMoving = True } }
4965	1977	MoveCommand { Actor = chr_01M3BMW7KN54EKH8FFGFYWVYVF, Intent = MoveIntent { DirXPermille = 566, DirZPermille = 825, Gait = Run, FacingMdeg = 34437, IsMoving = True } }
4966	1978	MoveCommand { Actor = chr_01M3BMW7KN54EKH8FFGFYWVYVF, Intent = MoveIntent { DirXPermille = 565, DirZPermille = 825, Gait = Run, FacingMdeg = 34436, IsMoving = True } }
4967	1979	MoveCommand { Actor = chr_01M3BMW7KN54EKH8FFGFYWVYVF, Intent = MoveIntent { DirXPermille = 566, DirZPermille = 825, Gait = Run, FacingMdeg = 34438, IsMoving = True } }
4968	1980	MoveCommand { Actor = chr_01M3BMW7KN54EKH8FFGFYWVYVF, Intent = MoveIntent { DirXPermille = 565, DirZPermille = 825, Gait = Run, FacingMdeg = 34436, IsMoving = True } }
4969	1981	MoveCommand { Actor = chr_01M3BMW7KN54EKH8FFGFYWVYVF, Intent = MoveIntent { DirXPermille = 566, DirZPermille = 825, Gait = Run, FacingMdeg = 34438, IsMoving = True } }
4970	1982	MoveCommand { Actor = chr_01M3BMW7KN54EKH8FFGFYWVYVF, Intent = MoveIntent { DirXPermille = 565, DirZPermille = 825, Gait = Run, FacingMdeg = 34436, IsMoving = True } }
4971	1983	MoveCommand { Actor = chr_01M3BMW7KN54EKH8FFGFYWVYVF, Intent = MoveIntent { DirXPermille = 566, DirZPermille = 825, Gait = Run, FacingMdeg = 34438, IsMoving = True } }
4972	1984	MoveCommand { Actor = chr_01M3BMW7KN54EKH8FFGFYWVYVF, Intent = MoveIntent { DirXPermille = 565, DirZPermille = 825, Gait = Run, FacingMdeg = 34436, IsMoving = True } }
4973	1985	MoveCommand { Actor = chr_01M3BMW7KN54EKH8FFGFYWVYVF, Intent = MoveIntent { DirXPermille = 566, DirZPermille = 825, Gait = Run, FacingMdeg = 34438, IsMoving = True } }
4974	1986	MoveCommand { Actor = chr_01M3BMW7KN54EKH8FFGFYWVYVF, Intent = MoveIntent { DirXPermille = 565, DirZPermille = 825, Gait = Run, FacingMdeg = 34436, IsMoving = True } }
4975	1987	MoveCommand { Actor = chr_01M3BMW7KN54EKH8FFGFYWVYVF, Intent = MoveIntent { DirXPermille = 566, DirZPermille = 825, Gait = Run, FacingMdeg = 34438, IsMoving = True } }
4976	1988	MoveCommand { Actor = chr_01M3BMW7KN54EKH8FFGFYWVYVF, Intent = MoveIntent { DirXPermille = 565, DirZPermille = 825, Gait = Run, FacingMdeg = 34436, IsMoving = True } }
4977	1989	MoveCommand { Actor = chr_01M3BMW7KN54EKH8FFGFYWVYVF, Intent = MoveIntent { DirXPermille = 566, DirZPermille = 825, Gait = Run, FacingMdeg = 34438, IsMoving = True } }
4978	1990	MoveCommand { Actor = chr_01M3BMW7KN54EKH8FFGFYWVYVF, Intent = MoveIntent { DirXPermille = 565, DirZPermille = 825, Gait = Run, FacingMdeg = 34436, IsMoving = True } }
4979	1991	MoveCommand { Actor = chr_01M3BMW7KN54EKH8FFGFYWVYVF, Intent = MoveIntent { DirXPermille = 566, DirZPermille = 825, Gait = Run, FacingMdeg = 34438, IsMoving = True } }
4980	1992	MoveCommand { Actor = chr_01M3BMW7KN54EKH8FFGFYWVYVF, Intent = MoveIntent { DirXPermille = 565, DirZPermille = 825, Gait = Run, FacingMdeg = 34436, IsMoving = True } }
4981	1993	MoveCommand { Actor = chr_01M3BMW7KN54EKH8FFGFYWVYVF, Intent = MoveIntent { DirXPermille = 566, DirZPermille = 825, Gait = Run, FacingMdeg = 34438, IsMoving = True } }
4982	1994	MoveCommand { Actor = chr_01M3BMW7KN54EKH8FFGFYWVYVF, Intent = MoveIntent { DirXPermille = 565, DirZPermille = 825, Gait = Run, FacingMdeg = 34436, IsMoving = True } }
4983	1995	MoveCommand { Actor = chr_01M3BMW7KN54EKH8FFGFYWVYVF, Intent = MoveIntent { DirXPermille = 566, DirZPermille = 825, Gait = Run, FacingMdeg = 34438, IsMoving = True } }
4984	1996	MoveCommand { Actor = chr_01M3BMW7KN54EKH8FFGFYWVYVF, Intent = MoveIntent { DirXPermille = 565, DirZPermille = 825, Gait = Run, FacingMdeg = 34436, IsMoving = True } }
4985	1997	MoveCommand { Actor = chr_01M3BMW7KN54EKH8FFGFYWVYVF, Intent = MoveIntent { DirXPermille = 566, DirZPermille = 825, Gait = Run, FacingMdeg = 34438, IsMoving = True } }
4986	1998	MoveCommand { Actor = chr_01M3BMW7KN54EKH8FFGFYWVYVF, Intent = MoveIntent { DirXPermille = 565, DirZPermille = 825, Gait = Run, FacingMdeg = 34436, IsMoving = True } }
4987	1999	MoveCommand { Actor = chr_01M3BMW7KN54EKH8FFGFYWVYVF, Intent = MoveIntent { DirXPermille = 566, DirZPermille = 825, Gait = Run, FacingMdeg = 34438, IsMoving = True } }
4988	2000	MoveCommand { Actor = chr_01M3BMW7KN54EKH8FFGFYWVYVF, Intent = MoveIntent { DirXPermille = 565, DirZPermille = 825, Gait = Run, FacingMdeg = 34437, IsMoving = True } }
4989	2001	MoveCommand { Actor = chr_01M3BMW7KN54EKH8FFGFYWVYVF, Intent = MoveIntent { DirXPermille = 566, DirZPermille = 825, Gait = Run, FacingMdeg = 34438, IsMoving = True } }
4990	2002	MoveCommand { Actor = chr_01M3BMW7KN54EKH8FFGFYWVYVF, Intent = MoveIntent { DirXPermille = 565, DirZPermille = 825, Gait = Run, FacingMdeg = 34437, IsMoving = True } }
4991	2003	MoveCommand { Actor = chr_01M3BMW7KN54EKH8FFGFYWVYVF, Intent = MoveIntent { DirXPermille = 566, DirZPermille = 825, Gait = Run, FacingMdeg = 34438, IsMoving = True } }
4992	2004	MoveCommand { Actor = chr_01M3BMW7KN54EKH8FFGFYWVYVF, Intent = MoveIntent { DirXPermille = 565, DirZPermille = 825, Gait = Run, FacingMdeg = 34437, IsMoving = True } }
4993	2005	MoveCommand { Actor = chr_01M3BMW7KN54EKH8FFGFYWVYVF, Intent = MoveIntent { DirXPermille = 566, DirZPermille = 825, Gait = Run, FacingMdeg = 34438, IsMoving = True } }
4994	2006	MoveCommand { Actor = chr_01M3BMW7KN54EKH8FFGFYWVYVF, Intent = MoveIntent { DirXPermille = 565, DirZPermille = 825, Gait = Run, FacingMdeg = 34437, IsMoving = True } }
4995	2007	MoveCommand { Actor = chr_01M3BMW7KN54EKH8FFGFYWVYVF, Intent = MoveIntent { DirXPermille = 566, DirZPermille = 825, Gait = Run, FacingMdeg = 34438, IsMoving = True } }
4996	2008	MoveCommand { Actor = chr_01M3BMW7KN54EKH8FFGFYWVYVF, Intent = MoveIntent { DirXPermille = 565, DirZPermille = 825, Gait = Run, FacingMdeg = 34437, IsMoving = True } }
4997	2009	MoveCommand { Actor = chr_01M3BMW7KN54EKH8FFGFYWVYVF, Intent = MoveIntent { DirXPermille = 566, DirZPermille = 825, Gait = Run, FacingMdeg = 34439, IsMoving = True } }
4998	2010	MoveCommand { Actor = chr_01M3BMW7KN54EKH8FFGFYWVYVF, Intent = MoveIntent { DirXPermille = 565, DirZPermille = 825, Gait = Run, FacingMdeg = 34437, IsMoving = True } }
4999	2011	MoveCommand { Actor = chr_01M3BMW7KN54EKH8FFGFYWVYVF, Intent = MoveIntent { DirXPermille = 566, DirZPermille = 825, Gait = Run, FacingMdeg = 34439, IsMoving = True } }
5000	2012	MoveCommand { Actor = chr_01M3BMW7KN54EKH8FFGFYWVYVF, Intent = MoveIntent { DirXPermille = 565, DirZPermille = 825, Gait = Run, FacingMdeg = 34437, IsMoving = True } }
5001	2013	MoveCommand { Actor = chr_01M3BMW7KN54EKH8FFGFYWVYVF, Intent = MoveIntent { DirXPermille = 566, DirZPermille = 825, Gait = Run, FacingMdeg = 34439, IsMoving = True } }
5002	2014	MoveCommand { Actor = chr_01M3BMW7KN54EKH8FFGFYWVYVF, Intent = MoveIntent { DirXPermille = 565, DirZPermille = 825, Gait = Run, FacingMdeg = 34437, IsMoving = True } }
5003	2015	MoveCommand { Actor = chr_01M3BMW7KN54EKH8FFGFYWVYVF, Intent = MoveIntent { DirXPermille = 566, DirZPermille = 825, Gait = Run, FacingMdeg = 34439, IsMoving = True } }
5004	2016	MoveCommand { Actor = chr_01M3BMW7KN54EKH8FFGFYWVYVF, Intent = MoveIntent { DirXPermille = 565, DirZPermille = 825, Gait = Run, FacingMdeg = 34437, IsMoving = True } }
5005	2017	MoveCommand { Actor = chr_01M3BMW7KN54EKH8FFGFYWVYVF, Intent = MoveIntent { DirXPermille = 566, DirZPermille = 825, Gait = Run, FacingMdeg = 34439, IsMoving = True } }
5006	2018	MoveCommand { Actor = chr_01M3BMW7KN54EKH8FFGFYWVYVF, Intent = MoveIntent { DirXPermille = 565, DirZPermille = 825, Gait = Run, FacingMdeg = 34437, IsMoving = True } }
5007	2019	MoveCommand { Actor = chr_01M3BMW7KN54EKH8FFGFYWVYVF, Intent = MoveIntent { DirXPermille = 566, DirZPermille = 825, Gait = Run, FacingMdeg = 34439, IsMoving = True } }
5008	2020	MoveCommand { Actor = chr_01M3BMW7KN54EKH8FFGFYWVYVF, Intent = MoveIntent { DirXPermille = 565, DirZPermille = 825, Gait = Run, FacingMdeg = 34437, IsMoving = True } }
5009	2021	MoveCommand { Actor = chr_01M3BMW7KN54EKH8FFGFYWVYVF, Intent = MoveIntent { DirXPermille = 566, DirZPermille = 825, Gait = Run, FacingMdeg = 34439, IsMoving = True } }
5011	2022	MoveCommand { Actor = chr_01M3BMW7KN54EKH8FFGFYWVYVF, Intent = MoveIntent { DirXPermille = 565, DirZPermille = 825, Gait = Run, FacingMdeg = 34435, IsMoving = True } }
5012	2023	MoveCommand { Actor = chr_01M3BMW7KN54EKH8FFGFYWVYVF, Intent = MoveIntent { DirXPermille = 566, DirZPermille = 825, Gait = Run, FacingMdeg = 34437, IsMoving = True } }
5013	2024	MoveCommand { Actor = chr_01M3BMW7KN54EKH8FFGFYWVYVF, Intent = MoveIntent { DirXPermille = 565, DirZPermille = 825, Gait = Run, FacingMdeg = 34435, IsMoving = True } }
5014	2025	MoveCommand { Actor = chr_01M3BMW7KN54EKH8FFGFYWVYVF, Intent = MoveIntent { DirXPermille = 566, DirZPermille = 825, Gait = Run, FacingMdeg = 34437, IsMoving = True } }
5015	2026	MoveCommand { Actor = chr_01M3BMW7KN54EKH8FFGFYWVYVF, Intent = MoveIntent { DirXPermille = 565, DirZPermille = 825, Gait = Run, FacingMdeg = 34435, IsMoving = True } }
5016	2027	MoveCommand { Actor = chr_01M3BMW7KN54EKH8FFGFYWVYVF, Intent = MoveIntent { DirXPermille = 566, DirZPermille = 825, Gait = Run, FacingMdeg = 34437, IsMoving = True } }
5017	2028	MoveCommand { Actor = chr_01M3BMW7KN54EKH8FFGFYWVYVF, Intent = MoveIntent { DirXPermille = 565, DirZPermille = 825, Gait = Run, FacingMdeg = 34435, IsMoving = True } }
5018	2029	MoveCommand { Actor = chr_01M3BMW7KN54EKH8FFGFYWVYVF, Intent = MoveIntent { DirXPermille = 566, DirZPermille = 825, Gait = Run, FacingMdeg = 34437, IsMoving = True } }
5019	2030	MoveCommand { Actor = chr_01M3BMW7KN54EKH8FFGFYWVYVF, Intent = MoveIntent { DirXPermille = 565, DirZPermille = 825, Gait = Run, FacingMdeg = 34435, IsMoving = True } }
5020	2031	MoveCommand { Actor = chr_01M3BMW7KN54EKH8FFGFYWVYVF, Intent = MoveIntent { DirXPermille = 566, DirZPermille = 825, Gait = Run, FacingMdeg = 34437, IsMoving = True } }
5021	2032	MoveCommand { Actor = chr_01M3BMW7KN54EKH8FFGFYWVYVF, Intent = MoveIntent { DirXPermille = 565, DirZPermille = 825, Gait = Run, FacingMdeg = 34435, IsMoving = True } }
5022	2033	MoveCommand { Actor = chr_01M3BMW7KN54EKH8FFGFYWVYVF, Intent = MoveIntent { DirXPermille = 566, DirZPermille = 825, Gait = Run, FacingMdeg = 34438, IsMoving = True } }
5023	2034	MoveCommand { Actor = chr_01M3BMW7KN54EKH8FFGFYWVYVF, Intent = MoveIntent { DirXPermille = 565, DirZPermille = 825, Gait = Run, FacingMdeg = 34435, IsMoving = True } }
5024	2035	MoveCommand { Actor = chr_01M3BMW7KN54EKH8FFGFYWVYVF, Intent = MoveIntent { DirXPermille = 566, DirZPermille = 825, Gait = Run, FacingMdeg = 34438, IsMoving = True } }
5025	2036	MoveCommand { Actor = chr_01M3BMW7KN54EKH8FFGFYWVYVF, Intent = MoveIntent { DirXPermille = 565, DirZPermille = 825, Gait = Run, FacingMdeg = 34435, IsMoving = True } }
5026	2037	MoveCommand { Actor = chr_01M3BMW7KN54EKH8FFGFYWVYVF, Intent = MoveIntent { DirXPermille = 566, DirZPermille = 825, Gait = Run, FacingMdeg = 34438, IsMoving = True } }
5027	2038	MoveCommand { Actor = chr_01M3BMW7KN54EKH8FFGFYWVYVF, Intent = MoveIntent { DirXPermille = 565, DirZPermille = 825, Gait = Run, FacingMdeg = 34435, IsMoving = True } }
5028	2039	MoveCommand { Actor = chr_01M3BMW7KN54EKH8FFGFYWVYVF, Intent = MoveIntent { DirXPermille = 566, DirZPermille = 825, Gait = Run, FacingMdeg = 34438, IsMoving = True } }
5029	2040	MoveCommand { Actor = chr_01M3BMW7KN54EKH8FFGFYWVYVF, Intent = MoveIntent { DirXPermille = 565, DirZPermille = 825, Gait = Run, FacingMdeg = 34435, IsMoving = True } }
5030	2041	MoveCommand { Actor = chr_01M3BMW7KN54EKH8FFGFYWVYVF, Intent = MoveIntent { DirXPermille = 566, DirZPermille = 825, Gait = Run, FacingMdeg = 34438, IsMoving = True } }
5031	2042	MoveCommand { Actor = chr_01M3BMW7KN54EKH8FFGFYWVYVF, Intent = MoveIntent { DirXPermille = 565, DirZPermille = 825, Gait = Run, FacingMdeg = 34435, IsMoving = True } }
5032	2043	MoveCommand { Actor = chr_01M3BMW7KN54EKH8FFGFYWVYVF, Intent = MoveIntent { DirXPermille = 566, DirZPermille = 825, Gait = Run, FacingMdeg = 34438, IsMoving = True } }
5033	2044	MoveCommand { Actor = chr_01M3BMW7KN54EKH8FFGFYWVYVF, Intent = MoveIntent { DirXPermille = 565, DirZPermille = 825, Gait = Run, FacingMdeg = 34435, IsMoving = True } }
5034	2045	MoveCommand { Actor = chr_01M3BMW7KN54EKH8FFGFYWVYVF, Intent = MoveIntent { DirXPermille = 566, DirZPermille = 825, Gait = Run, FacingMdeg = 34438, IsMoving = True } }
5035	2046	MoveCommand { Actor = chr_01M3BMW7KN54EKH8FFGFYWVYVF, Intent = MoveIntent { DirXPermille = 565, DirZPermille = 825, Gait = Run, FacingMdeg = 34435, IsMoving = True } }
5036	2047	MoveCommand { Actor = chr_01M3BMW7KN54EKH8FFGFYWVYVF, Intent = MoveIntent { DirXPermille = 566, DirZPermille = 825, Gait = Run, FacingMdeg = 34439, IsMoving = True } }
5037	2048	MoveCommand { Actor = chr_01M3BMW7KN54EKH8FFGFYWVYVF, Intent = MoveIntent { DirXPermille = 565, DirZPermille = 825, Gait = Run, FacingMdeg = 34435, IsMoving = True } }
5038	2049	MoveCommand { Actor = chr_01M3BMW7KN54EKH8FFGFYWVYVF, Intent = MoveIntent { DirXPermille = 566, DirZPermille = 825, Gait = Run, FacingMdeg = 34439, IsMoving = True } }
5039	2050	MoveCommand { Actor = chr_01M3BMW7KN54EKH8FFGFYWVYVF, Intent = MoveIntent { DirXPermille = 565, DirZPermille = 825, Gait = Run, FacingMdeg = 34435, IsMoving = True } }
5040	2051	MoveCommand { Actor = chr_01M3BMW7KN54EKH8FFGFYWVYVF, Intent = MoveIntent { DirXPermille = 566, DirZPermille = 825, Gait = Run, FacingMdeg = 34439, IsMoving = True } }
5041	2052	MoveCommand { Actor = chr_01M3BMW7KN54EKH8FFGFYWVYVF, Intent = MoveIntent { DirXPermille = 565, DirZPermille = 825, Gait = Run, FacingMdeg = 34435, IsMoving = True } }
5042	2053	MoveCommand { Actor = chr_01M3BMW7KN54EKH8FFGFYWVYVF, Intent = MoveIntent { DirXPermille = 566, DirZPermille = 825, Gait = Run, FacingMdeg = 34439, IsMoving = True } }
5043	2054	MoveCommand { Actor = chr_01M3BMW7KN54EKH8FFGFYWVYVF, Intent = MoveIntent { DirXPermille = 565, DirZPermille = 825, Gait = Run, FacingMdeg = 34435, IsMoving = True } }
5044	2055	MoveCommand { Actor = chr_01M3BMW7KN54EKH8FFGFYWVYVF, Intent = MoveIntent { DirXPermille = 566, DirZPermille = 825, Gait = Run, FacingMdeg = 34440, IsMoving = True } }
5045	2056	MoveCommand { Actor = chr_01M3BMW7KN54EKH8FFGFYWVYVF, Intent = MoveIntent { DirXPermille = 565, DirZPermille = 825, Gait = Run, FacingMdeg = 34435, IsMoving = True } }
5046	2057	MoveCommand { Actor = chr_01M3BMW7KN54EKH8FFGFYWVYVF, Intent = MoveIntent { DirXPermille = 566, DirZPermille = 825, Gait = Run, FacingMdeg = 34440, IsMoving = True } }
5047	2058	MoveCommand { Actor = chr_01M3BMW7KN54EKH8FFGFYWVYVF, Intent = MoveIntent { DirXPermille = 565, DirZPermille = 825, Gait = Run, FacingMdeg = 34435, IsMoving = True } }
5048	2059	MoveCommand { Actor = chr_01M3BMW7KN54EKH8FFGFYWVYVF, Intent = MoveIntent { DirXPermille = 566, DirZPermille = 825, Gait = Run, FacingMdeg = 34440, IsMoving = True } }
5049	2060	MoveCommand { Actor = chr_01M3BMW7KN54EKH8FFGFYWVYVF, Intent = MoveIntent { DirXPermille = 565, DirZPermille = 825, Gait = Run, FacingMdeg = 34435, IsMoving = True } }
5050	2061	MoveCommand { Actor = chr_01M3BMW7KN54EKH8FFGFYWVYVF, Intent = MoveIntent { DirXPermille = 566, DirZPermille = 825, Gait = Run, FacingMdeg = 34441, IsMoving = True } }
5051	2062	MoveCommand { Actor = chr_01M3BMW7KN54EKH8FFGFYWVYVF, Intent = MoveIntent { DirXPermille = 565, DirZPermille = 825, Gait = Run, FacingMdeg = 34435, IsMoving = True } }
5052	2063	MoveCommand { Actor = chr_01M3BMW7KN54EKH8FFGFYWVYVF, Intent = MoveIntent { DirXPermille = 566, DirZPermille = 825, Gait = Run, FacingMdeg = 34441, IsMoving = True } }
5053	2064	MoveCommand { Actor = chr_01M3BMW7KN54EKH8FFGFYWVYVF, Intent = MoveIntent { DirXPermille = 565, DirZPermille = 825, Gait = Run, FacingMdeg = 34435, IsMoving = True } }
5054	2065	MoveCommand { Actor = chr_01M3BMW7KN54EKH8FFGFYWVYVF, Intent = MoveIntent { DirXPermille = 566, DirZPermille = 825, Gait = Run, FacingMdeg = 34442, IsMoving = True } }
5055	2066	MoveCommand { Actor = chr_01M3BMW7KN54EKH8FFGFYWVYVF, Intent = MoveIntent { DirXPermille = 565, DirZPermille = 825, Gait = Run, FacingMdeg = 34435, IsMoving = True } }
5056	2067	MoveCommand { Actor = chr_01M3BMW7KN54EKH8FFGFYWVYVF, Intent = MoveIntent { DirXPermille = 566, DirZPermille = 825, Gait = Run, FacingMdeg = 34442, IsMoving = True } }
5057	2068	MoveCommand { Actor = chr_01M3BMW7KN54EKH8FFGFYWVYVF, Intent = MoveIntent { DirXPermille = 565, DirZPermille = 825, Gait = Run, FacingMdeg = 34435, IsMoving = True } }
5058	2069	MoveCommand { Actor = chr_01M3BMW7KN54EKH8FFGFYWVYVF, Intent = MoveIntent { DirXPermille = 566, DirZPermille = 825, Gait = Run, FacingMdeg = 34443, IsMoving = True } }
5059	2070	MoveCommand { Actor = chr_01M3BMW7KN54EKH8FFGFYWVYVF, Intent = MoveIntent { DirXPermille = 565, DirZPermille = 825, Gait = Run, FacingMdeg = 34435, IsMoving = True } }
5060	2071	MoveCommand { Actor = chr_01M3BMW7KN54EKH8FFGFYWVYVF, Intent = MoveIntent { DirXPermille = 566, DirZPermille = 825, Gait = Run, FacingMdeg = 34444, IsMoving = True } }
5061	2072	MoveCommand { Actor = chr_01M3BMW7KN54EKH8FFGFYWVYVF, Intent = MoveIntent { DirXPermille = 565, DirZPermille = 825, Gait = Run, FacingMdeg = 34435, IsMoving = True } }
5062	2073	MoveCommand { Actor = chr_01M3BMW7KN54EKH8FFGFYWVYVF, Intent = MoveIntent { DirXPermille = 566, DirZPermille = 825, Gait = Run, FacingMdeg = 34445, IsMoving = True } }
5063	2074	MoveCommand { Actor = chr_01M3BMW7KN54EKH8FFGFYWVYVF, Intent = MoveIntent { DirXPermille = 565, DirZPermille = 825, Gait = Run, FacingMdeg = 34435, IsMoving = True } }
5064	2075	MoveCommand { Actor = chr_01M3BMW7KN54EKH8FFGFYWVYVF, Intent = MoveIntent { DirXPermille = 566, DirZPermille = 825, Gait = Run, FacingMdeg = 34447, IsMoving = True } }
5065	2076	MoveCommand { Actor = chr_01M3BMW7KN54EKH8FFGFYWVYVF, Intent = MoveIntent { DirXPermille = 565, DirZPermille = 825, Gait = Run, FacingMdeg = 34435, IsMoving = True } }
5066	2077	MoveCommand { Actor = chr_01M3BMW7KN54EKH8FFGFYWVYVF, Intent = MoveIntent { DirXPermille = 566, DirZPermille = 825, Gait = Run, FacingMdeg = 34450, IsMoving = True } }
5067	2078	MoveCommand { Actor = chr_01M3BMW7KN54EKH8FFGFYWVYVF, Intent = MoveIntent { DirXPermille = 565, DirZPermille = 825, Gait = Run, FacingMdeg = 34435, IsMoving = True } }
5068	2079	MoveCommand { Actor = chr_01M3BMW7KN54EKH8FFGFYWVYVF, Intent = MoveIntent { DirXPermille = 566, DirZPermille = 825, Gait = Run, FacingMdeg = 34453, IsMoving = True } }
5069	2080	MoveCommand { Actor = chr_01M3BMW7KN54EKH8FFGFYWVYVF, Intent = MoveIntent { DirXPermille = 565, DirZPermille = 825, Gait = Run, FacingMdeg = 34436, IsMoving = True } }
5070	2081	MoveCommand { Actor = chr_01M3BMW7KN54EKH8FFGFYWVYVF, Intent = MoveIntent { DirXPermille = 566, DirZPermille = 825, Gait = Run, FacingMdeg = 34459, IsMoving = True } }
5071	2082	MoveCommand { Actor = chr_01M3BMW7KN54EKH8FFGFYWVYVF, Intent = MoveIntent { DirXPermille = 565, DirZPermille = 825, Gait = Run, FacingMdeg = 34436, IsMoving = True } }
5072	2083	MoveCommand { Actor = chr_01M3BMW7KN54EKH8FFGFYWVYVF, Intent = MoveIntent { DirXPermille = 566, DirZPermille = 824, Gait = Run, FacingMdeg = 34470, IsMoving = True } }
5073	2084	MoveCommand { Actor = chr_01M3BMW7KN54EKH8FFGFYWVYVF, Intent = MoveIntent { DirXPermille = 565, DirZPermille = 825, Gait = Run, FacingMdeg = 34436, IsMoving = True } }
5074	2085	MoveCommand { Actor = chr_01M3BMW7KN54EKH8FFGFYWVYVF, Intent = MoveIntent { DirXPermille = 566, DirZPermille = 824, Gait = Run, FacingMdeg = 34501, IsMoving = True } }
5075	2086	MoveCommand { Actor = chr_01M3BMW7KN54EKH8FFGFYWVYVF, Intent = MoveIntent { DirXPermille = 566, DirZPermille = 825, Gait = Run, FacingMdeg = 34439, IsMoving = True } }
5077	2087	MoveCommand { Actor = chr_01M3BMW7KN54EKH8FFGFYWVYVF, Intent = MoveIntent { DirXPermille = 990, DirZPermille = 144, Gait = Run, FacingMdeg = 81693, IsMoving = True } }
5086	2088	MoveCommand { Actor = chr_01M3BMW7KN54EKH8FFGFYWVYVF, Intent = MoveIntent { DirXPermille = 990, DirZPermille = 145, Gait = Run, FacingMdeg = 81692, IsMoving = True } }
5094	2089	MoveCommand { Actor = chr_01M3BMW7KN54EKH8FFGFYWVYVF, Intent = MoveIntent { DirXPermille = 989, DirZPermille = 145, Gait = Run, FacingMdeg = 81690, IsMoving = True } }
5167	2090	MoveCommand { Actor = chr_01M3BMW7KN54EKH8FFGFYWVYVF, Intent = MoveIntent { DirXPermille = 989, DirZPermille = 146, Gait = Run, FacingMdeg = 81633, IsMoving = True } }
5182	2091	MoveCommand { Actor = chr_01M3BMW7KN54EKH8FFGFYWVYVF, Intent = MoveIntent { DirXPermille = 989, DirZPermille = 147, Gait = Run, FacingMdeg = 81573, IsMoving = True } }
5183	2092	MoveCommand { Actor = chr_01M3BMW7KN54EKH8FFGFYWVYVF, Intent = MoveIntent { DirXPermille = 989, DirZPermille = 146, Gait = Run, FacingMdeg = 81583, IsMoving = True } }
5185	2093	MoveCommand { Actor = chr_01M3BMW7KN54EKH8FFGFYWVYVF, Intent = MoveIntent { DirXPermille = 989, DirZPermille = 147, Gait = Run, FacingMdeg = 81569, IsMoving = True } }
5186	2094	MoveCommand { Actor = chr_01M3BMW7KN54EKH8FFGFYWVYVF, Intent = MoveIntent { DirXPermille = 989, DirZPermille = 146, Gait = Run, FacingMdeg = 81581, IsMoving = True } }
5187	2095	MoveCommand { Actor = chr_01M3BMW7KN54EKH8FFGFYWVYVF, Intent = MoveIntent { DirXPermille = 989, DirZPermille = 147, Gait = Run, FacingMdeg = 81572, IsMoving = True } }
5188	2096	MoveCommand { Actor = chr_01M3BMW7KN54EKH8FFGFYWVYVF, Intent = MoveIntent { DirXPermille = 989, DirZPermille = 146, Gait = Run, FacingMdeg = 81586, IsMoving = True } }
5190	2097	MoveCommand { Actor = chr_01M3BMW7KN54EKH8FFGFYWVYVF, Intent = MoveIntent { DirXPermille = 989, DirZPermille = 147, Gait = Run, FacingMdeg = 81566, IsMoving = True } }
5191	2098	MoveCommand { Actor = chr_01M3BMW7KN54EKH8FFGFYWVYVF, Intent = MoveIntent { DirXPermille = 989, DirZPermille = 146, Gait = Run, FacingMdeg = 81583, IsMoving = True } }
5192	2099	MoveCommand { Actor = chr_01M3BMW7KN54EKH8FFGFYWVYVF, Intent = MoveIntent { DirXPermille = 989, DirZPermille = 147, Gait = Run, FacingMdeg = 81571, IsMoving = True } }
5193	2100	MoveCommand { Actor = chr_01M3BMW7KN54EKH8FFGFYWVYVF, Intent = MoveIntent { DirXPermille = 989, DirZPermille = 146, Gait = Run, FacingMdeg = 81591, IsMoving = True } }
5195	2101	MoveCommand { Actor = chr_01M3BMW7KN54EKH8FFGFYWVYVF, Intent = MoveIntent { DirXPermille = 989, DirZPermille = 147, Gait = Run, FacingMdeg = 81560, IsMoving = True } }
5196	2102	MoveCommand { Actor = chr_01M3BMW7KN54EKH8FFGFYWVYVF, Intent = MoveIntent { DirXPermille = 989, DirZPermille = 146, Gait = Run, FacingMdeg = 81588, IsMoving = True } }
5197	2103	MoveCommand { Actor = chr_01M3BMW7KN54EKH8FFGFYWVYVF, Intent = MoveIntent { DirXPermille = 989, DirZPermille = 147, Gait = Run, FacingMdeg = 81567, IsMoving = True } }
5198	2104	MoveCommand { Actor = chr_01M3BMW7KN54EKH8FFGFYWVYVF, Intent = MoveIntent { DirXPermille = 989, DirZPermille = 146, Gait = Run, FacingMdeg = 81606, IsMoving = True } }
5200	2105	MoveCommand { Actor = chr_01M3BMW7KN54EKH8FFGFYWVYVF, Intent = MoveIntent { DirXPermille = 989, DirZPermille = 147, Gait = Run, FacingMdeg = 81536, IsMoving = True } }
5201	2106	MoveCommand { Actor = chr_01M3BMW7KN54EKH8FFGFYWVYVF, Intent = MoveIntent { DirXPermille = 989, DirZPermille = 146, Gait = Run, FacingMdeg = 81615, IsMoving = True } }
5203	2107	MoveCommand { Actor = chr_01M3BMW7KN54EKH8FFGFYWVYVF, Intent = MoveIntent { DirXPermille = 1000, DirZPermille = 0, Gait = Run, FacingMdeg = 89989, IsMoving = True } }
5310	2108	MoveCommand { Actor = chr_01M3BMW7KN54EKH8FFGFYWVYVF, Intent = MoveIntent { DirXPermille = 1000, DirZPermille = 1, Gait = Run, FacingMdeg = 89971, IsMoving = True } }
5352	2109	MoveCommand { Actor = chr_01M3BMW7KN54EKH8FFGFYWVYVF, Intent = MoveIntent { DirXPermille = 1000, DirZPermille = 2, Gait = Run, FacingMdeg = 89910, IsMoving = True } }
5360	2110	MoveCommand { Actor = chr_01M3BMW7KN54EKH8FFGFYWVYVF, Intent = MoveIntent { DirXPermille = 1000, DirZPermille = 3, Gait = Run, FacingMdeg = 89850, IsMoving = True } }
5364	2111	MoveCommand { Actor = chr_01M3BMW7KN54EKH8FFGFYWVYVF, Intent = MoveIntent { DirXPermille = 1000, DirZPermille = 4, Gait = Run, FacingMdeg = 89774, IsMoving = True } }
5366	2112	MoveCommand { Actor = chr_01M3BMW7KN54EKH8FFGFYWVYVF, Intent = MoveIntent { DirXPermille = 1000, DirZPermille = 3, Gait = Run, FacingMdeg = 89819, IsMoving = True } }
5367	2113	MoveCommand { Actor = chr_01M3BMW7KN54EKH8FFGFYWVYVF, Intent = MoveIntent { DirXPermille = 1000, DirZPermille = 4, Gait = Run, FacingMdeg = 89782, IsMoving = True } }
5368	2114	MoveCommand { Actor = chr_01M3BMW7KN54EKH8FFGFYWVYVF, Intent = MoveIntent { DirXPermille = 1000, DirZPermille = 3, Gait = Run, FacingMdeg = 89818, IsMoving = True } }
5369	2115	MoveCommand { Actor = chr_01M3BMW7KN54EKH8FFGFYWVYVF, Intent = MoveIntent { DirXPermille = 1000, DirZPermille = 4, Gait = Run, FacingMdeg = 89756, IsMoving = True } }
5370	2116	MoveCommand { Actor = chr_01M3BMW7KN54EKH8FFGFYWVYVF, Intent = MoveIntent { DirXPermille = 1000, DirZPermille = 3, Gait = Run, FacingMdeg = 89815, IsMoving = True } }
5372	2117	MoveCommand { Actor = chr_01M3BMW7KN54EKH8FFGFYWVYVF, Intent = MoveIntent { DirXPermille = 330, DirZPermille = -944, Gait = Run, FacingMdeg = 160735, IsMoving = True } }
5407	2118	MoveCommand { Actor = chr_01M3BMW7KN54EKH8FFGFYWVYVF, Intent = MoveIntent { DirXPermille = 329, DirZPermille = -944, Gait = Run, FacingMdeg = 160762, IsMoving = True } }
5443	2119	MoveCommand { Actor = chr_01M3BMW7KN54EKH8FFGFYWVYVF, Intent = MoveIntent { DirXPermille = 329, DirZPermille = -945, Gait = Run, FacingMdeg = 160822, IsMoving = True } }
5444	2120	MoveCommand { Actor = chr_01M3BMW7KN54EKH8FFGFYWVYVF, Intent = MoveIntent { DirXPermille = 328, DirZPermille = -945, Gait = Run, FacingMdeg = 160824, IsMoving = True } }
5445	2121	MoveCommand { Actor = chr_01M3BMW7KN54EKH8FFGFYWVYVF, Intent = MoveIntent { DirXPermille = 329, DirZPermille = -944, Gait = Run, FacingMdeg = 160821, IsMoving = True } }
5446	2122	MoveCommand { Actor = chr_01M3BMW7KN54EKH8FFGFYWVYVF, Intent = MoveIntent { DirXPermille = 328, DirZPermille = -945, Gait = Run, FacingMdeg = 160824, IsMoving = True } }
5447	2123	MoveCommand { Actor = chr_01M3BMW7KN54EKH8FFGFYWVYVF, Intent = MoveIntent { DirXPermille = 329, DirZPermille = -944, Gait = Run, FacingMdeg = 160821, IsMoving = True } }
5448	2124	MoveCommand { Actor = chr_01M3BMW7KN54EKH8FFGFYWVYVF, Intent = MoveIntent { DirXPermille = 328, DirZPermille = -945, Gait = Run, FacingMdeg = 160824, IsMoving = True } }
5449	2125	MoveCommand { Actor = chr_01M3BMW7KN54EKH8FFGFYWVYVF, Intent = MoveIntent { DirXPermille = 329, DirZPermille = -944, Gait = Run, FacingMdeg = 160821, IsMoving = True } }
5450	2126	MoveCommand { Actor = chr_01M3BMW7KN54EKH8FFGFYWVYVF, Intent = MoveIntent { DirXPermille = 328, DirZPermille = -945, Gait = Run, FacingMdeg = 160824, IsMoving = True } }
5451	2127	MoveCommand { Actor = chr_01M3BMW7KN54EKH8FFGFYWVYVF, Intent = MoveIntent { DirXPermille = 329, DirZPermille = -944, Gait = Run, FacingMdeg = 160821, IsMoving = True } }
5452	2128	MoveCommand { Actor = chr_01M3BMW7KN54EKH8FFGFYWVYVF, Intent = MoveIntent { DirXPermille = 328, DirZPermille = -945, Gait = Run, FacingMdeg = 160824, IsMoving = True } }
5453	2129	MoveCommand { Actor = chr_01M3BMW7KN54EKH8FFGFYWVYVF, Intent = MoveIntent { DirXPermille = 329, DirZPermille = -944, Gait = Run, FacingMdeg = 160820, IsMoving = True } }
5454	2130	MoveCommand { Actor = chr_01M3BMW7KN54EKH8FFGFYWVYVF, Intent = MoveIntent { DirXPermille = 328, DirZPermille = -945, Gait = Run, FacingMdeg = 160824, IsMoving = True } }
5455	2131	MoveCommand { Actor = chr_01M3BMW7KN54EKH8FFGFYWVYVF, Intent = MoveIntent { DirXPermille = 329, DirZPermille = -944, Gait = Run, FacingMdeg = 160820, IsMoving = True } }
5456	2132	MoveCommand { Actor = chr_01M3BMW7KN54EKH8FFGFYWVYVF, Intent = MoveIntent { DirXPermille = 328, DirZPermille = -945, Gait = Run, FacingMdeg = 160823, IsMoving = True } }
5457	2133	MoveCommand { Actor = chr_01M3BMW7KN54EKH8FFGFYWVYVF, Intent = MoveIntent { DirXPermille = 329, DirZPermille = -944, Gait = Run, FacingMdeg = 160820, IsMoving = True } }
5458	2134	MoveCommand { Actor = chr_01M3BMW7KN54EKH8FFGFYWVYVF, Intent = MoveIntent { DirXPermille = 328, DirZPermille = -945, Gait = Run, FacingMdeg = 160823, IsMoving = True } }
5459	2135	MoveCommand { Actor = chr_01M3BMW7KN54EKH8FFGFYWVYVF, Intent = MoveIntent { DirXPermille = 329, DirZPermille = -944, Gait = Run, FacingMdeg = 160819, IsMoving = True } }
5460	2136	MoveCommand { Actor = chr_01M3BMW7KN54EKH8FFGFYWVYVF, Intent = MoveIntent { DirXPermille = 328, DirZPermille = -945, Gait = Run, FacingMdeg = 160823, IsMoving = True } }
5461	2137	MoveCommand { Actor = chr_01M3BMW7KN54EKH8FFGFYWVYVF, Intent = MoveIntent { DirXPermille = 329, DirZPermille = -944, Gait = Run, FacingMdeg = 160819, IsMoving = True } }
5462	2138	MoveCommand { Actor = chr_01M3BMW7KN54EKH8FFGFYWVYVF, Intent = MoveIntent { DirXPermille = 328, DirZPermille = -945, Gait = Run, FacingMdeg = 160823, IsMoving = True } }
5463	2139	MoveCommand { Actor = chr_01M3BMW7KN54EKH8FFGFYWVYVF, Intent = MoveIntent { DirXPermille = 329, DirZPermille = -944, Gait = Run, FacingMdeg = 160819, IsMoving = True } }
5464	2140	MoveCommand { Actor = chr_01M3BMW7KN54EKH8FFGFYWVYVF, Intent = MoveIntent { DirXPermille = 328, DirZPermille = -945, Gait = Run, FacingMdeg = 160822, IsMoving = True } }
5465	2141	MoveCommand { Actor = chr_01M3BMW7KN54EKH8FFGFYWVYVF, Intent = MoveIntent { DirXPermille = 329, DirZPermille = -944, Gait = Run, FacingMdeg = 160818, IsMoving = True } }
5466	2142	MoveCommand { Actor = chr_01M3BMW7KN54EKH8FFGFYWVYVF, Intent = MoveIntent { DirXPermille = 329, DirZPermille = -945, Gait = Run, FacingMdeg = 160822, IsMoving = True } }
5467	2143	MoveCommand { Actor = chr_01M3BMW7KN54EKH8FFGFYWVYVF, Intent = MoveIntent { DirXPermille = 328, DirZPermille = -945, Gait = Run, FacingMdeg = 160826, IsMoving = True } }
5468	2144	MoveCommand { Actor = chr_01M3BMW7KN54EKH8FFGFYWVYVF, Intent = MoveIntent { DirXPermille = 329, DirZPermille = -945, Gait = Run, FacingMdeg = 160822, IsMoving = True } }
5469	2145	MoveCommand { Actor = chr_01M3BMW7KN54EKH8FFGFYWVYVF, Intent = MoveIntent { DirXPermille = 328, DirZPermille = -945, Gait = Run, FacingMdeg = 160826, IsMoving = True } }
5470	2146	MoveCommand { Actor = chr_01M3BMW7KN54EKH8FFGFYWVYVF, Intent = MoveIntent { DirXPermille = 329, DirZPermille = -944, Gait = Run, FacingMdeg = 160821, IsMoving = True } }
5471	2147	MoveCommand { Actor = chr_01M3BMW7KN54EKH8FFGFYWVYVF, Intent = MoveIntent { DirXPermille = 328, DirZPermille = -945, Gait = Run, FacingMdeg = 160826, IsMoving = True } }
5472	2148	MoveCommand { Actor = chr_01M3BMW7KN54EKH8FFGFYWVYVF, Intent = MoveIntent { DirXPermille = 329, DirZPermille = -944, Gait = Run, FacingMdeg = 160821, IsMoving = True } }
5473	2149	MoveCommand { Actor = chr_01M3BMW7KN54EKH8FFGFYWVYVF, Intent = MoveIntent { DirXPermille = 328, DirZPermille = -945, Gait = Run, FacingMdeg = 160826, IsMoving = True } }
5474	2150	MoveCommand { Actor = chr_01M3BMW7KN54EKH8FFGFYWVYVF, Intent = MoveIntent { DirXPermille = 329, DirZPermille = -944, Gait = Run, FacingMdeg = 160821, IsMoving = True } }
5475	2151	MoveCommand { Actor = chr_01M3BMW7KN54EKH8FFGFYWVYVF, Intent = MoveIntent { DirXPermille = 328, DirZPermille = -945, Gait = Run, FacingMdeg = 160826, IsMoving = True } }
5476	2152	MoveCommand { Actor = chr_01M3BMW7KN54EKH8FFGFYWVYVF, Intent = MoveIntent { DirXPermille = 329, DirZPermille = -944, Gait = Run, FacingMdeg = 160820, IsMoving = True } }
5477	2153	MoveCommand { Actor = chr_01M3BMW7KN54EKH8FFGFYWVYVF, Intent = MoveIntent { DirXPermille = 328, DirZPermille = -945, Gait = Run, FacingMdeg = 160826, IsMoving = True } }
5478	2154	MoveCommand { Actor = chr_01M3BMW7KN54EKH8FFGFYWVYVF, Intent = MoveIntent { DirXPermille = 329, DirZPermille = -944, Gait = Run, FacingMdeg = 160819, IsMoving = True } }
5479	2155	MoveCommand { Actor = chr_01M3BMW7KN54EKH8FFGFYWVYVF, Intent = MoveIntent { DirXPermille = 328, DirZPermille = -945, Gait = Run, FacingMdeg = 160826, IsMoving = True } }
5480	2156	MoveCommand { Actor = chr_01M3BMW7KN54EKH8FFGFYWVYVF, Intent = MoveIntent { DirXPermille = 329, DirZPermille = -944, Gait = Run, FacingMdeg = 160819, IsMoving = True } }
5481	2157	MoveCommand { Actor = chr_01M3BMW7KN54EKH8FFGFYWVYVF, Intent = MoveIntent { DirXPermille = 328, DirZPermille = -945, Gait = Run, FacingMdeg = 160825, IsMoving = True } }
5482	2158	MoveCommand { Actor = chr_01M3BMW7KN54EKH8FFGFYWVYVF, Intent = MoveIntent { DirXPermille = 329, DirZPermille = -944, Gait = Run, FacingMdeg = 160818, IsMoving = True } }
5483	2159	MoveCommand { Actor = chr_01M3BMW7KN54EKH8FFGFYWVYVF, Intent = MoveIntent { DirXPermille = 328, DirZPermille = -945, Gait = Run, FacingMdeg = 160825, IsMoving = True } }
5484	2160	MoveCommand { Actor = chr_01M3BMW7KN54EKH8FFGFYWVYVF, Intent = MoveIntent { DirXPermille = 329, DirZPermille = -944, Gait = Run, FacingMdeg = 160817, IsMoving = True } }
5485	2161	MoveCommand { Actor = chr_01M3BMW7KN54EKH8FFGFYWVYVF, Intent = MoveIntent { DirXPermille = 328, DirZPermille = -945, Gait = Run, FacingMdeg = 160825, IsMoving = True } }
5486	2162	MoveCommand { Actor = chr_01M3BMW7KN54EKH8FFGFYWVYVF, Intent = MoveIntent { DirXPermille = 329, DirZPermille = -944, Gait = Run, FacingMdeg = 160815, IsMoving = True } }
5487	2163	MoveCommand { Actor = chr_01M3BMW7KN54EKH8FFGFYWVYVF, Intent = MoveIntent { DirXPermille = 328, DirZPermille = -945, Gait = Run, FacingMdeg = 160824, IsMoving = True } }
5488	2164	MoveCommand { Actor = chr_01M3BMW7KN54EKH8FFGFYWVYVF, Intent = MoveIntent { DirXPermille = 329, DirZPermille = -944, Gait = Run, FacingMdeg = 160814, IsMoving = True } }
5489	2165	MoveCommand { Actor = chr_01M3BMW7KN54EKH8FFGFYWVYVF, Intent = MoveIntent { DirXPermille = 328, DirZPermille = -945, Gait = Run, FacingMdeg = 160824, IsMoving = True } }
5490	2166	MoveCommand { Actor = chr_01M3BMW7KN54EKH8FFGFYWVYVF, Intent = MoveIntent { DirXPermille = 329, DirZPermille = -944, Gait = Run, FacingMdeg = 160812, IsMoving = True } }
5491	2167	MoveCommand { Actor = chr_01M3BMW7KN54EKH8FFGFYWVYVF, Intent = MoveIntent { DirXPermille = 328, DirZPermille = -945, Gait = Run, FacingMdeg = 160823, IsMoving = True } }
5492	2168	MoveCommand { Actor = chr_01M3BMW7KN54EKH8FFGFYWVYVF, Intent = MoveIntent { DirXPermille = 329, DirZPermille = -944, Gait = Run, FacingMdeg = 160809, IsMoving = True } }
5493	2169	MoveCommand { Actor = chr_01M3BMW7KN54EKH8FFGFYWVYVF, Intent = MoveIntent { DirXPermille = 328, DirZPermille = -945, Gait = Run, FacingMdeg = 160822, IsMoving = True } }
5494	2170	MoveCommand { Actor = chr_01M3BMW7KN54EKH8FFGFYWVYVF, Intent = MoveIntent { DirXPermille = 329, DirZPermille = -944, Gait = Run, FacingMdeg = 160806, IsMoving = True } }
5496	2171	MoveCommand { Actor = chr_01M3BMW7KN54EKH8FFGFYWVYVF, Intent = MoveIntent { DirXPermille = 328, DirZPermille = -945, Gait = Run, FacingMdeg = 160840, IsMoving = True } }
5497	2172	MoveCommand { Actor = chr_01M3BMW7KN54EKH8FFGFYWVYVF, Intent = MoveIntent { DirXPermille = 329, DirZPermille = -944, Gait = Run, FacingMdeg = 160819, IsMoving = True } }
5498	2173	MoveCommand { Actor = chr_01M3BMW7KN54EKH8FFGFYWVYVF, Intent = MoveIntent { DirXPermille = 328, DirZPermille = -945, Gait = Run, FacingMdeg = 160844, IsMoving = True } }
5499	2174	MoveCommand { Actor = chr_01M3BMW7KN54EKH8FFGFYWVYVF, Intent = MoveIntent { DirXPermille = 329, DirZPermille = -944, Gait = Run, FacingMdeg = 160816, IsMoving = True } }
5500	2175	MoveCommand { Actor = chr_01M3BMW7KN54EKH8FFGFYWVYVF, Intent = MoveIntent { DirXPermille = 328, DirZPermille = -945, Gait = Run, FacingMdeg = 160851, IsMoving = True } }
5501	2176	MoveCommand { Actor = chr_01M3BMW7KN54EKH8FFGFYWVYVF, Intent = MoveIntent { DirXPermille = 329, DirZPermille = -944, Gait = Run, FacingMdeg = 160808, IsMoving = True } }
5502	2177	MoveCommand { Actor = chr_01M3BMW7KN54EKH8FFGFYWVYVF, Intent = MoveIntent { DirXPermille = 328, DirZPermille = -945, Gait = Run, FacingMdeg = 160869, IsMoving = True } }
5503	2178	MoveCommand { Actor = chr_01M3BMW7KN54EKH8FFGFYWVYVF, Intent = MoveIntent { DirXPermille = 329, DirZPermille = -944, Gait = Run, FacingMdeg = 160780, IsMoving = True } }
5505	2179	MoveCommand { Actor = chr_01M3BMW7KN54EKH8FFGFYWVYVF, Intent = MoveIntent { DirXPermille = -638, DirZPermille = -770, Gait = Run, FacingMdeg = 219643, IsMoving = True } }
5574	2180	MoveCommand { Actor = chr_01M3BMW7KN54EKH8FFGFYWVYVF, Intent = MoveIntent { DirXPermille = -637, DirZPermille = -770, Gait = Run, FacingMdeg = 219605, IsMoving = True } }
5577	2181	MoveCommand { Actor = chr_01M3BMW7KN54EKH8FFGFYWVYVF, Intent = MoveIntent { DirXPermille = -637, DirZPermille = -771, Gait = Run, FacingMdeg = 219600, IsMoving = True } }
5598	2182	MoveCommand { Actor = chr_01M3BMW7KN54EKH8FFGFYWVYVF, Intent = MoveIntent { DirXPermille = -636, DirZPermille = -771, Gait = Run, FacingMdeg = 219529, IsMoving = True } }
5601	2183	MoveCommand { Actor = chr_01M3BMW7KN54EKH8FFGFYWVYVF, Intent = MoveIntent { DirXPermille = -636, DirZPermille = -772, Gait = Run, FacingMdeg = 219505, IsMoving = True } }
5605	2184	MoveCommand { Actor = chr_01M3BMW7KN54EKH8FFGFYWVYVF, Intent = MoveIntent { DirXPermille = -635, DirZPermille = -772, Gait = Run, FacingMdeg = 219455, IsMoving = True } }
5607	2185	MoveCommand { Actor = chr_01M3BMW7KN54EKH8FFGFYWVYVF, Intent = MoveIntent { DirXPermille = -636, DirZPermille = -772, Gait = Run, FacingMdeg = 219458, IsMoving = True } }
5608	2186	MoveCommand { Actor = chr_01M3BMW7KN54EKH8FFGFYWVYVF, Intent = MoveIntent { DirXPermille = -635, DirZPermille = -772, Gait = Run, FacingMdeg = 219437, IsMoving = True } }
5618	2187	MoveCommand { Actor = chr_01M3BMW7KN54EKH8FFGFYWVYVF, Intent = MoveIntent { DirXPermille = 0, DirZPermille = 0, Gait = Run, FacingMdeg = 219437, IsMoving = False } }
5618	2188	InteractCommand { Actor = chr_01M3BMW7KN54EKH8FFGFYWVYVF, TargetKey = switch.stone_southeast }
5626	2189	MoveCommand { Actor = chr_01M3BMW7KN54EKH8FFGFYWVYVF, Intent = MoveIntent { DirXPermille = 635, DirZPermille = 773, Gait = Run, FacingMdeg = 39401, IsMoving = True } }
5662	2190	MoveCommand { Actor = chr_01M3BMW7KN54EKH8FFGFYWVYVF, Intent = MoveIntent { DirXPermille = 634, DirZPermille = 773, Gait = Run, FacingMdeg = 39383, IsMoving = True } }
5663	2191	MoveCommand { Actor = chr_01M3BMW7KN54EKH8FFGFYWVYVF, Intent = MoveIntent { DirXPermille = 635, DirZPermille = 773, Gait = Run, FacingMdeg = 39385, IsMoving = True } }
5667	2192	MoveCommand { Actor = chr_01M3BMW7KN54EKH8FFGFYWVYVF, Intent = MoveIntent { DirXPermille = 634, DirZPermille = 773, Gait = Run, FacingMdeg = 39382, IsMoving = True } }
5668	2193	MoveCommand { Actor = chr_01M3BMW7KN54EKH8FFGFYWVYVF, Intent = MoveIntent { DirXPermille = 635, DirZPermille = 773, Gait = Run, FacingMdeg = 39386, IsMoving = True } }
5672	2194	MoveCommand { Actor = chr_01M3BMW7KN54EKH8FFGFYWVYVF, Intent = MoveIntent { DirXPermille = 634, DirZPermille = 773, Gait = Run, FacingMdeg = 39382, IsMoving = True } }
5673	2195	MoveCommand { Actor = chr_01M3BMW7KN54EKH8FFGFYWVYVF, Intent = MoveIntent { DirXPermille = 635, DirZPermille = 773, Gait = Run, FacingMdeg = 39386, IsMoving = True } }
5677	2196	MoveCommand { Actor = chr_01M3BMW7KN54EKH8FFGFYWVYVF, Intent = MoveIntent { DirXPermille = 634, DirZPermille = 773, Gait = Run, FacingMdeg = 39382, IsMoving = True } }
5678	2197	MoveCommand { Actor = chr_01M3BMW7KN54EKH8FFGFYWVYVF, Intent = MoveIntent { DirXPermille = 635, DirZPermille = 773, Gait = Run, FacingMdeg = 39386, IsMoving = True } }
5681	2198	MoveCommand { Actor = chr_01M3BMW7KN54EKH8FFGFYWVYVF, Intent = MoveIntent { DirXPermille = 634, DirZPermille = 773, Gait = Run, FacingMdeg = 39383, IsMoving = True } }
5682	2199	MoveCommand { Actor = chr_01M3BMW7KN54EKH8FFGFYWVYVF, Intent = MoveIntent { DirXPermille = 635, DirZPermille = 773, Gait = Run, FacingMdeg = 39387, IsMoving = True } }
5686	2200	MoveCommand { Actor = chr_01M3BMW7KN54EKH8FFGFYWVYVF, Intent = MoveIntent { DirXPermille = 634, DirZPermille = 773, Gait = Run, FacingMdeg = 39383, IsMoving = True } }
5687	2201	MoveCommand { Actor = chr_01M3BMW7KN54EKH8FFGFYWVYVF, Intent = MoveIntent { DirXPermille = 635, DirZPermille = 773, Gait = Run, FacingMdeg = 39387, IsMoving = True } }
5691	2202	MoveCommand { Actor = chr_01M3BMW7KN54EKH8FFGFYWVYVF, Intent = MoveIntent { DirXPermille = 634, DirZPermille = 773, Gait = Run, FacingMdeg = 39382, IsMoving = True } }
5692	2203	MoveCommand { Actor = chr_01M3BMW7KN54EKH8FFGFYWVYVF, Intent = MoveIntent { DirXPermille = 635, DirZPermille = 773, Gait = Run, FacingMdeg = 39387, IsMoving = True } }
5696	2204	MoveCommand { Actor = chr_01M3BMW7KN54EKH8FFGFYWVYVF, Intent = MoveIntent { DirXPermille = 634, DirZPermille = 773, Gait = Run, FacingMdeg = 39382, IsMoving = True } }
5697	2205	MoveCommand { Actor = chr_01M3BMW7KN54EKH8FFGFYWVYVF, Intent = MoveIntent { DirXPermille = 635, DirZPermille = 773, Gait = Run, FacingMdeg = 39387, IsMoving = True } }
5701	2206	MoveCommand { Actor = chr_01M3BMW7KN54EKH8FFGFYWVYVF, Intent = MoveIntent { DirXPermille = 634, DirZPermille = 773, Gait = Run, FacingMdeg = 39382, IsMoving = True } }
5702	2207	MoveCommand { Actor = chr_01M3BMW7KN54EKH8FFGFYWVYVF, Intent = MoveIntent { DirXPermille = 635, DirZPermille = 773, Gait = Run, FacingMdeg = 39388, IsMoving = True } }
5705	2208	MoveCommand { Actor = chr_01M3BMW7KN54EKH8FFGFYWVYVF, Intent = MoveIntent { DirXPermille = 634, DirZPermille = 773, Gait = Run, FacingMdeg = 39383, IsMoving = True } }
5706	2209	MoveCommand { Actor = chr_01M3BMW7KN54EKH8FFGFYWVYVF, Intent = MoveIntent { DirXPermille = 635, DirZPermille = 773, Gait = Run, FacingMdeg = 39390, IsMoving = True } }
5710	2210	MoveCommand { Actor = chr_01M3BMW7KN54EKH8FFGFYWVYVF, Intent = MoveIntent { DirXPermille = 634, DirZPermille = 773, Gait = Run, FacingMdeg = 39383, IsMoving = True } }
5711	2211	MoveCommand { Actor = chr_01M3BMW7KN54EKH8FFGFYWVYVF, Intent = MoveIntent { DirXPermille = 635, DirZPermille = 773, Gait = Run, FacingMdeg = 39390, IsMoving = True } }
5715	2212	MoveCommand { Actor = chr_01M3BMW7KN54EKH8FFGFYWVYVF, Intent = MoveIntent { DirXPermille = 634, DirZPermille = 773, Gait = Run, FacingMdeg = 39382, IsMoving = True } }
5716	2213	MoveCommand { Actor = chr_01M3BMW7KN54EKH8FFGFYWVYVF, Intent = MoveIntent { DirXPermille = 635, DirZPermille = 773, Gait = Run, FacingMdeg = 39392, IsMoving = True } }
5720	2214	MoveCommand { Actor = chr_01M3BMW7KN54EKH8FFGFYWVYVF, Intent = MoveIntent { DirXPermille = 634, DirZPermille = 773, Gait = Run, FacingMdeg = 39381, IsMoving = True } }
5721	2215	MoveCommand { Actor = chr_01M3BMW7KN54EKH8FFGFYWVYVF, Intent = MoveIntent { DirXPermille = 635, DirZPermille = 773, Gait = Run, FacingMdeg = 39393, IsMoving = True } }
5725	2216	MoveCommand { Actor = chr_01M3BMW7KN54EKH8FFGFYWVYVF, Intent = MoveIntent { DirXPermille = 634, DirZPermille = 773, Gait = Run, FacingMdeg = 39380, IsMoving = True } }
5726	2217	MoveCommand { Actor = chr_01M3BMW7KN54EKH8FFGFYWVYVF, Intent = MoveIntent { DirXPermille = 635, DirZPermille = 773, Gait = Run, FacingMdeg = 39397, IsMoving = True } }
5730	2218	MoveCommand { Actor = chr_01M3BMW7KN54EKH8FFGFYWVYVF, Intent = MoveIntent { DirXPermille = 634, DirZPermille = 773, Gait = Run, FacingMdeg = 39377, IsMoving = True } }
5731	2219	MoveCommand { Actor = chr_01M3BMW7KN54EKH8FFGFYWVYVF, Intent = MoveIntent { DirXPermille = 635, DirZPermille = 773, Gait = Run, FacingMdeg = 39404, IsMoving = True } }
5734	2220	MoveCommand { Actor = chr_01M3BMW7KN54EKH8FFGFYWVYVF, Intent = MoveIntent { DirXPermille = 634, DirZPermille = 773, Gait = Run, FacingMdeg = 39382, IsMoving = True } }
5735	2221	MoveCommand { Actor = chr_01M3BMW7KN54EKH8FFGFYWVYVF, Intent = MoveIntent { DirXPermille = 635, DirZPermille = 772, Gait = Run, FacingMdeg = 39439, IsMoving = True } }
5737	2222	MoveCommand { Actor = chr_01M3BMW7KN54EKH8FFGFYWVYVF, Intent = MoveIntent { DirXPermille = -319, DirZPermille = 948, Gait = Run, FacingMdeg = 341396, IsMoving = True } }
5783	2223	MoveCommand { Actor = chr_01M3BMW7KN54EKH8FFGFYWVYVF, Intent = MoveIntent { DirXPermille = -320, DirZPermille = 948, Gait = Run, FacingMdeg = 341367, IsMoving = True } }
5796	2224	MoveCommand { Actor = chr_01M3BMW7KN54EKH8FFGFYWVYVF, Intent = MoveIntent { DirXPermille = -320, DirZPermille = 947, Gait = Run, FacingMdeg = 341352, IsMoving = True } }
5819	2225	MoveCommand { Actor = chr_01M3BMW7KN54EKH8FFGFYWVYVF, Intent = MoveIntent { DirXPermille = -321, DirZPermille = 947, Gait = Run, FacingMdeg = 341307, IsMoving = True } }
5834	2226	MoveCommand { Actor = chr_01M3BMW7KN54EKH8FFGFYWVYVF, Intent = MoveIntent { DirXPermille = -322, DirZPermille = 947, Gait = Run, FacingMdeg = 341246, IsMoving = True } }
5835	2227	MoveCommand { Actor = chr_01M3BMW7KN54EKH8FFGFYWVYVF, Intent = MoveIntent { DirXPermille = -321, DirZPermille = 947, Gait = Run, FacingMdeg = 341253, IsMoving = True } }
5837	2228	MoveCommand { Actor = chr_01M3BMW7KN54EKH8FFGFYWVYVF, Intent = MoveIntent { DirXPermille = -322, DirZPermille = 947, Gait = Run, FacingMdeg = 341241, IsMoving = True } }
5838	2229	MoveCommand { Actor = chr_01M3BMW7KN54EKH8FFGFYWVYVF, Intent = MoveIntent { DirXPermille = -321, DirZPermille = 947, Gait = Run, FacingMdeg = 341249, IsMoving = True } }
5839	2230	MoveCommand { Actor = chr_01M3BMW7KN54EKH8FFGFYWVYVF, Intent = MoveIntent { DirXPermille = -322, DirZPermille = 947, Gait = Run, FacingMdeg = 341242, IsMoving = True } }
5840	2231	MoveCommand { Actor = chr_01M3BMW7KN54EKH8FFGFYWVYVF, Intent = MoveIntent { DirXPermille = -321, DirZPermille = 947, Gait = Run, FacingMdeg = 341250, IsMoving = True } }
5841	2232	MoveCommand { Actor = chr_01M3BMW7KN54EKH8FFGFYWVYVF, Intent = MoveIntent { DirXPermille = -322, DirZPermille = 947, Gait = Run, FacingMdeg = 341243, IsMoving = True } }
5842	2233	MoveCommand { Actor = chr_01M3BMW7KN54EKH8FFGFYWVYVF, Intent = MoveIntent { DirXPermille = -321, DirZPermille = 947, Gait = Run, FacingMdeg = 341252, IsMoving = True } }
5843	2234	MoveCommand { Actor = chr_01M3BMW7KN54EKH8FFGFYWVYVF, Intent = MoveIntent { DirXPermille = -322, DirZPermille = 947, Gait = Run, FacingMdeg = 341245, IsMoving = True } }
5844	2235	MoveCommand { Actor = chr_01M3BMW7KN54EKH8FFGFYWVYVF, Intent = MoveIntent { DirXPermille = -321, DirZPermille = 947, Gait = Run, FacingMdeg = 341254, IsMoving = True } }
5845	2236	MoveCommand { Actor = chr_01M3BMW7KN54EKH8FFGFYWVYVF, Intent = MoveIntent { DirXPermille = -322, DirZPermille = 947, Gait = Run, FacingMdeg = 341246, IsMoving = True } }
5846	2237	MoveCommand { Actor = chr_01M3BMW7KN54EKH8FFGFYWVYVF, Intent = MoveIntent { DirXPermille = -321, DirZPermille = 947, Gait = Run, FacingMdeg = 341256, IsMoving = True } }
5848	2238	MoveCommand { Actor = chr_01M3BMW7KN54EKH8FFGFYWVYVF, Intent = MoveIntent { DirXPermille = -322, DirZPermille = 947, Gait = Run, FacingMdeg = 341239, IsMoving = True } }
5849	2239	MoveCommand { Actor = chr_01M3BMW7KN54EKH8FFGFYWVYVF, Intent = MoveIntent { DirXPermille = -321, DirZPermille = 947, Gait = Run, FacingMdeg = 341250, IsMoving = True } }
5850	2240	MoveCommand { Actor = chr_01M3BMW7KN54EKH8FFGFYWVYVF, Intent = MoveIntent { DirXPermille = -322, DirZPermille = 947, Gait = Run, FacingMdeg = 341240, IsMoving = True } }
5851	2241	MoveCommand { Actor = chr_01M3BMW7KN54EKH8FFGFYWVYVF, Intent = MoveIntent { DirXPermille = -321, DirZPermille = 947, Gait = Run, FacingMdeg = 341253, IsMoving = True } }
5852	2242	MoveCommand { Actor = chr_01M3BMW7KN54EKH8FFGFYWVYVF, Intent = MoveIntent { DirXPermille = -322, DirZPermille = 947, Gait = Run, FacingMdeg = 341242, IsMoving = True } }
5853	2243	MoveCommand { Actor = chr_01M3BMW7KN54EKH8FFGFYWVYVF, Intent = MoveIntent { DirXPermille = -321, DirZPermille = 947, Gait = Run, FacingMdeg = 341256, IsMoving = True } }
5854	2244	MoveCommand { Actor = chr_01M3BMW7KN54EKH8FFGFYWVYVF, Intent = MoveIntent { DirXPermille = -322, DirZPermille = 947, Gait = Run, FacingMdeg = 341244, IsMoving = True } }
5855	2245	MoveCommand { Actor = chr_01M3BMW7KN54EKH8FFGFYWVYVF, Intent = MoveIntent { DirXPermille = -321, DirZPermille = 947, Gait = Run, FacingMdeg = 341260, IsMoving = True } }
5856	2246	MoveCommand { Actor = chr_01M3BMW7KN54EKH8FFGFYWVYVF, Intent = MoveIntent { DirXPermille = -322, DirZPermille = 947, Gait = Run, FacingMdeg = 341246, IsMoving = True } }
5857	2247	MoveCommand { Actor = chr_01M3BMW7KN54EKH8FFGFYWVYVF, Intent = MoveIntent { DirXPermille = -321, DirZPermille = 947, Gait = Run, FacingMdeg = 341265, IsMoving = True } }
5859	2248	MoveCommand { Actor = chr_01M3BMW7KN54EKH8FFGFYWVYVF, Intent = MoveIntent { DirXPermille = -322, DirZPermille = 947, Gait = Run, FacingMdeg = 341232, IsMoving = True } }
5860	2249	MoveCommand { Actor = chr_01M3BMW7KN54EKH8FFGFYWVYVF, Intent = MoveIntent { DirXPermille = -321, DirZPermille = 947, Gait = Run, FacingMdeg = 341255, IsMoving = True } }
5861	2250	MoveCommand { Actor = chr_01M3BMW7KN54EKH8FFGFYWVYVF, Intent = MoveIntent { DirXPermille = -322, DirZPermille = 947, Gait = Run, FacingMdeg = 341233, IsMoving = True } }
5862	2251	MoveCommand { Actor = chr_01M3BMW7KN54EKH8FFGFYWVYVF, Intent = MoveIntent { DirXPermille = -321, DirZPermille = 947, Gait = Run, FacingMdeg = 341262, IsMoving = True } }
5863	2252	MoveCommand { Actor = chr_01M3BMW7KN54EKH8FFGFYWVYVF, Intent = MoveIntent { DirXPermille = -322, DirZPermille = 947, Gait = Run, FacingMdeg = 341235, IsMoving = True } }
5864	2253	MoveCommand { Actor = chr_01M3BMW7KN54EKH8FFGFYWVYVF, Intent = MoveIntent { DirXPermille = -321, DirZPermille = 947, Gait = Run, FacingMdeg = 341273, IsMoving = True } }
5865	2254	MoveCommand { Actor = chr_01M3BMW7KN54EKH8FFGFYWVYVF, Intent = MoveIntent { DirXPermille = -322, DirZPermille = 947, Gait = Run, FacingMdeg = 341239, IsMoving = True } }
5866	2255	MoveCommand { Actor = chr_01M3BMW7KN54EKH8FFGFYWVYVF, Intent = MoveIntent { DirXPermille = -321, DirZPermille = 947, Gait = Run, FacingMdeg = 341296, IsMoving = True } }
5869	2256	MoveCommand { Actor = chr_01M3BMW7KN54EKH8FFGFYWVYVF, Intent = MoveIntent { DirXPermille = -1000, DirZPermille = 7, Gait = Run, FacingMdeg = 270385, IsMoving = True } }
5974	2257	MoveCommand { Actor = chr_01M3BMW7KN54EKH8FFGFYWVYVF, Intent = MoveIntent { DirXPermille = -1000, DirZPermille = 8, Gait = Run, FacingMdeg = 270430, IsMoving = True } }
6003	2258	MoveCommand { Actor = chr_01M3BMW7KN54EKH8FFGFYWVYVF, Intent = MoveIntent { DirXPermille = -1000, DirZPermille = 9, Gait = Run, FacingMdeg = 270489, IsMoving = True } }
6014	2259	MoveCommand { Actor = chr_01M3BMW7KN54EKH8FFGFYWVYVF, Intent = MoveIntent { DirXPermille = -1000, DirZPermille = 10, Gait = Run, FacingMdeg = 270549, IsMoving = True } }
6015	2260	MoveCommand { Actor = chr_01M3BMW7KN54EKH8FFGFYWVYVF, Intent = MoveIntent { DirXPermille = -1000, DirZPermille = 9, Gait = Run, FacingMdeg = 270542, IsMoving = True } }
6016	2261	MoveCommand { Actor = chr_01M3BMW7KN54EKH8FFGFYWVYVF, Intent = MoveIntent { DirXPermille = -1000, DirZPermille = 10, Gait = Run, FacingMdeg = 270550, IsMoving = True } }
6017	2262	MoveCommand { Actor = chr_01M3BMW7KN54EKH8FFGFYWVYVF, Intent = MoveIntent { DirXPermille = -1000, DirZPermille = 9, Gait = Run, FacingMdeg = 270542, IsMoving = True } }
6018	2263	MoveCommand { Actor = chr_01M3BMW7KN54EKH8FFGFYWVYVF, Intent = MoveIntent { DirXPermille = -1000, DirZPermille = 10, Gait = Run, FacingMdeg = 270551, IsMoving = True } }
6019	2264	MoveCommand { Actor = chr_01M3BMW7KN54EKH8FFGFYWVYVF, Intent = MoveIntent { DirXPermille = -1000, DirZPermille = 9, Gait = Run, FacingMdeg = 270542, IsMoving = True } }
6020	2265	MoveCommand { Actor = chr_01M3BMW7KN54EKH8FFGFYWVYVF, Intent = MoveIntent { DirXPermille = -1000, DirZPermille = 10, Gait = Run, FacingMdeg = 270553, IsMoving = True } }
6021	2266	MoveCommand { Actor = chr_01M3BMW7KN54EKH8FFGFYWVYVF, Intent = MoveIntent { DirXPermille = -1000, DirZPermille = 9, Gait = Run, FacingMdeg = 270543, IsMoving = True } }
6022	2267	MoveCommand { Actor = chr_01M3BMW7KN54EKH8FFGFYWVYVF, Intent = MoveIntent { DirXPermille = -1000, DirZPermille = 10, Gait = Run, FacingMdeg = 270555, IsMoving = True } }
6023	2268	MoveCommand { Actor = chr_01M3BMW7KN54EKH8FFGFYWVYVF, Intent = MoveIntent { DirXPermille = -1000, DirZPermille = 9, Gait = Run, FacingMdeg = 270544, IsMoving = True } }
6024	2269	MoveCommand { Actor = chr_01M3BMW7KN54EKH8FFGFYWVYVF, Intent = MoveIntent { DirXPermille = -1000, DirZPermille = 10, Gait = Run, FacingMdeg = 270557, IsMoving = True } }
6026	2270	MoveCommand { Actor = chr_01M3BMW7KN54EKH8FFGFYWVYVF, Intent = MoveIntent { DirXPermille = -1000, DirZPermille = 9, Gait = Run, FacingMdeg = 270531, IsMoving = True } }
6027	2271	MoveCommand { Actor = chr_01M3BMW7KN54EKH8FFGFYWVYVF, Intent = MoveIntent { DirXPermille = -1000, DirZPermille = 10, Gait = Run, FacingMdeg = 270546, IsMoving = True } }
6028	2272	MoveCommand { Actor = chr_01M3BMW7KN54EKH8FFGFYWVYVF, Intent = MoveIntent { DirXPermille = -1000, DirZPermille = 9, Gait = Run, FacingMdeg = 270530, IsMoving = True } }
6029	2273	MoveCommand { Actor = chr_01M3BMW7KN54EKH8FFGFYWVYVF, Intent = MoveIntent { DirXPermille = -1000, DirZPermille = 10, Gait = Run, FacingMdeg = 270548, IsMoving = True } }
6030	2274	MoveCommand { Actor = chr_01M3BMW7KN54EKH8FFGFYWVYVF, Intent = MoveIntent { DirXPermille = -1000, DirZPermille = 9, Gait = Run, FacingMdeg = 270528, IsMoving = True } }
6031	2275	MoveCommand { Actor = chr_01M3BMW7KN54EKH8FFGFYWVYVF, Intent = MoveIntent { DirXPermille = -1000, DirZPermille = 10, Gait = Run, FacingMdeg = 270551, IsMoving = True } }
6032	2276	MoveCommand { Actor = chr_01M3BMW7KN54EKH8FFGFYWVYVF, Intent = MoveIntent { DirXPermille = -1000, DirZPermille = 9, Gait = Run, FacingMdeg = 270525, IsMoving = True } }
6033	2277	MoveCommand { Actor = chr_01M3BMW7KN54EKH8FFGFYWVYVF, Intent = MoveIntent { DirXPermille = -1000, DirZPermille = 10, Gait = Run, FacingMdeg = 270557, IsMoving = True } }
6034	2278	MoveCommand { Actor = chr_01M3BMW7KN54EKH8FFGFYWVYVF, Intent = MoveIntent { DirXPermille = -1000, DirZPermille = 9, Gait = Run, FacingMdeg = 270518, IsMoving = True } }
6035	2279	MoveCommand { Actor = chr_01M3BMW7KN54EKH8FFGFYWVYVF, Intent = MoveIntent { DirXPermille = -1000, DirZPermille = 10, Gait = Run, FacingMdeg = 270570, IsMoving = True } }
6037	2280	MoveCommand { Actor = chr_01M3BMW7KN54EKH8FFGFYWVYVF, Intent = MoveIntent { DirXPermille = -437, DirZPermille = -900, Gait = Run, FacingMdeg = 205891, IsMoving = True } }
6060	2281	MoveCommand { Actor = chr_01M3BMW7KN54EKH8FFGFYWVYVF, Intent = MoveIntent { DirXPermille = -436, DirZPermille = -900, Gait = Run, FacingMdeg = 205881, IsMoving = True } }
6108	2282	MoveCommand { Actor = chr_01M3BMW7KN54EKH8FFGFYWVYVF, Intent = MoveIntent { DirXPermille = -435, DirZPermille = -900, Gait = Run, FacingMdeg = 205814, IsMoving = True } }
6117	2283	MoveCommand { Actor = chr_01M3BMW7KN54EKH8FFGFYWVYVF, Intent = MoveIntent { DirXPermille = -435, DirZPermille = -901, Gait = Run, FacingMdeg = 205770, IsMoving = True } }
6120	2284	MoveCommand { Actor = chr_01M3BMW7KN54EKH8FFGFYWVYVF, Intent = MoveIntent { DirXPermille = -434, DirZPermille = -901, Gait = Run, FacingMdeg = 205746, IsMoving = True } }
6121	2285	MoveCommand { Actor = chr_01M3BMW7KN54EKH8FFGFYWVYVF, Intent = MoveIntent { DirXPermille = -435, DirZPermille = -901, Gait = Run, FacingMdeg = 205754, IsMoving = True } }
6122	2286	MoveCommand { Actor = chr_01M3BMW7KN54EKH8FFGFYWVYVF, Intent = MoveIntent { DirXPermille = -434, DirZPermille = -901, Gait = Run, FacingMdeg = 205744, IsMoving = True } }
6124	2287	MoveCommand { Actor = chr_01M3BMW7KN54EKH8FFGFYWVYVF, Intent = MoveIntent { DirXPermille = -435, DirZPermille = -901, Gait = Run, FacingMdeg = 205762, IsMoving = True } }
6125	2288	MoveCommand { Actor = chr_01M3BMW7KN54EKH8FFGFYWVYVF, Intent = MoveIntent { DirXPermille = -434, DirZPermille = -901, Gait = Run, FacingMdeg = 205751, IsMoving = True } }
6126	2289	MoveCommand { Actor = chr_01M3BMW7KN54EKH8FFGFYWVYVF, Intent = MoveIntent { DirXPermille = -435, DirZPermille = -901, Gait = Run, FacingMdeg = 205762, IsMoving = True } }
6127	2290	MoveCommand { Actor = chr_01M3BMW7KN54EKH8FFGFYWVYVF, Intent = MoveIntent { DirXPermille = -434, DirZPermille = -901, Gait = Run, FacingMdeg = 205749, IsMoving = True } }
6128	2291	MoveCommand { Actor = chr_01M3BMW7KN54EKH8FFGFYWVYVF, Intent = MoveIntent { DirXPermille = -435, DirZPermille = -901, Gait = Run, FacingMdeg = 205762, IsMoving = True } }
6129	2292	MoveCommand { Actor = chr_01M3BMW7KN54EKH8FFGFYWVYVF, Intent = MoveIntent { DirXPermille = -434, DirZPermille = -901, Gait = Run, FacingMdeg = 205747, IsMoving = True } }
6130	2293	MoveCommand { Actor = chr_01M3BMW7KN54EKH8FFGFYWVYVF, Intent = MoveIntent { DirXPermille = -435, DirZPermille = -901, Gait = Run, FacingMdeg = 205761, IsMoving = True } }
6131	2294	MoveCommand { Actor = chr_01M3BMW7KN54EKH8FFGFYWVYVF, Intent = MoveIntent { DirXPermille = -434, DirZPermille = -901, Gait = Run, FacingMdeg = 205743, IsMoving = True } }
6132	2295	MoveCommand { Actor = chr_01M3BMW7KN54EKH8FFGFYWVYVF, Intent = MoveIntent { DirXPermille = -435, DirZPermille = -901, Gait = Run, FacingMdeg = 205761, IsMoving = True } }
6133	2296	MoveCommand { Actor = chr_01M3BMW7KN54EKH8FFGFYWVYVF, Intent = MoveIntent { DirXPermille = -434, DirZPermille = -901, Gait = Run, FacingMdeg = 205736, IsMoving = True } }
6134	2297	MoveCommand { Actor = chr_01M3BMW7KN54EKH8FFGFYWVYVF, Intent = MoveIntent { DirXPermille = -435, DirZPermille = -901, Gait = Run, FacingMdeg = 205760, IsMoving = True } }
6135	2298	MoveCommand { Actor = chr_01M3BMW7KN54EKH8FFGFYWVYVF, Intent = MoveIntent { DirXPermille = -434, DirZPermille = -901, Gait = Run, FacingMdeg = 205725, IsMoving = True } }
6136	2299	MoveCommand { Actor = chr_01M3BMW7KN54EKH8FFGFYWVYVF, Intent = MoveIntent { DirXPermille = -435, DirZPermille = -901, Gait = Run, FacingMdeg = 205758, IsMoving = True } }
6138	2300	MoveCommand { Actor = chr_01M3BMW7KN54EKH8FFGFYWVYVF, Intent = MoveIntent { DirXPermille = 0, DirZPermille = 0, Gait = Run, FacingMdeg = 205758, IsMoving = False } }
6145	2301	InteractCommand { Actor = chr_01M3BMW7KN54EKH8FFGFYWVYVF, TargetKey = switch.foldscar_heart }
6153	2302	MoveCommand { Actor = chr_01M3BMW7KN54EKH8FFGFYWVYVF, Intent = MoveIntent { DirXPermille = -693, DirZPermille = -721, Gait = Run, FacingMdeg = 223849, IsMoving = True } }
6159	2303	MoveCommand { Actor = chr_01M3BMW7KN54EKH8FFGFYWVYVF, Intent = MoveIntent { DirXPermille = -692, DirZPermille = -721, Gait = Run, FacingMdeg = 223822, IsMoving = True } }
6160	2304	MoveCommand { Actor = chr_01M3BMW7KN54EKH8FFGFYWVYVF, Intent = MoveIntent { DirXPermille = -688, DirZPermille = -726, Gait = Run, FacingMdeg = 223469, IsMoving = True } }
6161	2305	MoveCommand { Actor = chr_01M3BMW7KN54EKH8FFGFYWVYVF, Intent = MoveIntent { DirXPermille = -684, DirZPermille = -730, Gait = Run, FacingMdeg = 223155, IsMoving = True } }
6162	2306	MoveCommand { Actor = chr_01M3BMW7KN54EKH8FFGFYWVYVF, Intent = MoveIntent { DirXPermille = -681, DirZPermille = -733, Gait = Run, FacingMdeg = 222890, IsMoving = True } }
6163	2307	MoveCommand { Actor = chr_01M3BMW7KN54EKH8FFGFYWVYVF, Intent = MoveIntent { DirXPermille = -678, DirZPermille = -735, Gait = Run, FacingMdeg = 222684, IsMoving = True } }
6164	2308	MoveCommand { Actor = chr_01M3BMW7KN54EKH8FFGFYWVYVF, Intent = MoveIntent { DirXPermille = -676, DirZPermille = -737, Gait = Run, FacingMdeg = 222542, IsMoving = True } }
6165	2309	MoveCommand { Actor = chr_01M3BMW7KN54EKH8FFGFYWVYVF, Intent = MoveIntent { DirXPermille = -675, DirZPermille = -738, Gait = Run, FacingMdeg = 222474, IsMoving = True } }
6196	2310	MoveCommand { Actor = chr_01M3BMW7KN54EKH8FFGFYWVYVF, Intent = MoveIntent { DirXPermille = -675, DirZPermille = -737, Gait = Run, FacingMdeg = 222481, IsMoving = True } }
6210	2311	MoveCommand { Actor = chr_01M3BMW7KN54EKH8FFGFYWVYVF, Intent = MoveIntent { DirXPermille = -676, DirZPermille = -737, Gait = Run, FacingMdeg = 222493, IsMoving = True } }
6219	2312	MoveCommand { Actor = chr_01M3BMW7KN54EKH8FFGFYWVYVF, Intent = MoveIntent { DirXPermille = 0, DirZPermille = 0, Gait = Run, FacingMdeg = 222493, IsMoving = False } }
6219	2313	TalkCommand { Actor = chr_01M3BMW7KN54EKH8FFGFYWVYVF, NpcId = npc.ashen_hollow.tavar_orr }
6220	2314	ChooseCommand { Actor = chr_01M3BMW7KN54EKH8FFGFYWVYVF, ReplyId = sent }
6228	2315	ChooseCommand { Actor = chr_01M3BMW7KN54EKH8FFGFYWVYVF, ReplyId = join }
6236	2316	ChooseCommand { Actor = chr_01M3BMW7KN54EKH8FFGFYWVYVF, ReplyId = ok }
6251	2317	MoveCommand { Actor = chr_01M3BMW7KN54EKH8FFGFYWVYVF, Intent = MoveIntent { DirXPermille = 894, DirZPermille = 448, Gait = Run, FacingMdeg = 63396, IsMoving = True } }
6256	2318	MoveCommand { Actor = chr_01M3BMW7KN54EKH8FFGFYWVYVF, Intent = MoveIntent { DirXPermille = 894, DirZPermille = 447, Gait = Run, FacingMdeg = 63422, IsMoving = True } }
6260	2319	MoveCommand { Actor = chr_01M3BMW7KN54EKH8FFGFYWVYVF, Intent = MoveIntent { DirXPermille = 895, DirZPermille = 447, Gait = Run, FacingMdeg = 63451, IsMoving = True } }
6261	2320	MoveCommand { Actor = chr_01M3BMW7KN54EKH8FFGFYWVYVF, Intent = MoveIntent { DirXPermille = 894, DirZPermille = 447, Gait = Run, FacingMdeg = 63443, IsMoving = True } }
6262	2321	MoveCommand { Actor = chr_01M3BMW7KN54EKH8FFGFYWVYVF, Intent = MoveIntent { DirXPermille = 895, DirZPermille = 447, Gait = Run, FacingMdeg = 63453, IsMoving = True } }
6264	2322	MoveCommand { Actor = chr_01M3BMW7KN54EKH8FFGFYWVYVF, Intent = MoveIntent { DirXPermille = 894, DirZPermille = 447, Gait = Run, FacingMdeg = 63435, IsMoving = True } }
6265	2323	MoveCommand { Actor = chr_01M3BMW7KN54EKH8FFGFYWVYVF, Intent = MoveIntent { DirXPermille = 895, DirZPermille = 447, Gait = Run, FacingMdeg = 63446, IsMoving = True } }
6266	2324	MoveCommand { Actor = chr_01M3BMW7KN54EKH8FFGFYWVYVF, Intent = MoveIntent { DirXPermille = 894, DirZPermille = 447, Gait = Run, FacingMdeg = 63435, IsMoving = True } }
6267	2325	MoveCommand { Actor = chr_01M3BMW7KN54EKH8FFGFYWVYVF, Intent = MoveIntent { DirXPermille = 895, DirZPermille = 447, Gait = Run, FacingMdeg = 63447, IsMoving = True } }
6268	2326	MoveCommand { Actor = chr_01M3BMW7KN54EKH8FFGFYWVYVF, Intent = MoveIntent { DirXPermille = 894, DirZPermille = 447, Gait = Run, FacingMdeg = 63435, IsMoving = True } }
6269	2327	MoveCommand { Actor = chr_01M3BMW7KN54EKH8FFGFYWVYVF, Intent = MoveIntent { DirXPermille = 895, DirZPermille = 447, Gait = Run, FacingMdeg = 63449, IsMoving = True } }
6270	2328	MoveCommand { Actor = chr_01M3BMW7KN54EKH8FFGFYWVYVF, Intent = MoveIntent { DirXPermille = 894, DirZPermille = 447, Gait = Run, FacingMdeg = 63435, IsMoving = True } }
6271	2329	MoveCommand { Actor = chr_01M3BMW7KN54EKH8FFGFYWVYVF, Intent = MoveIntent { DirXPermille = 895, DirZPermille = 447, Gait = Run, FacingMdeg = 63453, IsMoving = True } }
6272	2330	MoveCommand { Actor = chr_01M3BMW7KN54EKH8FFGFYWVYVF, Intent = MoveIntent { DirXPermille = 894, DirZPermille = 447, Gait = Run, FacingMdeg = 63435, IsMoving = True } }
6273	2331	MoveCommand { Actor = chr_01M3BMW7KN54EKH8FFGFYWVYVF, Intent = MoveIntent { DirXPermille = 895, DirZPermille = 447, Gait = Run, FacingMdeg = 63458, IsMoving = True } }
6274	2332	MoveCommand { Actor = chr_01M3BMW7KN54EKH8FFGFYWVYVF, Intent = MoveIntent { DirXPermille = 894, DirZPermille = 447, Gait = Run, FacingMdeg = 63435, IsMoving = True } }
6275	2333	MoveCommand { Actor = chr_01M3BMW7KN54EKH8FFGFYWVYVF, Intent = MoveIntent { DirXPermille = 895, DirZPermille = 447, Gait = Run, FacingMdeg = 63466, IsMoving = True } }
6276	2334	MoveCommand { Actor = chr_01M3BMW7KN54EKH8FFGFYWVYVF, Intent = MoveIntent { DirXPermille = 894, DirZPermille = 447, Gait = Run, FacingMdeg = 63435, IsMoving = True } }
6278	2335	MoveCommand { Actor = chr_01M3BMW7KN54EKH8FFGFYWVYVF, Intent = MoveIntent { DirXPermille = -505, DirZPermille = 863, Gait = Run, FacingMdeg = 329689, IsMoving = True } }
6300	2336	MoveCommand { Actor = chr_01M3BMW7KN54EKH8FFGFYWVYVF, Intent = MoveIntent { DirXPermille = -504, DirZPermille = 863, Gait = Run, FacingMdeg = 329702, IsMoving = True } }
6313	2337	MoveCommand { Actor = chr_01M3BMW7KN54EKH8FFGFYWVYVF, Intent = MoveIntent { DirXPermille = -504, DirZPermille = 864, Gait = Run, FacingMdeg = 329712, IsMoving = True } }
6359	2338	MoveCommand { Actor = chr_01M3BMW7KN54EKH8FFGFYWVYVF, Intent = MoveIntent { DirXPermille = -503, DirZPermille = 864, Gait = Run, FacingMdeg = 329769, IsMoving = True } }
6360	2339	MoveCommand { Actor = chr_01M3BMW7KN54EKH8FFGFYWVYVF, Intent = MoveIntent { DirXPermille = -504, DirZPermille = 864, Gait = Run, FacingMdeg = 329767, IsMoving = True } }
6361	2340	MoveCommand { Actor = chr_01M3BMW7KN54EKH8FFGFYWVYVF, Intent = MoveIntent { DirXPermille = -503, DirZPermille = 864, Gait = Run, FacingMdeg = 329769, IsMoving = True } }
6362	2341	MoveCommand { Actor = chr_01M3BMW7KN54EKH8FFGFYWVYVF, Intent = MoveIntent { DirXPermille = -504, DirZPermille = 864, Gait = Run, FacingMdeg = 329768, IsMoving = True } }
6363	2342	MoveCommand { Actor = chr_01M3BMW7KN54EKH8FFGFYWVYVF, Intent = MoveIntent { DirXPermille = -503, DirZPermille = 864, Gait = Run, FacingMdeg = 329770, IsMoving = True } }
6365	2343	MoveCommand { Actor = chr_01M3BMW7KN54EKH8FFGFYWVYVF, Intent = MoveIntent { DirXPermille = -504, DirZPermille = 864, Gait = Run, FacingMdeg = 329767, IsMoving = True } }
6366	2344	MoveCommand { Actor = chr_01M3BMW7KN54EKH8FFGFYWVYVF, Intent = MoveIntent { DirXPermille = -503, DirZPermille = 864, Gait = Run, FacingMdeg = 329769, IsMoving = True } }
6367	2345	MoveCommand { Actor = chr_01M3BMW7KN54EKH8FFGFYWVYVF, Intent = MoveIntent { DirXPermille = -504, DirZPermille = 864, Gait = Run, FacingMdeg = 329767, IsMoving = True } }
6368	2346	MoveCommand { Actor = chr_01M3BMW7KN54EKH8FFGFYWVYVF, Intent = MoveIntent { DirXPermille = -503, DirZPermille = 864, Gait = Run, FacingMdeg = 329769, IsMoving = True } }
6369	2347	MoveCommand { Actor = chr_01M3BMW7KN54EKH8FFGFYWVYVF, Intent = MoveIntent { DirXPermille = -504, DirZPermille = 864, Gait = Run, FacingMdeg = 329768, IsMoving = True } }
6370	2348	MoveCommand { Actor = chr_01M3BMW7KN54EKH8FFGFYWVYVF, Intent = MoveIntent { DirXPermille = -503, DirZPermille = 864, Gait = Run, FacingMdeg = 329770, IsMoving = True } }
6372	2349	MoveCommand { Actor = chr_01M3BMW7KN54EKH8FFGFYWVYVF, Intent = MoveIntent { DirXPermille = -504, DirZPermille = 864, Gait = Run, FacingMdeg = 329767, IsMoving = True } }
6373	2350	MoveCommand { Actor = chr_01M3BMW7KN54EKH8FFGFYWVYVF, Intent = MoveIntent { DirXPermille = -503, DirZPermille = 864, Gait = Run, FacingMdeg = 329769, IsMoving = True } }
6374	2351	MoveCommand { Actor = chr_01M3BMW7KN54EKH8FFGFYWVYVF, Intent = MoveIntent { DirXPermille = -504, DirZPermille = 864, Gait = Run, FacingMdeg = 329768, IsMoving = True } }
6375	2352	MoveCommand { Actor = chr_01M3BMW7KN54EKH8FFGFYWVYVF, Intent = MoveIntent { DirXPermille = -503, DirZPermille = 864, Gait = Run, FacingMdeg = 329770, IsMoving = True } }
6376	2353	MoveCommand { Actor = chr_01M3BMW7KN54EKH8FFGFYWVYVF, Intent = MoveIntent { DirXPermille = -504, DirZPermille = 864, Gait = Run, FacingMdeg = 329768, IsMoving = True } }
6377	2354	MoveCommand { Actor = chr_01M3BMW7KN54EKH8FFGFYWVYVF, Intent = MoveIntent { DirXPermille = -503, DirZPermille = 864, Gait = Run, FacingMdeg = 329770, IsMoving = True } }
6379	2355	MoveCommand { Actor = chr_01M3BMW7KN54EKH8FFGFYWVYVF, Intent = MoveIntent { DirXPermille = -504, DirZPermille = 864, Gait = Run, FacingMdeg = 329767, IsMoving = True } }
6380	2356	MoveCommand { Actor = chr_01M3BMW7KN54EKH8FFGFYWVYVF, Intent = MoveIntent { DirXPermille = -503, DirZPermille = 864, Gait = Run, FacingMdeg = 329769, IsMoving = True } }
6381	2357	MoveCommand { Actor = chr_01M3BMW7KN54EKH8FFGFYWVYVF, Intent = MoveIntent { DirXPermille = -504, DirZPermille = 864, Gait = Run, FacingMdeg = 329768, IsMoving = True } }
6382	2358	MoveCommand { Actor = chr_01M3BMW7KN54EKH8FFGFYWVYVF, Intent = MoveIntent { DirXPermille = -503, DirZPermille = 864, Gait = Run, FacingMdeg = 329770, IsMoving = True } }
6384	2359	MoveCommand { Actor = chr_01M3BMW7KN54EKH8FFGFYWVYVF, Intent = MoveIntent { DirXPermille = -504, DirZPermille = 864, Gait = Run, FacingMdeg = 329767, IsMoving = True } }
6385	2360	MoveCommand { Actor = chr_01M3BMW7KN54EKH8FFGFYWVYVF, Intent = MoveIntent { DirXPermille = -503, DirZPermille = 864, Gait = Run, FacingMdeg = 329769, IsMoving = True } }
6386	2361	MoveCommand { Actor = chr_01M3BMW7KN54EKH8FFGFYWVYVF, Intent = MoveIntent { DirXPermille = -504, DirZPermille = 864, Gait = Run, FacingMdeg = 329767, IsMoving = True } }
6387	2362	MoveCommand { Actor = chr_01M3BMW7KN54EKH8FFGFYWVYVF, Intent = MoveIntent { DirXPermille = -503, DirZPermille = 864, Gait = Run, FacingMdeg = 329770, IsMoving = True } }
6388	2363	MoveCommand { Actor = chr_01M3BMW7KN54EKH8FFGFYWVYVF, Intent = MoveIntent { DirXPermille = -504, DirZPermille = 864, Gait = Run, FacingMdeg = 329768, IsMoving = True } }
6389	2364	MoveCommand { Actor = chr_01M3BMW7KN54EKH8FFGFYWVYVF, Intent = MoveIntent { DirXPermille = -503, DirZPermille = 864, Gait = Run, FacingMdeg = 329770, IsMoving = True } }
6391	2365	MoveCommand { Actor = chr_01M3BMW7KN54EKH8FFGFYWVYVF, Intent = MoveIntent { DirXPermille = -504, DirZPermille = 864, Gait = Run, FacingMdeg = 329767, IsMoving = True } }
6392	2366	MoveCommand { Actor = chr_01M3BMW7KN54EKH8FFGFYWVYVF, Intent = MoveIntent { DirXPermille = -503, DirZPermille = 864, Gait = Run, FacingMdeg = 329769, IsMoving = True } }
6393	2367	MoveCommand { Actor = chr_01M3BMW7KN54EKH8FFGFYWVYVF, Intent = MoveIntent { DirXPermille = -504, DirZPermille = 864, Gait = Run, FacingMdeg = 329767, IsMoving = True } }
6394	2368	MoveCommand { Actor = chr_01M3BMW7KN54EKH8FFGFYWVYVF, Intent = MoveIntent { DirXPermille = -503, DirZPermille = 864, Gait = Run, FacingMdeg = 329770, IsMoving = True } }
6395	2369	MoveCommand { Actor = chr_01M3BMW7KN54EKH8FFGFYWVYVF, Intent = MoveIntent { DirXPermille = -504, DirZPermille = 864, Gait = Run, FacingMdeg = 329768, IsMoving = True } }
6396	2370	MoveCommand { Actor = chr_01M3BMW7KN54EKH8FFGFYWVYVF, Intent = MoveIntent { DirXPermille = -503, DirZPermille = 864, Gait = Run, FacingMdeg = 329771, IsMoving = True } }
6398	2371	MoveCommand { Actor = chr_01M3BMW7KN54EKH8FFGFYWVYVF, Intent = MoveIntent { DirXPermille = -504, DirZPermille = 864, Gait = Run, FacingMdeg = 329767, IsMoving = True } }
6399	2372	MoveCommand { Actor = chr_01M3BMW7KN54EKH8FFGFYWVYVF, Intent = MoveIntent { DirXPermille = -503, DirZPermille = 864, Gait = Run, FacingMdeg = 329770, IsMoving = True } }
6400	2373	MoveCommand { Actor = chr_01M3BMW7KN54EKH8FFGFYWVYVF, Intent = MoveIntent { DirXPermille = -504, DirZPermille = 864, Gait = Run, FacingMdeg = 329768, IsMoving = True } }
6401	2374	MoveCommand { Actor = chr_01M3BMW7KN54EKH8FFGFYWVYVF, Intent = MoveIntent { DirXPermille = -503, DirZPermille = 864, Gait = Run, FacingMdeg = 329771, IsMoving = True } }
6403	2375	MoveCommand { Actor = chr_01M3BMW7KN54EKH8FFGFYWVYVF, Intent = MoveIntent { DirXPermille = -504, DirZPermille = 864, Gait = Run, FacingMdeg = 329766, IsMoving = True } }
6404	2376	MoveCommand { Actor = chr_01M3BMW7KN54EKH8FFGFYWVYVF, Intent = MoveIntent { DirXPermille = -503, DirZPermille = 864, Gait = Run, FacingMdeg = 329769, IsMoving = True } }
6405	2377	MoveCommand { Actor = chr_01M3BMW7KN54EKH8FFGFYWVYVF, Intent = MoveIntent { DirXPermille = -504, DirZPermille = 864, Gait = Run, FacingMdeg = 329767, IsMoving = True } }
6406	2378	MoveCommand { Actor = chr_01M3BMW7KN54EKH8FFGFYWVYVF, Intent = MoveIntent { DirXPermille = -503, DirZPermille = 864, Gait = Run, FacingMdeg = 329770, IsMoving = True } }
6407	2379	MoveCommand { Actor = chr_01M3BMW7KN54EKH8FFGFYWVYVF, Intent = MoveIntent { DirXPermille = -504, DirZPermille = 864, Gait = Run, FacingMdeg = 329768, IsMoving = True } }
6408	2380	MoveCommand { Actor = chr_01M3BMW7KN54EKH8FFGFYWVYVF, Intent = MoveIntent { DirXPermille = -503, DirZPermille = 864, Gait = Run, FacingMdeg = 329771, IsMoving = True } }
6410	2381	MoveCommand { Actor = chr_01M3BMW7KN54EKH8FFGFYWVYVF, Intent = MoveIntent { DirXPermille = -504, DirZPermille = 864, Gait = Run, FacingMdeg = 329766, IsMoving = True } }
6411	2382	MoveCommand { Actor = chr_01M3BMW7KN54EKH8FFGFYWVYVF, Intent = MoveIntent { DirXPermille = -503, DirZPermille = 864, Gait = Run, FacingMdeg = 329770, IsMoving = True } }
6412	2383	MoveCommand { Actor = chr_01M3BMW7KN54EKH8FFGFYWVYVF, Intent = MoveIntent { DirXPermille = -504, DirZPermille = 864, Gait = Run, FacingMdeg = 329767, IsMoving = True } }
6413	2384	MoveCommand { Actor = chr_01M3BMW7KN54EKH8FFGFYWVYVF, Intent = MoveIntent { DirXPermille = -503, DirZPermille = 864, Gait = Run, FacingMdeg = 329771, IsMoving = True } }
6414	2385	MoveCommand { Actor = chr_01M3BMW7KN54EKH8FFGFYWVYVF, Intent = MoveIntent { DirXPermille = -504, DirZPermille = 864, Gait = Run, FacingMdeg = 329768, IsMoving = True } }
6415	2386	MoveCommand { Actor = chr_01M3BMW7KN54EKH8FFGFYWVYVF, Intent = MoveIntent { DirXPermille = -503, DirZPermille = 864, Gait = Run, FacingMdeg = 329772, IsMoving = True } }
6417	2387	MoveCommand { Actor = chr_01M3BMW7KN54EKH8FFGFYWVYVF, Intent = MoveIntent { DirXPermille = -504, DirZPermille = 864, Gait = Run, FacingMdeg = 329766, IsMoving = True } }
6418	2388	MoveCommand { Actor = chr_01M3BMW7KN54EKH8FFGFYWVYVF, Intent = MoveIntent { DirXPermille = -503, DirZPermille = 864, Gait = Run, FacingMdeg = 329770, IsMoving = True } }
6419	2389	MoveCommand { Actor = chr_01M3BMW7KN54EKH8FFGFYWVYVF, Intent = MoveIntent { DirXPermille = -504, DirZPermille = 864, Gait = Run, FacingMdeg = 329767, IsMoving = True } }
6420	2390	MoveCommand { Actor = chr_01M3BMW7KN54EKH8FFGFYWVYVF, Intent = MoveIntent { DirXPermille = -503, DirZPermille = 864, Gait = Run, FacingMdeg = 329772, IsMoving = True } }
6422	2391	MoveCommand { Actor = chr_01M3BMW7KN54EKH8FFGFYWVYVF, Intent = MoveIntent { DirXPermille = -504, DirZPermille = 864, Gait = Run, FacingMdeg = 329765, IsMoving = True } }
6423	2392	MoveCommand { Actor = chr_01M3BMW7KN54EKH8FFGFYWVYVF, Intent = MoveIntent { DirXPermille = -503, DirZPermille = 864, Gait = Run, FacingMdeg = 329770, IsMoving = True } }
6424	2393	MoveCommand { Actor = chr_01M3BMW7KN54EKH8FFGFYWVYVF, Intent = MoveIntent { DirXPermille = -504, DirZPermille = 864, Gait = Run, FacingMdeg = 329766, IsMoving = True } }
6425	2394	MoveCommand { Actor = chr_01M3BMW7KN54EKH8FFGFYWVYVF, Intent = MoveIntent { DirXPermille = -503, DirZPermille = 864, Gait = Run, FacingMdeg = 329771, IsMoving = True } }
6426	2395	MoveCommand { Actor = chr_01M3BMW7KN54EKH8FFGFYWVYVF, Intent = MoveIntent { DirXPermille = -504, DirZPermille = 864, Gait = Run, FacingMdeg = 329768, IsMoving = True } }
6427	2396	MoveCommand { Actor = chr_01M3BMW7KN54EKH8FFGFYWVYVF, Intent = MoveIntent { DirXPermille = -503, DirZPermille = 864, Gait = Run, FacingMdeg = 329773, IsMoving = True } }
6429	2397	MoveCommand { Actor = chr_01M3BMW7KN54EKH8FFGFYWVYVF, Intent = MoveIntent { DirXPermille = -504, DirZPermille = 864, Gait = Run, FacingMdeg = 329765, IsMoving = True } }
6430	2398	MoveCommand { Actor = chr_01M3BMW7KN54EKH8FFGFYWVYVF, Intent = MoveIntent { DirXPermille = -503, DirZPermille = 864, Gait = Run, FacingMdeg = 329771, IsMoving = True } }
6431	2399	MoveCommand { Actor = chr_01M3BMW7KN54EKH8FFGFYWVYVF, Intent = MoveIntent { DirXPermille = -504, DirZPermille = 864, Gait = Run, FacingMdeg = 329767, IsMoving = True } }
6432	2400	MoveCommand { Actor = chr_01M3BMW7KN54EKH8FFGFYWVYVF, Intent = MoveIntent { DirXPermille = -503, DirZPermille = 864, Gait = Run, FacingMdeg = 329773, IsMoving = True } }
6434	2401	MoveCommand { Actor = chr_01M3BMW7KN54EKH8FFGFYWVYVF, Intent = MoveIntent { DirXPermille = -504, DirZPermille = 864, Gait = Run, FacingMdeg = 329763, IsMoving = True } }
6435	2402	MoveCommand { Actor = chr_01M3BMW7KN54EKH8FFGFYWVYVF, Intent = MoveIntent { DirXPermille = -503, DirZPermille = 864, Gait = Run, FacingMdeg = 329770, IsMoving = True } }
6436	2403	MoveCommand { Actor = chr_01M3BMW7KN54EKH8FFGFYWVYVF, Intent = MoveIntent { DirXPermille = -504, DirZPermille = 864, Gait = Run, FacingMdeg = 329765, IsMoving = True } }
6437	2404	MoveCommand { Actor = chr_01M3BMW7KN54EKH8FFGFYWVYVF, Intent = MoveIntent { DirXPermille = -503, DirZPermille = 864, Gait = Run, FacingMdeg = 329772, IsMoving = True } }
6438	2405	MoveCommand { Actor = chr_01M3BMW7KN54EKH8FFGFYWVYVF, Intent = MoveIntent { DirXPermille = -504, DirZPermille = 864, Gait = Run, FacingMdeg = 329767, IsMoving = True } }
6439	2406	MoveCommand { Actor = chr_01M3BMW7KN54EKH8FFGFYWVYVF, Intent = MoveIntent { DirXPermille = -503, DirZPermille = 864, Gait = Run, FacingMdeg = 329775, IsMoving = True } }
6441	2407	MoveCommand { Actor = chr_01M3BMW7KN54EKH8FFGFYWVYVF, Intent = MoveIntent { DirXPermille = -504, DirZPermille = 864, Gait = Run, FacingMdeg = 329762, IsMoving = True } }
6442	2408	MoveCommand { Actor = chr_01M3BMW7KN54EKH8FFGFYWVYVF, Intent = MoveIntent { DirXPermille = -503, DirZPermille = 864, Gait = Run, FacingMdeg = 329772, IsMoving = True } }
6443	2409	MoveCommand { Actor = chr_01M3BMW7KN54EKH8FFGFYWVYVF, Intent = MoveIntent { DirXPermille = -504, DirZPermille = 864, Gait = Run, FacingMdeg = 329765, IsMoving = True } }
6444	2410	MoveCommand { Actor = chr_01M3BMW7KN54EKH8FFGFYWVYVF, Intent = MoveIntent { DirXPermille = -503, DirZPermille = 864, Gait = Run, FacingMdeg = 329775, IsMoving = True } }
6445	2411	MoveCommand { Actor = chr_01M3BMW7KN54EKH8FFGFYWVYVF, Intent = MoveIntent { DirXPermille = -504, DirZPermille = 864, Gait = Run, FacingMdeg = 329767, IsMoving = True } }
6446	2412	MoveCommand { Actor = chr_01M3BMW7KN54EKH8FFGFYWVYVF, Intent = MoveIntent { DirXPermille = -503, DirZPermille = 864, Gait = Run, FacingMdeg = 329780, IsMoving = True } }
6448	2413	MoveCommand { Actor = chr_01M3BMW7KN54EKH8FFGFYWVYVF, Intent = MoveIntent { DirXPermille = -504, DirZPermille = 864, Gait = Run, FacingMdeg = 329760, IsMoving = True } }
6449	2414	MoveCommand { Actor = chr_01M3BMW7KN54EKH8FFGFYWVYVF, Intent = MoveIntent { DirXPermille = -503, DirZPermille = 864, Gait = Run, FacingMdeg = 329776, IsMoving = True } }
6450	2415	MoveCommand { Actor = chr_01M3BMW7KN54EKH8FFGFYWVYVF, Intent = MoveIntent { DirXPermille = -504, DirZPermille = 864, Gait = Run, FacingMdeg = 329764, IsMoving = True } }
6451	2416	MoveCommand { Actor = chr_01M3BMW7KN54EKH8FFGFYWVYVF, Intent = MoveIntent { DirXPermille = -503, DirZPermille = 864, Gait = Run, FacingMdeg = 329783, IsMoving = True } }
6453	2417	MoveCommand { Actor = chr_01M3BMW7KN54EKH8FFGFYWVYVF, Intent = MoveIntent { DirXPermille = -504, DirZPermille = 864, Gait = Run, FacingMdeg = 329751, IsMoving = True } }
6454	2418	MoveCommand { Actor = chr_01M3BMW7KN54EKH8FFGFYWVYVF, Intent = MoveIntent { DirXPermille = -503, DirZPermille = 864, Gait = Run, FacingMdeg = 329777, IsMoving = True } }
6455	2419	MoveCommand { Actor = chr_01M3BMW7KN54EKH8FFGFYWVYVF, Intent = MoveIntent { DirXPermille = -504, DirZPermille = 864, Gait = Run, FacingMdeg = 329753, IsMoving = True } }
6456	2420	MoveCommand { Actor = chr_01M3BMW7KN54EKH8FFGFYWVYVF, Intent = MoveIntent { DirXPermille = -503, DirZPermille = 864, Gait = Run, FacingMdeg = 329792, IsMoving = True } }
6457	2421	MoveCommand { Actor = chr_01M3BMW7KN54EKH8FFGFYWVYVF, Intent = MoveIntent { DirXPermille = -504, DirZPermille = 864, Gait = Run, FacingMdeg = 329760, IsMoving = True } }
6459	2422	MoveCommand { Actor = chr_01M3BMW7KN54EKH8FFGFYWVYVF, Intent = MoveIntent { DirXPermille = -758, DirZPermille = 652, Gait = Run, FacingMdeg = 310682, IsMoving = True } }
6733	2423	MoveCommand { Actor = chr_01M3BMW7KN54EKH8FFGFYWVYVF, Intent = MoveIntent { DirXPermille = -758, DirZPermille = 653, Gait = Run, FacingMdeg = 310732, IsMoving = True } }
6738	2424	MoveCommand { Actor = chr_01M3BMW7KN54EKH8FFGFYWVYVF, Intent = MoveIntent { DirXPermille = -757, DirZPermille = 653, Gait = Run, FacingMdeg = 310756, IsMoving = True } }
6743	2425	MoveCommand { Actor = chr_01M3BMW7KN54EKH8FFGFYWVYVF, Intent = MoveIntent { DirXPermille = -757, DirZPermille = 654, Gait = Run, FacingMdeg = 310819, IsMoving = True } }
6744	2426	MoveCommand { Actor = chr_01M3BMW7KN54EKH8FFGFYWVYVF, Intent = MoveIntent { DirXPermille = -757, DirZPermille = 653, Gait = Run, FacingMdeg = 310793, IsMoving = True } }
6745	2427	MoveCommand { Actor = chr_01M3BMW7KN54EKH8FFGFYWVYVF, Intent = MoveIntent { DirXPermille = -757, DirZPermille = 654, Gait = Run, FacingMdeg = 310821, IsMoving = True } }
6747	2428	MoveCommand { Actor = chr_01M3BMW7KN54EKH8FFGFYWVYVF, Intent = MoveIntent { DirXPermille = -743, DirZPermille = 669, Gait = Run, FacingMdeg = 311972, IsMoving = True } }
6890	2429	MoveCommand { Actor = chr_01M3BMW7KN54EKH8FFGFYWVYVF, Intent = MoveIntent { DirXPermille = -743, DirZPermille = 670, Gait = Run, FacingMdeg = 312029, IsMoving = True } }
6898	2430	MoveCommand { Actor = chr_01M3BMW7KN54EKH8FFGFYWVYVF, Intent = MoveIntent { DirXPermille = -742, DirZPermille = 670, Gait = Run, FacingMdeg = 312058, IsMoving = True } }
6905	2431	MoveCommand { Actor = chr_01M3BMW7KN54EKH8FFGFYWVYVF, Intent = MoveIntent { DirXPermille = -742, DirZPermille = 671, Gait = Run, FacingMdeg = 312114, IsMoving = True } }
6907	2432	MoveCommand { Actor = chr_01M3BMW7KN54EKH8FFGFYWVYVF, Intent = MoveIntent { DirXPermille = -741, DirZPermille = 671, Gait = Run, FacingMdeg = 312144, IsMoving = True } }
6909	2433	MoveCommand { Actor = chr_01M3BMW7KN54EKH8FFGFYWVYVF, Intent = MoveIntent { DirXPermille = -741, DirZPermille = 672, Gait = Run, FacingMdeg = 312188, IsMoving = True } }
6911	2434	MoveCommand { Actor = chr_01M3BMW7KN54EKH8FFGFYWVYVF, Intent = MoveIntent { DirXPermille = -740, DirZPermille = 673, Gait = Run, FacingMdeg = 312262, IsMoving = True } }
6912	2435	MoveCommand { Actor = chr_01M3BMW7KN54EKH8FFGFYWVYVF, Intent = MoveIntent { DirXPermille = -741, DirZPermille = 672, Gait = Run, FacingMdeg = 312223, IsMoving = True } }
6913	2436	MoveCommand { Actor = chr_01M3BMW7KN54EKH8FFGFYWVYVF, Intent = MoveIntent { DirXPermille = -740, DirZPermille = 673, Gait = Run, FacingMdeg = 312285, IsMoving = True } }
6914	2437	MoveCommand { Actor = chr_01M3BMW7KN54EKH8FFGFYWVYVF, Intent = MoveIntent { DirXPermille = -740, DirZPermille = 672, Gait = Run, FacingMdeg = 312229, IsMoving = True } }
6916	2438	MoveCommand { Actor = chr_01M3BMW7KN54EKH8FFGFYWVYVF, Intent = MoveIntent { DirXPermille = -831, DirZPermille = 556, Gait = Run, FacingMdeg = 303761, IsMoving = True } }
6951	2439	MoveCommand { Actor = chr_01M3BMW7KN54EKH8FFGFYWVYVF, Intent = MoveIntent { DirXPermille = -833, DirZPermille = 554, Gait = Run, FacingMdeg = 303630, IsMoving = True } }
6952	2440	MoveCommand { Actor = chr_01M3BMW7KN54EKH8FFGFYWVYVF, Intent = MoveIntent { DirXPermille = -835, DirZPermille = 550, Gait = Run, FacingMdeg = 303369, IsMoving = True } }
6953	2441	MoveCommand { Actor = chr_01M3BMW7KN54EKH8FFGFYWVYVF, Intent = MoveIntent { DirXPermille = -838, DirZPermille = 546, Gait = Run, FacingMdeg = 303108, IsMoving = True } }
6954	2442	MoveCommand { Actor = chr_01M3BMW7KN54EKH8FFGFYWVYVF, Intent = MoveIntent { DirXPermille = -840, DirZPermille = 542, Gait = Run, FacingMdeg = 302850, IsMoving = True } }
6955	2443	MoveCommand { Actor = chr_01M3BMW7KN54EKH8FFGFYWVYVF, Intent = MoveIntent { DirXPermille = -843, DirZPermille = 539, Gait = Run, FacingMdeg = 302589, IsMoving = True } }
6956	2444	MoveCommand { Actor = chr_01M3BMW7KN54EKH8FFGFYWVYVF, Intent = MoveIntent { DirXPermille = -845, DirZPermille = 535, Gait = Run, FacingMdeg = 302330, IsMoving = True } }
6957	2445	MoveCommand { Actor = chr_01M3BMW7KN54EKH8FFGFYWVYVF, Intent = MoveIntent { DirXPermille = -847, DirZPermille = 531, Gait = Run, FacingMdeg = 302070, IsMoving = True } }
6958	2446	MoveCommand { Actor = chr_01M3BMW7KN54EKH8FFGFYWVYVF, Intent = MoveIntent { DirXPermille = -850, DirZPermille = 527, Gait = Run, FacingMdeg = 301811, IsMoving = True } }
6959	2447	MoveCommand { Actor = chr_01M3BMW7KN54EKH8FFGFYWVYVF, Intent = MoveIntent { DirXPermille = -852, DirZPermille = 523, Gait = Run, FacingMdeg = 301554, IsMoving = True } }
6960	2448	MoveCommand { Actor = chr_01M3BMW7KN54EKH8FFGFYWVYVF, Intent = MoveIntent { DirXPermille = -855, DirZPermille = 519, Gait = Run, FacingMdeg = 301295, IsMoving = True } }
6961	2449	MoveCommand { Actor = chr_01M3BMW7KN54EKH8FFGFYWVYVF, Intent = MoveIntent { DirXPermille = -857, DirZPermille = 516, Gait = Run, FacingMdeg = 301038, IsMoving = True } }
6962	2450	MoveCommand { Actor = chr_01M3BMW7KN54EKH8FFGFYWVYVF, Intent = MoveIntent { DirXPermille = -859, DirZPermille = 512, Gait = Run, FacingMdeg = 300780, IsMoving = True } }
6963	2451	MoveCommand { Actor = chr_01M3BMW7KN54EKH8FFGFYWVYVF, Intent = MoveIntent { DirXPermille = -861, DirZPermille = 508, Gait = Run, FacingMdeg = 300523, IsMoving = True } }
6964	2452	MoveCommand { Actor = chr_01M3BMW7KN54EKH8FFGFYWVYVF, Intent = MoveIntent { DirXPermille = -864, DirZPermille = 504, Gait = Run, FacingMdeg = 300269, IsMoving = True } }
6965	2453	MoveCommand { Actor = chr_01M3BMW7KN54EKH8FFGFYWVYVF, Intent = MoveIntent { DirXPermille = -866, DirZPermille = 500, Gait = Run, FacingMdeg = 300012, IsMoving = True } }
6966	2454	MoveCommand { Actor = chr_01M3BMW7KN54EKH8FFGFYWVYVF, Intent = MoveIntent { DirXPermille = -869, DirZPermille = 495, Gait = Run, FacingMdeg = 299676, IsMoving = True } }
6967	2455	MoveCommand { Actor = chr_01M3BMW7KN54EKH8FFGFYWVYVF, Intent = MoveIntent { DirXPermille = -872, DirZPermille = 490, Gait = Run, FacingMdeg = 299360, IsMoving = True } }
6968	2456	MoveCommand { Actor = chr_01M3BMW7KN54EKH8FFGFYWVYVF, Intent = MoveIntent { DirXPermille = -872, DirZPermille = 489, Gait = Run, FacingMdeg = 299277, IsMoving = True } }
6984	2457	MoveCommand { Actor = chr_01M3BMW7KN54EKH8FFGFYWVYVF, Intent = MoveIntent { DirXPermille = -872, DirZPermille = 490, Gait = Run, FacingMdeg = 299308, IsMoving = True } }
7054	2458	MoveCommand { Actor = chr_01M3BMW7KN54EKH8FFGFYWVYVF, Intent = MoveIntent { DirXPermille = -871, DirZPermille = 490, Gait = Run, FacingMdeg = 299370, IsMoving = True } }
7055	2459	MoveCommand { Actor = chr_01M3BMW7KN54EKH8FFGFYWVYVF, Intent = MoveIntent { DirXPermille = -871, DirZPermille = 491, Gait = Run, FacingMdeg = 299378, IsMoving = True } }
7056	2460	MoveCommand { Actor = chr_01M3BMW7KN54EKH8FFGFYWVYVF, Intent = MoveIntent { DirXPermille = -872, DirZPermille = 490, Gait = Run, FacingMdeg = 299348, IsMoving = True } }
7059	2461	MoveCommand { Actor = chr_01M3BMW7KN54EKH8FFGFYWVYVF, Intent = MoveIntent { DirXPermille = -871, DirZPermille = 491, Gait = Run, FacingMdeg = 299378, IsMoving = True } }
7060	2462	MoveCommand { Actor = chr_01M3BMW7KN54EKH8FFGFYWVYVF, Intent = MoveIntent { DirXPermille = -872, DirZPermille = 490, Gait = Run, FacingMdeg = 299317, IsMoving = True } }
7062	2463	MoveCommand { Actor = chr_01M3BMW7KN54EKH8FFGFYWVYVF, Intent = MoveIntent { DirXPermille = -894, DirZPermille = 448, Gait = Run, FacingMdeg = 296616, IsMoving = True } }
7086	2464	MoveCommand { Actor = chr_01M3BMW7KN54EKH8FFGFYWVYVF, Intent = MoveIntent { DirXPermille = -894, DirZPermille = 447, Gait = Run, FacingMdeg = 296582, IsMoving = True } }
7098	2465	MoveCommand { Actor = chr_01M3BMW7KN54EKH8FFGFYWVYVF, Intent = MoveIntent { DirXPermille = -895, DirZPermille = 447, Gait = Run, FacingMdeg = 296555, IsMoving = True } }
7099	2466	MoveCommand { Actor = chr_01M3BMW7KN54EKH8FFGFYWVYVF, Intent = MoveIntent { DirXPermille = -894, DirZPermille = 447, Gait = Run, FacingMdeg = 296557, IsMoving = True } }
7100	2467	MoveCommand { Actor = chr_01M3BMW7KN54EKH8FFGFYWVYVF, Intent = MoveIntent { DirXPermille = -895, DirZPermille = 447, Gait = Run, FacingMdeg = 296555, IsMoving = True } }
7101	2468	MoveCommand { Actor = chr_01M3BMW7KN54EKH8FFGFYWVYVF, Intent = MoveIntent { DirXPermille = -894, DirZPermille = 447, Gait = Run, FacingMdeg = 296557, IsMoving = True } }
7102	2469	MoveCommand { Actor = chr_01M3BMW7KN54EKH8FFGFYWVYVF, Intent = MoveIntent { DirXPermille = -895, DirZPermille = 447, Gait = Run, FacingMdeg = 296554, IsMoving = True } }
7103	2470	MoveCommand { Actor = chr_01M3BMW7KN54EKH8FFGFYWVYVF, Intent = MoveIntent { DirXPermille = -894, DirZPermille = 447, Gait = Run, FacingMdeg = 296557, IsMoving = True } }
7104	2471	MoveCommand { Actor = chr_01M3BMW7KN54EKH8FFGFYWVYVF, Intent = MoveIntent { DirXPermille = -895, DirZPermille = 447, Gait = Run, FacingMdeg = 296554, IsMoving = True } }
7105	2472	MoveCommand { Actor = chr_01M3BMW7KN54EKH8FFGFYWVYVF, Intent = MoveIntent { DirXPermille = -894, DirZPermille = 447, Gait = Run, FacingMdeg = 296557, IsMoving = True } }
7106	2473	MoveCommand { Actor = chr_01M3BMW7KN54EKH8FFGFYWVYVF, Intent = MoveIntent { DirXPermille = -895, DirZPermille = 447, Gait = Run, FacingMdeg = 296554, IsMoving = True } }
7107	2474	MoveCommand { Actor = chr_01M3BMW7KN54EKH8FFGFYWVYVF, Intent = MoveIntent { DirXPermille = -894, DirZPermille = 447, Gait = Run, FacingMdeg = 296556, IsMoving = True } }
7108	2475	MoveCommand { Actor = chr_01M3BMW7KN54EKH8FFGFYWVYVF, Intent = MoveIntent { DirXPermille = -895, DirZPermille = 447, Gait = Run, FacingMdeg = 296553, IsMoving = True } }
7109	2476	MoveCommand { Actor = chr_01M3BMW7KN54EKH8FFGFYWVYVF, Intent = MoveIntent { DirXPermille = -894, DirZPermille = 447, Gait = Run, FacingMdeg = 296556, IsMoving = True } }
7110	2477	MoveCommand { Actor = chr_01M3BMW7KN54EKH8FFGFYWVYVF, Intent = MoveIntent { DirXPermille = -895, DirZPermille = 447, Gait = Run, FacingMdeg = 296553, IsMoving = True } }
7112	2478	MoveCommand { Actor = chr_01M3BMW7KN54EKH8FFGFYWVYVF, Intent = MoveIntent { DirXPermille = -894, DirZPermille = 447, Gait = Run, FacingMdeg = 296559, IsMoving = True } }
7113	2479	MoveCommand { Actor = chr_01M3BMW7KN54EKH8FFGFYWVYVF, Intent = MoveIntent { DirXPermille = -895, DirZPermille = 447, Gait = Run, FacingMdeg = 296555, IsMoving = True } }
7114	2480	MoveCommand { Actor = chr_01M3BMW7KN54EKH8FFGFYWVYVF, Intent = MoveIntent { DirXPermille = -894, DirZPermille = 447, Gait = Run, FacingMdeg = 296558, IsMoving = True } }
7115	2481	MoveCommand { Actor = chr_01M3BMW7KN54EKH8FFGFYWVYVF, Intent = MoveIntent { DirXPermille = -895, DirZPermille = 447, Gait = Run, FacingMdeg = 296555, IsMoving = True } }
7116	2482	MoveCommand { Actor = chr_01M3BMW7KN54EKH8FFGFYWVYVF, Intent = MoveIntent { DirXPermille = -894, DirZPermille = 447, Gait = Run, FacingMdeg = 296558, IsMoving = True } }
7117	2483	MoveCommand { Actor = chr_01M3BMW7KN54EKH8FFGFYWVYVF, Intent = MoveIntent { DirXPermille = -895, DirZPermille = 447, Gait = Run, FacingMdeg = 296554, IsMoving = True } }
7118	2484	MoveCommand { Actor = chr_01M3BMW7KN54EKH8FFGFYWVYVF, Intent = MoveIntent { DirXPermille = -894, DirZPermille = 447, Gait = Run, FacingMdeg = 296558, IsMoving = True } }
7119	2485	MoveCommand { Actor = chr_01M3BMW7KN54EKH8FFGFYWVYVF, Intent = MoveIntent { DirXPermille = -895, DirZPermille = 447, Gait = Run, FacingMdeg = 296554, IsMoving = True } }
7120	2486	MoveCommand { Actor = chr_01M3BMW7KN54EKH8FFGFYWVYVF, Intent = MoveIntent { DirXPermille = -894, DirZPermille = 447, Gait = Run, FacingMdeg = 296557, IsMoving = True } }
7121	2487	MoveCommand { Actor = chr_01M3BMW7KN54EKH8FFGFYWVYVF, Intent = MoveIntent { DirXPermille = -895, DirZPermille = 447, Gait = Run, FacingMdeg = 296553, IsMoving = True } }
7122	2488	MoveCommand { Actor = chr_01M3BMW7KN54EKH8FFGFYWVYVF, Intent = MoveIntent { DirXPermille = -894, DirZPermille = 447, Gait = Run, FacingMdeg = 296557, IsMoving = True } }
7123	2489	MoveCommand { Actor = chr_01M3BMW7KN54EKH8FFGFYWVYVF, Intent = MoveIntent { DirXPermille = -895, DirZPermille = 447, Gait = Run, FacingMdeg = 296553, IsMoving = True } }
7124	2490	MoveCommand { Actor = chr_01M3BMW7KN54EKH8FFGFYWVYVF, Intent = MoveIntent { DirXPermille = -894, DirZPermille = 447, Gait = Run, FacingMdeg = 296557, IsMoving = True } }
7125	2491	MoveCommand { Actor = chr_01M3BMW7KN54EKH8FFGFYWVYVF, Intent = MoveIntent { DirXPermille = -895, DirZPermille = 447, Gait = Run, FacingMdeg = 296552, IsMoving = True } }
7126	2492	MoveCommand { Actor = chr_01M3BMW7KN54EKH8FFGFYWVYVF, Intent = MoveIntent { DirXPermille = -894, DirZPermille = 447, Gait = Run, FacingMdeg = 296556, IsMoving = True } }
7127	2493	MoveCommand { Actor = chr_01M3BMW7KN54EKH8FFGFYWVYVF, Intent = MoveIntent { DirXPermille = -895, DirZPermille = 447, Gait = Run, FacingMdeg = 296551, IsMoving = True } }
7129	2494	MoveCommand { Actor = chr_01M3BMW7KN54EKH8FFGFYWVYVF, Intent = MoveIntent { DirXPermille = -894, DirZPermille = 447, Gait = Run, FacingMdeg = 296560, IsMoving = True } }
7130	2495	MoveCommand { Actor = chr_01M3BMW7KN54EKH8FFGFYWVYVF, Intent = MoveIntent { DirXPermille = -895, DirZPermille = 447, Gait = Run, FacingMdeg = 296555, IsMoving = True } }
7131	2496	MoveCommand { Actor = chr_01M3BMW7KN54EKH8FFGFYWVYVF, Intent = MoveIntent { DirXPermille = -894, DirZPermille = 447, Gait = Run, FacingMdeg = 296560, IsMoving = True } }
7132	2497	MoveCommand { Actor = chr_01M3BMW7KN54EKH8FFGFYWVYVF, Intent = MoveIntent { DirXPermille = -895, DirZPermille = 447, Gait = Run, FacingMdeg = 296554, IsMoving = True } }
7133	2498	MoveCommand { Actor = chr_01M3BMW7KN54EKH8FFGFYWVYVF, Intent = MoveIntent { DirXPermille = -894, DirZPermille = 447, Gait = Run, FacingMdeg = 296559, IsMoving = True } }
7134	2499	MoveCommand { Actor = chr_01M3BMW7KN54EKH8FFGFYWVYVF, Intent = MoveIntent { DirXPermille = -895, DirZPermille = 447, Gait = Run, FacingMdeg = 296553, IsMoving = True } }
7135	2500	MoveCommand { Actor = chr_01M3BMW7KN54EKH8FFGFYWVYVF, Intent = MoveIntent { DirXPermille = -894, DirZPermille = 447, Gait = Run, FacingMdeg = 296559, IsMoving = True } }
7136	2501	MoveCommand { Actor = chr_01M3BMW7KN54EKH8FFGFYWVYVF, Intent = MoveIntent { DirXPermille = -895, DirZPermille = 447, Gait = Run, FacingMdeg = 296553, IsMoving = True } }
7137	2502	MoveCommand { Actor = chr_01M3BMW7KN54EKH8FFGFYWVYVF, Intent = MoveIntent { DirXPermille = -894, DirZPermille = 447, Gait = Run, FacingMdeg = 296559, IsMoving = True } }
7138	2503	MoveCommand { Actor = chr_01M3BMW7KN54EKH8FFGFYWVYVF, Intent = MoveIntent { DirXPermille = -895, DirZPermille = 447, Gait = Run, FacingMdeg = 296552, IsMoving = True } }
7139	2504	MoveCommand { Actor = chr_01M3BMW7KN54EKH8FFGFYWVYVF, Intent = MoveIntent { DirXPermille = -894, DirZPermille = 447, Gait = Run, FacingMdeg = 296558, IsMoving = True } }
7140	2505	MoveCommand { Actor = chr_01M3BMW7KN54EKH8FFGFYWVYVF, Intent = MoveIntent { DirXPermille = -895, DirZPermille = 447, Gait = Run, FacingMdeg = 296550, IsMoving = True } }
7141	2506	MoveCommand { Actor = chr_01M3BMW7KN54EKH8FFGFYWVYVF, Intent = MoveIntent { DirXPermille = -894, DirZPermille = 447, Gait = Run, FacingMdeg = 296557, IsMoving = True } }
7142	2507	MoveCommand { Actor = chr_01M3BMW7KN54EKH8FFGFYWVYVF, Intent = MoveIntent { DirXPermille = -895, DirZPermille = 447, Gait = Run, FacingMdeg = 296549, IsMoving = True } }
7143	2508	MoveCommand { Actor = chr_01M3BMW7KN54EKH8FFGFYWVYVF, Intent = MoveIntent { DirXPermille = -894, DirZPermille = 447, Gait = Run, FacingMdeg = 296556, IsMoving = True } }
7144	2509	MoveCommand { Actor = chr_01M3BMW7KN54EKH8FFGFYWVYVF, Intent = MoveIntent { DirXPermille = -895, DirZPermille = 447, Gait = Run, FacingMdeg = 296547, IsMoving = True } }
7146	2510	MoveCommand { Actor = chr_01M3BMW7KN54EKH8FFGFYWVYVF, Intent = MoveIntent { DirXPermille = -894, DirZPermille = 447, Gait = Run, FacingMdeg = 296565, IsMoving = True } }
7147	2511	MoveCommand { Actor = chr_01M3BMW7KN54EKH8FFGFYWVYVF, Intent = MoveIntent { DirXPermille = -895, DirZPermille = 447, Gait = Run, FacingMdeg = 296554, IsMoving = True } }
7148	2512	MoveCommand { Actor = chr_01M3BMW7KN54EKH8FFGFYWVYVF, Intent = MoveIntent { DirXPermille = -894, DirZPermille = 447, Gait = Run, FacingMdeg = 296565, IsMoving = True } }
7149	2513	MoveCommand { Actor = chr_01M3BMW7KN54EKH8FFGFYWVYVF, Intent = MoveIntent { DirXPermille = -895, DirZPermille = 447, Gait = Run, FacingMdeg = 296552, IsMoving = True } }
7150	2514	MoveCommand { Actor = chr_01M3BMW7KN54EKH8FFGFYWVYVF, Intent = MoveIntent { DirXPermille = -894, DirZPermille = 447, Gait = Run, FacingMdeg = 296565, IsMoving = True } }
7151	2515	MoveCommand { Actor = chr_01M3BMW7KN54EKH8FFGFYWVYVF, Intent = MoveIntent { DirXPermille = -895, DirZPermille = 447, Gait = Run, FacingMdeg = 296550, IsMoving = True } }
7152	2516	MoveCommand { Actor = chr_01M3BMW7KN54EKH8FFGFYWVYVF, Intent = MoveIntent { DirXPermille = -894, DirZPermille = 447, Gait = Run, FacingMdeg = 296565, IsMoving = True } }
7153	2517	MoveCommand { Actor = chr_01M3BMW7KN54EKH8FFGFYWVYVF, Intent = MoveIntent { DirXPermille = -895, DirZPermille = 447, Gait = Run, FacingMdeg = 296547, IsMoving = True } }
7154	2518	MoveCommand { Actor = chr_01M3BMW7KN54EKH8FFGFYWVYVF, Intent = MoveIntent { DirXPermille = -894, DirZPermille = 447, Gait = Run, FacingMdeg = 296565, IsMoving = True } }
7155	2519	MoveCommand { Actor = chr_01M3BMW7KN54EKH8FFGFYWVYVF, Intent = MoveIntent { DirXPermille = -895, DirZPermille = 447, Gait = Run, FacingMdeg = 296541, IsMoving = True } }
7156	2520	MoveCommand { Actor = chr_01M3BMW7KN54EKH8FFGFYWVYVF, Intent = MoveIntent { DirXPermille = -894, DirZPermille = 447, Gait = Run, FacingMdeg = 296565, IsMoving = True } }
7157	2521	MoveCommand { Actor = chr_01M3BMW7KN54EKH8FFGFYWVYVF, Intent = MoveIntent { DirXPermille = -895, DirZPermille = 447, Gait = Run, FacingMdeg = 296531, IsMoving = True } }
7158	2522	MoveCommand { Actor = chr_01M3BMW7KN54EKH8FFGFYWVYVF, Intent = MoveIntent { DirXPermille = -894, DirZPermille = 447, Gait = Run, FacingMdeg = 296565, IsMoving = True } }
7160	2523	MoveCommand { Actor = chr_01M3BMW7KN54EKH8FFGFYWVYVF, Intent = MoveIntent { DirXPermille = 0, DirZPermille = 0, Gait = Run, FacingMdeg = 296565, IsMoving = False } }
7167	2524	CastCommand { Actor = chr_01M3BMW7KN54EKH8FFGFYWVYVF, FormulaId = spell.warding.brace_ward }
7207	2525	CastCommand { Actor = chr_01M3BMW7KN54EKH8FFGFYWVYVF, FormulaId = spell.warding.brace_ward }
7247	2526	CastCommand { Actor = chr_01M3BMW7KN54EKH8FFGFYWVYVF, FormulaId = spell.warding.brace_ward }
7287	2527	CastCommand { Actor = chr_01M3BMW7KN54EKH8FFGFYWVYVF, FormulaId = spell.warding.brace_ward }
